Employee_ID,Age,Gender,Department,Job_Role,Salary,Years_At_Company,Job_Satisfaction,Work_Life_Balance,Performance_Rating,Overtime,Attendance_Pct,Absence_Days,Attrition,exit_reason
EMP00001,42,Male,HR,HR Coordinator,48300,14,5,3,3,Yes,94.6,14,No,
EMP00002,27,Female,IT,IT Coordinator,46300,6,1,2,3,No,98.5,10,No,
EMP00003,50,Female,Marketing,Marketing Executive,85000,1,5,1,2,No,99.4,17,No,
EMP00004,49,Female,Customer Service,Customer Service Executive,32900,0,2,5,5,No,86.8,17,No,
EMP00005,34,Female,Engineering,Engineering Specialist,71900,7,2,4,3,No,82.3,12,No,
EMP00006,51,Female,Customer Service,Customer Service Manager,27000,12,3,3,3,No,85.1,2,No,
EMP00007,45,Female,Finance,Finance Specialist,70700,6,2,3,4,Yes,92.4,23,No,
EMP00008,49,Male,Finance,Finance Analyst,51300,13,4,1,4,Yes,91.1,21,No,
EMP00009,25,Female,HR,HR Manager,68300,3,5,3,2,Yes,86.6,4,No,
EMP00010,54,Female,Sales,Sales Specialist,85800,14,3,5,4,No,91.8,9,No,
EMP00011,28,Female,Customer Service,Customer Service Specialist,27500,7,3,1,5,Yes,95.7,8,No,
EMP00012,30,Male,Customer Service,Customer Service Coordinator,66100,2,2,5,3,Yes,83.4,10,No,
EMP00013,44,Male,Operations,Operations Executive,67200,3,2,4,2,Yes,83.9,10,No,
EMP00014,42,Male,Marketing,Marketing Coordinator,45000,3,2,1,4,Yes,86.7,2,No,
EMP00015,43,Female,Engineering,Engineering Specialist,47800,15,3,2,5,No,83.1,20,No,
EMP00016,21,Male,Customer Service,Customer Service Analyst,32200,0,1,5,5,No,96.5,10,No,
EMP00017,34,Female,Operations,Operations Manager,43100,7,5,1,2,No,83.6,1,No,
EMP00018,21,Male,Engineering,Engineering Coordinator,33200,1,2,5,3,No,97.7,14,Yes,Career Growth
EMP00019,47,Male,Sales,Sales Manager,74400,6,2,4,3,No,87.2,23,No,
EMP00020,45,Female,Marketing,Marketing Coordinator,66100,11,2,4,2,No,99,0,No,
EMP00021,30,Female,IT,IT Analyst,81600,3,4,2,4,No,89.8,10,No,
EMP00022,46,Female,Operations,Operations Analyst,80800,9,1,1,5,Yes,90.4,22,Yes,Better Salary
EMP00023,43,Male,Sales,Sales Specialist,88500,6,1,2,4,No,84.8,2,No,
EMP00024,40,Male,Marketing,Marketing Coordinator,36100,7,4,1,4,No,97.5,20,No,
EMP00025,28,Male,Sales,Sales Specialist,26000,6,2,3,2,No,91.5,0,No,
EMP00026,45,Female,HR,HR Coordinator,47300,4,4,5,2,No,92.5,0,No,
EMP00027,53,Male,Operations,Operations Coordinator,64000,15,5,3,2,No,99.2,17,No,
EMP00028,55,Male,Sales,Sales Executive,38900,14,2,1,3,No,98,5,No,
EMP00029,29,Female,HR,HR Specialist,78300,9,4,4,2,No,82.1,2,No,
EMP00030,52,Male,Customer Service,Customer Service Analyst,25100,14,5,2,4,No,85.1,3,No,
EMP00031,22,Female,Sales,Sales Coordinator,79400,0,1,4,3,Yes,85.8,1,No,
EMP00032,35,Female,Finance,Finance Coordinator,87800,5,5,4,4,No,98.2,22,No,
EMP00033,52,Female,Engineering,Engineering Executive,26900,6,1,2,2,Yes,91.3,7,No,
EMP00034,51,Female,HR,HR Specialist,33400,8,3,4,4,No,92.4,22,No,
EMP00035,48,Male,Operations,Operations Specialist,47700,11,3,3,3,Yes,96,0,No,
EMP00036,37,Male,Customer Service,Customer Service Executive,43200,5,3,1,2,No,87.8,18,No,
EMP00037,29,Female,Finance,Finance Coordinator,78100,1,5,1,3,No,97.7,11,No,
EMP00038,38,Male,HR,HR Specialist,37200,1,2,2,3,No,91.9,15,Yes,Better Salary
EMP00039,38,Female,Sales,Sales Coordinator,25600,13,3,2,2,No,83.5,22,No,
EMP00040,24,Male,IT,IT Executive,40700,2,1,3,5,Yes,93.2,19,No,
EMP00041,27,Male,Engineering,Engineering Executive,64200,7,1,5,3,No,85.3,5,No,
EMP00042,37,Male,Engineering,Engineering Specialist,89200,4,3,1,2,No,99.5,0,No,
EMP00043,28,Female,Engineering,Engineering Analyst,60400,2,2,2,5,No,84.9,25,No,
EMP00044,44,Male,HR,HR Analyst,88000,14,1,5,5,Yes,97.7,15,No,
EMP00045,51,Female,Engineering,Engineering Analyst,54800,5,2,4,3,No,97.8,19,No,
EMP00046,51,Male,IT,IT Executive,34600,2,1,3,4,No,93.8,17,No,
EMP00047,26,Female,Customer Service,Customer Service Coordinator,54800,3,2,4,2,No,84.6,14,No,
EMP00048,60,Female,Operations,Operations Specialist,65700,6,3,5,5,No,88.4,19,Yes,Career Growth
EMP00049,40,Male,Customer Service,Customer Service Specialist,72500,5,3,1,4,Yes,95.3,23,No,
EMP00050,40,Female,Operations,Operations Specialist,82200,7,3,4,2,No,96,9,No,
EMP00051,42,Male, customer service ,Customer Service Analyst,36000,9,5,5,3,Yes,92.6,5,No,
EMP00052,22,Female,Engineering,Engineering Executive,26700,1,3,5,4,No,93.9,9,No,
EMP00053,48,Male,Finance,Finance Executive,76500,1,2,4,3,No,83.4,15,No,
EMP00054,39,Male,Finance,Finance Analyst,42700,1,3,2,4,No,97.9,18,Yes,Manager/Team Issues
EMP00055,34,Male,Customer Service,Customer Service Specialist,38900,3,4,5,2,Yes,94.8,18,No,
EMP00056,42,Male,HR,HR Coordinator,63000,6,3,3,4,No,90,23,No,
EMP00057,29,Female,Operations,Operations Manager,81500,8,5,3,5,Yes,96.9,8,No,
EMP00058,44,Female,Operations,Operations Coordinator,88100,9,4,5,5,Yes,92.4,9,No,
EMP00059,34,Male,Sales,Sales Analyst,68200,0,5,5,4,No,90.4,23,No,
EMP00060,25,Female,IT,IT Manager,34800,1,1,2,2,No,86.7,1,No,
EMP00061,51,Female,Sales,Sales Specialist,84100,8,4,3,3,No,96,20,No,
EMP00062,57,Female,IT,IT Specialist,89000,3,4,4,3,No,83.8,1,Yes,Career Growth
EMP00063,37,Female,Engineering,Engineering Coordinator,27000,1,3,2,2,No,87.1,17,Yes,Higher Studies
EMP00064,40,Female,HR,HR Executive,73100,0,1,4,5,No,92.6,24,Yes,Manager/Team Issues
EMP00065,36,Male,IT,IT Specialist,26300,8,3,4,4,No,97.5,17,No,
EMP00066,59,Male,Finance,Finance Manager,35600,13,1,3,2,Yes,84.8,16,No,
EMP00067,25,Female,Customer Service,Customer Service Manager,57300,0,1,3,3,Yes,85.9,22,Yes,Higher Studies
EMP00068,40,Male,Operations,Operations Specialist,65600,3,3,3,4,No,94,23,No,
EMP00069,21,Female,Operations,Operations Coordinator,65200,0,3,4,2,Yes,95.6,8,No,
EMP00070,34,Male,Operations,Operations Executive,70300,7,1,1,2,No,86.5,19,No,
EMP00071,44,Male,Finance,Finance Analyst,48500,15,5,1,5,Yes,88.6,4,No,
EMP00072,54,Female,Finance,Finance Analyst,32700,0,4,4,2,Yes,84.5,0,No,
EMP00073,28,Female,HR,HR Specialist,52000,0,4,4,3,No,97.3,17,No,
EMP00074,43,Female,IT,IT Coordinator,88700,5,3,4,3,Yes,95.7,5,No,
EMP00075,25,Male,Operations,Operations Executive,55600,3,5,1,5,Yes,84.5,2,No,
EMP00076,31,Male,IT,IT Executive,61300,0,3,5,5,No,92.7,19,No,
EMP00077,23,Male,HR,HR Analyst,58800,2,3,3,2,No,95,9,No,
EMP00078,46,Male,HR,HR Manager,85200,2,3,4,3,No,94.2,22,No,
EMP00079,54,Male,Marketing,Marketing Manager,30800,10,1,1,3,No,93,13,No,
EMP00080,36,Female,IT,IT Analyst,37500,4,1,4,4,No,98.1,18,No,
EMP00081,29,Female,Finance, Finance Specialist ,31200,0,1,3,4,No,88.8,10,No,
EMP00082,43,Female,Operations,Operations Analyst,75000,5,1,1,3,Yes,86.2,13,No,
EMP00083,47,Male,IT,IT Coordinator,52100,13,5,2,2,No,85.9,25,No,
EMP00084,34,Male,Marketing,Marketing Executive,27800,11,4,2,5,No,87.5,2,No,
EMP00085,47,Female,Marketing,Marketing Manager,60600,1,5,2,3,No,92.7,14,No,
EMP00086,56,Female,Marketing,Marketing Executive,79700,8,3,2,2,Yes,83,16,No,
EMP00087,36,Female,Sales,Sales Coordinator,58100,8,1,5,4,Yes,90.2,7,No,
EMP00088,35,Male,Engineering,Engineering Coordinator,30500,14,4,2,4,No,97.7,14,No,
EMP00089,45,Male,Marketing,Marketing Analyst,36900,1,4,1,3,No,84.2,8,No,
EMP00090,31,Female,IT,IT Coordinator,61400,6,3,3,3,No,92.4,11,No,
EMP00091,47,Male,Engineering,Engineering Coordinator,68400,9,3,5,2,No,89.7,24,No,
EMP00092,47,Female,Sales,Sales Manager,60700,4,5,4,3,No,84.6,25,No,
EMP00093,36,Female,Sales,Sales Executive,44000,6,2,1,3,No,93.5,2,No,
EMP00094,53,Female,HR,HR Coordinator,58500,14,2,3,3,No,94.8,9,No,
EMP00095,38,Female,IT,IT Executive,72400,10,3,3,2,No,90.1,16,Yes,Relocation
EMP00096,54,Female,Operations,Operations Manager,41500,7,1,5,4,Yes,96.6,5,No,
EMP00097,31,Female,Operations,Operations Analyst,48600,5,5,1,4,Yes,90.2,21,No,
EMP00098,32,Female,Finance,Finance Coordinator,28500,10,2,4,4,No,86.1,20,No,
EMP00099,46,Female,Customer Service,Customer Service Manager,32500,1,3,4,2,No,98,16,No,
EMP00100,22,Female,Operations,Operations Coordinator,46800,2,3,2,5,No,97.3,21,Yes,Higher Studies
EMP00101,43,Female,Customer Service,Customer Service Executive,75400,5,2,5,4,No,87,3,No,
EMP00102,21,Female,Customer Service,Customer Service Specialist,51500,0,1,1,3,No,95.8,14,No,
EMP00103,36,Female,Engineering,Engineering Analyst,33500,1,1,1,4,No,90.7,12,No,
EMP00104,32,Male,Marketing,Marketing Manager,42400,4,1,4,4,No,90.7,8,No,
EMP00105,49,Female,Engineering,Engineering Analyst,82300,8,2,5,3,Yes,88.7,19,No,
EMP00106,43,Male,Customer Service,Customer Service Analyst,75200,6,3,3,5,Yes,88.2,21,No,
EMP00107,49,Male,HR,HR Analyst,57700,5,3,5,2,No,82.2,10,Yes,Higher Studies
EMP00108,55,Male,IT,IT Analyst,46500,12,4,3,4,No,91.1,10,No,
EMP00109,21,Female,Operations,Operations Coordinator,54200,0,3,1,2,No,97.7,23,No,
EMP00110,60,Female,HR,HR Executive,35000,15,2,4,5,No,98.5,20,No,
EMP00111,33,Female,HR,HR Executive,88100,1,5,2,5,No,90.2,23,No,
EMP00112,26,Female,IT,IT Executive,67100,4,5,3,4,No,95.4,9,No,
EMP00113,39,Female,Engineering,Engineering Analyst,46200,13,4,5,3,No,92.8,17,Yes,Work-Life Balance
EMP00114,49,Female,Marketing,Marketing Manager,29000,0,5,5,2,No,92.3,21,No,
EMP00115,35,Male,Sales,Sales Specialist,83100,7,4,3,5,Yes,89.2,14,No,
EMP00116,60,Female,Finance,Finance Manager,80400,7,1,4,3,No,89.7,15,No,
EMP00117,31,Male,Operations,Operations Coordinator,25100,6,4,5,3,Yes,92.8,14,Yes,Work-Life Balance
EMP00118,34,Male,IT,IT Analyst,50700,13,2,5,4,No,94,15,No,
EMP00119,49,Male,Sales,Sales Coordinator,27300,6,1,4,3,No,98,14,Yes,Personal Reasons
EMP00120,49,Female,Marketing,Marketing Analyst,86300,13,4,3,4,No,88,19,No,
EMP00121,29,Male,Sales,Sales Coordinator,84800,6,2,5,3,Yes,91.15,25,No,
EMP00122,58,Female,Operations,Operations Specialist,43200,5,4,4,2,Yes,91.15,14,No,
EMP00123,44,Male,IT,IT Executive,29400,8,4,4,5,Yes,91,1,No,
EMP00124,57,Female,IT,IT Coordinator,41500,4,1,1,2,No,90.9,6,No,
EMP00125,27,Female,Engineering,Engineering Specialist,83100,6,4,4,5,No,91.2,24,No,
EMP00126,36,Female,Customer Service,Customer Service Coordinator,43500,0,5,3,5,No,83,0,No,
EMP00127,37,Female,Operations,Operations Executive,70200,4,5,1,3,Yes,85.4,25,No,
EMP00128,42,Male,Engineering,Engineering Manager,50300,5,1,5,5,Yes,91.2,18,No,
EMP00129,42,Female,Marketing,Marketing Analyst,67800,0,5,2,2,No,99.5,17,No,
EMP00130,33,Male,Operations,Operations Executive,48100,3,5,2,3,Yes,96.1,19,No,
EMP00131,45,Female,HR,HR Specialist,50500,12,1,4,4,No,83.1,8,No,
EMP00132,50,Female,Finance,Finance Manager,26700,10,1,5,5,Yes,83.5,12,No,
EMP00133,35,Female,Customer Service,Customer Service Executive,79400,13,5,3,5,No,97.9,18,No,
EMP00134,53,Male,Customer Service,Customer Service Manager,65600,0,4,1,4,Yes,98.5,1,Yes,Higher Studies
EMP00135,54,Male,IT,IT Manager,45600,7,3,2,4,No,86.7,20,No,
EMP00136,38,Female,Engineering,Engineering Manager,68500,9,5,2,5,No,82.4,20,No,
EMP00137,54,Male,Finance,Finance Coordinator,47100,6,2,3,4,No,92.1,22,Yes,Personal Reasons
EMP00138,50,Male,HR,HR Executive,64500,9,5,2,3,Yes,87.5,22,No,
EMP00139,21,Female,IT,IT Manager,32900,1,3,4,2,Yes,85.2,13,No,
EMP00140,48,Male,Customer Service,Customer Service Executive,88700,7,5,1,3,No,97.8,11,Yes,Work-Life Balance
EMP00141,52,Male,Engineering,Engineering Coordinator,48900,9,2,1,4,No,96.4,7,No,
EMP00142,52,Female,Engineering,Engineering Specialist,25700,10,5,3,3,No,85.2,3,Yes,Career Growth
EMP00143,26,Female,Sales,Sales Coordinator,74400,5,1,1,2,No,82.3,11,No,
EMP00144,34,Male,IT,IT Executive,73600,7,1,2,4,No,91.7,14,Yes,Career Growth
EMP00145,28,Female,Engineering,Engineering Analyst,57600,8,4,3,4,No,90.2,8,No,
EMP00146,25,Male,IT,IT Manager,63000,2,2,4,2,No,82.3,24,No,
EMP00147,30,Female,Marketing,Marketing Specialist,26400,10,4,1,2,No,85.3,18,No,
EMP00148,43,Male,Engineering,Engineering Executive,85000,2,2,4,4,No,85.6,7,Yes,Relocation
EMP00149,24,Female,Marketing,Marketing Executive,80100,0,2,5,5,No,90.9,6,No,
EMP00150,40,Female,Customer Service,Customer Service Manager,59600,3,4,2,2,Yes,86.3,14,No,
EMP00151,53,Female,Marketing,Marketing Specialist,25800,9,3,1,4,No,90,4,No,
EMP00152,56,Female, engineering ,Engineering Coordinator,87800,1,4,1,2,No,84.9,5,No,
EMP00153,48,Female,Engineering,Engineering Specialist,80600,2,2,2,3,No,90.4,0,No,
EMP00154,41,Male,Marketing,Marketing Analyst,54500,9,5,5,5,No,83.4,6,No,
EMP00155,39,Female,Engineering,Engineering Specialist,63800,6,2,3,4,No,88.6,0,No,
EMP00156,49,Female,Sales,Sales Coordinator,69300,4,3,1,2,No,87.1,16,No,
EMP00157,24,Male,Operations,Operations Executive,86500,3,4,1,2,No,90,23,No,
EMP00158,47,Female,Sales,Sales Executive,41300,0,3,1,5,No,93.7,12,No,
EMP00159,56,Female,Finance,Finance Specialist,55100,0,5,1,5,No,99.4,21,No,
EMP00160,23,Male,Engineering,Engineering Coordinator,36300,0,3,5,4,No,88,18,No,
EMP00161,28,Female,HR,HR Specialist,38500,3,4,1,2,Yes,82.7,19,No,
EMP00162,39,Female,Finance,Finance Coordinator,36300,1,2,5,4,Yes,83.9,11,No,
EMP00163,40,Male,Sales,Sales Executive,69600,5,5,1,3,No,84.3,1,No,
EMP00164,48,Female,Operations,Operations Coordinator,80100,6,5,2,2,Yes,88.8,23,No,
EMP00165,40,Female,IT,IT Specialist,50100,5,4,2,4,Yes,96.2,24,No,
EMP00166,35,Female,Sales,Sales Analyst,47400,10,1,2,5,No,88.6,18,Yes,Personal Reasons
EMP00167,46,Male,Finance,Finance Executive,37300,0,5,3,3,No,85.9,24,No,
EMP00168,48,Female,IT,IT Specialist,56900,11,3,4,4,No,99.1,0,No,
EMP00169,32,Male,IT,IT Specialist,82000,1,1,4,5,Yes,97.4,11,No,
EMP00170,36,Male,HR,HR Specialist,61700,0,1,1,2,No,91.7,9,No,
EMP00171,48,Male,Engineering,Engineering Analyst,82100,0,2,2,2,No,96.6,9,Yes,Career Growth
EMP00172,44,Male,Engineering,Engineering Specialist,37100,2,3,2,4,Yes,93,17,No,
EMP00173,42,Female,Sales,Sales Analyst,84500,11,2,1,3,Yes,96.4,0,No,
EMP00174,30,Female,Customer Service,Customer Service Executive,84300,0,4,2,5,No,93.1,6,No,
EMP00175,52,Male,Sales,Sales Executive,75100,3,5,4,3,No,93,19,No,
EMP00176,57,Female,Marketing,Marketing Executive,54200,13,4,3,4,No,97.9,22,No,
EMP00177,44,Male,Marketing,Marketing Coordinator,59200,11,2,5,4,Yes,91.9,9,No,
EMP00178,36,Male,IT,IT Manager,73300,3,1,4,4,Yes,94.8,17,No,
EMP00179,38,Female,Operations,Operations Executive,51100,8,3,5,5,No,96.4,1,No,
EMP00180,51,Male,IT,IT Analyst,74300,2,2,3,3,Yes,87.7,0,No,
EMP00181,36,Female,Operations,Operations Coordinator,57200,7,2,3,5,Yes,93.5,11,No,
EMP00182,42,Male,Operations,Operations Executive,38100,1,2,4,5,No,94.7,18,No,
EMP00183,48,Male,HR,HR Analyst,31600,2,5,1,3,Yes,99.8,15,No,
EMP00184,51,Female,HR,HR Analyst,76600,6,3,2,2,No,98.2,11,No,
EMP00185,56,Male,Customer Service,Customer Service Specialist,51600,10,3,1,2,No,88.1,2,No,
EMP00186,43,Male,IT,IT Coordinator,44400,8,5,5,3,No,91.9,13,No,
EMP00187,35,Female,Customer Service,Customer Service Manager,89600,1,3,1,4,No,84.6,1,Yes,Manager/Team Issues
EMP00188,36,Female,IT,IT Executive,56500,6,2,3,2,No,82.8,6,No,
EMP00189,56,Male,Finance,Finance Analyst,57500,15,5,4,4,No,84.2,24,Yes,Higher Studies
EMP00190,45,Male,IT,IT Executive,58500,5,3,3,4,No,88.3,9,No,
EMP00191,44,Female,Customer Service,Customer Service Manager,34000,12,4,5,2,Yes,98.4,8,No,
EMP00192,28,Female,Finance,Finance Coordinator,45000,7,2,3,4,No,84.9,6,No,
EMP00193,26,Male,Sales,Sales Coordinator,31300,0,1,5,4,No,85.8,10,No,
EMP00194,58,Female,Marketing,Marketing Manager,29100,0,1,4,4,No,86.2,23,No,
EMP00195,58,Male,Engineering,Engineering Specialist,60400,15,2,5,5,No,100,12,No,
EMP00196,36,Female,Marketing,Marketing Coordinator,58100,15,1,4,2,Yes,85.9,3,No,
EMP00197,49,Male,Operations,Operations Executive,85000,5,4,5,5,No,99.9,25,No,
EMP00198,30,Male,IT,IT Coordinator,38500,1,3,4,3,No,89.9,19,Yes,Higher Studies
EMP00199,56,Male,Customer Service,Customer Service Specialist,80600,13,1,1,5,No,99.6,7,No,
EMP00200,36,Male,IT,IT Analyst,75200,15,4,1,2,Yes,89.5,17,No,
EMP00201,29,Male,Sales,Sales Coordinator,84200,6,2,1,5,Yes,89.1,23,No,
EMP00202,51,Male,Engineering,Engineering Specialist,55100,12,5,1,2,No,97.7,8,No,
EMP00203,58,Female,Marketing,Marketing Coordinator,85100,8,1,5,2,Yes,89.6,0,No,
EMP00204,26,Female,Sales,Sales Analyst,84800,5,3,3,5,Yes,82.7,21,No,
EMP00205,47,Male,IT,IT Coordinator,39600,7,2,3,4,No,90.7,5,No,
EMP00206,22,Male,Customer Service,Customer Service Executive,79700,2,2,4,3,Yes,95.6,19,No,
EMP00207,27,Male,Finance,Finance Executive,29100,0,4,5,3,Yes,85.4,6,No,
EMP00208,43,Male,Customer Service,Customer Service Specialist,51200,7,2,1,2,No,82.6,18,No,
EMP00209,29,Male,IT,IT Analyst,41100,7,4,4,4,No,96.5,12,No,
EMP00210,34,Male,Customer Service,Customer Service Executive,27600,3,4,1,4,Yes,93.1,8,Yes,Higher Studies
EMP00211,47,Female,Engineering,Engineering Executive,82900,12,3,5,3,No,91.2,10,Yes,Manager/Team Issues
EMP00212,52,Male,HR,HR Analyst,33600,6,2,4,2,Yes,96,20,No,
EMP00213,43,Male,Marketing,Marketing Manager,25900,6,1,1,5,Yes,92.3,3,No,
EMP00214,57,Male,Marketing,Marketing Analyst,26900,7,1,5,3,Yes,96.4,10,No,
EMP00215,48,Female,Operations,Operations Analyst,79900,3,3,1,4,Yes,85.9,18,No,
EMP00216,27,Male,Operations,Operations Coordinator,30500,7,4,3,2,No,88.6,0,No,
EMP00217,23,Female,Engineering,Engineering Manager,55600,0,2,4,5,No,89.2,16,Yes,Work-Life Balance
EMP00218,30,Male,Engineering, Engineering Specialist ,26100,5,3,1,3,No,91.4,13,No,
EMP00219,41,Male,Engineering,Engineering Executive,72000,8,1,5,5,No,97,0,No,
EMP00220,59,Female,Finance,Finance Manager,58400,6,2,1,2,No,91.7,6,Yes,Better Salary
EMP00221,28,Male,IT,IT Specialist,83300,0,2,1,4,No,84.2,1,No,
EMP00222,28,Male,Marketing,Marketing Manager,68400,0,1,1,4,No,91.2,11,Yes,Higher Studies
EMP00223,24,Female,IT,IT Manager,50400,4,4,1,4,No,90.1,6,No,
EMP00224,55,Male,Operations,Operations Manager,30800,14,5,4,2,No,82.1,20,No,
EMP00225,34,Male,HR,HR Specialist,56900,12,3,4,4,No,97.5,3,No,
EMP00226,59,Female,Sales,Sales Coordinator,66700,7,1,5,2,No,94.5,25,No,
EMP00227,52,Male,Finance,Finance Specialist,71600,12,3,1,4,No,84.6,19,No,
EMP00228,24,Female,HR,HR Analyst,66000,0,2,1,2,No,82.4,24,Yes,Personal Reasons
EMP00229,42,Female,Sales,Sales Executive,45200,4,5,5,5,Yes,82.3,19,No,
EMP00230,34,Female,Customer Service,Customer Service Coordinator,69400,12,2,3,2,No,98.2,7,Yes,Career Growth
EMP00231,59,Male,Operations,Operations Analyst,69100,14,2,4,3,No,89.8,19,No,
EMP00232,48,Female,Finance,Finance Manager,81100,13,4,4,4,No,86.6,5,No,
EMP00233,51,Female,HR,HR Coordinator,83000,9,5,5,3,Yes,89.8,10,No,
EMP00234,54,Male,Engineering,Engineering Executive,39000,14,2,4,2,No,85.6,13,No,
EMP00235,38,Male,HR,HR Manager,78300,6,3,4,2,No,98.1,16,Yes,Higher Studies
EMP00236,43,Male,HR,HR Analyst,27400,12,5,2,4,Yes,90.1,10,No,
EMP00237,48,Female,IT,IT Analyst,60600,11,5,3,5,Yes,91,3,No,
EMP00238,54,Male,Marketing,Marketing Manager,49900,7,2,3,4,No,88.3,0,No,
EMP00239,49,Male,HR,HR Manager,26300,13,1,3,5,Yes,94.3,22,Yes,Better Salary
EMP00240,26,Female,Finance,Finance Executive,81300,4,1,2,3,No,88.8,18,No,
EMP00241,29,Female,Finance,Finance Executive,42200,5,3,3,5,No,85.9,11,No,
EMP00242,29,Female,IT,IT Specialist,87400,7,3,3,4,No,86.2,3,No,
EMP00243,36,Male,Operations,Operations Analyst,48300,15,2,1,2,Yes,92,8,No,
EMP00244,54,Female,Engineering,Engineering Executive,73900,7,3,3,2,No,89.6,16,No,
EMP00245,30,Female,Marketing,Marketing Analyst,32900,9,2,5,2,No,98.4,18,No,
EMP00246,40,Female,Customer Service,Customer Service Coordinator,60400,9,2,1,3,No,95.2,16,No,
EMP00247,34,Male,Finance,Finance Analyst,54800,4,2,1,5,No,95.1,20,No,
EMP00248,22,Male,Finance,Finance Coordinator,77400,1,2,1,4,Yes,85.1,7,Yes,Relocation
EMP00249,55,Male,Engineering,Engineering Specialist,58800,9,2,5,5,No,84.4,21,No,
EMP00250,21,Male,Customer Service,Customer Service Executive,81200,1,2,3,2,No,83.8,6,No,
EMP00251,39,Male,Operations,Operations Executive,52700,9,3,4,2,Yes,89.6,1,No,
EMP00252,58,Male,Finance,Finance Manager,65700,9,2,1,2,Yes,96.8,16,No,
EMP00253,32,Female, sales ,Sales Specialist,26400,5,1,3,4,No,86.2,4,No,
EMP00254,42,Male,Engineering,Engineering Analyst,52500,0,2,2,5,Yes,83.8,6,Yes,Manager/Team Issues
EMP00255,23,Male,Engineering,Engineering Specialist,35600,2,4,4,2,No,88.6,15,No,
EMP00256,46,Female,IT,IT Analyst,81900,5,2,2,3,No,92.9,12,No,
EMP00257,34,Female,HR,HR Manager,67200,8,5,5,5,No,85.4,20,No,
EMP00258,53,Male,HR,HR Coordinator,38700,15,3,5,3,No,89,22,No,
EMP00259,59,Female,HR,HR Specialist,26000,3,4,2,2,No,93.5,24,No,
EMP00260,51,Male,Sales,Sales Manager,81500,10,4,3,2,Yes,85.2,17,No,
EMP00261,39,Male,Sales,Sales Coordinator,30400,6,2,4,4,No,87.1,2,No,
EMP00262,23,Male,Customer Service,Customer Service Manager,58700,0,5,2,2,Yes,90,5,Yes,Relocation
EMP00263,47,Male,Sales,Sales Executive,57600,12,5,1,5,No,93.2,11,No,
EMP00264,47,Female,Customer Service,Customer Service Executive,69700,3,4,5,5,No,96.5,4,No,
EMP00265,41,Male,Sales,Sales Specialist,67700,6,5,1,2,Yes,96.4,15,No,
EMP00266,38,Female,Sales,Sales Manager,75900,2,1,3,3,Yes,93.2,10,No,
EMP00267,37,Female,Operations,Operations Specialist,82200,2,2,4,5,No,90.1,20,Yes,Manager/Team Issues
EMP00268,33,Male,HR,HR Executive,83600,11,1,1,4,No,92.2,7,No,
EMP00269,34,Female,Marketing,Marketing Coordinator,86700,14,2,2,3,No,91.6,21,No,
EMP00270,49,Male,HR,HR Executive,53900,3,2,1,5,No,91,5,No,
EMP00271,24,Male,Customer Service,Customer Service Coordinator,87100,3,1,1,5,Yes,95.5,20,Yes,Relocation
EMP00272,41,Male,Engineering,Engineering Coordinator,61400,11,2,2,3,Yes,92.7,11,Yes,Work-Life Balance
EMP00273,35,Male,Sales,Sales Executive,45900,9,5,4,4,No,83.3,17,No,
EMP00274,33,Male,IT,IT Executive,77300,7,1,3,5,No,97.6,24,No,
EMP00275,40,Male,IT,IT Manager,79000,14,1,4,2,Yes,99.3,3,No,
EMP00276,50,Male,IT,IT Executive,83600,4,5,1,4,Yes,93,19,No,
EMP00277,38,Male,Finance,Finance Coordinator,33500,11,3,2,4,No,96.8,24,No,
EMP00278,36,Female,Engineering,Engineering Executive,59000,6,5,5,4,No,87.2,16,No,
EMP00279,52,Male,IT,IT Analyst,81400,5,4,4,5,No,90.5,11,No,
EMP00280,25,Male,IT,IT Executive,80700,4,4,4,3,Yes,93.3,16,Yes,Better Salary
EMP00281,23,Male,IT,IT Executive,75000,1,4,3,5,Yes,95.1,14,No,
EMP00282,49,Female,Customer Service,Customer Service Coordinator,78200,10,4,3,3,No,97.6,14,No,
EMP00283,24,Male,Finance,Finance Coordinator,69200,2,4,2,5,Yes,97,15,No,
EMP00284,35,Male,IT,IT Manager,64600,8,5,5,4,No,88.8,1,No,
EMP00285,36,Male,Operations,Operations Specialist,47600,0,1,1,2,No,97.8,10,No,
EMP00286,34,Female,Finance,Finance Analyst,27900,9,2,1,3,Yes,99.5,8,No,
EMP00287,35,Female,HR,HR Coordinator,26900,4,5,2,5,Yes,92.2,15,Yes,Higher Studies
EMP00288,60,Female,Sales,Sales Manager,43900,1,1,4,2,Yes,92.8,16,No,
EMP00289,32,Female,IT,IT Specialist,82000,12,3,5,4,Yes,93.4,16,Yes,Higher Studies
EMP00290,46,Female,Operations,Operations Manager,52200,3,4,1,3,Yes,84.6,12,No,
EMP00291,43,Female,Operations,Operations Analyst,74900,11,5,1,2,No,83.8,25,No,
EMP00292,22,Male,Finance,Finance Executive,72800,2,1,5,5,No,91.1,3,No,
EMP00293,29,Female,Finance,Finance Manager,26600,2,1,1,5,Yes,99.2,15,No,
EMP00294,60,Female,Marketing,Marketing Manager,53100,3,1,2,2,No,86.9,0,No,
EMP00295,24,Male,Customer Service,Customer Service Coordinator,89600,1,1,2,5,Yes,93.4,16,No,
EMP00296,43,Male,Engineering,Engineering Executive,46900,1,5,1,2,No,99.7,18,Yes,Work-Life Balance
EMP00297,60,Female,Sales,Sales Coordinator,62000,10,3,3,4,Yes,92.9,23,No,
EMP00298,29,Female,Operations,Operations Coordinator,70200,1,4,3,3,Yes,92,16,No,
EMP00299,30,Female,Sales,Sales Specialist,53500,3,5,1,3,No,95.7,19,No,
EMP00300,23,Female,Finance,Finance Coordinator,44800,2,1,4,4,No,91.15,11,No,
EMP00301,52,Male,Customer Service,Customer Service Specialist,41900,4,1,2,3,Yes,84.3,8,No,
EMP00302,35,Male,Sales,Sales Executive,74300,14,3,2,2,Yes,94.6,4,No,
EMP00303,37,Male,Sales,Sales Specialist,50900,15,1,5,3,Yes,91.7,6,No,
EMP00304,37,Female,HR,HR Executive,64500,6,1,5,3,No,91.6,22,Yes,Personal Reasons
EMP00305,33,Male,Marketing,Marketing Specialist,61300,5,5,5,5,Yes,84.7,22,No,
EMP00306,26,Male,Finance,Finance Coordinator,51400,0,2,3,2,No,98.8,12,Yes,Career Growth
EMP00307,22,Female,IT,IT Specialist,54600,2,1,5,3,No,97.6,5,No,
EMP00308,60,Female,Engineering,Engineering Analyst,83700,8,1,4,3,No,82.6,8,No,
EMP00309,27,Male,Finance,Finance Specialist,61400,4,1,1,4,No,88.3,18,No,
EMP00310,47,Male,Finance,Finance Coordinator,72900,8,2,3,3,No,92.5,14,No,
EMP00311,28,Female,Engineering,Engineering Specialist,55200,5,2,5,5,No,99.2,25,No,
EMP00312,37,Female,HR,HR Coordinator,56900,13,3,4,3,No,99,8,No,
EMP00313,31,Female,Operations,Operations Coordinator,34300,1,1,1,2,Yes,97.7,7,Yes,Career Growth
EMP00314,49,Female,IT,IT Analyst,68300,13,4,5,3,No,92.3,20,No,
EMP00315,56,Female,Marketing,Marketing Analyst,36700,7,3,2,3,No,87.9,9,No,
EMP00316,24,Female,Customer Service,Customer Service Coordinator,83100,1,2,1,2,No,88.1,13,No,
EMP00317,57,Male,Finance,Finance Executive,27500,4,3,5,2,No,85.9,2,Yes,Career Growth
EMP00318,37,Male,Operations,Operations Coordinator,52100,2,5,4,2,Yes,98.8,12,No,
EMP00319,38,Female,Operations,Operations Manager,42500,11,5,2,5,Yes,95.3,24,No,
EMP00320,33,Female,Engineering,Engineering Specialist,59500,6,2,3,5,Yes,92.9,24,No,
EMP00321,44,Male,Sales,Sales Coordinator,77800,1,5,5,2,No,89.3,3,Yes,Manager/Team Issues
EMP00322,29,Female,Marketing,Marketing Coordinator,47000,0,4,1,4,No,87.9,22,No,
EMP00323,45,Female,Engineering,Engineering Analyst,53700,5,1,4,4,No,93.8,10,No,
EMP00324,36,Female,Sales,Sales Specialist,49400,5,1,2,3,No,83.4,6,No,
EMP00325,47,Male,IT,IT Analyst,34100,2,3,5,4,No,96.5,18,No,
EMP00326,38,Female,Customer Service,Customer Service Executive,85100,6,3,1,4,No,97.9,5,No,
EMP00327,59,Male,Engineering,Engineering Analyst,79000,3,4,3,3,No,92.4,9,No,
EMP00328,42,Male,IT,IT Manager,70400,3,1,1,2,No,82.7,7,No,
EMP00329,23,Female,Engineering,Engineering Manager,87700,3,3,3,2,No,93,23,No,
EMP00330,38,Female,Finance,Finance Manager,60800,0,3,3,3,No,93.7,16,No,
EMP00331,43,Male,Marketing,Marketing Manager,47000,1,3,4,4,No,96.9,9,No,
EMP00332,54,Male,IT,IT Manager,25700,13,3,4,5,Yes,93,2,No,
EMP00333,58,Male,Marketing,Marketing Coordinator,37200,11,4,2,2,No,83.3,1,Yes,Personal Reasons
EMP00334,41,Male,Marketing,Marketing Specialist,38800,14,1,1,4,Yes,93.6,24,No,
EMP00335,25,Female,Customer Service,Customer Service Manager,51800,1,3,3,5,No,86,19,No,
EMP00336,47,Female,Customer Service,Customer Service Analyst,66500,8,5,2,4,Yes,98.2,10,No,
EMP00337,30,Female,IT,IT Manager,38100,3,1,5,3,Yes,89.7,13,Yes,Better Salary
EMP00338,43,Male,Operations,Operations Manager,82500,1,3,2,4,Yes,92.5,20,No,
EMP00339,23,Male,Engineering,Engineering Executive,85400,3,3,2,2,No,82.4,15,No,
EMP00340,28,Female,Operations,Operations Manager,61600,0,1,1,2,No,95.3,19,No,
EMP00341,49,Male,Sales,Sales Analyst,54300,6,3,3,2,No,98.8,23,No,
EMP00342,57,Male,Engineering,Engineering Analyst,79000,7,1,3,4,No,97.7,15,No,
EMP00343,24,Female,Finance,Finance Executive,57100,4,3,5,2,No,92,25,No,
EMP00344,38,Female,Marketing,Marketing Coordinator,83800,0,1,1,5,Yes,86.7,23,Yes,Higher Studies
EMP00345,29,Male,Finance,Finance Specialist,34100,7,4,5,3,No,85.3,18,No,
EMP00346,53,Male,Operations,Operations Coordinator,41700,14,5,1,5,Yes,94.7,8,No,
EMP00347,23,Female,Finance,Finance Manager,31500,0,3,1,4,No,84.8,4,No,
EMP00348,31,Male,Finance,Finance Manager,36800,1,1,5,5,No,97.5,17,Yes,Manager/Team Issues
EMP00349,21,Male,HR,HR Coordinator,57100,0,5,5,4,No,95,10,No,
EMP00350,29,Female,Sales,Sales Specialist,71800,9,1,2,5,No,92.4,5,No,
EMP00351,48,Male,IT,IT Analyst,34300,12,5,1,3,No,92.3,13,No,
EMP00352,42,Female,Marketing,Marketing Manager,88000,6,2,4,4,Yes,85,25,No,
EMP00353,50,Female,Engineering,Engineering Analyst,49400,4,5,4,5,Yes,87.9,4,No,
EMP00354,51,Male, sales ,Sales Coordinator,42800,6,4,3,2,No,94.5,10,No,
EMP00355,44,Female,Engineering, Engineering Coordinator ,71900,1,2,5,3,No,89.2,0,No,
EMP00356,52,Female,Customer Service,Customer Service Specialist,82300,1,1,3,4,Yes,87.4,4,No,
EMP00357,45,Male,IT,IT Specialist,86500,2,5,4,2,No,92.4,8,No,
EMP00358,33,Male,HR,HR Analyst,56700,2,5,4,2,No,85.6,10,No,
EMP00359,56,Female,Customer Service,Customer Service Analyst,58900,0,2,2,3,No,89.1,7,Yes,Work-Life Balance
EMP00360,59,Male,Operations,Operations Specialist,88300,5,1,5,4,No,84.5,8,No,
EMP00361,23,Female,Customer Service,Customer Service Executive,26400,3,4,1,3,Yes,83.4,7,No,
EMP00362,27,Male,Operations,Operations Specialist,59700,4,2,5,3,No,98.3,4,No,
EMP00363,23,Male,HR,HR Analyst,25000,2,1,3,2,Yes,100,1,No,
EMP00364,57,Male,Engineering,Engineering Manager,66000,8,2,2,5,No,82.6,21,Yes,Relocation
EMP00365,47,Female,Finance,Finance Specialist,85200,4,4,3,5,No,87.2,24,No,
EMP00366,43,Female,Customer Service,Customer Service Analyst,70400,7,5,1,3,No,94,22,No,
EMP00367,48,Female,Engineering,Engineering Analyst,53000,11,3,4,3,No,89.3,13,No,
EMP00368,25,Female,Operations,Operations Analyst,32800,2,2,4,3,No,82.3,18,No,
EMP00369,51,Female,Operations,Operations Coordinator,34900,14,1,1,4,No,85.7,18,No,
EMP00370,45,Female,Sales,Sales Specialist,80400,14,1,4,3,No,95.3,3,No,
EMP00371,59,Male,HR,HR Specialist,46400,9,3,5,2,Yes,99.9,19,No,
EMP00372,53,Female,Engineering,Engineering Specialist,81000,6,2,5,4,No,97.9,25,No,
EMP00373,53,Female,Sales,Sales Executive,51700,0,4,3,5,No,92,9,Yes,Higher Studies
EMP00374,40,Male,Operations,Operations Executive,26900,5,3,1,2,No,92.7,24,No,
EMP00375,36,Male,IT,IT Specialist,28300,8,2,3,5,No,91.5,17,No,
EMP00376,59,Male,Marketing,Marketing Analyst,58300,13,2,3,5,No,98.1,8,No,
EMP00377,52,Male,HR,HR Executive,35000,4,5,5,3,No,97.6,10,No,
EMP00378,24,Female,Finance,Finance Coordinator,34700,2,5,1,2,No,99.3,18,No,
EMP00379,22,Female,Sales,Sales Analyst,53100,1,4,5,3,Yes,86.8,14,No,
EMP00380,45,Male,IT,IT Analyst,49100,8,1,5,3,No,82.9,5,No,
EMP00381,60,Female,Marketing,Marketing Analyst,37700,11,1,5,5,No,89.7,6,No,
EMP00382,43,Male,Operations,Operations Specialist,59200,9,4,3,3,Yes,88,8,No,
EMP00383,41,Male,Sales,Sales Specialist,58900,15,4,4,2,Yes,90.1,5,No,
EMP00384,56,Female,Operations,Operations Coordinator,68400,13,4,3,3,No,83.5,21,No,
EMP00385,27,Female,Finance,Finance Coordinator,72400,5,1,2,4,No,91.1,18,No,
EMP00386,55,Female,Customer Service,Customer Service Analyst,39700,4,2,3,4,Yes,85.9,16,No,
EMP00387,44,Female,Customer Service,Customer Service Executive,46100,2,5,5,4,No,94.7,21,No,
EMP00388,55,Male,HR,HR Analyst,45800,12,4,2,4,Yes,91.4,17,No,
EMP00389,56,Male,Operations,Operations Coordinator,33700,4,1,3,5,No,92.2,3,Yes,Personal Reasons
EMP00390,22,Male,Marketing,Marketing Analyst,67900,0,2,3,4,No,91.8,4,No,
EMP00391,58,Male,Finance,Finance Specialist,42300,11,3,3,3,No,97.4,7,No,
EMP00392,55,Male,HR,HR Manager,55700,0,5,2,4,No,93.3,7,No,
EMP00393,36,Female,Sales,Sales Analyst,86200,9,4,5,2,No,86.4,16,Yes,Career Growth
EMP00394,21,Male,Operations,Operations Coordinator,85000,0,2,2,4,Yes,94.3,3,No,
EMP00395,43,Female,HR,HR Coordinator,27000,13,1,1,4,No,98,22,No,
EMP00396,55,Male,IT,IT Executive,84500,9,3,1,2,No,97.7,11,No,
EMP00397,41,Male,Sales,Sales Analyst,83100,5,5,4,4,No,88.5,20,No,
EMP00398,54,Male,Operations,Operations Analyst,57700,1,5,1,5,Yes,82.4,1,No,
EMP00399,51,Male,Marketing,Marketing Coordinator,48000,5,5,5,3,No,89.7,18,No,
EMP00400,45,Female,Sales,Sales Manager,59300,2,2,3,4,No,97.7,10,No,
EMP00401,46,Female,Finance,Finance Coordinator,46600,9,1,3,4,No,82.5,2,Yes,Better Salary
EMP00402,46,Female,Finance,Finance Executive,79900,3,4,2,2,No,93.5,4,No,
EMP00403,25,Female,Marketing,Marketing Manager,41200,5,5,3,3,No,89.2,8,No,
EMP00404,30,Male,Marketing,Marketing Analyst,59200,7,2,1,3,Yes,89.5,18,No,
EMP00405,35,Female,Operations,Operations Analyst,82300,9,4,2,2,Yes,97.7,1,No,
EMP00406,25,Female,Sales,Sales Manager,75400,2,1,4,4,No,97.3,5,No,
EMP00407,41,Male,Finance,Finance Analyst,80300,7,2,2,3,Yes,83.3,10,No,
EMP00408,42,Female,HR,HR Executive,83900,5,3,1,2,No,85.4,19,No,
EMP00409,37,Female,Finance,Finance Executive,25600,8,4,1,3,No,87.5,23,No,
EMP00410,27,Female,Customer Service,Customer Service Executive,48900,4,1,1,2,Yes,86.5,12,No,
EMP00411,30,Male,IT,IT Specialist,29100,10,4,1,4,Yes,88.5,0,No,
EMP00412,56,Male,Engineering,Engineering Specialist,52900,4,1,4,2,No,95.7,13,No,
EMP00413,52,Male,IT,IT Executive,55500,0,1,4,3,No,92.1,20,No,
EMP00414,48,Female,Engineering,Engineering Coordinator,65000,1,1,1,4,No,91.4,11,No,
EMP00415,32,Male,Sales,Sales Specialist,70600,7,2,3,4,Yes,89.5,21,No,
EMP00416,26,Male,Engineering,Engineering Coordinator,44300,0,3,5,2,Yes,90.3,2,No,
EMP00417,29,Female,IT,IT Analyst,67700,6,1,3,4,Yes,88.6,20,No,
EMP00418,34,Male,IT,IT Executive,47100,1,5,2,2,Yes,94.6,4,Yes,Manager/Team Issues
EMP00419,32,Male,Engineering,Engineering Coordinator,44000,10,5,5,4,Yes,99.3,5,No,
EMP00420,21,Female,HR,HR Executive,73000,1,1,3,3,Yes,98.4,9,No,
EMP00421,56,Female,HR,HR Coordinator,87100,0,5,4,2,Yes,99.1,10,No,
EMP00422,41,Female,Sales,Sales Manager,89900,0,2,1,2,Yes,89.5,9,Yes,Manager/Team Issues
EMP00423,30,Female,Marketing,Marketing Manager,38400,1,5,3,3,No,85,19,No,
EMP00424,36,Male,Engineering,Engineering Specialist,88200,11,1,4,4,Yes,83.7,14,No,
EMP00425,42,Female,Operations,Operations Specialist,48300,12,5,5,3,No,99.5,10,No,
EMP00426,33,Male,Finance,Finance Analyst,70800,0,3,2,2,No,89,11,No,
EMP00427,57,Male,Marketing,Marketing Manager,69900,1,5,4,3,No,86.8,14,No,
EMP00428,46,Female,Customer Service,Customer Service Manager,69800,8,2,4,3,No,97.3,10,No,
EMP00429,42,Male,Finance,Finance Coordinator,65200,4,3,2,3,No,84.2,1,Yes,Work-Life Balance
EMP00430,31,Female,Sales,Sales Coordinator,80100,1,2,2,4,Yes,99.5,3,No,
EMP00431,29,Male,Engineering,Engineering Executive,27600,9,5,5,2,Yes,94.1,13,No,
EMP00432,58,Female,Customer Service,Customer Service Analyst,25700,5,1,4,2,No,97,0,No,
EMP00433,39,Male,HR,HR Coordinator,35300,2,1,4,5,No,95.5,4,No,
EMP00434,29,Male,Customer Service,Customer Service Specialist,76100,4,2,5,2,No,91.7,21,No,
EMP00435,55,Male,Marketing,Marketing Manager,48100,4,3,3,5,Yes,82,19,Yes,Better Salary
EMP00436,59,Male,Operations,Operations Analyst,77000,10,1,1,4,Yes,89.8,12,No,
EMP00437,26,Female,Finance,Finance Executive,51400,0,2,3,4,No,95.6,14,No,
EMP00438,42,Male,Customer Service,Customer Service Analyst,73400,12,2,2,5,No,94.9,4,No,
EMP00439,38,Male,Engineering,Engineering Manager,32000,3,2,2,2,No,89.9,25,Yes,Better Salary
EMP00440,41,Male,Engineering,Engineering Executive,69700,2,3,2,2,Yes,96.2,0,No,
EMP00441,41,Male,Marketing,Marketing Manager,41700,3,5,5,5,Yes,97.7,1,No,
EMP00442,60,Male,Finance,Finance Analyst,62400,14,2,4,5,No,85.4,12,No,
EMP00443,43,Female,Sales,Sales Analyst,60900,7,5,4,4,No,100,9,No,
EMP00444,45,Female,Engineering,Engineering Manager,62200,1,4,1,5,No,83,3,No,
EMP00445,30,Male,Marketing,Marketing Coordinator,31100,4,1,2,4,Yes,98.8,11,Yes,Relocation
EMP00446,36,Male,Engineering,Engineering Analyst,50500,12,1,3,2,No,89.1,25,No,
EMP00447,27,Male,Sales,Sales Executive,36800,0,3,5,4,No,98.1,0,No,
EMP00448,47,Female,Sales,Sales Coordinator,71300,13,3,2,2,Yes,96.1,17,No,
EMP00449,32,Male,Finance,Finance Manager,64700,8,4,4,2,No,90.4,14,No,
EMP00450,54,Male,HR,HR Executive,29100,2,1,3,5,No,86.3,7,Yes,Relocation
EMP00451,44,Female,IT,IT Coordinator,87100,3,5,4,4,No,93.8,6,No,
EMP00452,47,Male,Engineering,Engineering Specialist,47100,7,4,4,2,No,86.4,7,No,
EMP00453,29,Male,Marketing,Marketing Specialist,28200,9,2,3,5,Yes,84.4,25,No,
EMP00454,47,Female,Finance,Finance Manager,49000,6,5,2,3,Yes,94.7,0,No,
EMP00455,60,Female, operations ,Operations Executive,82600,11,2,3,3,No,96.2,15,No,
EMP00456,51,Female,HR,HR Specialist,45600,14,4,5,5,No,87.5,21,Yes,Work-Life Balance
EMP00457,26,Male,Customer Service,Customer Service Analyst,77200,6,5,5,5,No,84.1,11,No,
EMP00458,51,Male,Marketing,Marketing Executive,83100,9,1,4,2,No,92.1,18,No,
EMP00459,59,Male,Engineering,Engineering Coordinator,52700,12,2,4,4,No,97.2,15,No,
EMP00460,58,Male,Engineering,Engineering Coordinator,79300,0,5,5,5,Yes,86.1,19,Yes,Work-Life Balance
EMP00461,36,Female,Sales,Sales Specialist,73300,12,5,2,2,No,92.3,16,No,
EMP00462,30,Male,Customer Service,Customer Service Specialist,37800,8,4,5,3,No,99.3,7,No,
EMP00463,44,Male,Finance,Finance Coordinator,37300,12,4,3,3,Yes,85.6,12,No,
EMP00464,55,Female,Engineering,Engineering Analyst,32400,8,1,1,2,No,88.1,2,No,
EMP00465,51,Female,Customer Service,Customer Service Coordinator,87100,8,3,1,4,No,98.3,18,No,
EMP00466,49,Female,Finance,Finance Specialist,86000,3,2,4,4,No,93.8,10,No,
EMP00467,25,Female,Sales,Sales Analyst,35000,2,5,3,4,No,95.9,5,Yes,Better Salary
EMP00468,53,Male,Engineering,Engineering Specialist,47700,5,5,4,4,Yes,86.4,5,No,
EMP00469,41,Male,Customer Service,Customer Service Specialist,83000,3,4,2,4,No,88.8,3,No,
EMP00470,48,Female,HR,HR Manager,55300,14,5,5,2,No,99.3,23,Yes,Relocation
EMP00471,46,Male,Engineering,Engineering Analyst,45700,13,3,5,3,No,90.2,1,No,
EMP00472,33,Male,Operations,Operations Analyst,83200,2,5,3,5,No,82.8,19,Yes,Career Growth
EMP00473,51,Male,Engineering,Engineering Analyst,69300,7,3,1,2,Yes,92.5,19,No,
EMP00474,26,Female,Marketing,Marketing Coordinator,75600,5,4,2,2,No,98.3,8,Yes,Manager/Team Issues
EMP00475,33,Female,Customer Service,Customer Service Coordinator,54600,3,1,5,3,No,83,0,No,
EMP00476,25,Female,Customer Service,Customer Service Coordinator,85900,4,4,3,5,Yes,94.8,7,No,
EMP00477,40,Male,HR,HR Analyst,54400,11,1,4,5,No,89.1,23,No,
EMP00478,53,Male,Marketing,Marketing Manager,89200,6,3,5,5,No,85.4,1,No,
EMP00479,45,Female,Finance,Finance Specialist,37200,11,4,5,5,Yes,91.15,21,No,
EMP00480,30,Male,Engineering,Engineering Executive,72800,2,2,5,3,No,87.4,7,No,
EMP00481,33,Male,Engineering,Engineering Specialist,78400,7,2,5,3,No,98.9,10,No,
EMP00482,55,Male,Engineering,Engineering Coordinator,30700,1,5,2,5,Yes,97.1,14,No,
EMP00483,56,Male,IT,IT Analyst,41600,1,3,5,4,No,95,17,Yes,Work-Life Balance
EMP00484,21,Female,HR,HR Specialist,69100,0,2,1,3,Yes,95,12,No,
EMP00485,35,Male,Customer Service,Customer Service Coordinator,82300,1,5,1,2,No,91.1,1,No,
EMP00486,40,Female,IT,IT Specialist,83100,0,1,3,5,Yes,88,20,No,
EMP00487,32,Male,Sales,Sales Coordinator,83600,0,1,2,5,Yes,93.8,23,No,
EMP00488,53,Male,IT,IT Specialist,69600,6,3,5,5,No,96.7,4,No,
EMP00489,41,Male,IT,IT Manager,69500,1,5,1,5,Yes,96.3,8,No,
EMP00490,26,Female,Sales,Sales Coordinator,65500,6,1,3,2,No,93.3,25,No,
EMP00491,31,Female,Finance,Finance Coordinator,73400,11,3,2,2,No,88.6,19,No,
EMP00492,35,Female,Operations, Operations Specialist ,66800,2,5,1,2,No,91.2,17,No,
EMP00493,46,Male,Operations,Operations Coordinator,63500,3,2,1,4,Yes,85.9,3,No,
EMP00494,31,Male,Marketing,Marketing Coordinator,30200,5,3,3,4,No,84.8,5,No,
EMP00495,47,Male,Engineering,Engineering Executive,28000,0,1,2,5,Yes,88.5,16,Yes,Career Growth
EMP00496,58,Male,Sales,Sales Manager,62000,1,5,2,3,No,96.7,23,No,
EMP00497,22,Female,Engineering,Engineering Coordinator,84100,2,4,1,4,No,88.6,20,No,
EMP00498,57,Male,Customer Service,Customer Service Analyst,36800,8,5,5,5,No,91.6,20,Yes,Better Salary
EMP00499,48,Male,Sales,Sales Executive,52600,15,5,4,5,No,96.8,24,No,
EMP00500,41,Female,Marketing,Marketing Executive,64400,15,4,1,4,No,89.7,11,No,
EMP00501,45,Male,Finance,Finance Specialist,69200,1,1,1,2,No,95.3,20,No,
EMP00502,28,Male,Operations,Operations Specialist,71000,5,5,5,4,No,92.9,25,Yes,Better Salary
EMP00503,54,Male,HR,HR Manager,50200,15,3,1,2,No,90.9,12,Yes,Career Growth
EMP00504,52,Male,IT,IT Coordinator,85600,11,3,5,2,Yes,82.6,3,Yes,Work-Life Balance
EMP00505,30,Male,Engineering,Engineering Executive,88100,3,2,5,2,Yes,90.7,19,No,
EMP00506,27,Male,HR,HR Coordinator,34900,4,2,1,5,Yes,91.6,22,No,
EMP00507,22,Female,Marketing,Marketing Analyst,44900,1,3,2,5,No,87.5,6,No,
EMP00508,51,Female,IT,IT Specialist,75700,9,3,1,2,Yes,86.7,9,No,
EMP00509,58,Female,Finance,Finance Manager,72900,11,2,5,2,No,92.8,6,No,
EMP00510,43,Male,Marketing,Marketing Coordinator,48700,15,4,5,3,Yes,92.5,21,No,
EMP00511,37,Male,Customer Service,Customer Service Coordinator,77000,1,5,2,5,No,84.2,18,No,
EMP00512,43,Female,Engineering,Engineering Analyst,46300,5,5,3,5,No,94.3,7,No,
EMP00513,58,Female,Engineering,Engineering Analyst,48000,14,4,2,2,No,93.7,23,No,
EMP00514,56,Female,Marketing,Marketing Analyst,89600,7,3,5,3,No,82.5,19,No,
EMP00515,33,Female,HR,HR Analyst,64400,1,1,3,4,Yes,98.1,8,No,
EMP00516,40,Male,IT,IT Specialist,28400,11,2,3,5,No,84,5,No,
EMP00517,23,Female,IT,IT Manager,85900,1,3,5,4,No,91,9,Yes,Personal Reasons
EMP00518,30,Male,Operations,Operations Manager,65900,5,1,2,3,Yes,97.4,20,Yes,Career Growth
EMP00519,35,Male,Marketing,Marketing Analyst,48300,2,1,5,3,Yes,84.9,11,No,
EMP00520,57,Female,Engineering,Engineering Executive,38300,4,4,3,3,No,86.6,17,No,
EMP00521,38,Female,Marketing,Marketing Coordinator,67500,5,1,3,2,No,85.8,24,No,
EMP00522,45,Female,HR,HR Specialist,41300,9,4,4,3,No,99.2,13,No,
EMP00523,51,Female,Finance,Finance Executive,69100,10,2,4,3,Yes,84.1,10,No,
EMP00524,29,Female,Sales,Sales Executive,70900,3,2,5,5,Yes,94.8,19,No,
EMP00525,42,Female,IT,IT Specialist,58600,14,2,3,2,No,83.2,4,No,
EMP00526,44,Male,Engineering,Engineering Coordinator,50800,14,2,3,4,No,84,8,No,
EMP00527,32,Female,Engineering,Engineering Analyst,46800,4,4,4,4,No,82.1,5,No,
EMP00528,36,Female,Marketing,Marketing Analyst,88600,14,3,4,3,No,82.4,21,No,
EMP00529,52,Female,Marketing,Marketing Executive,29300,15,3,3,5,Yes,88.5,18,No,
EMP00530,47,Female,Engineering,Engineering Analyst,82600,14,1,1,2,Yes,87.7,1,No,
EMP00531,25,Male,Marketing,Marketing Executive,73600,2,4,2,3,Yes,83.4,19,No,
EMP00532,42,Male,Marketing,Marketing Analyst,75000,0,2,5,3,Yes,93,0,No,
EMP00533,28,Female,Operations,Operations Coordinator,42300,1,1,2,3,No,98.1,5,No,
EMP00534,28,Female,Sales,Sales Manager,67100,4,5,2,3,No,96,13,No,
EMP00535,25,Male,Finance,Finance Executive,61000,0,2,3,5,Yes,93.7,9,No,
EMP00536,48,Male,Engineering,Engineering Manager,34400,1,2,1,2,No,88.3,3,No,
EMP00537,47,Female,Finance,Finance Analyst,74400,4,3,1,3,No,84.5,18,No,
EMP00538,46,Male,Operations,Operations Coordinator,82700,14,5,5,4,No,98.9,16,No,
EMP00539,46,Male,HR,HR Executive,83500,11,3,5,2,Yes,88.4,22,No,
EMP00540,31,Female,Finance,Finance Executive,55800,2,5,1,5,No,84.7,11,No,
EMP00541,34,Female,Engineering,Engineering Coordinator,74900,13,1,4,5,No,85.9,22,No,
EMP00542,44,Female,IT,IT Analyst,37100,0,5,5,4,No,92.4,6,Yes,Higher Studies
EMP00543,34,Female,Finance,Finance Manager,45700,13,1,3,5,No,83.3,16,No,
EMP00544,48,Female,HR,HR Specialist,40500,3,5,5,5,Yes,97.8,11,No,
EMP00545,25,Male,Sales,Sales Manager,66500,0,1,3,5,Yes,94.5,9,No,
EMP00546,35,Male,Engineering,Engineering Manager,89200,8,3,5,5,No,82.1,24,No,
EMP00547,29,Female,Sales,Sales Specialist,64400,3,2,1,5,No,99,15,No,
EMP00548,48,Female,Finance,Finance Manager,81000,12,4,1,4,Yes,93,19,No,
EMP00549,22,Female,IT,IT Executive,59200,2,4,3,3,No,99.8,16,No,
EMP00550,41,Female,Marketing,Marketing Analyst,49600,10,1,5,3,No,93.6,17,No,
EMP00551,48,Male,Finance,Finance Executive,64300,7,2,4,5,No,85,18,No,
EMP00552,45,Female,HR,HR Analyst,81600,0,5,3,2,No,94.5,19,No,
EMP00553,30,Male,IT,IT Specialist,83100,3,1,2,5,Yes,85.5,10,No,
EMP00554,36,Female,Engineering,Engineering Specialist,43100,1,5,1,4,No,85.7,8,No,
EMP00555,42,Male,Operations,Operations Executive,46200,12,2,5,4,No,86,0,No,
EMP00556,26,Female, marketing ,Marketing Executive,74000,5,4,4,3,Yes,92.2,1,No,
EMP00557,39,Male,HR,HR Coordinator,73800,5,4,1,4,No,96,2,No,
EMP00558,40,Female,Operations,Operations Specialist,70200,4,2,4,2,Yes,85.1,6,No,
EMP00559,51,Female,Sales,Sales Coordinator,67400,2,5,5,2,Yes,96.9,13,No,
EMP00560,32,Female,Customer Service,Customer Service Executive,76300,3,4,1,2,No,91,11,No,
EMP00561,26,Female,Engineering,Engineering Analyst,48700,2,2,5,3,No,82.4,16,No,
EMP00562,27,Male,HR,HR Analyst,52100,1,4,1,3,No,90.4,7,Yes,Work-Life Balance
EMP00563,26,Female,HR,HR Analyst,32500,1,2,5,3,No,87.6,22,No,
EMP00564,43,Male,IT,IT Specialist,36200,7,5,5,2,No,91,4,No,
EMP00565,56,Male,Operations,Operations Manager,72500,3,1,3,4,No,98.4,18,No,
EMP00566,51,Female,Marketing,Marketing Specialist,50500,11,3,5,2,No,87.3,16,No,
EMP00567,51,Male,IT,IT Analyst,25000,8,4,5,4,No,89.6,12,No,
EMP00568,39,Female,IT,IT Coordinator,30100,3,5,4,4,No,96.4,1,Yes,Career Growth
EMP00569,55,Female,Sales,Sales Executive,63500,6,5,4,2,Yes,97.3,16,No,
EMP00570,52,Female,Customer Service,Customer Service Specialist,80000,10,4,5,4,Yes,93.9,23,No,
EMP00571,39,Male,Finance,Finance Manager,41300,0,4,5,4,No,98.8,2,No,
EMP00572,52,Female,Finance,Finance Specialist,48100,11,3,4,2,No,91.9,22,Yes,Work-Life Balance
EMP00573,36,Female,Marketing,Marketing Analyst,32400,0,2,3,5,Yes,89.3,16,No,
EMP00574,59,Female,Engineering,Engineering Coordinator,65900,0,2,2,3,No,96.9,4,No,
EMP00575,42,Female,Sales,Sales Coordinator,46100,4,1,1,4,No,93.5,15,No,
EMP00576,38,Female,Finance,Finance Coordinator,35300,0,4,1,4,Yes,94.6,10,No,
EMP00577,50,Female,HR,HR Analyst,70900,5,2,1,4,Yes,90.6,4,No,
EMP00578,22,Female,Finance,Finance Analyst,67600,2,5,2,2,Yes,94.6,2,No,
EMP00579,54,Female,Operations,Operations Manager,52000,1,5,5,4,No,87.4,5,No,
EMP00580,43,Female,Operations,Operations Specialist,55400,12,2,1,4,No,96,7,No,
EMP00581,35,Female,Marketing,Marketing Analyst,83600,11,5,5,3,Yes,99.4,8,No,
EMP00582,24,Male,HR,HR Executive,83800,1,5,2,2,No,94,17,No,
EMP00583,30,Female,Engineering,Engineering Specialist,39600,0,5,3,4,Yes,90.3,16,No,
EMP00584,25,Female,Customer Service,Customer Service Manager,49900,3,1,1,3,No,96.4,24,No,
EMP00585,26,Male,Sales,Sales Executive,70400,5,4,5,5,No,98.8,16,No,
EMP00586,46,Male,Operations,Operations Coordinator,74500,10,1,1,5,No,91,10,No,
EMP00587,52,Female,Operations,Operations Manager,59600,3,2,4,3,Yes,94,11,No,
EMP00588,46,Male,Finance,Finance Executive,62300,0,5,3,3,No,82.4,0,No,
EMP00589,33,Male,Engineering,Engineering Manager,72900,1,5,5,4,No,90.1,15,No,
EMP00590,32,Male,Customer Service,Customer Service Coordinator,43600,6,5,5,4,No,92.5,2,No,
EMP00591,32,Male,Marketing,Marketing Manager,81300,11,2,4,5,No,85.1,21,No,
EMP00592,29,Male,Sales,Sales Manager,78000,1,5,2,3,No,95.9,24,Yes,Relocation
EMP00593,60,Female,Customer Service,Customer Service Specialist,25300,5,1,3,2,No,95.9,6,No,
EMP00594,33,Male,Customer Service,Customer Service Specialist,79100,5,4,1,3,No,98,4,No,
EMP00595,60,Male,Engineering,Engineering Specialist,37700,1,5,1,3,No,94.6,20,No,
EMP00596,60,Female,Sales,Sales Analyst,43000,11,3,3,3,No,83.9,12,No,
EMP00597,48,Female,IT,IT Executive,37100,13,1,1,4,No,90.9,9,No,
EMP00598,34,Male,Marketing,Marketing Coordinator,29400,7,3,3,5,No,96.2,18,No,
EMP00599,30,Female,Finance,Finance Coordinator,38300,1,5,4,3,No,99.4,2,No,
EMP00600,42,Male,Finance,Finance Coordinator,54800,8,4,5,5,No,90.3,19,Yes,Better Salary
EMP00601,32,Male,Marketing,Marketing Analyst,47600,10,5,2,4,No,83.6,8,No,
EMP00602,58,Male,IT,IT Analyst,41200,13,3,4,5,No,89.3,1,No,
EMP00603,41,Male,Customer Service,Customer Service Manager,26500,8,4,5,5,No,92.6,3,No,
EMP00604,44,Female,HR,HR Manager,83000,9,2,5,2,Yes,99.3,6,Yes,Higher Studies
EMP00605,21,Female,Finance,Finance Analyst,88400,0,5,1,5,No,91,25,No,
EMP00606,26,Female,Engineering,Engineering Executive,75400,6,5,2,5,Yes,95,19,No,
EMP00607,22,Female,Operations,Operations Executive,37300,2,1,1,2,No,94.3,3,No,
EMP00608,41,Female,IT,IT Coordinator,72300,15,4,1,3,No,94.2,18,No,
EMP00609,50,Female,Finance,Finance Executive,32000,0,2,3,2,Yes,99.9,20,No,
EMP00610,54,Male,Operations,Operations Specialist,64000,14,5,2,2,Yes,94.3,23,No,
EMP00611,45,Female,Engineering,Engineering Analyst,44600,1,3,4,4,Yes,89.8,5,No,
EMP00612,27,Female,Engineering,Engineering Analyst,83900,7,5,2,3,No,96.9,11,No,
EMP00613,49,Male,Operations,Operations Analyst,51400,2,1,2,5,No,99.1,15,Yes,Work-Life Balance
EMP00614,53,Female,Customer Service,Customer Service Manager,81000,14,4,5,5,Yes,82.9,19,No,
EMP00615,48,Female,Engineering,Engineering Analyst,88300,15,5,5,4,No,82.2,7,Yes,Relocation
EMP00616,29,Male,Sales,Sales Coordinator,72900,3,1,3,5,No,84.8,25,No,
EMP00617,26,Female,Finance,Finance Coordinator,74900,3,3,1,3,No,94.8,16,No,
EMP00618,46,Male,Customer Service,Customer Service Specialist,37100,4,3,4,4,No,86.6,1,No,
EMP00619,49,Female,Sales,Sales Coordinator,62500,13,4,1,3,No,90.3,4,No,
EMP00620,36,Female,Customer Service,Customer Service Analyst,87300,11,5,1,4,No,87.6,15,Yes,Relocation
EMP00621,60,Female,Operations,Operations Specialist,54700,9,4,1,2,No,91.3,8,No,
EMP00622,24,Female,Marketing,Marketing Executive,61900,3,1,5,4,No,89.4,5,No,
EMP00623,27,Female,Marketing,Marketing Executive,40500,3,4,3,5,Yes,90.5,2,No,
EMP00624,40,Male,Marketing,Marketing Manager,84700,1,1,2,3,No,97.3,7,No,
EMP00625,34,Female,HR,HR Coordinator,59800,3,5,2,3,No,94.6,10,No,
EMP00626,29,Female,Sales,Sales Manager,89600,5,4,1,3,No,91.2,13,Yes,Work-Life Balance
EMP00627,54,Male,Operations,Operations Manager,56300,13,2,4,3,No,82.2,1,No,
EMP00628,48,Female,Sales,Sales Executive,73000,15,4,1,5,No,91,11,No,
EMP00629,35,Female,Sales, Sales Executive ,81900,6,4,3,3,No,97.2,20,No,
EMP00630,23,Female,Sales,Sales Coordinator,34100,1,3,4,5,Yes,99.1,11,No,
EMP00631,52,Female,Marketing,Marketing Specialist,34000,1,5,5,3,No,92.2,22,No,
EMP00632,49,Female,Finance,Finance Coordinator,59000,8,3,4,5,No,89.5,22,Yes,Personal Reasons
EMP00633,34,Male,Engineering,Engineering Coordinator,81800,7,4,5,2,Yes,93.7,21,Yes,Work-Life Balance
EMP00634,33,Male,Sales,Sales Executive,80300,4,5,3,2,Yes,97.4,5,No,
EMP00635,54,Female,Finance,Finance Manager,65400,0,2,2,2,No,84.3,6,No,
EMP00636,22,Male,HR,HR Specialist,53900,1,4,5,4,No,93.5,15,No,
EMP00637,34,Male,Finance,Finance Manager,88900,13,4,5,5,No,98.7,13,No,
EMP00638,30,Female,Sales,Sales Coordinator,55800,5,3,2,4,No,93.8,19,No,
EMP00639,34,Male,IT,IT Manager,81100,6,3,5,5,Yes,97.1,2,No,
EMP00640,42,Male,HR,HR Specialist,71300,10,5,1,4,No,97.7,15,No,
EMP00641,25,Female,Customer Service,Customer Service Specialist,53900,4,1,1,5,Yes,84.7,10,No,
EMP00642,51,Female,Operations,Operations Executive,87800,8,3,4,2,Yes,85.9,19,No,
EMP00643,42,Female,Marketing,Marketing Manager,80900,3,5,4,5,No,86.1,21,No,
EMP00644,36,Male,Customer Service,Customer Service Specialist,77400,4,3,3,5,No,97.7,0,No,
EMP00645,52,Female,HR,HR Specialist,57400,4,2,5,2,Yes,86,19,No,
EMP00646,46,Female,Sales,Sales Manager,50500,14,5,4,5,No,85.5,16,No,
EMP00647,46,Male,HR,HR Specialist,27100,12,2,1,3,Yes,98.7,1,No,
EMP00648,24,Male,Sales,Sales Specialist,46700,1,3,2,5,No,84,22,No,
EMP00649,38,Male,Operations,Operations Manager,83600,8,2,1,2,No,89.1,11,No,
EMP00650,22,Male,Finance,Finance Executive,46500,2,4,5,3,Yes,91,2,Yes,Better Salary
EMP00651,40,Female,Finance,Finance Executive,47300,10,2,1,3,Yes,85.3,18,No,
EMP00652,38,Male,Finance,Finance Executive,32100,13,3,2,2,No,83.4,10,No,
EMP00653,42,Male,Customer Service,Customer Service Executive,81100,6,1,2,2,Yes,99.9,21,No,
EMP00654,21,Male,Operations,Operations Coordinator,48300,1,3,3,3,No,99.3,10,No,
EMP00655,36,Female,Sales,Sales Analyst,69600,8,4,3,4,No,99,8,Yes,Career Growth
EMP00656,51,Male,Marketing,Marketing Analyst,54400,13,4,3,5,No,99.5,5,Yes,Better Salary
EMP00657,25,Male, sales ,Sales Analyst,57700,1,5,3,3,No,89.4,12,Yes,Personal Reasons
EMP00658,34,Male,Engineering,Engineering Manager,79500,5,1,4,5,No,91.15,16,No,
EMP00659,59,Male,Marketing,Marketing Specialist,25400,9,4,3,5,No,95.3,9,Yes,Manager/Team Issues
EMP00660,37,Female,Operations,Operations Analyst,32800,11,3,4,3,No,84.5,15,No,
EMP00661,57,Male,Operations,Operations Manager,31800,6,4,5,5,No,91.8,3,No,
EMP00662,36,Male,HR,HR Analyst,32300,6,4,4,4,No,86.1,8,No,
EMP00663,38,Female,Engineering,Engineering Executive,86900,1,2,4,3,No,92,7,No,
EMP00664,43,Male,Sales,Sales Executive,40600,3,3,4,5,No,90.7,3,No,
EMP00665,23,Male,Operations,Operations Analyst,63100,1,4,1,4,No,90.9,7,Yes,Career Growth
EMP00666,47,Female,Customer Service,Customer Service Manager,40000,4,5,1,4,No,87.6,15,No,
EMP00667,42,Female,Finance,Finance Executive,32100,6,3,2,2,Yes,84.5,23,No,
EMP00668,24,Male,IT,IT Executive,74900,4,4,2,5,Yes,98,7,No,
EMP00669,39,Male,Engineering,Engineering Coordinator,53600,8,3,3,5,No,88.2,0,No,
EMP00670,28,Female,Operations,Operations Specialist,58100,4,5,5,3,Yes,99.9,5,Yes,Career Growth
EMP00671,52,Male,Customer Service,Customer Service Manager,53000,4,5,1,2,Yes,83.2,8,No,
EMP00672,48,Female,Finance,Finance Coordinator,36700,3,1,1,2,No,90,10,No,
EMP00673,54,Male,HR,HR Coordinator,31000,7,2,1,4,No,98.9,14,No,
EMP00674,29,Male,Marketing,Marketing Specialist,67000,1,4,2,4,No,92.7,12,No,
EMP00675,47,Male,IT,IT Manager,83900,7,5,5,3,No,98.9,23,No,
EMP00676,24,Male,IT,IT Coordinator,32400,2,3,2,3,No,96.3,16,Yes,Manager/Team Issues
EMP00677,39,Female,Finance,Finance Coordinator,43300,11,3,1,2,No,92.1,18,No,
EMP00678,43,Female,Engineering,Engineering Executive,66000,0,3,5,5,No,99.6,10,No,
EMP00679,43,Male,Sales,Sales Coordinator,36300,14,5,5,5,Yes,92.8,14,No,
EMP00680,52,Female,Customer Service,Customer Service Coordinator,74200,3,1,5,5,No,97.2,1,No,
EMP00681,22,Female,Operations,Operations Analyst,58100,1,1,3,3,No,96.2,8,Yes,Better Salary
EMP00682,47,Male,Operations,Operations Executive,67400,3,1,4,3,No,86.4,14,No,
EMP00683,53,Male,Sales,Sales Executive,54700,14,1,2,2,No,91.1,24,No,
EMP00684,42,Female,Marketing,Marketing Specialist,49800,0,2,2,5,No,87.6,23,No,
EMP00685,45,Female,Operations,Operations Coordinator,76600,15,4,2,3,No,96.9,12,No,
EMP00686,21,Male,IT,IT Executive,61200,1,3,3,5,Yes,94.8,20,No,
EMP00687,27,Male,Customer Service,Customer Service Analyst,51100,7,1,1,3,No,85.6,15,No,
EMP00688,23,Male,Customer Service,Customer Service Manager,77100,0,5,3,2,No,88.1,10,No,
EMP00689,25,Male,Customer Service,Customer Service Specialist,32300,5,1,3,2,No,97.2,9,No,
EMP00690,36,Male,Sales,Sales Manager,70900,1,3,1,5,No,89.5,4,No,
EMP00691,39,Female,Sales,Sales Manager,50900,1,3,5,5,No,93.3,1,No,
EMP00692,33,Female,Customer Service,Customer Service Executive,26500,10,3,5,5,Yes,95.6,6,No,
EMP00693,22,Male,HR,HR Specialist,31200,0,3,5,4,No,87.4,6,No,
EMP00694,30,Male,Operations,Operations Specialist,70200,9,3,1,2,No,87.5,16,No,
EMP00695,36,Female,Sales,Sales Specialist,61300,8,2,5,3,No,96.5,5,No,
EMP00696,46,Female,Engineering,Engineering Manager,67100,4,4,2,2,Yes,93.2,10,No,
EMP00697,30,Male,Customer Service,Customer Service Analyst,77900,0,3,2,2,No,93.1,0,Yes,Career Growth
EMP00698,24,Male,IT,IT Executive,42900,3,4,4,3,Yes,99.3,22,No,
EMP00699,29,Female,Marketing,Marketing Specialist,81500,7,4,5,4,No,99.5,1,No,
EMP00700,42,Female,Marketing,Marketing Coordinator,89500,14,2,5,5,Yes,83.5,23,No,
EMP00701,48,Female,Engineering,Engineering Specialist,83600,13,2,4,5,Yes,95.1,0,Yes,Higher Studies
EMP00702,34,Male,Sales,Sales Specialist,68100,14,2,2,2,No,88.5,7,No,
EMP00703,53,Female,Engineering,Engineering Coordinator,28800,5,1,3,3,Yes,82.2,24,No,
EMP00704,59,Female,Operations,Operations Executive,71600,7,1,1,2,Yes,97.7,3,Yes,Higher Studies
EMP00705,59,Female,Operations,Operations Manager,82200,2,5,4,3,No,97.6,19,No,
EMP00706,54,Female,Operations,Operations Coordinator,81400,10,4,5,4,No,97,9,No,
EMP00707,53,Female,Operations,Operations Specialist,50800,13,4,3,5,No,82.1,1,No,
EMP00708,59,Male,Operations,Operations Coordinator,69800,6,1,3,4,Yes,87.5,8,No,
EMP00709,50,Male,HR,HR Manager,61300,9,1,5,3,No,88.6,2,No,
EMP00710,43,Female,IT,IT Executive,73900,10,3,2,5,No,86.1,2,Yes,Manager/Team Issues
EMP00711,59,Male,Sales,Sales Specialist,28800,11,4,2,5,No,92.9,12,No,
EMP00712,30,Female,Engineering,Engineering Executive,30400,6,1,3,4,No,92.1,8,No,
EMP00713,23,Male,Customer Service,Customer Service Specialist,52900,2,4,4,2,No,92.3,22,No,
EMP00714,31,Female,Operations,Operations Coordinator,53400,3,5,5,2,No,94.3,7,No,
EMP00715,53,Male,Finance,Finance Executive,28400,15,4,3,5,No,93.8,22,No,
EMP00716,27,Female,Marketing,Marketing Executive,42400,1,3,2,3,Yes,96.8,17,No,
EMP00717,50,Male,HR,HR Coordinator,67900,12,5,1,2,No,99.6,7,Yes,Manager/Team Issues
EMP00718,31,Female,Engineering,Engineering Specialist,40400,2,3,3,4,No,98.8,25,No,
EMP00719,48,Female,Customer Service,Customer Service Executive,89800,11,5,5,3,No,93.1,14,Yes,Work-Life Balance
EMP00720,33,Male,Marketing,Marketing Analyst,37300,12,3,2,4,No,94.2,19,No,
EMP00721,41,Male,Finance,Finance Manager,33400,2,3,2,5,Yes,95.9,2,No,
EMP00722,59,Male,Operations,Operations Executive,43200,12,1,2,5,Yes,99.6,11,No,
EMP00723,55,Female,IT,IT Analyst,32300,7,1,5,5,No,89.3,17,No,
EMP00724,33,Male,Sales,Sales Specialist,67200,4,5,5,5,No,95.3,6,No,
EMP00725,50,Female,HR,HR Executive,52000,2,1,1,5,Yes,91,25,Yes,Work-Life Balance
EMP00726,38,Male,IT,IT Manager,53100,7,2,4,5,No,83.7,20,No,
EMP00727,46,Female,Finance,Finance Analyst,72700,1,3,3,4,Yes,86.3,6,No,
EMP00728,34,Female,Finance,Finance Manager,74900,4,3,4,4,No,99.8,16,No,
EMP00729,59,Male,Marketing,Marketing Executive,79900,5,5,1,2,Yes,95.8,14,No,
EMP00730,59,Female,Engineering,Engineering Coordinator,41800,5,4,1,3,No,93.5,8,No,
EMP00731,37,Male,Sales,Sales Manager,67200,2,4,4,3,No,92.7,22,Yes,Higher Studies
EMP00732,48,Male,Sales,Sales Analyst,73100,6,3,2,4,No,95.8,14,No,
EMP00733,35,Male,Customer Service,Customer Service Specialist,58500,7,4,3,2,Yes,88.6,14,No,
EMP00734,28,Male,Sales,Sales Specialist,77900,7,2,3,4,No,89.6,4,No,
EMP00735,47,Male,Marketing,Marketing Manager,44600,13,2,2,5,No,84.3,1,No,
EMP00736,30,Female,Finance,Finance Analyst,73500,4,3,1,5,No,91.6,18,No,
EMP00737,29,Female,Operations,Operations Specialist,88000,8,4,4,4,No,88.2,25,No,
EMP00738,57,Female,Operations,Operations Specialist,59200,13,4,2,4,No,91.3,11,No,
EMP00739,28,Male,Finance,Finance Executive,74700,5,4,2,3,Yes,99.8,4,No,
EMP00740,26,Female,Customer Service,Customer Service Analyst,33200,5,3,2,3,No,85.2,6,No,
EMP00741,31,Female,Operations,Operations Coordinator,75600,0,4,3,2,Yes,87.2,23,No,
EMP00742,35,Male,Marketing,Marketing Analyst,41300,9,3,4,5,No,82.5,15,No,
EMP00743,51,Male,Marketing,Marketing Manager,40800,13,5,3,3,Yes,99.8,9,Yes,Career Growth
EMP00744,53,Male,Operations,Operations Executive,67200,14,2,1,4,No,93.6,12,No,
EMP00745,26,Male,Sales,Sales Coordinator,69600,4,4,3,3,Yes,84.9,14,No,
EMP00746,37,Male,Operations,Operations Manager,67300,15,5,1,5,Yes,95.7,11,Yes,Work-Life Balance
EMP00747,49,Female,IT,IT Coordinator,72600,2,4,5,2,No,91.7,21,No,
EMP00748,43,Female,Finance,Finance Specialist,48100,11,1,3,3,No,85.6,5,No,
EMP00749,27,Male,Sales,Sales Coordinator,62600,0,2,2,4,Yes,82.5,2,Yes,Higher Studies
EMP00750,30,Male,Finance,Finance Coordinator,42900,4,2,5,2,No,98.3,10,No,
EMP00751,30,Male,Customer Service,Customer Service Analyst,39200,5,3,1,2,No,93.4,15,No,
EMP00752,30,Male,Operations,Operations Specialist,48600,10,3,1,3,No,93.4,3,No,
EMP00753,22,Female,HR,HR Specialist,89300,0,1,2,2,No,85.7,13,Yes,Relocation
EMP00754,58,Male,IT,IT Executive,71700,0,2,2,4,Yes,99.9,14,No,
EMP00755,30,Male,Customer Service,Customer Service Analyst,88000,10,3,2,2,Yes,91.2,1,Yes,Career Growth
EMP00756,22,Female,IT,IT Specialist,62400,2,3,5,2,No,93.8,2,No,
EMP00757,46,Female,Operations,Operations Executive,32700,13,3,5,4,No,94.5,16,No,
EMP00758,50,Female, engineering ,Engineering Executive,47800,0,1,2,5,No,89.7,25,No,
EMP00759,60,Male,IT,IT Coordinator,81800,10,5,3,3,Yes,95.1,17,No,
EMP00760,52,Female,Operations,Operations Manager,31500,3,3,3,3,No,94.5,8,No,
EMP00761,44,Male,Operations,Operations Coordinator,85300,2,3,2,3,No,83.9,23,No,
EMP00762,29,Male,IT,IT Manager,27300,6,3,1,5,No,86.2,13,Yes,Manager/Team Issues
EMP00763,60,Male,Finance,Finance Executive,26400,11,5,1,5,No,87.9,12,No,
EMP00764,34,Female,HR,HR Manager,62000,3,3,2,5,Yes,97.6,13,No,
EMP00765,52,Female,Marketing,Marketing Analyst,34300,5,3,3,5,No,85.6,4,No,
EMP00766,42,Female,Operations, Operations Coordinator ,65800,10,1,4,3,No,82.5,17,No,
EMP00767,43,Female,Customer Service,Customer Service Manager,58900,0,4,3,4,No,91.3,0,No,
EMP00768,33,Female,IT,IT Analyst,72400,7,1,4,5,No,85.7,5,No,
EMP00769,40,Female,Customer Service,Customer Service Manager,42100,5,1,2,5,Yes,93.9,8,No,
EMP00770,46,Female,HR,HR Specialist,39000,13,4,1,3,No,99,2,No,
EMP00771,59,Male,Finance,Finance Specialist,81900,11,4,2,5,No,85.4,8,Yes,Manager/Team Issues
EMP00772,26,Female,Customer Service,Customer Service Analyst,82200,0,3,1,4,Yes,96.9,14,No,
EMP00773,56,Female,HR,HR Specialist,62200,10,2,5,5,No,97.1,5,No,
EMP00774,57,Male,Finance,Finance Executive,84900,13,1,5,5,Yes,90.2,18,No,
EMP00775,25,Female,Finance,Finance Specialist,57700,2,2,2,5,No,83.1,13,No,
EMP00776,41,Female,Finance,Finance Specialist,83000,1,1,3,5,No,82.9,16,No,
EMP00777,48,Female,Operations,Operations Coordinator,46300,13,4,1,4,Yes,87.9,25,No,
EMP00778,59,Male,Sales,Sales Analyst,37400,2,3,5,3,Yes,94.7,7,No,
EMP00779,45,Male,Operations,Operations Executive,61000,0,4,5,4,No,93.7,3,Yes,Career Growth
EMP00780,51,Male,Operations,Operations Manager,74300,6,3,5,2,No,92,12,No,
EMP00781,34,Female,IT,IT Executive,43000,5,3,4,3,Yes,99.8,24,No,
EMP00782,47,Female,Engineering,Engineering Manager,85000,8,4,4,3,No,93.7,10,Yes,Better Salary
EMP00783,28,Male,IT,IT Executive,72700,7,1,5,3,No,98.9,20,Yes,Work-Life Balance
EMP00784,37,Female,Engineering,Engineering Specialist,31100,7,2,5,5,No,84.7,8,No,
EMP00785,59,Male,Customer Service,Customer Service Specialist,53200,4,5,3,5,No,96.1,24,No,
EMP00786,25,Female,Customer Service,Customer Service Coordinator,51400,3,4,3,2,No,91,14,No,
EMP00787,49,Male,Marketing,Marketing Analyst,83700,10,2,4,5,Yes,83.6,9,No,
EMP00788,48,Female,Finance,Finance Coordinator,48400,13,2,2,3,Yes,82.4,9,No,
EMP00789,49,Male,HR,HR Specialist,32400,14,5,1,4,No,82.1,22,No,
EMP00790,58,Female,Sales,Sales Analyst,46100,12,1,3,5,No,84.9,8,No,
EMP00791,49,Female,Sales,Sales Coordinator,31700,7,3,2,5,No,82.2,8,Yes,Better Salary
EMP00792,30,Male,Marketing,Marketing Executive,83800,8,3,2,2,Yes,92.4,12,No,
EMP00793,38,Male,Finance,Finance Analyst,35200,10,1,4,5,No,88.3,24,No,
EMP00794,27,Male,Operations,Operations Coordinator,89400,2,1,4,4,Yes,89.2,11,No,
EMP00795,42,Female,Marketing,Marketing Executive,53500,5,2,5,5,No,96.6,16,No,
EMP00796,59,Female,HR,HR Coordinator,82800,3,5,4,5,No,96.4,17,Yes,Career Growth
EMP00797,51,Male,Operations,Operations Analyst,63600,12,3,2,3,No,90.5,18,Yes,Manager/Team Issues
EMP00798,48,Female,IT,IT Specialist,80100,2,4,4,2,No,94.8,18,No,
EMP00799,38,Male,Finance,Finance Executive,28000,4,4,4,5,No,97.7,12,Yes,Career Growth
EMP00800,32,Male,Customer Service,Customer Service Coordinator,69200,8,3,5,3,No,96.3,24,No,
EMP00801,50,Male,Customer Service,Customer Service Specialist,74900,5,2,4,2,No,84.1,3,No,
EMP00802,56,Female,IT,IT Specialist,64600,14,2,3,2,No,94.4,10,No,
EMP00803,30,Female,Engineering,Engineering Specialist,88700,1,3,2,3,Yes,94.9,5,Yes,Relocation
EMP00804,43,Male,Sales,Sales Specialist,60500,9,4,5,2,No,95.1,4,No,
EMP00805,44,Male,Customer Service,Customer Service Coordinator,53900,4,4,2,5,No,95.2,3,No,
EMP00806,22,Male,Finance,Finance Executive,64300,2,2,2,5,No,94.3,22,No,
EMP00807,31,Male,Finance,Finance Specialist,85600,2,5,3,2,No,96.2,7,No,
EMP00808,51,Male,Customer Service,Customer Service Coordinator,66700,7,5,4,5,No,85.9,9,No,
EMP00809,57,Male,Finance,Finance Coordinator,42000,5,2,4,4,No,83.3,7,No,
EMP00810,56,Female,Operations,Operations Analyst,33700,3,5,2,4,No,91.9,3,No,
EMP00811,26,Female,Marketing,Marketing Executive,73400,6,4,5,5,No,82.9,24,No,
EMP00812,24,Female,Operations,Operations Specialist,73000,3,5,4,4,No,91.6,16,No,
EMP00813,27,Female,Marketing,Marketing Analyst,34600,5,5,2,5,Yes,94.6,17,No,
EMP00814,45,Female,Engineering,Engineering Manager,52000,14,2,5,4,Yes,85,18,No,
EMP00815,37,Male,Marketing,Marketing Coordinator,65100,5,1,1,2,Yes,84.1,8,No,
EMP00816,39,Male,Sales,Sales Manager,27600,6,3,3,3,Yes,86.4,11,No,
EMP00817,50,Female,Finance,Finance Manager,81500,0,3,3,3,No,84.9,3,No,
EMP00818,32,Male,Marketing,Marketing Specialist,36300,5,5,2,2,No,82.2,13,Yes,Relocation
EMP00819,39,Female,Engineering,Engineering Executive,83200,9,3,5,4,No,99.7,2,Yes,Career Growth
EMP00820,31,Female,Finance,Finance Specialist,28900,3,2,5,5,No,92.5,10,Yes,Higher Studies
EMP00821,56,Male,Marketing,Marketing Manager,35600,2,5,4,4,Yes,87.1,7,No,
EMP00822,45,Female,Marketing,Marketing Executive,44100,12,2,4,3,No,83.4,17,Yes,Higher Studies
EMP00823,29,Male,Finance,Finance Specialist,35000,4,2,5,2,Yes,89.2,3,No,
EMP00824,53,Female,Marketing,Marketing Analyst,54500,11,2,4,4,No,98.5,10,No,
EMP00825,58,Female,Finance,Finance Specialist,88700,9,3,4,4,Yes,92.7,23,Yes,Work-Life Balance
EMP00826,26,Male,Marketing,Marketing Manager,80800,1,2,2,4,No,99.1,8,No,
EMP00827,44,Male,HR,HR Manager,61900,4,3,3,2,No,97.6,9,No,
EMP00828,27,Female,IT,IT Specialist,60200,0,4,5,4,No,92.4,18,No,
EMP00829,24,Male,Engineering,Engineering Executive,57200,4,3,5,5,No,97,4,No,
EMP00830,37,Male,Operations,Operations Specialist,88500,11,4,2,2,No,96.7,1,No,
EMP00831,31,Female,Engineering,Engineering Coordinator,85900,10,1,4,5,No,92.1,21,No,
EMP00832,30,Female,IT,IT Manager,65500,0,3,2,4,No,85.4,22,No,
EMP00833,49,Female,Operations,Operations Manager,43200,5,3,3,2,No,99.8,10,Yes,Work-Life Balance
EMP00834,35,Male,Operations,Operations Executive,80300,2,4,4,2,Yes,96.4,5,Yes,Relocation
EMP00835,51,Male,Operations,Operations Coordinator,47700,1,2,2,5,No,99.9,24,Yes,Higher Studies
EMP00836,47,Female,Sales,Sales Analyst,57600,3,2,4,5,Yes,89.1,13,No,
EMP00837,41,Male,Finance,Finance Specialist,29900,13,5,3,2,Yes,91.15,19,No,
EMP00838,31,Male,Finance,Finance Executive,44500,10,5,4,4,No,96.2,25,No,
EMP00839,55,Female,Operations,Operations Manager,47300,15,1,1,3,No,94.7,21,Yes,Better Salary
EMP00840,31,Female,Engineering,Engineering Manager,49500,2,5,2,3,No,89.7,19,No,
EMP00841,29,Male,Customer Service,Customer Service Analyst,50600,3,1,1,3,No,87.1,19,No,
EMP00842,28,Female,Marketing,Marketing Executive,35700,8,5,5,2,No,83.8,23,No,
EMP00843,38,Female,Operations,Operations Analyst,55300,3,1,1,3,Yes,99.7,5,No,
EMP00844,31,Male,IT,IT Executive,87200,7,2,1,4,Yes,93.4,20,Yes,Work-Life Balance
EMP00845,31,Male,Customer Service,Customer Service Executive,34900,10,3,4,4,Yes,82.5,17,No,
EMP00846,26,Male,Customer Service,Customer Service Executive,66600,1,5,4,2,Yes,85.1,3,No,
EMP00847,23,Female,Engineering,Engineering Specialist,38700,1,1,2,4,No,98.5,19,No,
EMP00848,39,Female,Operations,Operations Analyst,28100,7,4,4,5,Yes,88.6,21,No,
EMP00849,47,Male,HR,HR Analyst,28900,8,5,3,5,Yes,82.4,5,Yes,Personal Reasons
EMP00850,44,Male,HR,HR Coordinator,47300,2,4,1,5,No,85,4,Yes,Relocation
EMP00851,44,Male,Engineering,Engineering Coordinator,36800,0,3,4,4,Yes,99.6,21,Yes,Higher Studies
EMP00852,21,Female,Sales,Sales Executive,46900,1,3,2,3,No,92.2,25,No,
EMP00853,39,Female,Engineering,Engineering Executive,69300,1,2,3,2,No,91.1,20,No,
EMP00854,33,Male,Marketing,Marketing Manager,80400,8,5,5,2,Yes,82.2,14,No,
EMP00855,34,Male,Operations,Operations Specialist,71000,10,4,3,4,No,91.2,21,No,
EMP00856,21,Male,Sales,Sales Manager,86000,0,5,5,3,No,91.7,5,No,
EMP00857,23,Male,HR,HR Specialist,60200,0,1,3,4,No,85.7,12,No,
EMP00858,53,Female,Operations,Operations Analyst,50900,4,2,3,4,No,98.9,19,No,
EMP00859,29,Female, hr ,HR Executive,83400,0,2,4,4,No,94.4,17,No,
EMP00860,42,Female,Marketing,Marketing Manager,79700,9,4,2,5,No,97.6,6,No,
EMP00861,21,Male,Finance,Finance Executive,79100,1,3,5,3,No,97.1,8,No,
EMP00862,45,Male,Engineering,Engineering Coordinator,64400,10,3,3,4,No,87.2,1,No,
EMP00863,47,Female,Finance,Finance Specialist,87400,15,2,4,4,No,96.8,11,No,
EMP00864,47,Female,Engineering,Engineering Manager,51800,3,5,5,4,No,84.5,13,No,
EMP00865,51,Female,Engineering,Engineering Coordinator,80200,8,2,2,5,No,95.9,6,No,
EMP00866,28,Female,Operations,Operations Executive,32800,1,3,4,2,Yes,95.3,19,Yes,Career Growth
EMP00867,35,Male,HR,HR Analyst,56800,3,3,4,3,No,86.8,6,Yes,Manager/Team Issues
EMP00868,31,Female,IT,IT Coordinator,79300,6,5,5,5,Yes,95.4,20,No,
EMP00869,32,Female,Marketing,Marketing Specialist,37800,10,2,5,3,No,88.8,11,No,
EMP00870,45,Female,Finance,Finance Analyst,71800,13,4,2,5,Yes,93.4,12,Yes,Relocation
EMP00871,46,Female,IT,IT Executive,55300,12,5,2,3,Yes,84.7,15,No,
EMP00872,27,Male,Marketing,Marketing Manager,74300,0,2,2,5,Yes,84,23,No,
EMP00873,45,Male,Finance,Finance Manager,68100,7,5,5,5,No,91.9,2,No,
EMP00874,54,Female,Engineering,Engineering Coordinator,59800,15,2,2,3,Yes,95.8,17,No,
EMP00875,38,Female,Finance,Finance Manager,66800,14,3,5,3,Yes,91,17,No,
EMP00876,29,Female,Finance,Finance Executive,86100,9,4,2,5,No,85.4,9,No,
EMP00877,33,Female,IT,IT Executive,69600,1,1,2,2,No,99.9,22,No,
EMP00878,50,Female,Operations,Operations Executive,57200,14,3,1,3,No,98.1,2,No,
EMP00879,53,Male,IT,IT Executive,82800,13,1,4,4,No,99.2,12,No,
EMP00880,40,Female,Sales,Sales Manager,65500,7,3,4,2,Yes,97.9,7,No,
EMP00881,45,Male,Marketing,Marketing Coordinator,74100,11,3,2,4,No,93.5,21,No,
EMP00882,36,Male,IT,IT Executive,34500,9,2,1,2,No,94.8,15,No,
EMP00883,47,Female,Finance,Finance Specialist,28200,3,4,5,4,No,90.1,24,No,
EMP00884,34,Female,Marketing,Marketing Coordinator,66200,3,5,4,3,No,88.1,21,No,
EMP00885,58,Male,Finance,Finance Analyst,40400,3,3,3,4,No,95,20,No,
EMP00886,60,Female,IT,IT Manager,75500,11,1,1,5,No,95.6,22,No,
EMP00887,59,Male,IT,IT Specialist,80500,11,3,3,3,No,95.7,21,No,
EMP00888,49,Male,Engineering,Engineering Manager,55100,10,5,5,3,No,96.4,9,No,
EMP00889,39,Female,Operations,Operations Manager,80600,5,3,2,5,Yes,99.5,5,No,
EMP00890,52,Male,HR,HR Coordinator,27000,8,1,1,4,No,98.2,9,No,
EMP00891,51,Female,Marketing,Marketing Manager,70300,2,2,2,3,No,83.9,2,Yes,Relocation
EMP00892,39,Male,Engineering,Engineering Executive,40000,3,2,3,5,No,82.7,11,No,
EMP00893,52,Female,IT,IT Specialist,46600,9,4,1,2,Yes,92.3,4,Yes,Manager/Team Issues
EMP00894,24,Male,Sales,Sales Manager,28900,2,3,2,4,No,86.6,16,No,
EMP00895,43,Male,IT,IT Coordinator,57000,11,2,1,5,No,99.4,17,No,
EMP00896,50,Male,Operations,Operations Coordinator,83200,7,4,3,3,Yes,95.2,8,No,
EMP00897,31,Male,Marketing,Marketing Analyst,86300,10,1,4,2,No,99.3,4,No,
EMP00898,39,Female,Finance,Finance Specialist,35800,8,2,5,5,No,90.9,0,No,
EMP00899,33,Female,Operations,Operations Specialist,31100,12,5,4,5,No,86.3,1,No,
EMP00900,47,Male,Sales,Sales Manager,64700,2,2,3,2,No,87.6,15,No,
EMP00901,23,Male,Engineering,Engineering Coordinator,65900,1,3,2,3,Yes,98.9,4,No,
EMP00902,21,Male,Sales,Sales Manager,69800,1,4,4,5,No,98.5,14,No,
EMP00903,38,Female,Sales, Sales Executive ,41900,10,3,3,5,No,88.6,21,No,
EMP00904,57,Female,Operations,Operations Executive,31500,11,2,5,4,No,88.7,11,No,
EMP00905,26,Female,IT,IT Coordinator,89300,3,2,3,2,No,83.8,6,No,
EMP00906,39,Male,IT,IT Coordinator,86800,13,1,4,5,No,97.5,16,No,
EMP00907,23,Female,Customer Service,Customer Service Specialist,28800,3,2,2,2,No,89.9,21,No,
EMP00908,29,Female,Sales,Sales Executive,53000,2,4,1,3,Yes,93.9,0,No,
EMP00909,49,Female,Customer Service,Customer Service Specialist,80700,11,3,4,2,No,83.2,15,No,
EMP00910,32,Male,Operations,Operations Specialist,81200,3,2,5,5,Yes,89.6,4,No,
EMP00911,51,Male,Finance,Finance Specialist,28800,1,1,2,3,Yes,98.4,13,No,
EMP00912,29,Female,IT,IT Manager,43700,7,2,1,3,Yes,87.9,24,No,
EMP00913,53,Female,Operations,Operations Specialist,53500,12,4,3,5,Yes,95.6,12,No,
EMP00914,25,Male,IT,IT Executive,46700,5,5,5,5,No,97.8,16,No,
EMP00915,40,Female,Sales,Sales Analyst,73400,10,1,5,2,No,96.4,15,No,
EMP00916,44,Male,Engineering,Engineering Executive,41300,13,4,3,2,No,83,25,No,
EMP00917,28,Male,IT,IT Manager,88500,0,5,4,3,No,87.6,4,Yes,Work-Life Balance
EMP00918,44,Male,Engineering,Engineering Analyst,32700,13,3,4,4,No,83.7,8,Yes,Manager/Team Issues
EMP00919,46,Male,Sales,Sales Executive,78700,13,1,4,3,No,89.5,14,No,
EMP00920,55,Female,Customer Service,Customer Service Specialist,83500,10,4,4,3,No,91.7,23,No,
EMP00921,36,Male,Finance,Finance Coordinator,83700,11,4,5,2,Yes,89.8,12,No,
EMP00922,49,Female,Sales,Sales Analyst,34700,2,2,2,2,Yes,93.9,20,Yes,Personal Reasons
EMP00923,41,Female,HR,HR Analyst,44300,13,5,3,4,No,92.6,23,No,
EMP00924,35,Male,Sales,Sales Analyst,37100,13,3,5,2,No,87.2,3,No,
EMP00925,38,Female,IT,IT Manager,40300,5,2,2,4,Yes,93.5,4,No,
EMP00926,37,Female,Operations,Operations Specialist,53100,5,5,3,5,No,86.7,18,No,
EMP00927,49,Male,IT,IT Manager,29000,6,2,1,4,No,88.3,8,No,
EMP00928,37,Female,Finance,Finance Specialist,46200,3,2,1,4,No,87.5,24,Yes,Personal Reasons
EMP00929,48,Female,Finance,Finance Analyst,45800,15,4,4,5,No,94,3,No,
EMP00930,60,Female,Operations,Operations Coordinator,56300,10,3,5,2,No,87,13,No,
EMP00931,35,Female,Operations,Operations Specialist,64600,2,1,5,5,No,86.8,11,No,
EMP00932,32,Male,Finance,Finance Manager,83100,11,2,4,3,Yes,96.8,16,No,
EMP00933,40,Male,IT,IT Executive,64000,4,4,1,3,Yes,83.8,6,No,
EMP00934,22,Female,Marketing,Marketing Coordinator,27600,0,3,1,2,No,89.2,15,No,
EMP00935,38,Female,Finance,Finance Manager,73000,8,4,3,3,No,82.7,18,No,
EMP00936,21,Male,Engineering,Engineering Analyst,68200,0,3,1,4,No,85.8,22,No,
EMP00937,36,Female,Engineering,Engineering Coordinator,65100,9,2,4,5,No,99,0,No,
EMP00938,33,Male,Engineering,Engineering Executive,60900,12,1,4,4,No,85.5,13,No,
EMP00939,31,Female,Marketing,Marketing Specialist,58600,8,3,4,5,No,98.1,7,No,
EMP00940,49,Male,Engineering,Engineering Coordinator,36200,4,2,4,4,No,98.9,19,Yes,Better Salary
EMP00941,31,Female,Customer Service,Customer Service Coordinator,78600,4,4,2,2,No,94.5,14,No,
EMP00942,33,Male,IT,IT Manager,70900,1,1,3,4,No,88.3,22,No,
EMP00943,57,Male,Marketing,Marketing Specialist,54800,3,2,5,3,No,89,7,No,
EMP00944,22,Female,HR,HR Specialist,54500,1,1,3,3,No,82.6,15,No,
EMP00945,48,Female,HR,HR Analyst,66700,4,1,2,3,No,88.9,14,No,
EMP00946,36,Male,Operations,Operations Analyst,62900,15,2,3,3,Yes,93.2,6,Yes,Higher Studies
EMP00947,22,Female,Customer Service,Customer Service Specialist,89400,0,4,5,4,Yes,88.8,22,No,
EMP00948,59,Female,Customer Service,Customer Service Analyst,55300,14,2,5,5,No,99.7,10,No,
EMP00949,46,Female,Marketing,Marketing Analyst,29900,2,5,5,2,No,97.7,0,Yes,Career Growth
EMP00950,29,Male,HR,HR Executive,84700,6,3,5,2,No,87,16,No,
EMP00951,23,Male,Engineering,Engineering Coordinator,70300,0,3,4,5,No,91,4,No,
EMP00952,34,Male,Marketing,Marketing Specialist,58700,8,3,2,2,No,91.9,19,No,
EMP00953,30,Male,Sales,Sales Coordinator,87200,4,5,1,4,No,97.1,15,No,
EMP00954,24,Male,Sales,Sales Specialist,62100,3,1,1,2,No,93.1,15,Yes,Personal Reasons
EMP00955,50,Female,Finance,Finance Coordinator,44300,4,4,3,5,Yes,96.6,17,No,
EMP00956,54,Male,Customer Service,Customer Service Executive,37700,1,5,3,4,No,84.7,1,Yes,Career Growth
EMP00957,40,Male,Customer Service,Customer Service Manager,85300,2,5,4,4,Yes,97.5,8,No,
EMP00958,43,Male,Customer Service,Customer Service Analyst,46600,10,5,2,3,Yes,87.7,0,No,
EMP00959,33,Male,Operations,Operations Specialist,65800,10,2,2,2,Yes,82.6,9,No,
EMP00960,35,Female, sales ,Sales Analyst,68700,7,1,3,2,No,96.3,9,No,
EMP00961,47,Male,HR,HR Manager,86000,6,3,1,5,Yes,92.7,20,No,
EMP00962,29,Male,Customer Service,Customer Service Executive,83500,5,3,4,5,No,91.9,18,No,
EMP00963,45,Female,IT,IT Specialist,85900,4,1,1,4,No,93.2,6,No,
EMP00964,44,Male,Customer Service,Customer Service Coordinator,34500,2,3,2,5,No,97.4,22,No,
EMP00965,50,Female,Sales,Sales Analyst,56600,9,1,4,2,No,83.1,10,No,
EMP00966,56,Female,Operations,Operations Analyst,33000,14,2,5,4,No,92.6,8,No,
EMP00967,44,Male,HR,HR Executive,42300,14,1,5,5,No,82.8,23,No,
EMP00968,55,Male,Engineering,Engineering Executive,43500,7,2,2,4,Yes,83.2,21,Yes,Manager/Team Issues
EMP00969,46,Female,IT,IT Manager,27300,1,4,1,5,No,93.1,5,No,
EMP00970,22,Female,Marketing,Marketing Analyst,89400,1,4,4,2,No,99.6,6,No,
EMP00971,27,Female,IT,IT Specialist,33500,7,2,3,2,No,88.8,3,No,
EMP00972,40,Female,IT,IT Specialist,52200,0,3,2,5,No,99.9,5,No,
EMP00973,44,Female,Finance,Finance Manager,53900,8,3,5,4,No,87.8,7,No,
EMP00974,49,Female,Marketing,Marketing Coordinator,87100,0,3,1,4,No,90.5,8,Yes,Work-Life Balance
EMP00975,47,Female,Operations,Operations Coordinator,41900,14,5,2,5,No,97.5,13,No,
EMP00976,54,Female,Operations,Operations Manager,31700,6,2,1,5,No,86.1,3,No,
EMP00977,21,Male,Sales,Sales Analyst,85500,1,4,3,2,No,97.3,9,Yes,Higher Studies
EMP00978,46,Male,Sales,Sales Specialist,29100,14,5,2,2,No,92.5,19,No,
EMP00979,31,Female,Finance,Finance Coordinator,50500,9,5,2,3,No,84.8,2,No,
EMP00980,38,Female,IT,IT Manager,70600,6,4,1,3,Yes,87.5,23,Yes,Personal Reasons
EMP00981,27,Male,Finance,Finance Coordinator,34000,4,1,5,5,No,89.4,13,No,
EMP00982,45,Female,Sales,Sales Manager,43100,3,4,2,3,No,97.6,25,No,
EMP00983,38,Male,Sales,Sales Analyst,34800,4,3,4,5,No,96.1,6,No,
EMP00984,34,Male,Sales,Sales Executive,51400,12,4,5,5,No,87.8,23,Yes,Higher Studies
EMP00985,42,Female,HR,HR Specialist,77800,5,5,2,3,Yes,86.8,22,No,
EMP00986,57,Male,Marketing,Marketing Manager,30100,0,5,2,2,No,83.7,4,No,
EMP00987,25,Male,Sales,Sales Manager,60800,1,2,2,3,No,82.3,10,No,
EMP00988,35,Female,Finance,Finance Coordinator,70200,8,5,4,3,No,89.7,13,No,
EMP00989,57,Female,Finance,Finance Manager,82600,12,3,1,3,No,82.5,14,No,
EMP00990,22,Male,Marketing,Marketing Manager,74800,2,2,1,4,Yes,88.1,23,No,
EMP00991,48,Male,Operations,Operations Analyst,83200,13,1,5,2,No,85.3,8,Yes,Higher Studies
EMP00992,30,Male,Sales,Sales Executive,88100,0,1,2,5,No,87.9,23,No,
EMP00993,48,Female,Operations,Operations Specialist,81500,8,2,3,4,No,84.5,2,No,
EMP00994,31,Female,Sales,Sales Executive,75700,7,3,4,3,No,99.4,23,No,
EMP00995,51,Male,Finance,Finance Executive,45500,3,5,5,4,Yes,85.5,14,No,
EMP00996,55,Female,Marketing,Marketing Specialist,33700,15,5,4,4,No,85.9,0,Yes,Better Salary
EMP00997,53,Female,IT,IT Analyst,43800,10,2,5,2,Yes,88.5,23,No,
EMP00998,26,Male,Finance,Finance Specialist,79000,6,1,1,2,No,99.8,15,No,
EMP00999,43,Male,Finance,Finance Analyst,55600,7,4,5,5,No,92.8,24,No,
EMP01000,59,Male,IT,IT Manager,66600,14,3,1,2,No,99.7,14,No,
EMP01001,21,Male,Finance,Finance Analyst,65400,0,2,1,4,No,89,16,No,
EMP01002,21,Male,HR,HR Manager,78200,1,5,5,4,No,92.8,3,No,
EMP01003,47,Male,Sales,Sales Analyst,39700,2,1,1,2,No,98,5,Yes,Better Salary
EMP01004,50,Male,HR,HR Specialist,53600,8,1,1,3,Yes,94.8,13,No,
EMP01005,49,Female,Finance,Finance Executive,83900,10,4,4,2,No,86.4,19,No,
EMP01006,38,Female,Finance,Finance Manager,55700,15,2,3,2,Yes,98.7,6,No,
EMP01007,47,Male,Marketing,Marketing Analyst,84600,10,2,3,2,Yes,91.7,21,No,
EMP01008,60,Male,Finance,Finance Specialist,38900,10,4,5,2,No,89.9,10,No,
EMP01009,57,Male,Operations,Operations Specialist,32000,13,2,2,3,No,95.3,7,No,
EMP01010,50,Female,Finance,Finance Analyst,77900,10,2,3,3,Yes,85,22,No,
EMP01011,22,Male,Sales,Sales Specialist,76600,2,2,1,2,No,84.1,8,No,
EMP01012,30,Male,IT,IT Coordinator,68900,0,4,4,2,Yes,82.6,3,No,
EMP01013,24,Male,IT,IT Manager,87100,2,3,4,3,No,87,11,No,
EMP01014,50,Male,Operations,Operations Coordinator,50000,9,4,4,3,Yes,93.1,13,Yes,Manager/Team Issues
EMP01015,57,Female,Customer Service,Customer Service Manager,75000,0,1,2,2,Yes,87.2,0,No,
EMP01016,49,Male,Finance,Finance Coordinator,58000,6,2,4,3,Yes,91.15,20,No,
EMP01017,45,Male,Marketing,Marketing Analyst,58700,8,4,4,4,Yes,98.2,6,No,
EMP01018,43,Male,Customer Service,Customer Service Manager,38400,3,5,5,3,Yes,83.1,9,No,
EMP01019,50,Male,Customer Service,Customer Service Coordinator,27700,2,4,1,5,Yes,83,17,No,
EMP01020,47,Female,Finance,Finance Manager,38200,10,5,4,3,Yes,89.4,15,No,
EMP01021,46,Female,Engineering,Engineering Coordinator,47300,12,1,1,5,No,82.3,4,No,
EMP01022,36,Female,Engineering,Engineering Specialist,60100,14,5,5,3,No,84.2,3,No,
EMP01023,39,Female,Customer Service,Customer Service Analyst,80300,10,4,2,3,No,82.9,13,Yes,Better Salary
EMP01024,38,Male,Finance,Finance Coordinator,88000,1,4,4,4,No,86.9,7,No,
EMP01025,49,Female,Marketing,Marketing Coordinator,29900,14,1,4,4,No,98.9,14,No,
EMP01026,32,Female,IT,IT Executive,79100,7,2,5,4,No,86.8,24,No,
EMP01027,21,Female,Marketing,Marketing Specialist,28500,0,3,5,3,No,85.9,23,No,
EMP01028,34,Female,Marketing,Marketing Executive,30800,5,2,4,4,No,98.1,20,No,
EMP01029,26,Female,Customer Service,Customer Service Specialist,31900,0,1,2,2,Yes,99.5,9,No,
EMP01030,28,Male,Sales,Sales Analyst,33200,1,4,2,2,No,89.6,23,No,
EMP01031,53,Male,Sales,Sales Executive,27500,8,1,4,3,Yes,82.2,16,No,
EMP01032,48,Male,Finance,Finance Specialist,72200,10,1,2,3,No,90.1,24,No,
EMP01033,39,Male,Sales,Sales Coordinator,42400,3,2,2,4,No,99.9,10,No,
EMP01034,55,Male,HR,HR Manager,52400,2,5,4,3,Yes,92,25,No,
EMP01035,28,Female,Marketing,Marketing Executive,88400,5,5,5,4,No,85.6,10,No,
EMP01036,59,Female,Sales,Sales Executive,75000,9,3,4,2,Yes,90.5,22,Yes,Relocation
EMP01037,37,Male,Marketing,Marketing Coordinator,29700,13,5,3,3,No,96,25,Yes,Personal Reasons
EMP01038,34,Female,Engineering,Engineering Analyst,33300,1,1,2,3,Yes,96.5,13,No,
EMP01039,22,Female,Finance,Finance Specialist,38500,0,2,1,4,Yes,91.2,12,No,
EMP01040,46,Male,Customer Service, Customer Service Executive ,66800,9,5,2,4,Yes,96.3,5,No,
EMP01041,26,Male,Operations,Operations Coordinator,66800,1,2,2,2,No,89.3,15,Yes,Manager/Team Issues
EMP01042,25,Male,Engineering,Engineering Manager,54200,0,2,4,3,Yes,95.8,18,No,
EMP01043,55,Male,HR,HR Analyst,71200,13,1,2,4,Yes,94.8,12,No,
EMP01044,52,Male,Marketing,Marketing Specialist,51600,8,4,1,4,No,90.3,17,No,
EMP01045,26,Male,HR,HR Specialist,85000,1,5,3,2,No,83.8,18,No,
EMP01046,22,Female,Finance,Finance Coordinator,43500,2,1,2,2,Yes,95.9,14,Yes,Better Salary
EMP01047,34,Male,IT,IT Executive,32800,0,4,3,2,No,89.6,6,No,
EMP01048,22,Female,Engineering,Engineering Executive,25300,1,3,5,2,Yes,85.7,18,No,
EMP01049,29,Female,HR,HR Specialist,88600,9,1,1,5,No,87,16,Yes,Better Salary
EMP01050,59,Female,IT,IT Analyst,66000,0,5,1,3,No,83.1,0,No,
EMP01051,28,Male,IT,IT Specialist,50900,7,4,1,2,No,84.6,16,No,
EMP01052,44,Female,Sales,Sales Executive,68500,13,4,1,3,Yes,99.6,12,No,
EMP01053,51,Female,IT,IT Specialist,63900,10,2,2,3,No,91.6,5,No,
EMP01054,34,Female,Finance,Finance Executive,70200,1,1,2,2,No,86.5,11,No,
EMP01055,42,Male,Finance,Finance Executive,75400,8,4,4,4,No,87.1,16,No,
EMP01056,42,Female,Operations,Operations Manager,54000,9,3,5,2,No,97,17,No,
EMP01057,42,Female,IT,IT Manager,68800,0,4,2,2,No,85.6,5,No,
EMP01058,21,Female,IT,IT Coordinator,82600,1,2,1,5,No,98,21,No,
EMP01059,23,Female,IT,IT Manager,30400,0,2,4,3,No,89.3,17,No,
EMP01060,34,Male,Finance,Finance Coordinator,55000,12,5,5,5,Yes,97.9,2,No,
EMP01061,34,Male, customer service ,Customer Service Executive,70600,8,4,5,5,No,83.4,13,No,
EMP01062,44,Female,IT,IT Analyst,75800,13,5,5,5,No,99.9,16,No,
EMP01063,47,Male,IT,IT Analyst,27900,8,5,1,4,No,88,20,Yes,Relocation
EMP01064,35,Female,Marketing,Marketing Executive,49500,6,5,4,4,No,83.2,14,No,
EMP01065,21,Male,Finance,Finance Manager,89800,0,2,3,4,No,99.5,6,No,
EMP01066,33,Male,Sales,Sales Manager,59600,7,3,5,2,No,93.8,6,No,
EMP01067,57,Female,HR,HR Coordinator,85700,0,4,1,3,No,94.5,22,No,
EMP01068,54,Male,HR,HR Executive,38800,10,1,3,5,No,84.2,18,No,
EMP01069,40,Female,Marketing,Marketing Specialist,78200,14,2,5,4,Yes,87.1,11,No,
EMP01070,33,Female,Marketing,Marketing Specialist,66700,6,4,1,3,Yes,92.1,6,No,
EMP01071,45,Male,IT,IT Manager,80800,2,5,5,2,Yes,93.8,13,No,
EMP01072,29,Male,IT,IT Manager,70700,8,3,1,3,No,98.7,24,No,
EMP01073,38,Male,IT,IT Analyst,50000,14,3,4,5,No,84.7,9,No,
EMP01074,50,Female,IT,IT Executive,40500,13,2,1,2,No,89.3,18,No,
EMP01075,33,Male,Customer Service,Customer Service Executive,52300,13,5,4,5,Yes,83.5,25,Yes,Personal Reasons
EMP01076,23,Male,Operations,Operations Executive,79100,3,3,2,4,No,92.2,25,No,
EMP01077,35,Female,Engineering,Engineering Manager,89600,6,4,4,4,No,83.3,14,No,
EMP01078,57,Female,Operations,Operations Coordinator,44700,5,5,1,4,Yes,92.8,24,No,
EMP01079,60,Female,Operations,Operations Executive,70300,9,4,2,2,No,84.9,4,No,
EMP01080,53,Female,Marketing,Marketing Specialist,86400,9,4,4,5,No,99.6,23,No,
EMP01081,60,Female,Engineering,Engineering Manager,55000,14,1,4,2,No,85.6,22,No,
EMP01082,39,Male,Engineering,Engineering Specialist,66000,5,3,2,5,No,87.9,9,No,
EMP01083,23,Female,Operations,Operations Analyst,29500,2,3,3,2,No,85.1,14,No,
EMP01084,52,Male,Operations,Operations Analyst,78600,9,3,4,3,No,97.8,17,No,
EMP01085,30,Female,Sales,Sales Specialist,65000,6,2,5,5,No,90.4,14,No,
EMP01086,57,Female,Marketing,Marketing Coordinator,84800,11,4,5,2,No,95.3,9,No,
EMP01087,41,Male,Customer Service,Customer Service Analyst,59900,10,5,3,3,Yes,87,19,No,
EMP01088,55,Female,Operations,Operations Analyst,44400,0,1,4,2,No,93.8,4,No,
EMP01089,30,Female,Customer Service,Customer Service Manager,55400,3,3,5,3,No,93,7,No,
EMP01090,57,Female,Sales,Sales Coordinator,29500,2,3,3,3,No,84.8,18,No,
EMP01091,33,Female,Operations,Operations Analyst,75600,3,4,5,4,No,96.2,4,No,
EMP01092,25,Female,Operations,Operations Coordinator,27000,0,4,1,2,No,89.1,20,No,
EMP01093,53,Male,Operations,Operations Specialist,79800,4,3,4,5,No,92,16,Yes,Higher Studies
EMP01094,26,Female,IT,IT Analyst,70300,0,1,3,3,No,90.5,22,Yes,Relocation
EMP01095,39,Male,Finance,Finance Coordinator,65800,10,2,5,5,Yes,96.3,5,No,
EMP01096,41,Female,Customer Service,Customer Service Analyst,77300,8,1,5,3,No,93.7,22,No,
EMP01097,34,Male,HR,HR Coordinator,81100,8,2,1,4,No,94,2,No,
EMP01098,43,Female,Marketing,Marketing Analyst,47600,7,4,1,2,Yes,82.2,2,No,
EMP01099,24,Female,Finance,Finance Specialist,64500,1,1,2,3,Yes,92.5,24,No,
EMP01100,47,Female,Engineering,Engineering Manager,53200,15,5,5,2,Yes,82.2,1,Yes,Manager/Team Issues
EMP01101,31,Female,Operations,Operations Analyst,33800,8,1,2,4,Yes,98.4,8,Yes,Relocation
EMP01102,29,Female,Engineering,Engineering Analyst,39600,1,4,5,3,No,91.5,16,No,
EMP01103,47,Male,IT,IT Analyst,36300,14,2,3,5,Yes,94.6,23,No,
EMP01104,53,Male,Operations,Operations Executive,66500,4,3,5,4,No,84.8,8,No,
EMP01105,53,Female,Marketing,Marketing Analyst,78400,8,2,3,3,No,91.3,2,No,
EMP01106,44,Female,Engineering,Engineering Analyst,52200,3,1,4,3,No,82.4,1,No,
EMP01107,29,Male,Engineering,Engineering Manager,63700,7,2,5,2,No,92.2,13,No,
EMP01108,22,Male,HR,HR Specialist,90000,0,3,2,2,No,92.1,0,No,
EMP01109,47,Male,Engineering,Engineering Coordinator,82700,10,1,3,3,Yes,85.5,24,No,
EMP01110,26,Male,Marketing,Marketing Analyst,57100,4,1,4,4,No,94.9,17,No,
EMP01111,54,Female,IT,IT Manager,50300,5,3,4,4,No,89.1,3,No,
EMP01112,22,Male,Finance,Finance Coordinator,87700,0,3,1,4,No,97.5,12,No,
EMP01113,54,Male,Marketing,Marketing Executive,75000,0,3,1,3,Yes,91.8,13,No,
EMP01114,39,Female,Engineering,Engineering Executive,32900,1,5,4,2,No,85.8,12,No,
EMP01115,38,Male,Sales,Sales Coordinator,65900,2,4,5,4,Yes,90.9,12,Yes,Career Growth
EMP01116,42,Male,Finance,Finance Analyst,79600,11,5,1,3,No,83.9,12,No,
EMP01117,55,Female,Operations,Operations Executive,45000,10,4,3,4,No,96.6,10,No,
EMP01118,40,Male,IT,IT Manager,67900,11,4,3,4,No,91.7,3,Yes,Personal Reasons
EMP01119,38,Male,Marketing,Marketing Specialist,80300,6,2,5,3,No,84.4,16,Yes,Personal Reasons
EMP01120,41,Male,Sales,Sales Specialist,83600,7,5,3,5,No,89.1,18,No,
EMP01121,50,Female,Marketing,Marketing Coordinator,80800,14,5,5,4,Yes,91.2,25,No,
EMP01122,47,Female,Customer Service,Customer Service Analyst,28700,7,1,3,2,Yes,91.1,7,No,
EMP01123,28,Male,Marketing,Marketing Analyst,67800,7,5,2,4,No,86.4,15,No,
EMP01124,32,Female,Customer Service,Customer Service Manager,69700,7,3,3,4,Yes,85,2,Yes,Work-Life Balance
EMP01125,53,Male,IT,IT Coordinator,77900,5,2,3,3,Yes,95.3,12,No,
EMP01126,23,Male,Marketing,Marketing Manager,88400,1,5,1,2,No,94.7,18,No,
EMP01127,26,Female,Customer Service,Customer Service Specialist,41600,6,5,2,2,Yes,90.9,1,No,
EMP01128,25,Male,HR,HR Manager,49600,0,3,4,3,No,99.3,6,No,
EMP01129,30,Male,IT,IT Executive,64500,6,1,4,2,No,92.8,10,No,
EMP01130,31,Female,Engineering,Engineering Manager,53400,5,3,5,2,No,86.2,13,No,
EMP01131,39,Male,Sales,Sales Coordinator,76200,12,2,1,4,No,88,19,No,
EMP01132,43,Male,Sales,Sales Analyst,82600,10,4,2,5,No,82.8,18,No,
EMP01133,60,Male,IT,IT Executive,32400,7,4,3,4,No,94,19,No,
EMP01134,30,Female,Marketing,Marketing Specialist,64800,10,1,3,3,No,98.4,10,No,
EMP01135,21,Male,IT,IT Executive,41000,1,4,1,3,Yes,87.4,20,No,
EMP01136,34,Male,Operations,Operations Specialist,63400,11,3,2,3,No,91.7,19,Yes,Higher Studies
EMP01137,28,Male,Customer Service,Customer Service Analyst,68700,3,2,3,3,No,97.8,25,No,
EMP01138,33,Male,IT,IT Coordinator,72100,3,2,1,4,Yes,96.4,12,No,
EMP01139,56,Female,Engineering,Engineering Executive,59600,13,3,5,5,No,90.7,20,No,
EMP01140,38,Female,Engineering,Engineering Manager,86900,4,1,2,4,Yes,84.9,12,No,
EMP01141,35,Female,Marketing,Marketing Manager,86100,9,4,5,2,No,89.3,19,No,
EMP01142,49,Female,Marketing,Marketing Analyst,34800,12,5,3,5,No,94.2,16,No,
EMP01143,57,Female,Engineering,Engineering Manager,39900,8,2,4,2,No,84.5,1,No,
EMP01144,35,Female,Engineering,Engineering Executive,79300,3,3,5,4,No,90,12,No,
EMP01145,56,Female,Finance,Finance Coordinator,34100,5,2,4,4,No,86.5,12,No,
EMP01146,24,Male,IT,IT Specialist,52800,0,3,2,3,No,99.4,11,No,
EMP01147,56,Female,Customer Service,Customer Service Coordinator,47400,15,4,3,2,No,93.6,1,No,
EMP01148,51,Female,Marketing,Marketing Manager,57900,14,3,2,4,No,98.8,2,No,
EMP01149,58,Female,Marketing,Marketing Executive,64400,2,3,5,2,Yes,91.1,5,No,
EMP01150,34,Male,Marketing,Marketing Manager,51900,1,1,1,4,No,85.8,23,No,
EMP01151,59,Female,Customer Service,Customer Service Executive,29900,12,5,3,2,No,94.3,17,Yes,Relocation
EMP01152,33,Male,Finance,Finance Analyst,49200,13,3,1,4,Yes,90.5,1,Yes,Work-Life Balance
EMP01153,32,Male,Engineering,Engineering Executive,74300,0,4,4,2,No,95.4,9,No,
EMP01154,27,Female,Operations,Operations Coordinator,35200,2,2,2,4,No,87.6,16,No,
EMP01155,56,Female,IT,IT Manager,48100,5,5,2,3,No,91.1,15,No,
EMP01156,52,Female,Customer Service,Customer Service Specialist,66100,12,3,2,5,No,84.1,16,No,
EMP01157,46,Female,Marketing,Marketing Manager,25900,2,4,4,2,No,90.9,23,Yes,Manager/Team Issues
EMP01158,38,Male,Operations,Operations Analyst,75700,0,4,3,2,No,88.4,19,No,
EMP01159,32,Male,Marketing,Marketing Executive,72300,5,5,4,4,No,95.3,11,No,
EMP01160,35,Male,Marketing,Marketing Manager,30200,0,2,5,5,Yes,91.1,0,Yes,Better Salary
EMP01161,45,Male,Marketing,Marketing Analyst,90000,5,4,1,3,No,89.8,20,No,
EMP01162,48,Male, it ,IT Coordinator,35000,14,3,1,2,No,88,12,No,
EMP01163,24,Male,Finance,Finance Coordinator,55100,0,1,2,2,No,85.5,13,Yes,Work-Life Balance
EMP01164,41,Male,Engineering,Engineering Analyst,53000,2,4,1,5,No,85.6,24,No,
EMP01165,28,Female,IT,IT Specialist,72600,8,5,2,2,Yes,87.6,16,No,
EMP01166,29,Male,Operations,Operations Manager,86400,0,2,1,3,No,85.1,13,No,
EMP01167,57,Female,Operations,Operations Coordinator,28200,9,1,4,5,No,82.7,12,No,
EMP01168,54,Female,Customer Service,Customer Service Coordinator,53200,11,2,5,2,No,84.5,16,No,
EMP01169,59,Female,IT,IT Coordinator,47100,10,1,3,5,No,91.3,23,No,
EMP01170,32,Male,Operations,Operations Manager,85700,9,4,1,2,No,86.1,24,No,
EMP01171,39,Male,IT,IT Analyst,83800,5,4,3,4,No,96.1,20,No,
EMP01172,22,Female,Finance,Finance Manager,78600,1,5,2,4,Yes,98.9,9,No,
EMP01173,32,Male,Customer Service,Customer Service Coordinator,66500,8,3,1,4,No,85.1,5,No,
EMP01174,48,Female,Marketing,Marketing Coordinator,41000,1,4,3,2,No,83.3,25,No,
EMP01175,21,Male,Finance,Finance Manager,86200,0,2,4,4,No,97.7,1,Yes,Manager/Team Issues
EMP01176,38,Female,Customer Service,Customer Service Coordinator,47300,9,3,4,3,No,97.5,20,Yes,Higher Studies
EMP01177,58,Male,Customer Service, Customer Service Manager ,70600,0,5,4,2,No,97.4,3,No,
EMP01178,41,Female,Customer Service,Customer Service Manager,28300,6,2,4,5,No,94.7,10,No,
EMP01179,38,Male,HR,HR Coordinator,59300,15,2,5,2,Yes,92.5,10,No,
EMP01180,40,Male,IT,IT Executive,72100,7,3,1,3,Yes,83.4,25,No,
EMP01181,27,Male,IT,IT Coordinator,45100,0,4,1,3,Yes,96.2,12,Yes,Relocation
EMP01182,34,Female,Engineering,Engineering Coordinator,61800,3,5,2,5,Yes,90.1,12,No,
EMP01183,43,Female,Engineering,Engineering Manager,65700,4,1,1,5,No,99.3,9,No,
EMP01184,39,Female,Marketing,Marketing Coordinator,53500,10,2,4,3,Yes,82.2,24,No,
EMP01185,32,Male,Operations,Operations Specialist,62400,5,1,1,2,No,93.6,12,No,
EMP01186,38,Male,Operations,Operations Executive,67600,1,5,3,2,No,97.4,1,No,
EMP01187,47,Male,Finance,Finance Executive,82400,6,1,3,4,No,93.7,21,No,
EMP01188,46,Male,IT,IT Executive,47200,14,1,4,5,Yes,95.4,9,No,
EMP01189,49,Female,IT,IT Coordinator,63800,2,3,2,5,No,87.5,23,No,
EMP01190,27,Male,Customer Service,Customer Service Executive,48300,6,5,2,5,No,84.3,13,No,
EMP01191,45,Male,Finance,Finance Manager,66300,2,3,2,2,No,89.4,2,No,
EMP01192,42,Male,Operations,Operations Specialist,70900,9,2,5,2,No,99.6,3,No,
EMP01193,46,Female,Marketing,Marketing Manager,26600,13,2,3,5,No,93.1,5,No,
EMP01194,52,Female,IT,IT Coordinator,56500,5,1,2,4,No,85,8,No,
EMP01195,42,Male,Sales,Sales Manager,34000,7,3,5,2,No,91.15,20,No,
EMP01196,32,Male,Customer Service,Customer Service Manager,66100,11,5,5,4,Yes,87.5,21,No,
EMP01197,50,Female,Customer Service,Customer Service Manager,79400,12,2,4,3,No,95.3,2,No,
EMP01198,43,Male,Marketing,Marketing Coordinator,28200,0,5,2,2,Yes,82.9,6,No,
EMP01199,55,Female,HR,HR Specialist,67100,7,2,1,4,Yes,93.3,12,No,
EMP01200,50,Female,Sales,Sales Analyst,86700,9,1,5,4,No,86.1,6,No,
EMP01201,25,Female,IT,IT Executive,74300,4,4,4,2,No,85.7,19,No,
EMP01202,31,Male,Sales,Sales Executive,85600,0,2,1,4,No,97.1,24,No,
EMP01203,60,Female,IT,IT Analyst,86900,11,2,1,2,No,86.9,4,No,
EMP01204,49,Female,IT,IT Manager,64900,3,3,5,4,No,97.8,23,No,
EMP01205,50,Male,IT,IT Coordinator,30600,8,3,1,2,No,97.7,11,No,
EMP01206,50,Male,Finance,Finance Executive,56300,11,5,5,3,No,97,14,No,
EMP01207,44,Female,Finance,Finance Specialist,36400,0,4,2,5,Yes,98.7,19,No,
EMP01208,48,Male,Sales,Sales Specialist,34000,9,5,1,3,No,89.2,7,No,
EMP01209,22,Male,IT,IT Manager,84100,1,5,2,4,No,95.4,11,No,
EMP01210,47,Female,Customer Service,Customer Service Executive,27500,5,5,2,3,No,92.5,16,No,
EMP01211,35,Female,Customer Service,Customer Service Specialist,29900,1,2,5,3,No,83.8,8,No,
EMP01212,59,Female,Engineering,Engineering Coordinator,86300,6,5,4,5,No,87.8,19,No,
EMP01213,25,Male,HR,HR Manager,61600,0,2,4,3,No,83.7,14,No,
EMP01214,35,Female,Sales,Sales Executive,48200,14,5,5,5,Yes,93.6,19,No,
EMP01215,42,Female,Marketing,Marketing Analyst,46500,13,2,3,3,No,88.9,7,No,
EMP01216,40,Male,Marketing,Marketing Specialist,45600,10,2,4,5,No,97.3,17,No,
EMP01217,56,Male,Operations,Operations Specialist,54100,12,2,2,5,Yes,89.3,5,No,
EMP01218,36,Male,Sales,Sales Coordinator,41300,4,4,3,2,Yes,86.6,25,No,
EMP01219,43,Female,Marketing,Marketing Coordinator,68700,9,5,5,3,No,90.5,3,No,
EMP01220,49,Female,IT,IT Coordinator,74900,0,4,2,3,No,83,11,No,
EMP01221,31,Male,Finance,Finance Coordinator,50100,1,3,3,2,No,84,1,No,
EMP01222,44,Male,Finance,Finance Specialist,63200,3,1,5,5,No,89.9,21,No,
EMP01223,22,Female,Marketing,Marketing Manager,89500,1,4,3,3,Yes,87.4,6,No,
EMP01224,30,Male,Sales,Sales Specialist,55400,4,4,3,3,Yes,87.4,25,Yes,Work-Life Balance
EMP01225,28,Male,Finance,Finance Executive,31000,7,5,3,4,No,99.3,24,Yes,Personal Reasons
EMP01226,50,Male,Sales,Sales Specialist,57900,9,1,4,2,Yes,90.1,19,No,
EMP01227,46,Female,IT,IT Analyst,54000,2,3,5,5,Yes,92.9,0,No,
EMP01228,54,Male,IT,IT Executive,53300,6,2,3,2,No,99.2,18,No,
EMP01229,35,Male,Finance,Finance Analyst,79800,15,4,1,5,No,99.8,12,Yes,Career Growth
EMP01230,27,Male,Engineering,Engineering Analyst,78300,0,2,2,3,Yes,95.8,15,No,
EMP01231,47,Female,Marketing,Marketing Manager,65900,13,3,5,4,No,86.8,25,No,
EMP01232,58,Male,Finance,Finance Specialist,34600,4,3,2,5,Yes,82.1,4,No,
EMP01233,58,Female,Marketing,Marketing Manager,37100,6,5,5,4,Yes,92.6,25,Yes,Personal Reasons
EMP01234,23,Female,Operations,Operations Specialist,60700,0,4,4,2,No,93.6,0,No,
EMP01235,33,Male,HR,HR Executive,49400,9,1,4,2,No,97.5,15,Yes,Career Growth
EMP01236,26,Male,Sales,Sales Executive,38400,2,3,1,2,Yes,83,22,No,
EMP01237,60,Female,Marketing,Marketing Coordinator,37400,9,5,2,3,No,87.2,15,No,
EMP01238,50,Male,Customer Service,Customer Service Executive,73000,8,4,5,2,No,86.7,4,No,
EMP01239,21,Female,Engineering,Engineering Manager,56900,1,3,3,3,No,84.7,3,No,
EMP01240,56,Male,Marketing,Marketing Executive,82300,15,1,1,5,No,87.9,15,No,
EMP01241,23,Female,HR,HR Coordinator,82600,0,3,4,3,No,82.1,21,No,
EMP01242,27,Female,Engineering,Engineering Coordinator,48500,3,2,5,5,No,87.5,22,Yes,Manager/Team Issues
EMP01243,59,Female,IT,IT Executive,88600,7,4,3,5,No,95.1,17,No,
EMP01244,34,Female,Customer Service,Customer Service Analyst,35100,7,4,1,3,No,87,4,No,
EMP01245,38,Female,Operations,Operations Specialist,55000,12,5,1,5,No,88.6,14,No,
EMP01246,52,Male,Finance,Finance Manager,53100,6,3,4,2,No,91.6,21,No,
EMP01247,54,Female,Operations,Operations Analyst,32700,15,2,3,5,No,95.9,0,No,
EMP01248,33,Female,Marketing,Marketing Specialist,45600,13,5,3,2,No,94.3,14,No,
EMP01249,45,Male,IT,IT Analyst,66800,6,4,3,5,Yes,86.1,8,No,
EMP01250,27,Female,Engineering,Engineering Manager,72100,0,3,1,2,Yes,83.8,20,No,
EMP01251,58,Male,Operations,Operations Manager,89800,4,1,2,5,No,85.3,25,No,
EMP01252,37,Male,Sales,Sales Manager,30300,2,2,2,2,No,82.6,7,Yes,Career Growth
EMP01253,57,Male,IT,IT Executive,45200,5,3,2,5,No,90.9,11,No,
EMP01254,52,Male,HR,HR Analyst,30200,12,1,2,4,No,91,13,Yes,Personal Reasons
EMP01255,32,Female,HR,HR Executive,88100,8,4,4,4,Yes,95.1,24,No,
EMP01256,33,Male,Engineering,Engineering Analyst,46600,7,1,4,3,No,86.9,9,No,
EMP01257,33,Female,Sales,Sales Executive,38000,3,3,1,3,No,99.8,10,No,
EMP01258,57,Female,Marketing,Marketing Analyst,47200,1,2,3,4,No,85.5,19,No,
EMP01259,48,Female,Engineering,Engineering Executive,28000,5,4,3,4,Yes,90.2,23,Yes,Manager/Team Issues
EMP01260,36,Male,Engineering,Engineering Analyst,61700,5,1,1,3,Yes,96.8,19,No,
EMP01261,42,Female,IT,IT Executive,69800,10,5,5,4,No,84.3,8,No,
EMP01262,40,Female,Customer Service,Customer Service Manager,64100,9,1,1,5,No,94.3,14,No,
EMP01263,38,Male, operations ,Operations Analyst,75800,10,4,1,4,No,99.5,24,No,
EMP01264,53,Male,Operations,Operations Executive,66800,15,4,5,5,Yes,98.7,20,Yes,Manager/Team Issues
EMP01265,47,Female,Engineering,Engineering Analyst,79300,5,4,2,4,No,94.9,23,No,
EMP01266,57,Male,Finance,Finance Analyst,60300,7,3,1,5,No,96.1,3,Yes,Relocation
EMP01267,37,Male,Finance,Finance Executive,68600,7,5,1,4,No,90.5,8,No,
EMP01268,31,Female,IT,IT Analyst,65500,7,5,1,2,No,83.2,16,No,
EMP01269,30,Female,Finance,Finance Executive,41800,0,5,1,2,No,98.9,22,Yes,Better Salary
EMP01270,48,Male,HR,HR Manager,51800,15,5,2,5,No,90.9,24,No,
EMP01271,25,Female,Sales,Sales Coordinator,81500,2,1,3,3,Yes,88.5,20,No,
EMP01272,46,Male,Engineering,Engineering Manager,60700,0,1,3,2,No,95.1,11,No,
EMP01273,25,Male,Finance,Finance Specialist,57800,0,2,2,4,No,84.5,14,Yes,Relocation
EMP01274,52,Male,Customer Service,Customer Service Specialist,62200,11,5,5,5,No,93,20,No,
EMP01275,29,Male,Engineering,Engineering Executive,53900,1,5,5,2,Yes,95.9,5,No,
EMP01276,34,Male,HR,HR Coordinator,52000,14,1,4,2,No,97.4,25,No,
EMP01277,39,Female,Operations,Operations Executive,52200,15,1,4,5,No,88.4,24,No,
EMP01278,22,Male,IT,IT Executive,80500,2,4,3,2,Yes,83.8,0,No,
EMP01279,27,Male,IT,IT Executive,35600,0,2,2,4,Yes,82.4,24,No,
EMP01280,34,Male,Marketing,Marketing Executive,59000,11,1,2,4,Yes,85.5,1,No,
EMP01281,28,Female,Operations,Operations Coordinator,64200,1,2,3,2,Yes,99.3,10,No,
EMP01282,22,Female,Customer Service,Customer Service Analyst,34300,2,3,1,3,No,88.5,3,No,
EMP01283,27,Female,Operations,Operations Manager,64900,0,2,4,4,No,93.8,11,No,
EMP01284,43,Female,HR,HR Executive,41500,11,3,1,5,No,98.5,1,No,
EMP01285,36,Male,Finance,Finance Manager,50600,13,1,2,5,No,95.5,6,Yes,Personal Reasons
EMP01286,25,Female,Operations,Operations Analyst,83600,0,2,1,2,No,98.9,19,No,
EMP01287,32,Male,HR,HR Manager,66600,1,5,3,2,Yes,96.9,7,No,
EMP01288,22,Male,Engineering,Engineering Coordinator,76700,1,5,5,2,No,99.8,10,No,
EMP01289,49,Male,Finance,Finance Specialist,85700,12,5,2,4,No,94.4,13,No,
EMP01290,25,Female,HR,HR Manager,66700,5,5,3,3,No,85.8,3,No,
EMP01291,36,Male,Customer Service,Customer Service Specialist,37900,2,5,4,3,No,87.2,1,No,
EMP01292,60,Male,Engineering,Engineering Executive,61900,11,4,5,3,Yes,98.6,5,No,
EMP01293,27,Male,Operations,Operations Manager,68800,1,2,4,3,No,95.9,13,No,
EMP01294,33,Female,Marketing,Marketing Coordinator,72400,3,1,2,3,Yes,86.3,6,No,
EMP01295,54,Female,Finance,Finance Executive,67300,7,3,3,5,No,92.6,7,No,
EMP01296,56,Female,Finance,Finance Manager,80600,14,1,5,5,Yes,85.9,12,No,
EMP01297,42,Male,Finance,Finance Analyst,83300,6,4,5,3,Yes,94.1,5,No,
EMP01298,55,Male,Customer Service,Customer Service Manager,25300,1,3,5,3,No,93.5,10,No,
EMP01299,52,Male,HR,HR Analyst,30200,7,1,5,5,No,94.5,14,No,
EMP01300,31,Male,Engineering,Engineering Coordinator,64100,2,3,5,5,No,82,23,No,
EMP01301,49,Female,Finance,Finance Specialist,64300,11,4,1,5,No,89.9,7,Yes,Higher Studies
EMP01302,37,Male,Marketing,Marketing Specialist,64000,15,1,4,5,No,86.6,5,No,
EMP01303,22,Male,IT,IT Coordinator,62500,0,5,1,3,Yes,87.1,1,No,
EMP01304,23,Male,IT,IT Executive,63000,3,5,5,5,No,96.6,1,Yes,Work-Life Balance
EMP01305,43,Male,HR,HR Manager,55800,0,1,1,5,Yes,96.6,4,No,
EMP01306,38,Male,Engineering,Engineering Manager,42600,9,5,5,3,No,82.7,9,No,
EMP01307,32,Female,Finance,Finance Manager,88400,8,3,1,2,No,91.7,20,No,
EMP01308,56,Male,Customer Service,Customer Service Analyst,47900,1,5,2,3,Yes,90.3,24,No,
EMP01309,50,Male,Sales,Sales Manager,52100,7,3,3,3,No,99.6,16,No,
EMP01310,54,Female,Sales,Sales Coordinator,50400,15,2,2,5,No,82.5,14,No,
EMP01311,39,Female,HR,HR Manager,27200,12,3,1,3,No,85.9,4,No,
EMP01312,22,Female,Finance,Finance Coordinator,43600,2,2,2,5,No,84.3,16,No,
EMP01313,40,Male,Marketing,Marketing Coordinator,34000,3,1,4,3,No,87.6,2,No,
EMP01314,26,Female,IT, IT Manager ,67100,0,1,5,4,No,84.9,23,No,
EMP01315,36,Male,Customer Service,Customer Service Analyst,88100,7,3,2,4,No,87.8,4,No,
EMP01316,24,Female,Sales,Sales Analyst,62900,1,3,3,4,No,92.1,14,No,
EMP01317,32,Male,Marketing,Marketing Coordinator,82400,12,5,5,2,Yes,90.6,5,No,
EMP01318,48,Female,Finance,Finance Coordinator,28000,1,1,4,3,No,97.9,3,No,
EMP01319,58,Male,Customer Service,Customer Service Specialist,50700,6,3,1,5,No,94.7,1,No,
EMP01320,39,Male,Engineering,Engineering Executive,75500,15,3,1,5,Yes,83.1,17,No,
EMP01321,45,Male,Customer Service,Customer Service Analyst,79800,12,4,4,2,Yes,96.5,9,No,
EMP01322,21,Male,Customer Service,Customer Service Analyst,71500,0,3,1,2,No,96.6,12,No,
EMP01323,58,Female,Marketing,Marketing Coordinator,30700,3,5,3,5,No,93.4,21,No,
EMP01324,53,Male,Finance,Finance Coordinator,82200,1,2,1,2,Yes,87.5,16,No,
EMP01325,43,Male,Sales,Sales Coordinator,45900,14,2,5,2,Yes,98.3,11,No,
EMP01326,57,Male,IT,IT Coordinator,87200,2,4,1,5,No,86.9,14,No,
EMP01327,26,Female,IT,IT Analyst,37000,3,5,2,3,No,83.1,3,No,
EMP01328,41,Male,IT,IT Coordinator,88100,9,4,2,5,Yes,82.4,23,No,
EMP01329,37,Female,Marketing,Marketing Executive,32200,11,4,1,3,No,82.4,4,Yes,Higher Studies
EMP01330,33,Male,Operations,Operations Executive,44400,4,2,3,4,No,96.8,10,No,
EMP01331,52,Female,Sales,Sales Executive,39200,15,5,4,5,No,96.1,16,Yes,Career Growth
EMP01332,26,Female,Operations,Operations Coordinator,56100,5,1,1,5,No,82.6,22,No,
EMP01333,52,Female,IT,IT Executive,28500,5,2,1,2,No,92.8,4,No,
EMP01334,22,Female,Finance,Finance Coordinator,67700,2,3,5,2,Yes,83.5,19,No,
EMP01335,51,Female,Operations,Operations Executive,57100,11,2,3,4,No,98.9,6,No,
EMP01336,28,Female,Engineering,Engineering Analyst,33800,4,3,4,2,No,86.1,11,Yes,Better Salary
EMP01337,53,Female,Customer Service,Customer Service Coordinator,35900,2,1,4,4,No,99.7,3,No,
EMP01338,25,Male,HR,HR Coordinator,80200,4,2,5,3,No,96.3,15,No,
EMP01339,58,Female,Operations,Operations Manager,37900,3,4,2,2,No,84.9,6,Yes,Relocation
EMP01340,22,Male,IT,IT Executive,34900,1,3,1,3,Yes,83.9,16,Yes,Personal Reasons
EMP01341,58,Female,Operations,Operations Specialist,35400,2,2,5,5,No,90.7,6,No,
EMP01342,49,Female,Marketing,Marketing Analyst,46800,6,3,5,3,No,91.3,19,No,
EMP01343,46,Male,Finance,Finance Coordinator,52200,7,1,2,2,No,83.6,13,No,
EMP01344,23,Female,Finance,Finance Executive,43200,2,2,2,3,No,82.1,6,No,
EMP01345,54,Female,Operations,Operations Analyst,71400,7,1,1,4,Yes,82,20,No,
EMP01346,35,Female,Engineering,Engineering Executive,35700,10,5,2,4,No,92.2,21,No,
EMP01347,48,Female,Operations,Operations Executive,66700,11,1,3,2,No,99.3,17,No,
EMP01348,50,Male,IT,IT Manager,51100,6,3,1,5,No,88.8,0,No,
EMP01349,30,Male,HR,HR Analyst,74400,9,2,1,5,No,84.4,6,No,
EMP01350,45,Male,Engineering,Engineering Manager,69200,14,5,4,5,No,87.1,20,No,
EMP01351,28,Male,Operations,Operations Manager,71100,2,3,3,3,No,90.2,0,No,
EMP01352,50,Male,Customer Service,Customer Service Analyst,33300,13,3,3,3,No,88.3,10,No,
EMP01353,38,Female,HR,HR Coordinator,33900,14,1,1,3,No,94.5,5,No,
EMP01354,31,Male,Operations,Operations Manager,45900,10,5,4,2,No,85.9,14,No,
EMP01355,50,Male,Operations,Operations Specialist,76300,5,1,3,3,No,83.5,24,No,
EMP01356,40,Male,IT,IT Executive,89100,11,1,1,3,No,83.7,6,No,
EMP01357,40,Male,Sales,Sales Specialist,50000,13,4,2,4,No,99.7,14,No,
EMP01358,50,Female,Sales,Sales Coordinator,37000,3,3,4,2,No,84,8,No,
EMP01359,57,Female,HR,HR Coordinator,60600,15,4,1,4,Yes,95.8,14,No,
EMP01360,36,Male,Engineering,Engineering Analyst,38300,5,1,5,4,Yes,85.7,14,No,
EMP01361,58,Male,Engineering,Engineering Specialist,38500,4,5,1,2,No,89.7,24,No,
EMP01362,24,Male,Finance,Finance Specialist,73000,3,5,3,5,Yes,99,6,No,
EMP01363,22,Male,Marketing,Marketing Manager,59400,0,1,2,3,Yes,97.3,16,No,
EMP01364,57,Male, hr ,HR Analyst,27800,3,5,4,2,No,98.1,6,No,
EMP01365,31,Male,Engineering,Engineering Coordinator,51400,7,1,3,5,Yes,85.7,12,Yes,Career Growth
EMP01366,27,Male,Finance,Finance Executive,69600,3,4,2,3,No,89.8,12,No,
EMP01367,27,Female,Operations,Operations Specialist,74100,3,2,5,4,No,90.5,10,No,
EMP01368,46,Female,Finance,Finance Manager,33900,10,2,2,3,No,93.4,10,No,
EMP01369,56,Female,HR,HR Specialist,65800,7,2,2,5,No,93.4,18,No,
EMP01370,35,Female,Operations,Operations Executive,46400,1,4,1,4,No,91.1,25,Yes,Better Salary
EMP01371,41,Female,Marketing,Marketing Executive,48100,6,5,5,3,Yes,93.9,1,No,
EMP01372,53,Female,Sales,Sales Coordinator,78400,11,4,4,4,No,91,5,No,
EMP01373,27,Female,HR,HR Coordinator,73000,5,4,3,2,No,84.8,5,No,
EMP01374,23,Female,Sales,Sales Specialist,55900,0,5,3,3,No,91.15,18,No,
EMP01375,35,Female,Customer Service,Customer Service Analyst,73500,12,5,4,5,No,96.9,10,No,
EMP01376,60,Male,Marketing,Marketing Specialist,75500,4,1,5,3,No,85.2,25,No,
EMP01377,51,Female,IT,IT Analyst,40400,10,4,1,5,Yes,97,8,No,
EMP01378,53,Male,HR,HR Specialist,68100,11,3,1,3,No,93.2,20,Yes,Better Salary
EMP01379,50,Female,Customer Service,Customer Service Executive,74700,2,3,1,2,Yes,97.9,2,No,
EMP01380,28,Male,Engineering,Engineering Specialist,29000,3,2,5,2,Yes,92.3,24,No,
EMP01381,28,Male,Engineering,Engineering Executive,38100,4,2,3,4,No,90,6,No,
EMP01382,47,Male,Sales,Sales Specialist,64800,4,2,5,2,Yes,93,5,No,
EMP01383,49,Female,Operations,Operations Manager,51800,2,3,1,4,Yes,97.7,19,Yes,Relocation
EMP01384,22,Female,Engineering,Engineering Coordinator,85800,0,5,2,3,No,97.4,18,No,
EMP01385,21,Female,Customer Service,Customer Service Specialist,32600,0,1,4,3,No,87.3,20,No,
EMP01386,54,Male,Customer Service,Customer Service Manager,84600,11,3,4,2,Yes,83.1,12,No,
EMP01387,45,Male,Operations,Operations Coordinator,32000,14,3,5,4,No,87,2,No,
EMP01388,26,Male,IT,IT Executive,78000,5,5,4,4,Yes,90.4,19,No,
EMP01389,40,Female,IT,IT Specialist,36700,8,1,2,4,No,96.2,9,No,
EMP01390,24,Female,Sales,Sales Specialist,51000,0,3,5,2,No,94.7,21,No,
EMP01391,44,Female,Finance,Finance Analyst,88200,1,1,2,2,Yes,97.3,17,No,
EMP01392,40,Male,IT,IT Executive,37600,11,5,4,5,Yes,93,7,No,
EMP01393,33,Female,Sales,Sales Specialist,71200,12,5,4,4,No,82.8,16,No,
EMP01394,22,Male,Customer Service,Customer Service Coordinator,69000,0,5,1,5,No,94,7,No,
EMP01395,42,Male,Sales,Sales Specialist,26500,13,1,2,4,No,83.5,24,No,
EMP01396,27,Male,IT,IT Manager,27700,5,3,3,2,Yes,93.8,0,No,
EMP01397,49,Female,IT,IT Coordinator,40200,3,3,4,5,No,95,19,No,
EMP01398,54,Female,Operations,Operations Specialist,52800,2,3,1,2,No,96.6,20,Yes,Work-Life Balance
EMP01399,23,Male,IT,IT Specialist,38000,1,4,5,3,No,84.5,23,No,
EMP01400,60,Male,Engineering,Engineering Coordinator,71800,9,5,4,3,No,96.2,10,No,
EMP01401,47,Female,Engineering,Engineering Executive,40000,12,2,5,5,No,95.1,21,No,
EMP01402,32,Male,Marketing,Marketing Analyst,72600,3,2,3,4,No,96,10,Yes,Manager/Team Issues
EMP01403,25,Male,Finance,Finance Manager,43600,4,5,4,4,No,99.5,4,No,
EMP01404,53,Male,HR,HR Analyst,29300,14,4,5,5,No,86.9,9,No,
EMP01405,58,Female,Customer Service,Customer Service Analyst,41200,11,5,2,5,No,86.7,21,No,
EMP01406,34,Female,Sales,Sales Specialist,86000,10,1,1,2,Yes,95.5,18,No,
EMP01407,58,Male,Finance,Finance Coordinator,73500,13,5,2,2,No,99.2,16,Yes,Career Growth
EMP01408,56,Female,Engineering,Engineering Executive,45300,5,4,1,2,Yes,88.2,7,No,
EMP01409,48,Female,HR,HR Coordinator,34000,3,4,3,4,No,83.8,8,No,
EMP01410,22,Male,Sales,Sales Executive,29400,0,3,1,3,No,86.6,7,No,
EMP01411,34,Male,IT,IT Manager,83800,13,1,5,2,Yes,88.3,4,No,
EMP01412,37,Male,Customer Service,Customer Service Executive,43400,0,2,3,2,No,94.4,24,Yes,Higher Studies
EMP01413,24,Male,IT,IT Specialist,39000,3,1,3,2,Yes,91.7,8,No,
EMP01414,23,Male,HR,HR Coordinator,35100,3,2,3,5,Yes,93.3,20,No,
EMP01415,21,Female,Marketing,Marketing Analyst,88200,1,5,5,4,No,92.6,10,No,
EMP01416,35,Male,Operations,Operations Executive,26800,8,2,3,2,No,85.4,1,No,
EMP01417,54,Female,Sales,Sales Analyst,50100,0,1,3,3,No,84.8,18,No,
EMP01418,56,Female,Finance,Finance Coordinator,85000,5,2,4,5,No,85.7,3,No,
EMP01419,32,Male,HR,HR Specialist,65400,3,3,5,3,No,84.1,10,No,
EMP01420,53,Female,Sales,Sales Executive,49300,1,1,3,4,Yes,88.8,23,No,
EMP01421,23,Female,HR,HR Specialist,68000,3,1,3,2,Yes,83.1,12,No,
EMP01422,41,Female,Marketing,Marketing Analyst,42800,8,1,4,4,No,85.9,9,No,
EMP01423,60,Male,IT,IT Coordinator,79700,14,4,1,5,No,89,1,No,
EMP01424,29,Male,Engineering,Engineering Coordinator,28800,0,2,5,3,No,98.5,1,No,
EMP01425,28,Female,Operations,Operations Specialist,49700,6,1,5,2,No,94.1,12,Yes,Work-Life Balance
EMP01426,51,Male,Finance,Finance Manager,52100,1,4,2,3,No,95.1,11,No,
EMP01427,41,Male,Marketing,Marketing Coordinator,88300,15,5,5,3,Yes,92.1,5,No,
EMP01428,25,Female,Customer Service,Customer Service Coordinator,38100,0,5,5,2,No,93.2,1,No,
EMP01429,41,Female,IT,IT Analyst,75900,14,1,5,5,Yes,84.6,16,No,
EMP01430,24,Male,Operations,Operations Coordinator,28100,4,1,5,5,No,95,23,No,
EMP01431,42,Male,Finance,Finance Analyst,81100,9,4,4,3,No,96.1,13,No,
EMP01432,33,Male,Customer Service,Customer Service Specialist,29300,7,3,2,5,No,82.1,5,No,
EMP01433,25,Male,Sales,Sales Coordinator,68700,0,1,1,2,Yes,90.6,8,No,
EMP01434,55,Male,Operations,Operations Coordinator,62100,11,3,2,2,No,89.2,17,No,
EMP01435,54,Male,Customer Service,Customer Service Analyst,81400,6,1,3,5,No,92.8,15,No,
EMP01436,24,Female,Customer Service,Customer Service Manager,42500,4,2,5,4,No,98.8,4,No,
EMP01437,51,Male,Marketing,Marketing Coordinator,51100,4,3,3,4,No,99.2,7,No,
EMP01438,45,Male,Engineering,Engineering Manager,84700,4,1,2,2,No,94.6,17,No,
EMP01439,21,Male,Customer Service,Customer Service Analyst,36900,1,1,3,2,Yes,91.7,25,No,
EMP01440,40,Female,Marketing,Marketing Executive,63700,1,3,2,2,No,90.1,13,No,
EMP01441,26,Male,Operations,Operations Executive,45600,5,5,2,2,Yes,90.9,14,No,
EMP01442,39,Female,Finance,Finance Executive,36300,6,2,2,4,No,88.6,23,No,
EMP01443,50,Female,Customer Service,Customer Service Specialist,56000,8,2,1,5,Yes,94.1,24,Yes,Higher Studies
EMP01444,24,Male,Finance,Finance Analyst,39400,4,2,4,4,No,85.4,10,Yes,Work-Life Balance
EMP01445,31,Male,HR,HR Analyst,79200,0,1,4,4,Yes,86,0,Yes,Career Growth
EMP01446,33,Female,Finance,Finance Coordinator,67700,1,3,4,4,No,99.4,5,No,
EMP01447,46,Female,Engineering,Engineering Coordinator,37700,3,2,5,3,No,92.1,1,Yes,Better Salary
EMP01448,53,Female,HR,HR Manager,79000,2,3,3,2,Yes,86.9,11,No,
EMP01449,28,Female,Sales,Sales Coordinator,29100,6,3,5,2,No,91.2,3,Yes,Personal Reasons
EMP01450,57,Female,HR,HR Executive,75300,4,4,3,2,No,91.4,4,No,
EMP01451,33,Male,Marketing, Marketing Analyst ,66200,13,4,3,2,Yes,92.2,13,No,
EMP01452,36,Female,Marketing,Marketing Specialist,55900,13,4,1,2,Yes,97,19,No,
EMP01453,36,Male,Finance,Finance Analyst,50100,15,1,2,3,Yes,85.3,17,No,
EMP01454,56,Male,Marketing,Marketing Executive,56300,10,5,4,2,No,90.8,16,No,
EMP01455,29,Male,Customer Service,Customer Service Specialist,58200,1,3,3,5,No,89.7,19,No,
EMP01456,31,Male,Sales,Sales Coordinator,32200,10,4,2,4,No,93.6,0,No,
EMP01457,39,Female,HR,HR Specialist,67700,11,4,1,5,Yes,92.6,19,Yes,Better Salary
EMP01458,41,Male,HR,HR Specialist,71100,15,5,3,3,No,89.1,14,No,
EMP01459,32,Female,IT,IT Executive,63800,9,5,5,5,No,82.9,23,No,
EMP01460,28,Female,Engineering,Engineering Coordinator,57200,5,1,5,3,Yes,84.8,23,No,
EMP01461,23,Male,Operations,Operations Executive,64300,3,5,1,4,Yes,91.7,19,No,
EMP01462,59,Male,Finance,Finance Manager,43600,6,1,5,3,No,94.8,23,No,
EMP01463,23,Male,Marketing,Marketing Specialist,81600,0,3,2,3,Yes,96.4,12,No,
EMP01464,40,Male,Sales,Sales Executive,36300,15,1,3,2,Yes,92.5,16,Yes,Manager/Team Issues
EMP01465,45,Male, sales ,Sales Coordinator,87400,8,1,3,4,Yes,82.7,14,No,
EMP01466,44,Female,IT,IT Manager,70800,9,4,5,2,Yes,93.1,10,No,
EMP01467,36,Female,HR,HR Executive,82700,6,1,1,5,Yes,96.1,7,No,
EMP01468,34,Male,IT,IT Coordinator,75800,12,2,5,5,No,83.4,20,No,
EMP01469,33,Male,Finance,Finance Executive,70700,13,3,1,3,Yes,87,22,No,
EMP01470,37,Male,Customer Service,Customer Service Analyst,74100,3,1,3,4,Yes,83.4,2,No,
EMP01471,54,Female,Marketing,Marketing Executive,54400,7,3,5,4,Yes,87.7,18,No,
EMP01472,56,Male,Operations,Operations Specialist,86000,1,5,5,5,No,89.9,22,No,
EMP01473,34,Female,Customer Service,Customer Service Manager,43100,3,5,3,3,Yes,90.8,24,No,
EMP01474,42,Female,Customer Service,Customer Service Executive,36300,4,3,3,4,No,87.2,11,No,
EMP01475,50,Male,Customer Service,Customer Service Coordinator,79200,13,4,2,3,No,94.1,4,No,
EMP01476,39,Female,Sales,Sales Analyst,34700,4,2,1,5,Yes,97.7,4,No,
EMP01477,23,Female,IT,IT Analyst,33100,1,1,3,2,Yes,82.2,3,No,
EMP01478,32,Male,Customer Service,Customer Service Manager,82800,6,5,3,3,No,83.9,20,No,
EMP01479,28,Male,IT,IT Coordinator,38200,4,4,1,4,No,87.2,13,No,
EMP01480,47,Female,Marketing,Marketing Coordinator,27400,3,1,5,5,No,91,15,No,
EMP01481,31,Female,IT,IT Specialist,43300,4,1,4,4,No,88.5,7,No,
EMP01482,60,Female,Finance,Finance Analyst,46300,14,3,1,2,No,93.6,20,No,
EMP01483,25,Female,Sales,Sales Coordinator,65300,4,3,5,3,Yes,94.6,18,No,
EMP01484,46,Female,Customer Service,Customer Service Analyst,59800,9,4,3,3,No,95.4,5,No,
EMP01485,25,Male,Marketing,Marketing Manager,77000,3,5,4,3,No,87.4,16,Yes,Personal Reasons
EMP01486,30,Female,Sales,Sales Manager,72600,0,3,5,2,No,91.3,25,No,
EMP01487,30,Male,HR,HR Analyst,75100,3,4,4,2,No,96.2,25,No,
EMP01488,41,Female,HR,HR Manager,81000,5,4,4,5,No,91.9,16,No,
EMP01489,50,Female,Customer Service,Customer Service Coordinator,71500,6,5,5,3,Yes,83.1,19,No,
EMP01490,42,Female,Customer Service,Customer Service Analyst,49200,11,1,1,4,No,98.7,11,No,
EMP01491,27,Female,Engineering,Engineering Executive,25900,2,3,2,3,Yes,84.9,16,No,
EMP01492,58,Male,Operations,Operations Manager,88500,7,2,3,2,No,89.3,19,Yes,Higher Studies
EMP01493,47,Female,HR,HR Coordinator,51100,5,4,4,3,No,98.7,4,No,
EMP01494,40,Male,Customer Service,Customer Service Analyst,62200,3,4,4,4,Yes,93,22,No,
EMP01495,40,Female,Operations,Operations Coordinator,65400,10,1,5,4,Yes,97.2,3,No,
EMP01496,60,Female,Engineering,Engineering Manager,85000,12,5,2,4,No,96,24,No,
EMP01497,38,Male,Sales,Sales Executive,75100,2,5,2,2,No,82.7,24,No,
EMP01498,38,Male,Operations,Operations Manager,73300,15,2,2,5,No,84.6,7,No,
EMP01499,54,Male,Customer Service,Customer Service Executive,33800,3,4,2,5,No,86.6,7,No,
EMP01500,46,Male,HR,HR Executive,31300,5,5,4,5,Yes,96.4,6,Yes,Work-Life Balance
EMP01501,60,Male,Sales,Sales Manager,39000,1,4,5,2,Yes,88.8,21,No,
EMP01502,28,Male,IT,IT Specialist,41500,2,3,2,4,No,82,7,No,
EMP01503,60,Female,Marketing,Marketing Executive,35700,3,1,1,4,No,85.3,23,No,
EMP01504,49,Female,HR,HR Coordinator,88000,8,4,4,4,Yes,98.3,12,Yes,Manager/Team Issues
EMP01505,40,Female,Engineering,Engineering Analyst,62800,8,4,5,4,No,99.8,21,No,
EMP01506,57,Female,Sales,Sales Executive,42200,5,3,3,4,Yes,96.3,8,No,
EMP01507,55,Female,Finance,Finance Specialist,86100,9,3,4,4,Yes,82.4,7,No,
EMP01508,40,Male,HR,HR Executive,79900,3,1,4,3,No,87.8,18,No,
EMP01509,47,Male,Marketing,Marketing Executive,45800,7,5,2,5,No,97.3,6,No,
EMP01510,42,Male,Finance,Finance Executive,70100,2,5,1,3,No,92.9,18,No,
EMP01511,22,Male,Sales,Sales Manager,76100,0,5,2,5,No,82,5,Yes,Work-Life Balance
EMP01512,42,Female,Finance,Finance Manager,30200,1,4,1,4,No,87.6,18,No,
EMP01513,40,Male,Sales,Sales Coordinator,34700,10,5,1,4,Yes,86.7,14,No,
EMP01514,60,Male,Marketing,Marketing Executive,46900,0,2,5,3,No,84.4,24,No,
EMP01515,56,Female,Customer Service,Customer Service Analyst,55900,0,3,4,3,Yes,92.6,22,No,
EMP01516,27,Male,Sales,Sales Specialist,72100,0,1,3,3,No,99.7,2,No,
EMP01517,38,Female,Sales,Sales Specialist,80800,12,5,4,5,Yes,97.9,21,No,
EMP01518,38,Male,HR,HR Manager,40100,14,5,4,3,No,87.8,23,No,
EMP01519,42,Female,Operations,Operations Coordinator,49100,11,1,1,2,No,90,22,No,
EMP01520,32,Male,Finance,Finance Specialist,73300,11,1,5,3,No,83.5,7,No,
EMP01521,43,Male,IT,IT Coordinator,62900,2,3,2,3,No,96.1,5,No,
EMP01522,56,Male,IT,IT Manager,44300,14,1,1,2,No,93.1,24,No,
EMP01523,21,Female,Finance,Finance Analyst,81400,0,2,4,2,No,87.5,0,No,
EMP01524,32,Female,Operations,Operations Executive,41600,4,2,5,5,Yes,92.8,17,No,
EMP01525,41,Female,Operations,Operations Manager,48300,0,5,4,3,Yes,88,18,No,
EMP01526,35,Female,IT,IT Manager,59600,11,2,2,5,No,99.9,5,No,
EMP01527,32,Female,HR,HR Analyst,28700,4,4,2,5,Yes,82,6,No,
EMP01528,21,Male,Sales,Sales Specialist,76500,0,5,2,5,Yes,85.9,13,No,
EMP01529,30,Female,Engineering,Engineering Analyst,52800,3,3,5,3,No,95.5,16,No,
EMP01530,42,Female,Sales,Sales Specialist,36700,6,4,5,2,No,85.3,7,No,
EMP01531,43,Male,Operations,Operations Analyst,62700,4,1,1,4,No,83.2,22,No,
EMP01532,54,Male,Marketing,Marketing Executive,30800,14,1,5,2,No,91.1,13,No,
EMP01533,46,Female,Sales,Sales Coordinator,33000,6,1,2,3,Yes,84.1,16,No,
EMP01534,37,Male,Customer Service,Customer Service Manager,27400,15,5,4,4,No,82.7,8,No,
EMP01535,54,Female,Marketing,Marketing Specialist,39800,8,2,3,5,No,86.8,4,No,
EMP01536,54,Female,Operations,Operations Coordinator,86200,0,3,3,5,No,94.8,8,No,
EMP01537,55,Male,Customer Service,Customer Service Analyst,37600,7,5,3,3,No,87,19,No,
EMP01538,28,Female,Operations,Operations Manager,56300,3,1,4,5,Yes,82.7,19,No,
EMP01539,60,Male,IT,IT Coordinator,41500,10,1,1,4,Yes,93.1,25,No,
EMP01540,46,Female,HR,HR Analyst,72500,14,4,3,2,No,94.2,12,No,
EMP01541,48,Male,Customer Service,Customer Service Coordinator,80500,10,5,2,3,No,98.5,20,No,
EMP01542,30,Female,HR,HR Specialist,66900,1,2,5,2,No,86.9,15,Yes,Career Growth
EMP01543,34,Female,Operations,Operations Manager,39900,9,4,2,5,No,85.3,9,No,
EMP01544,26,Male,Finance,Finance Specialist,75200,6,2,3,4,No,85.2,16,No,
EMP01545,36,Female,Operations,Operations Executive,73900,12,1,4,5,Yes,84.5,1,Yes,Work-Life Balance
EMP01546,44,Male,Sales,Sales Coordinator,80600,12,5,1,2,No,84.5,5,No,
EMP01547,34,Male,IT,IT Manager,40800,9,1,5,3,No,83.9,10,No,
EMP01548,28,Male,HR,HR Executive,86600,8,3,5,2,No,90.4,12,Yes,Relocation
EMP01549,48,Male,Engineering,Engineering Coordinator,87200,13,5,4,5,Yes,91.4,8,No,
EMP01550,47,Male,Operations,Operations Specialist,33200,13,1,2,3,Yes,94.5,10,No,
EMP01551,28,Female,IT,IT Coordinator,62500,7,4,2,2,No,99.1,14,No,
EMP01552,37,Male,HR,HR Coordinator,50800,11,5,5,4,No,96.7,16,No,
EMP01553,49,Female,Marketing,Marketing Specialist,39600,11,1,3,5,Yes,91.15,24,No,
EMP01554,23,Female,IT,IT Coordinator,65200,2,1,5,2,No,99.3,1,No,
EMP01555,55,Female,Sales,Sales Executive,63800,14,4,4,3,No,95.6,16,No,
EMP01556,48,Male,Engineering,Engineering Coordinator,37300,4,4,1,4,No,84.4,14,Yes,Personal Reasons
EMP01557,42,Male,Customer Service,Customer Service Executive,75800,2,1,1,4,No,91.1,1,Yes,Relocation
EMP01558,36,Female,Sales,Sales Analyst,55500,15,5,5,3,No,86,19,No,
EMP01559,23,Male,IT,IT Coordinator,78100,3,3,3,3,No,93.8,9,Yes,Higher Studies
EMP01560,40,Female,Engineering,Engineering Analyst,53700,12,5,2,3,No,95.7,12,No,
EMP01561,53,Female,Engineering,Engineering Executive,36000,5,2,4,5,No,82,4,No,
EMP01562,35,Female,Marketing,Marketing Manager,47100,12,2,1,4,Yes,82.8,8,Yes,Relocation
EMP01563,53,Female,Finance,Finance Specialist,47700,0,2,3,5,No,92.3,14,No,
EMP01564,49,Male,Marketing,Marketing Manager,34500,11,2,1,4,Yes,95.3,6,No,
EMP01565,28,Female,Marketing,Marketing Executive,62200,3,2,2,4,No,98.2,23,Yes,Better Salary
EMP01566,26,Female, customer service ,Customer Service Coordinator,71500,0,3,2,4,Yes,94.3,12,No,
EMP01567,49,Female,HR,HR Specialist,46100,3,5,2,3,Yes,83.4,8,Yes,Manager/Team Issues
EMP01568,24,Female,Sales,Sales Analyst,67400,2,2,5,4,No,83,10,No,
EMP01569,54,Male,Marketing,Marketing Manager,51000,2,1,1,2,No,91.2,14,No,
EMP01570,36,Female,Operations,Operations Executive,39400,9,3,3,5,Yes,96,1,No,
EMP01571,44,Male,IT,IT Coordinator,29400,9,5,5,4,No,83.8,24,No,
EMP01572,39,Male,HR,HR Specialist,27100,8,2,4,2,Yes,92.9,20,No,
EMP01573,49,Male,Marketing,Marketing Analyst,72800,8,4,3,5,No,89.5,20,No,
EMP01574,30,Male,HR,HR Specialist,38600,6,4,3,3,No,96.7,2,No,
EMP01575,27,Female,IT,IT Specialist,38900,2,2,4,3,No,83.3,20,No,
EMP01576,36,Male,Sales,Sales Manager,46100,8,4,5,4,Yes,93.8,19,No,
EMP01577,39,Male,HR,HR Specialist,47400,2,2,1,3,No,89.4,25,Yes,Career Growth
EMP01578,23,Male,Operations,Operations Manager,75800,3,3,4,4,No,94.6,1,No,
EMP01579,46,Female,Marketing,Marketing Coordinator,45100,5,1,2,5,No,91.8,4,No,
EMP01580,60,Female,Customer Service,Customer Service Manager,36600,6,3,1,4,No,85,13,No,
EMP01581,34,Male,Sales,Sales Analyst,56700,13,5,1,5,No,88.4,25,No,
EMP01582,60,Female,Marketing,Marketing Executive,65700,2,1,5,4,Yes,98.4,8,Yes,Career Growth
EMP01583,31,Male,IT,IT Specialist,83600,2,4,1,2,Yes,88.2,11,No,
EMP01584,22,Female,Finance,Finance Coordinator,86400,2,5,5,4,No,83.3,24,Yes,Higher Studies
EMP01585,40,Female,HR,HR Analyst,80200,2,1,3,2,Yes,92.9,6,No,
EMP01586,23,Male,Marketing,Marketing Analyst,32300,1,3,4,4,No,82.4,12,Yes,Career Growth
EMP01587,26,Male,Operations,Operations Analyst,47100,6,1,2,2,No,87.4,16,No,
EMP01588,58,Female,Marketing, Marketing Analyst ,60300,0,4,2,2,Yes,82.8,15,No,
EMP01589,53,Female,Marketing,Marketing Specialist,85600,14,5,1,2,No,95.5,9,No,
EMP01590,58,Female,Engineering,Engineering Analyst,70300,9,5,2,5,No,89.1,14,Yes,Work-Life Balance
EMP01591,52,Male,Customer Service,Customer Service Specialist,53300,8,4,2,4,No,84.9,13,No,
EMP01592,45,Male,IT,IT Analyst,77500,1,1,2,4,No,99.6,16,Yes,Manager/Team Issues
EMP01593,51,Male,Operations,Operations Manager,34300,4,3,1,3,Yes,89.3,6,No,
EMP01594,49,Female,IT,IT Executive,67600,15,2,5,3,No,98.8,23,No,
EMP01595,54,Female,IT,IT Analyst,65500,10,4,5,4,No,94.5,21,No,
EMP01596,35,Male,Marketing,Marketing Manager,52100,15,5,1,2,No,82.9,23,No,
EMP01597,60,Female,Engineering,Engineering Manager,63200,11,4,3,4,No,95.7,1,No,
EMP01598,25,Male,Customer Service,Customer Service Coordinator,71100,1,4,3,2,No,97.1,6,No,
EMP01599,29,Male,Operations,Operations Specialist,50100,5,5,4,3,No,90.2,10,Yes,Manager/Team Issues
EMP01600,21,Female,Marketing,Marketing Analyst,84800,1,3,3,2,No,95.3,13,No,
EMP01601,33,Male,Operations,Operations Analyst,68900,8,3,5,2,No,85.1,22,Yes,Career Growth
EMP01602,45,Male,IT,IT Manager,78300,15,1,2,5,Yes,92.8,23,No,
EMP01603,37,Male,HR,HR Specialist,63900,0,5,1,2,Yes,85.2,24,Yes,Relocation
EMP01604,26,Female,Finance,Finance Executive,43900,1,3,4,5,Yes,90.6,20,No,
EMP01605,21,Male,HR,HR Analyst,37000,1,3,5,2,Yes,90.1,19,No,
EMP01606,50,Male,Finance,Finance Specialist,85900,8,2,3,2,No,89.4,1,No,
EMP01607,45,Female,Customer Service,Customer Service Analyst,59300,13,4,2,3,No,98.2,20,No,
EMP01608,35,Male,Sales,Sales Coordinator,49600,10,4,1,2,Yes,85,16,No,
EMP01609,57,Female,Engineering,Engineering Manager,59400,11,3,1,4,No,90.9,4,No,
EMP01610,39,Female,Customer Service,Customer Service Analyst,25500,11,5,5,2,No,85.3,3,No,
EMP01611,37,Male,IT,IT Coordinator,38100,6,4,4,3,No,84.6,15,No,
EMP01612,39,Female,Customer Service,Customer Service Coordinator,84600,13,2,3,4,No,93.2,4,No,
EMP01613,35,Female,Engineering,Engineering Analyst,35400,13,1,1,5,Yes,89.6,15,No,
EMP01614,23,Male,IT,IT Specialist,71600,1,3,5,5,No,98.6,16,No,
EMP01615,27,Male,Engineering,Engineering Manager,83700,3,5,1,5,No,98.1,23,No,
EMP01616,40,Male,HR,HR Specialist,86600,9,4,3,3,Yes,95.3,20,No,
EMP01617,37,Female,Sales,Sales Coordinator,53900,15,5,4,4,No,91.2,0,No,
EMP01618,56,Male,Marketing,Marketing Specialist,65000,9,5,1,3,Yes,96.7,8,No,
EMP01619,59,Female,Marketing,Marketing Coordinator,83400,5,2,2,3,No,97.2,14,No,
EMP01620,29,Female,Finance,Finance Executive,66500,4,2,4,3,No,86.1,7,No,
EMP01621,58,Female,Operations,Operations Executive,61600,10,2,2,5,No,96.5,6,No,
EMP01622,40,Female,IT,IT Specialist,30300,5,4,5,4,No,96.4,4,No,
EMP01623,54,Male,IT,IT Specialist,57200,2,4,2,5,No,89.4,4,Yes,Personal Reasons
EMP01624,37,Male,HR,HR Analyst,36900,4,3,4,3,No,92.6,23,No,
EMP01625,24,Female,Engineering,Engineering Analyst,82300,3,1,2,4,No,94,11,No,
EMP01626,49,Female,Marketing,Marketing Specialist,68100,6,4,3,5,Yes,99.5,18,Yes,Work-Life Balance
EMP01627,36,Male,Engineering,Engineering Analyst,35100,4,4,3,5,No,93.9,22,Yes,Personal Reasons
EMP01628,22,Male,Engineering,Engineering Executive,55700,1,3,4,4,Yes,95.9,14,No,
EMP01629,22,Female,Finance,Finance Executive,63400,2,5,4,3,No,98,18,No,
EMP01630,29,Male,HR,HR Analyst,86100,4,1,1,2,No,83,12,No,
EMP01631,47,Male,Finance,Finance Coordinator,31800,8,3,4,3,No,98.8,15,No,
EMP01632,24,Female,HR,HR Executive,31500,4,5,5,2,No,93.8,4,No,
EMP01633,28,Female,Finance,Finance Manager,38900,0,3,3,3,Yes,92.8,4,No,
EMP01634,36,Female,Finance,Finance Executive,57600,10,3,4,2,Yes,89.1,8,No,
EMP01635,45,Female,Finance,Finance Coordinator,71900,2,2,5,3,Yes,92.6,9,No,
EMP01636,45,Male,Sales,Sales Executive,70400,5,1,2,3,No,92.9,7,No,
EMP01637,29,Female,IT,IT Executive,46200,5,2,5,2,Yes,92,3,No,
EMP01638,44,Male,Finance,Finance Specialist,36900,8,1,5,3,No,87.1,13,No,
EMP01639,48,Male,IT,IT Analyst,47900,15,2,2,2,Yes,93.5,11,No,
EMP01640,24,Male,IT,IT Specialist,66400,4,4,3,4,Yes,88.8,21,No,
EMP01641,57,Female,Customer Service,Customer Service Executive,72100,12,3,3,5,No,97.5,14,No,
EMP01642,42,Female,IT,IT Manager,53900,9,2,4,4,Yes,90.3,13,No,
EMP01643,45,Female,HR,HR Coordinator,85100,14,3,5,2,No,93.8,0,No,
EMP01644,57,Female,IT,IT Specialist,50100,10,1,1,5,Yes,99.7,16,No,
EMP01645,47,Male,Finance,Finance Executive,46600,15,4,1,3,No,94,12,No,
EMP01646,47,Male,Customer Service,Customer Service Manager,69800,13,1,1,5,No,82.2,24,No,
EMP01647,29,Female,Finance,Finance Executive,49100,4,4,5,5,No,88.2,6,No,
EMP01648,30,Male,Engineering,Engineering Coordinator,54100,8,1,4,4,No,82.1,11,No,
EMP01649,22,Male,IT,IT Specialist,67000,2,4,5,2,No,83.9,14,No,
EMP01650,38,Female,Marketing,Marketing Analyst,57900,3,4,2,4,No,93.6,3,No,
EMP01651,25,Female,IT,IT Analyst,51400,2,3,2,2,No,96.5,8,No,
EMP01652,39,Male,HR,HR Coordinator,88200,2,2,1,5,No,98.1,0,No,
EMP01653,38,Female,Operations,Operations Manager,88100,7,4,3,3,Yes,93.5,0,No,
EMP01654,54,Female,Marketing,Marketing Specialist,48600,6,4,2,3,No,90.3,20,No,
EMP01655,37,Female,Finance,Finance Coordinator,87400,4,5,1,2,Yes,83.5,17,Yes,Career Growth
EMP01656,28,Female,Operations,Operations Specialist,68900,1,1,2,5,No,90.2,1,No,
EMP01657,44,Female,Operations,Operations Executive,56000,5,3,3,3,Yes,88.7,20,Yes,Personal Reasons
EMP01658,27,Male,IT,IT Specialist,51100,0,2,2,5,Yes,94.2,20,No,
EMP01659,26,Female,Sales,Sales Executive,47200,1,2,2,4,No,98.5,21,No,
EMP01660,42,Female,Finance,Finance Coordinator,85700,1,3,1,3,No,89.4,12,No,
EMP01661,30,Female,Finance,Finance Executive,74000,7,5,4,3,No,96.9,25,No,
EMP01662,33,Male,IT,IT Manager,77900,1,2,2,3,No,99.8,19,No,
EMP01663,28,Male,Engineering,Engineering Manager,58600,0,4,3,5,Yes,85,12,No,
EMP01664,36,Female,HR,HR Manager,59000,0,3,5,5,No,98.5,21,No,
EMP01665,34,Female,IT,IT Specialist,71300,6,2,3,4,Yes,98.9,19,No,
EMP01666,28,Male,Sales,Sales Analyst,34300,7,5,1,3,No,92.2,23,No,
EMP01667,48,Female, finance ,Finance Executive,30300,14,3,5,5,No,86.3,18,No,
EMP01668,29,Female,Marketing,Marketing Coordinator,64800,5,5,5,4,No,84,22,No,
EMP01669,29,Female,IT,IT Analyst,45500,5,5,1,4,Yes,94,8,No,
EMP01670,39,Female,Engineering,Engineering Coordinator,27500,5,5,2,4,No,90.9,0,No,
EMP01671,27,Female,Engineering,Engineering Coordinator,60900,3,3,3,2,Yes,89,3,No,
EMP01672,51,Female,Marketing,Marketing Specialist,28200,5,5,1,4,No,85,17,No,
EMP01673,49,Female,Sales,Sales Coordinator,31900,6,4,1,2,No,83.3,7,No,
EMP01674,38,Female,Marketing,Marketing Coordinator,70000,0,4,3,2,Yes,89.9,13,No,
EMP01675,41,Female,Operations,Operations Executive,59400,2,3,2,4,No,91.1,14,No,
EMP01676,56,Male,Marketing,Marketing Manager,56200,3,5,4,3,No,91.3,16,No,
EMP01677,55,Male,Finance,Finance Coordinator,46100,2,2,3,2,No,91.9,16,Yes,Personal Reasons
EMP01678,30,Male,Sales,Sales Coordinator,79100,5,3,4,5,No,87.6,14,Yes,Personal Reasons
EMP01679,50,Male,Engineering,Engineering Analyst,26400,15,3,1,5,No,99.8,3,Yes,Relocation
EMP01680,59,Female,Engineering,Engineering Analyst,31100,6,4,2,3,No,87.9,23,Yes,Work-Life Balance
EMP01681,29,Male,Marketing,Marketing Specialist,35900,7,1,4,5,No,86.6,24,No,
EMP01682,34,Female,Customer Service,Customer Service Executive,30300,7,3,3,5,Yes,90,19,No,
EMP01683,58,Female,Finance,Finance Specialist,88100,13,3,2,5,No,88.8,14,No,
EMP01684,23,Female,Finance,Finance Manager,58900,1,4,2,5,No,90.9,16,No,
EMP01685,39,Female,Marketing,Marketing Executive,26300,13,1,1,5,Yes,87.7,11,No,
EMP01686,31,Female,Marketing,Marketing Analyst,36300,10,1,5,4,Yes,95.9,25,No,
EMP01687,55,Male,Operations,Operations Analyst,59200,12,4,3,4,Yes,90.7,7,No,
EMP01688,48,Male,Finance,Finance Analyst,73500,8,4,4,3,Yes,83.8,11,No,
EMP01689,28,Female,IT,IT Specialist,40700,8,5,2,5,No,83.9,24,No,
EMP01690,57,Male,Sales,Sales Analyst,50100,2,4,5,2,Yes,94.7,13,Yes,Work-Life Balance
EMP01691,48,Male,HR,HR Coordinator,89900,3,3,2,3,No,91.6,23,No,
EMP01692,32,Male,Finance,Finance Manager,81100,6,1,3,4,No,84.5,17,No,
EMP01693,31,Female,Engineering,Engineering Analyst,59300,5,4,4,2,No,96.1,0,No,
EMP01694,22,Male,Operations,Operations Coordinator,68400,1,5,2,4,No,91.7,1,No,
EMP01695,55,Female,IT,IT Analyst,37000,11,4,3,4,Yes,83,14,No,
EMP01696,51,Female,Finance,Finance Analyst,86500,12,3,1,4,No,94.8,7,Yes,Work-Life Balance
EMP01697,43,Female,Marketing,Marketing Specialist,79400,11,1,4,3,Yes,92,23,No,
EMP01698,57,Female,HR,HR Analyst,78300,1,3,5,4,No,82.7,15,No,
EMP01699,47,Male,Marketing,Marketing Analyst,26300,6,1,5,2,No,99,15,No,
EMP01700,39,Female,Operations,Operations Coordinator,60200,3,5,4,3,No,86.5,18,Yes,Career Growth
EMP01701,51,Male,Operations,Operations Analyst,26500,15,2,2,4,Yes,91.2,20,No,
EMP01702,49,Female,Sales,Sales Executive,61200,15,4,1,2,Yes,87.3,4,No,
EMP01703,41,Female,Operations,Operations Manager,70500,9,2,3,3,No,98.7,2,No,
EMP01704,32,Male,Finance,Finance Analyst,88200,4,2,3,5,Yes,89.6,6,No,
EMP01705,53,Female,Finance,Finance Analyst,38800,1,1,3,2,No,84.5,21,No,
EMP01706,39,Male,Finance,Finance Coordinator,44300,6,1,2,2,No,85.7,24,Yes,Work-Life Balance
EMP01707,26,Female,Customer Service,Customer Service Executive,37700,4,2,4,3,No,87.1,2,No,
EMP01708,53,Male,HR,HR Executive,52700,7,4,2,5,No,92.6,5,No,
EMP01709,58,Male,Sales,Sales Manager,74100,5,3,3,3,No,90,14,No,
EMP01710,40,Male,IT,IT Executive,77200,1,4,5,5,No,89.4,8,Yes,Manager/Team Issues
EMP01711,60,Female,Engineering,Engineering Manager,44400,13,4,3,2,No,84.7,4,No,
EMP01712,49,Male,HR,HR Coordinator,85000,14,3,3,3,No,86,10,No,
EMP01713,41,Female,Customer Service,Customer Service Manager,60500,15,2,4,4,No,85.7,1,No,
EMP01714,41,Male,Operations,Operations Manager,32200,14,1,3,5,Yes,93.3,9,No,
EMP01715,39,Female,Sales,Sales Executive,88600,3,4,1,2,Yes,84,22,No,
EMP01716,37,Male,Finance,Finance Coordinator,63700,6,2,5,2,No,87.6,6,No,
EMP01717,54,Female,IT,IT Specialist,46500,6,5,2,5,No,97.2,9,No,
EMP01718,46,Male,Customer Service,Customer Service Analyst,35800,6,3,4,5,Yes,96.3,25,Yes,Higher Studies
EMP01719,48,Female,HR,HR Manager,60300,1,1,2,4,No,82.2,2,No,
EMP01720,33,Female,Marketing,Marketing Manager,47200,10,1,3,5,Yes,98,15,No,
EMP01721,45,Female,Engineering,Engineering Specialist,38500,12,1,3,5,No,88.4,12,No,
EMP01722,36,Male,Finance,Finance Executive,74200,7,3,5,5,No,89.4,24,No,
EMP01723,23,Male,Sales,Sales Analyst,58500,2,3,5,3,No,88.6,11,No,
EMP01724,52,Female,Sales,Sales Specialist,48700,2,5,3,2,No,89.8,17,No,
EMP01725,56,Female,Operations, Operations Coordinator ,31800,10,1,5,3,No,98.1,13,No,
EMP01726,40,Male,Marketing,Marketing Specialist,89100,2,1,2,4,No,98.4,23,No,
EMP01727,44,Female,IT,IT Analyst,63900,13,5,4,4,No,83.3,2,No,
EMP01728,28,Female,Customer Service,Customer Service Specialist,61600,0,3,3,2,No,82.3,9,No,
EMP01729,49,Female,Operations,Operations Executive,52700,7,4,1,3,No,89.3,25,Yes,Personal Reasons
EMP01730,42,Female,Marketing,Marketing Manager,82500,3,4,3,2,Yes,94.6,7,Yes,Career Growth
EMP01731,59,Male,Operations,Operations Manager,45700,15,1,2,3,No,88.3,5,No,
EMP01732,37,Male,Marketing,Marketing Manager,60700,2,2,1,3,No,91.15,5,Yes,Higher Studies
EMP01733,37,Male,HR,HR Executive,85700,10,1,3,3,No,83.5,23,No,
EMP01734,56,Male,Sales,Sales Specialist,88300,3,3,4,4,No,90.8,17,Yes,Manager/Team Issues
EMP01735,40,Female,Marketing,Marketing Specialist,79900,4,2,2,5,No,95.2,4,No,
EMP01736,38,Male,Customer Service,Customer Service Analyst,30200,14,3,1,3,No,84.8,20,No,
EMP01737,26,Male,Sales,Sales Specialist,49300,1,2,4,3,Yes,83.8,12,Yes,Relocation
EMP01738,39,Male,HR,HR Coordinator,25200,1,4,5,3,No,89.1,5,No,
EMP01739,46,Female,Marketing,Marketing Executive,32800,2,3,1,2,Yes,93.2,11,No,
EMP01740,35,Female,Finance,Finance Analyst,43100,12,2,1,2,No,97,3,No,
EMP01741,26,Female,IT,IT Specialist,62700,5,1,5,2,No,94.5,2,No,
EMP01742,38,Female,Engineering,Engineering Coordinator,45500,14,5,2,3,No,95.8,13,No,
EMP01743,38,Male,Finance,Finance Manager,32800,10,4,5,3,No,91.5,10,No,
EMP01744,56,Female,Sales,Sales Manager,53100,15,4,2,4,No,98.5,22,No,
EMP01745,38,Female,Marketing,Marketing Specialist,32500,10,1,5,2,No,93.8,6,No,
EMP01746,41,Female,Sales,Sales Analyst,66300,0,4,1,4,No,90.4,17,No,
EMP01747,28,Male,HR,HR Executive,61000,0,4,5,5,Yes,85.8,13,No,
EMP01748,24,Male,Finance,Finance Specialist,35400,4,5,3,5,No,85.4,8,No,
EMP01749,32,Female,Finance,Finance Executive,69500,8,5,4,2,No,87.2,20,No,
EMP01750,41,Female,Engineering,Engineering Manager,43800,3,5,1,2,Yes,99.7,21,No,
EMP01751,50,Female,Customer Service,Customer Service Specialist,54800,12,2,5,4,No,98.4,22,No,
EMP01752,59,Female,IT,IT Manager,27900,0,4,3,2,No,87.5,9,No,
EMP01753,46,Male,Marketing,Marketing Specialist,78600,10,3,3,2,No,98.5,18,No,
EMP01754,51,Male,IT,IT Executive,63200,8,1,5,3,No,95.1,23,No,
EMP01755,57,Female,HR,HR Analyst,60600,8,4,5,2,No,91.7,23,No,
EMP01756,56,Female,IT,IT Executive,30300,9,2,2,4,No,90.3,22,No,
EMP01757,38,Male,Sales,Sales Analyst,80400,12,2,5,4,Yes,99.7,3,No,
EMP01758,24,Female,Sales,Sales Manager,50700,0,4,4,5,No,95.6,10,Yes,Personal Reasons
EMP01759,21,Male,IT,IT Manager,42500,1,3,5,4,No,88.7,24,No,
EMP01760,29,Female,HR,HR Analyst,69100,4,4,5,4,No,92.5,21,No,
EMP01761,46,Male,Engineering,Engineering Coordinator,90000,6,3,3,5,Yes,92.7,23,No,
EMP01762,22,Female,Operations,Operations Manager,60700,0,3,5,5,No,99.3,14,No,
EMP01763,27,Female,Engineering,Engineering Coordinator,57800,0,4,1,5,No,86.4,10,No,
EMP01764,31,Female,Operations,Operations Executive,59200,4,2,3,2,No,91.6,13,No,
EMP01765,35,Female,IT,IT Coordinator,83800,13,3,3,4,Yes,92.4,21,No,
EMP01766,27,Female,IT,IT Manager,39500,1,1,1,4,No,89,15,No,
EMP01767,43,Female,Engineering,Engineering Executive,68000,14,3,1,5,Yes,89.4,3,No,
EMP01768,51,Male, engineering ,Engineering Executive,28200,10,5,3,2,No,91.6,23,No,
EMP01769,35,Male,Operations,Operations Coordinator,68900,6,5,2,3,No,96.1,12,Yes,Relocation
EMP01770,40,Female,IT,IT Manager,43700,6,2,4,4,Yes,99.5,15,No,
EMP01771,54,Female,IT,IT Specialist,64500,12,4,2,3,No,87.3,16,No,
EMP01772,22,Male,Customer Service,Customer Service Executive,76600,0,2,5,2,No,95.4,23,No,
EMP01773,37,Female,Operations,Operations Analyst,25800,15,4,2,5,Yes,95.2,17,No,
EMP01774,23,Female,Operations,Operations Manager,81600,1,2,2,3,No,99.7,0,No,
EMP01775,37,Female,Sales,Sales Specialist,35800,14,1,3,2,No,85.4,11,No,
EMP01776,24,Female,HR,HR Analyst,48700,0,2,1,4,No,94.5,13,Yes,Work-Life Balance
EMP01777,21,Male,Marketing,Marketing Manager,55000,0,1,2,2,No,98.4,5,Yes,Relocation
EMP01778,43,Male,Sales,Sales Executive,54600,6,4,2,3,No,98.2,24,No,
EMP01779,41,Female,Sales,Sales Analyst,77300,15,5,2,4,No,99.4,11,No,
EMP01780,51,Male,Customer Service,Customer Service Coordinator,86400,9,2,1,3,Yes,91.1,5,No,
EMP01781,44,Female,Marketing,Marketing Manager,83400,5,2,3,5,No,98.8,23,No,
EMP01782,40,Female,Operations,Operations Coordinator,55900,12,5,2,4,No,84.2,16,No,
EMP01783,41,Female,Marketing,Marketing Coordinator,58200,3,5,1,5,No,93.6,13,Yes,Work-Life Balance
EMP01784,58,Male,HR,HR Coordinator,74800,7,3,5,3,No,90.9,13,No,
EMP01785,35,Female,Sales,Sales Analyst,27900,14,3,2,5,No,95,13,No,
EMP01786,53,Male,HR,HR Analyst,48700,10,2,5,3,No,89.9,1,No,
EMP01787,52,Male,Finance,Finance Specialist,37000,2,4,3,3,Yes,83,6,No,
EMP01788,37,Female,IT,IT Executive,73600,10,4,4,5,Yes,82.8,15,No,
EMP01789,27,Female,IT,IT Manager,71800,6,2,3,3,Yes,98.6,8,No,
EMP01790,50,Male,HR,HR Analyst,27100,9,4,1,3,No,96.3,23,No,
EMP01791,23,Female,Finance,Finance Executive,52900,1,2,3,2,No,93.6,7,No,
EMP01792,21,Male,Operations,Operations Analyst,88000,1,3,2,2,No,98.9,17,No,
EMP01793,55,Male,Sales,Sales Manager,72600,8,4,2,5,No,96.8,5,No,
EMP01794,44,Female,Customer Service,Customer Service Coordinator,75300,9,4,2,4,Yes,83.8,14,No,
EMP01795,35,Male,Operations,Operations Analyst,81900,7,2,5,2,No,99.6,7,No,
EMP01796,29,Female,IT,IT Manager,34400,0,2,3,4,Yes,90.2,19,No,
EMP01797,43,Female,IT,IT Manager,29600,1,1,5,4,No,95.8,24,No,
EMP01798,27,Male,HR,HR Analyst,26800,2,3,1,3,No,91.1,8,No,
EMP01799,29,Female,Engineering,Engineering Coordinator,47700,3,2,3,3,Yes,96.2,4,No,
EMP01800,49,Male,Finance,Finance Executive,69300,6,3,2,3,No,87.8,6,Yes,Work-Life Balance
EMP01801,53,Male,Customer Service,Customer Service Executive,33400,10,1,5,5,No,94.6,25,No,
EMP01802,42,Male,HR,HR Manager,39900,0,5,2,5,Yes,99.9,25,No,
EMP01803,53,Female,Operations,Operations Manager,67200,2,5,5,2,Yes,94.9,0,No,
EMP01804,57,Female,IT,IT Specialist,66400,13,4,3,3,No,85.1,17,Yes,Relocation
EMP01805,40,Female,Operations,Operations Executive,46300,3,3,3,2,No,87.2,19,No,
EMP01806,54,Female,Sales,Sales Analyst,65800,11,5,5,2,No,93.9,21,No,
EMP01807,36,Female,Sales,Sales Manager,31200,11,2,3,5,Yes,83.3,6,No,
EMP01808,43,Female,Finance,Finance Analyst,61700,3,3,1,3,No,94.5,8,No,
EMP01809,48,Female,Engineering,Engineering Specialist,82400,7,5,2,4,No,82.1,5,No,
EMP01810,37,Female,Customer Service,Customer Service Manager,28100,7,5,4,3,No,96.3,3,Yes,Higher Studies
EMP01811,46,Female,Finance,Finance Coordinator,61000,5,4,4,4,No,96.8,8,No,
EMP01812,25,Female,Customer Service,Customer Service Manager,26800,0,5,5,4,No,96,23,No,
EMP01813,54,Male,Sales,Sales Executive,70800,12,5,3,4,No,84.2,8,No,
EMP01814,22,Male,Marketing,Marketing Specialist,87200,0,2,3,5,Yes,87.3,13,Yes,Higher Studies
EMP01815,56,Female,Marketing,Marketing Specialist,30400,2,4,4,4,No,84.1,17,No,
EMP01816,53,Male,Sales,Sales Manager,26600,4,4,4,2,No,93.2,15,No,
EMP01817,49,Male,Finance,Finance Manager,88700,7,2,2,3,No,91.7,15,No,
EMP01818,47,Male,Finance,Finance Manager,42500,8,5,5,5,No,86.3,14,No,
EMP01819,24,Female,IT,IT Manager,84400,4,2,5,3,No,93.1,25,No,
EMP01820,52,Female,Operations,Operations Specialist,38700,4,5,2,2,No,84.9,15,Yes,Career Growth
EMP01821,38,Female,Sales,Sales Executive,86200,5,3,5,3,Yes,95.7,4,Yes,Work-Life Balance
EMP01822,44,Female,Customer Service,Customer Service Specialist,31200,1,3,5,2,No,84.4,4,No,
EMP01823,35,Female,Finance,Finance Analyst,58600,15,3,3,3,No,90.6,21,Yes,Higher Studies
EMP01824,38,Female,Sales,Sales Manager,31300,12,3,4,5,No,89.6,25,No,
EMP01825,38,Male,Sales,Sales Manager,78100,1,4,4,4,Yes,88.3,1,No,
EMP01826,59,Male,Customer Service,Customer Service Executive,70600,4,3,3,2,Yes,98.7,10,No,
EMP01827,38,Female,Operations,Operations Manager,68400,0,2,1,4,No,97.1,1,No,
EMP01828,37,Male,Operations,Operations Executive,39400,3,4,3,3,No,83.6,20,Yes,Relocation
EMP01829,39,Female,Sales,Sales Analyst,53000,5,5,4,2,No,97,25,No,
EMP01830,36,Female,Finance,Finance Manager,63000,5,5,1,4,No,82.7,0,No,
EMP01831,42,Female,Sales,Sales Analyst,59700,7,5,5,5,Yes,92.3,3,No,
EMP01832,55,Male,IT,IT Manager,87500,15,2,1,4,No,91.7,3,No,
EMP01833,56,Male,IT,IT Coordinator,82500,15,5,5,2,Yes,83.7,16,Yes,Manager/Team Issues
EMP01834,59,Male,Sales,Sales Analyst,73000,3,3,1,4,Yes,97,8,No,
EMP01835,42,Female,Engineering,Engineering Coordinator,55300,6,3,1,3,No,82.1,12,Yes,Higher Studies
EMP01836,54,Female,HR,HR Executive,53700,4,2,2,5,No,89,0,No,
EMP01837,21,Female,HR,HR Specialist,71500,1,1,3,2,Yes,98.8,6,No,
EMP01838,43,Male,Sales,Sales Manager,86900,14,3,3,2,No,90.5,16,No,
EMP01839,46,Female,Finance,Finance Analyst,60700,3,2,4,4,Yes,95,23,Yes,Personal Reasons
EMP01840,48,Female,Finance,Finance Coordinator,88900,4,1,1,4,Yes,92.3,16,No,
EMP01841,30,Female,Customer Service,Customer Service Specialist,27200,2,1,5,4,No,93.9,17,No,
EMP01842,48,Male,Marketing,Marketing Executive,55500,5,4,5,4,Yes,84.5,6,No,
EMP01843,47,Male,Operations,Operations Manager,73600,11,2,4,3,Yes,92,19,Yes,Relocation
EMP01844,42,Female,Customer Service,Customer Service Executive,25500,8,1,2,3,Yes,97.9,19,No,
EMP01845,43,Male,HR,HR Coordinator,55600,12,3,4,5,No,88.5,17,Yes,Better Salary
EMP01846,51,Female,Finance,Finance Analyst,71700,0,4,4,2,No,82.8,6,No,
EMP01847,59,Male,Sales,Sales Specialist,44600,15,3,1,3,No,91.6,22,No,
EMP01848,44,Female,Engineering,Engineering Coordinator,56600,2,5,2,4,Yes,87.4,24,No,
EMP01849,49,Female,Customer Service,Customer Service Analyst,49000,0,3,2,5,No,87.9,15,No,
EMP01850,36,Male,Operations,Operations Executive,69700,0,2,3,5,Yes,93.2,6,No,
EMP01851,33,Female,Marketing,Marketing Specialist,66000,12,4,5,3,Yes,91,22,No,
EMP01852,32,Male,HR,HR Coordinator,42600,2,2,3,3,No,99.4,0,No,
EMP01853,24,Male,IT,IT Analyst,64200,4,2,5,2,Yes,98.2,4,No,
EMP01854,59,Male,Operations,Operations Manager,43000,9,3,4,3,Yes,82.4,25,No,
EMP01855,60,Male,Operations,Operations Analyst,72800,13,4,2,5,No,96.7,14,Yes,Better Salary
EMP01856,25,Male,IT,IT Manager,50800,1,5,2,3,Yes,82.5,16,No,
EMP01857,58,Male,Customer Service,Customer Service Analyst,72800,12,4,2,3,No,85.2,12,No,
EMP01858,32,Female,Operations,Operations Specialist,54400,7,4,1,2,No,97.7,12,No,
EMP01859,30,Female,Customer Service,Customer Service Coordinator,87600,8,1,4,2,Yes,96.8,2,Yes,Manager/Team Issues
EMP01860,45,Male,Operations,Operations Specialist,51200,3,1,5,5,No,95.4,21,No,
EMP01861,21,Female,Customer Service,Customer Service Analyst,64000,1,5,5,3,No,87.4,19,No,
EMP01862,28,Female,HR, HR Analyst ,80800,6,5,4,4,Yes,94.7,11,No,
EMP01863,24,Female,Finance,Finance Executive,62300,4,1,4,3,No,85.5,2,Yes,Relocation
EMP01864,31,Female,Operations,Operations Executive,65200,2,1,4,4,No,92.9,15,No,
EMP01865,46,Female,IT,IT Coordinator,57000,15,2,3,5,No,88.2,10,No,
EMP01866,33,Male,Finance,Finance Coordinator,66000,7,1,1,2,No,93.3,1,Yes,Better Salary
EMP01867,23,Female,Sales,Sales Coordinator,75800,0,5,3,4,No,85.6,20,No,
EMP01868,46,Male,Customer Service,Customer Service Executive,36200,10,4,1,5,No,94.2,9,Yes,Manager/Team Issues
EMP01869,58,Female, operations ,Operations Manager,61500,2,3,3,5,Yes,91.4,8,No,
EMP01870,31,Male,Finance,Finance Coordinator,86100,0,3,3,3,No,91.8,7,No,
EMP01871,53,Male,IT,IT Coordinator,59700,2,3,2,3,No,96.2,10,Yes,Career Growth
EMP01872,47,Female,Operations,Operations Manager,29900,10,5,3,3,Yes,98.8,20,No,
EMP01873,49,Male,Customer Service,Customer Service Specialist,84000,11,2,1,3,No,99.7,0,No,
EMP01874,42,Male,Engineering,Engineering Coordinator,62000,4,3,5,3,No,96.6,21,No,
EMP01875,51,Female,Finance,Finance Executive,25700,9,2,1,3,Yes,85.6,0,No,
EMP01876,39,Female,Operations,Operations Analyst,47400,3,4,4,2,No,82.9,16,No,
EMP01877,35,Male,Operations,Operations Manager,34200,9,1,2,5,No,91.5,22,No,
EMP01878,58,Male,Operations,Operations Specialist,26900,10,3,5,2,No,93,24,No,
EMP01879,21,Female,HR,HR Analyst,85700,0,3,1,5,No,85.7,2,No,
EMP01880,35,Male,Operations,Operations Analyst,38400,3,5,5,4,Yes,90.9,20,No,
EMP01881,52,Male,IT,IT Coordinator,76400,4,1,3,3,No,88.2,19,No,
EMP01882,21,Male,IT,IT Manager,69800,0,4,3,2,No,89.9,9,No,
EMP01883,30,Female,Operations,Operations Specialist,84300,1,5,3,5,No,86.9,24,Yes,Personal Reasons
EMP01884,35,Female,HR,HR Specialist,57200,4,5,1,3,No,95.4,2,No,
EMP01885,33,Male,HR,HR Specialist,51400,9,1,4,5,Yes,92.9,11,No,
EMP01886,50,Female,Engineering,Engineering Manager,63100,9,4,1,3,No,88,18,No,
EMP01887,21,Male,Finance,Finance Manager,75600,0,5,3,4,Yes,97.5,23,No,
EMP01888,43,Female,Operations,Operations Coordinator,64000,14,2,2,3,Yes,92.3,4,No,
EMP01889,55,Male,Operations,Operations Analyst,74500,2,4,2,2,Yes,96,21,No,
EMP01890,53,Male,Sales,Sales Coordinator,44800,11,4,2,2,Yes,98.8,11,No,
EMP01891,49,Male,Customer Service,Customer Service Specialist,63700,11,3,2,5,No,91.2,15,No,
EMP01892,44,Male,HR,HR Coordinator,86200,5,5,3,5,No,94.6,14,No,
EMP01893,25,Female,Operations,Operations Executive,68400,1,2,2,5,Yes,95.2,16,No,
EMP01894,40,Female,Marketing,Marketing Executive,31300,0,1,1,3,No,90.1,15,Yes,Higher Studies
EMP01895,35,Male,Sales,Sales Coordinator,56600,10,4,5,4,No,96,4,No,
EMP01896,26,Male,HR,HR Executive,44100,2,5,5,3,Yes,84.8,22,Yes,Better Salary
EMP01897,28,Male,Engineering,Engineering Executive,58400,0,4,2,5,Yes,96.6,13,No,
EMP01898,34,Male,Finance,Finance Analyst,31900,13,3,1,4,Yes,91.3,14,No,
EMP01899,48,Female,Marketing,Marketing Specialist,84000,7,1,4,4,No,91.2,25,No,
EMP01900,30,Female,Finance,Finance Specialist,39800,4,5,4,5,No,84.2,12,Yes,Better Salary
EMP01901,50,Male,HR,HR Coordinator,39700,10,5,3,4,No,93.9,2,Yes,Career Growth
EMP01902,54,Female,Sales,Sales Analyst,43000,9,3,2,4,No,95.1,0,No,
EMP01903,54,Male,Finance,Finance Coordinator,61200,11,5,4,2,No,95.2,16,Yes,Career Growth
EMP01904,57,Male,Operations,Operations Analyst,45500,15,3,5,3,No,94,14,No,
EMP01905,24,Female,Engineering,Engineering Executive,57400,3,5,5,2,No,82.6,1,No,
EMP01906,58,Female,Customer Service,Customer Service Manager,63700,7,2,5,5,No,94.9,8,No,
EMP01907,55,Female,Engineering,Engineering Analyst,82500,7,2,4,4,No,97,9,No,
EMP01908,58,Female,Marketing,Marketing Executive,27600,8,5,5,5,Yes,89.9,16,No,
EMP01909,54,Male,Engineering,Engineering Coordinator,38800,6,2,4,4,No,87.9,23,No,
EMP01910,43,Male,IT,IT Coordinator,88700,7,3,3,3,Yes,88.2,22,No,
EMP01911,54,Male,HR,HR Analyst,77200,6,3,4,3,No,91.15,21,Yes,Relocation
EMP01912,55,Male,Marketing,Marketing Executive,76300,0,2,4,2,Yes,98.9,11,No,
EMP01913,45,Male,Operations,Operations Specialist,25800,11,1,5,3,No,95,21,No,
EMP01914,28,Female,Finance,Finance Coordinator,86000,6,5,2,3,No,87.3,20,Yes,Relocation
EMP01915,53,Female,Engineering,Engineering Specialist,42100,3,3,3,2,No,98.3,15,No,
EMP01916,28,Male,Marketing,Marketing Analyst,50600,8,2,4,4,Yes,92.4,4,No,
EMP01917,57,Male,HR,HR Analyst,69600,13,4,1,3,Yes,99.3,10,No,
EMP01918,44,Female,Sales,Sales Specialist,49100,14,2,5,5,No,94.1,25,No,
EMP01919,56,Female,Engineering,Engineering Coordinator,55800,11,4,2,5,No,98.5,21,No,
EMP01920,57,Male,Customer Service,Customer Service Executive,36700,7,1,4,3,Yes,91.8,21,No,
EMP01921,26,Male,Finance,Finance Analyst,72800,1,3,2,5,Yes,85.5,13,No,
EMP01922,47,Female,Engineering,Engineering Executive,26400,13,4,2,5,No,99.7,3,No,
EMP01923,39,Male,Engineering,Engineering Manager,37600,1,3,4,4,No,87.3,6,No,
EMP01924,47,Male,HR,HR Coordinator,76700,6,4,4,5,Yes,86.8,14,No,
EMP01925,60,Male,Operations,Operations Specialist,27900,1,4,3,2,No,85.4,17,No,
EMP01926,47,Female,Engineering,Engineering Executive,32200,12,4,3,2,No,97.7,17,Yes,Higher Studies
EMP01927,53,Female,Finance,Finance Manager,71300,6,4,4,2,No,89.7,12,Yes,Better Salary
EMP01928,51,Female,IT,IT Coordinator,31200,8,4,2,3,No,82.7,8,Yes,Relocation
EMP01929,44,Female,Marketing,Marketing Analyst,87500,15,2,5,2,No,83.1,17,No,
EMP01930,47,Female,Customer Service,Customer Service Coordinator,80400,13,4,2,4,No,93.3,21,No,
EMP01931,33,Female,Customer Service,Customer Service Analyst,74000,10,3,5,4,No,98.5,10,No,
EMP01932,36,Male,Customer Service,Customer Service Coordinator,49600,2,1,4,4,No,90.4,21,No,
EMP01933,51,Female,Operations,Operations Specialist,67800,0,4,3,2,No,89.1,24,No,
EMP01934,50,Female,Finance,Finance Manager,70300,15,1,1,5,No,92,10,No,
EMP01935,54,Female,Finance,Finance Manager,40100,0,3,5,2,Yes,97.7,11,No,
EMP01936,50,Male,Marketing,Marketing Manager,77900,11,1,3,5,No,95,18,No,
EMP01937,39,Female,Operations,Operations Specialist,35500,11,4,3,4,No,92.4,6,No,
EMP01938,34,Female,Customer Service,Customer Service Analyst,61700,4,1,1,5,Yes,82.5,10,No,
EMP01939,52,Male,Finance,Finance Coordinator,64500,7,2,2,3,Yes,94.6,15,No,
EMP01940,50,Male,Customer Service,Customer Service Coordinator,40800,6,4,1,5,No,93.4,4,No,
EMP01941,39,Male,Finance,Finance Coordinator,59000,0,3,1,4,No,89.6,12,No,
EMP01942,52,Female,HR,HR Executive,62200,2,4,5,2,No,96.3,5,No,
EMP01943,43,Male,HR,HR Manager,70300,5,3,3,2,No,82.5,20,No,
EMP01944,41,Female,Finance,Finance Specialist,78100,5,1,1,5,No,99.5,15,No,
EMP01945,34,Male,Operations,Operations Executive,30500,11,5,3,2,No,85.3,24,No,
EMP01946,57,Male,Marketing,Marketing Manager,35000,6,1,1,3,Yes,92.7,10,No,
EMP01947,50,Male,IT,IT Manager,58900,2,5,1,4,Yes,82.8,2,No,
EMP01948,31,Male,IT,IT Coordinator,75900,3,1,3,5,No,90.2,1,No,
EMP01949,57,Male,Finance,Finance Specialist,89100,0,1,4,3,No,96.5,11,No,
EMP01950,52,Female,Customer Service,Customer Service Manager,64700,3,2,4,3,No,85.5,12,No,
EMP01951,49,Male,Finance,Finance Coordinator,41700,15,1,4,5,Yes,92.5,10,No,
EMP01952,60,Male,Finance,Finance Specialist,35600,6,2,2,3,No,99.2,16,No,
EMP01953,33,Female,Sales,Sales Specialist,86600,1,2,3,4,No,87.4,18,No,
EMP01954,27,Female,Engineering,Engineering Analyst,54200,6,3,1,3,No,92.7,12,No,
EMP01955,26,Female,Sales,Sales Manager,27100,4,4,5,5,No,88.3,25,No,
EMP01956,46,Male,Finance,Finance Coordinator,42500,6,3,1,2,No,84.4,16,No,
EMP01957,45,Female,Finance,Finance Analyst,68800,1,4,2,2,Yes,90.9,10,No,
EMP01958,42,Male,IT,IT Manager,31500,13,2,4,2,No,87.8,6,No,
EMP01959,40,Female,Sales,Sales Coordinator,44500,10,4,4,5,No,98,9,No,
EMP01960,29,Male,Operations,Operations Executive,74600,0,2,1,3,Yes,98.4,23,No,
EMP01961,58,Female,HR,HR Analyst,31100,5,2,5,5,No,88.5,8,Yes,Relocation
EMP01962,53,Female,IT,IT Manager,89600,1,4,2,5,No,96.1,13,No,
EMP01963,50,Male,Marketing,Marketing Specialist,47900,15,3,4,3,No,98.4,5,Yes,Higher Studies
EMP01964,54,Female,Customer Service,Customer Service Analyst,45800,10,3,2,3,No,95.3,1,No,
EMP01965,47,Male,HR,HR Executive,45700,12,5,1,4,No,89.4,14,No,
EMP01966,60,Female,IT,IT Executive,57100,2,4,5,4,Yes,82.5,25,No,
EMP01967,57,Male,Finance,Finance Specialist,87500,7,3,2,3,No,89.5,21,Yes,Personal Reasons
EMP01968,53,Male,HR,HR Analyst,57600,0,3,3,5,No,99,21,No,
EMP01969,35,Female,HR,HR Manager,40900,13,5,4,2,Yes,82.7,19,No,
EMP01970,46,Male, it ,IT Specialist,65200,5,1,3,4,No,94.2,20,No,
EMP01971,40,Female,IT,IT Specialist,39300,5,3,4,2,No,94.3,20,Yes,Relocation
EMP01972,28,Male,Sales,Sales Executive,54700,6,4,3,5,No,89,23,No,
EMP01973,36,Female,Sales,Sales Specialist,87000,10,4,5,5,Yes,99.5,3,No,
EMP01974,47,Female,Operations,Operations Analyst,37300,11,3,1,4,No,91,9,No,
EMP01975,54,Male,Sales,Sales Specialist,76400,8,1,3,5,No,85.1,20,No,
EMP01976,33,Male,Sales,Sales Manager,82100,1,4,5,3,No,93.7,4,No,
EMP01977,55,Female,Engineering,Engineering Manager,82500,0,5,4,4,No,82.2,2,Yes,Personal Reasons
EMP01978,27,Male,Customer Service,Customer Service Coordinator,66700,0,5,5,4,Yes,97.9,15,Yes,Career Growth
EMP01979,30,Female,IT,IT Executive,48600,8,5,5,3,No,84.7,24,No,
EMP01980,49,Male,Finance,Finance Coordinator,84400,5,2,5,2,Yes,99.8,10,No,
EMP01981,56,Male,Operations,Operations Specialist,66500,6,3,2,3,No,96.2,25,No,
EMP01982,47,Female,Operations,Operations Coordinator,85200,15,4,3,4,No,98.1,9,No,
EMP01983,30,Female,IT,IT Executive,43500,9,5,1,2,Yes,99.5,25,No,
EMP01984,50,Male,Operations,Operations Executive,54700,0,5,3,4,No,99.5,11,Yes,Manager/Team Issues
EMP01985,45,Female,HR,HR Analyst,44300,6,3,3,2,No,89.6,2,No,
EMP01986,52,Female,Customer Service,Customer Service Manager,36800,8,5,1,5,Yes,92.8,19,Yes,Manager/Team Issues
EMP01987,51,Female,HR,HR Manager,88000,12,1,4,2,No,84.7,13,No,
EMP01988,32,Male,Sales,Sales Manager,68300,6,1,2,5,No,86.9,17,No,
EMP01989,42,Female,IT,IT Executive,87100,13,4,5,4,Yes,99.2,20,No,
EMP01990,60,Male,Customer Service,Customer Service Coordinator,68200,1,4,5,2,Yes,86.2,0,No,
EMP01991,47,Female,IT,IT Manager,29100,13,2,1,3,No,95.8,17,No,
EMP01992,36,Female,Engineering,Engineering Executive,31200,3,2,4,3,No,99.8,23,No,
EMP01993,45,Male,Sales,Sales Analyst,86000,12,3,5,4,Yes,93.8,10,No,
EMP01994,25,Female,Engineering,Engineering Manager,78200,3,5,3,5,No,98.2,16,No,
EMP01995,21,Female,Finance,Finance Manager,29300,0,4,2,3,No,89.8,10,No,
EMP01996,28,Male,Operations,Operations Coordinator,79800,1,2,1,3,No,99.8,22,No,
EMP01997,34,Male,Marketing,Marketing Specialist,49300,13,3,5,4,No,93.2,6,No,
EMP01998,48,Female,HR,HR Executive,59400,1,5,1,2,No,85.1,11,No,
EMP01999,55,Female,Operations, Operations Analyst ,73100,0,3,4,3,No,95.4,4,No,
EMP02000,29,Female,Marketing,Marketing Analyst,25800,1,3,4,5,No,82.2,23,Yes,Personal Reasons
EMP02001,43,Male,Finance,Finance Coordinator,87900,12,1,5,5,No,84.4,20,Yes,Better Salary
EMP02002,49,Male,HR,HR Analyst,35400,7,4,4,5,Yes,90.2,25,No,
EMP02003,44,Female,HR,HR Specialist,40500,4,4,5,5,No,85.1,4,No,
EMP02004,46,Female,Operations,Operations Manager,25000,12,2,2,2,No,91.5,10,No,
EMP02005,33,Male,Engineering,Engineering Specialist,78400,8,3,2,5,No,89.5,13,No,
EMP02006,23,Female,HR,HR Manager,45600,0,2,5,4,No,87.2,18,No,
EMP02007,45,Male,Engineering,Engineering Analyst,82700,9,5,2,5,Yes,82.5,21,No,
EMP02008,40,Male,Operations,Operations Analyst,71000,15,2,3,3,No,99.8,11,No,
EMP02009,46,Male,Engineering,Engineering Executive,32200,6,3,5,5,Yes,91,13,No,
EMP02010,53,Male,IT,IT Manager,89400,7,5,3,3,No,83.5,14,Yes,Manager/Team Issues
EMP02011,23,Female,Finance,Finance Manager,77900,1,5,3,4,Yes,82.1,6,No,
EMP02012,50,Female,Engineering,Engineering Executive,51700,0,2,3,4,No,84.5,18,No,
EMP02013,45,Female,Sales,Sales Specialist,28200,13,3,3,3,Yes,88.9,16,No,
EMP02014,54,Male,Engineering,Engineering Manager,67700,15,2,3,3,Yes,98.1,8,No,
EMP02015,40,Male,Marketing,Marketing Manager,49900,2,2,5,3,No,85.5,9,No,
EMP02016,22,Female,Customer Service,Customer Service Coordinator,53000,0,2,4,4,No,97,25,No,
EMP02017,45,Male,Engineering,Engineering Analyst,78500,9,4,3,5,No,82.4,9,Yes,Work-Life Balance
EMP02018,26,Female,Customer Service,Customer Service Analyst,27100,0,3,1,5,Yes,83.2,19,Yes,Work-Life Balance
EMP02019,43,Male,Sales,Sales Specialist,31700,0,2,3,2,No,83.4,14,Yes,Personal Reasons
EMP02020,59,Male,IT,IT Analyst,39500,5,2,1,4,Yes,97.2,11,No,
EMP02021,50,Female,HR,HR Specialist,49800,6,3,1,2,No,94,11,No,
EMP02022,28,Female,IT,IT Manager,36800,0,3,5,2,No,88.1,8,Yes,Work-Life Balance
EMP02023,39,Female,Customer Service,Customer Service Specialist,25500,14,4,2,2,No,89.9,17,No,
EMP02024,25,Female,Engineering,Engineering Analyst,49900,3,5,5,3,No,91.5,7,No,
EMP02025,45,Male,Customer Service,Customer Service Specialist,60000,6,5,3,4,No,86.5,22,Yes,Manager/Team Issues
EMP02026,33,Female,Operations,Operations Executive,74600,13,2,5,2,No,84.7,25,Yes,Higher Studies
EMP02027,39,Male,Customer Service,Customer Service Analyst,25800,15,1,2,5,No,92.1,15,No,
EMP02028,48,Female,IT,IT Specialist,58100,0,1,3,5,Yes,92,24,No,
EMP02029,23,Female,Marketing,Marketing Specialist,27500,1,4,4,3,Yes,96.9,19,No,
EMP02030,27,Male,Operations,Operations Specialist,65800,0,5,5,3,No,99.3,7,No,
EMP02031,38,Female,Finance,Finance Analyst,76300,13,4,2,2,No,82.2,7,Yes,Manager/Team Issues
EMP02032,37,Male,Finance,Finance Specialist,45000,14,5,3,2,Yes,86.5,5,Yes,Higher Studies
EMP02033,23,Male,Operations,Operations Coordinator,30400,2,5,4,3,No,89.3,0,No,
EMP02034,39,Female,Customer Service,Customer Service Specialist,85900,8,5,3,4,No,82.5,2,No,
EMP02035,46,Male,Finance,Finance Coordinator,52000,1,5,5,4,Yes,96.2,21,No,
EMP02036,54,Male,Marketing,Marketing Manager,71200,9,1,3,2,No,98.8,0,Yes,Relocation
EMP02037,53,Female,Marketing,Marketing Manager,58300,2,2,1,4,No,87.7,14,No,
EMP02038,35,Male,IT,IT Analyst,33400,11,3,1,2,Yes,93.3,21,No,
EMP02039,56,Male,IT,IT Manager,75300,5,1,4,4,No,91.3,4,No,
EMP02040,53,Female,Operations,Operations Manager,29000,14,4,2,4,No,85.7,19,No,
EMP02041,58,Male,Marketing,Marketing Manager,54000,9,2,5,2,No,98.6,9,No,
EMP02042,29,Male,IT,IT Executive,63500,4,1,5,2,No,95.7,4,No,
EMP02043,40,Male,Finance,Finance Manager,48700,9,5,3,5,Yes,98.7,12,No,
EMP02044,22,Male,Engineering,Engineering Analyst,75000,0,1,4,3,No,89,4,No,
EMP02045,38,Male,Finance,Finance Executive,74200,10,5,1,4,No,92.5,7,No,
EMP02046,26,Female,Customer Service,Customer Service Executive,84200,5,2,3,3,No,86.7,9,No,
EMP02047,21,Female,Customer Service,Customer Service Analyst,28800,0,3,3,3,No,91.1,20,No,
EMP02048,37,Male,Customer Service,Customer Service Coordinator,54800,7,4,1,2,Yes,84.7,12,Yes,Higher Studies
EMP02049,58,Female,Sales,Sales Coordinator,51900,10,4,1,2,Yes,91.7,20,No,
EMP02050,37,Male,Marketing,Marketing Coordinator,71400,3,2,3,2,Yes,96.7,21,No,
EMP02051,45,Female,Operations,Operations Manager,84800,0,4,1,4,Yes,92.5,11,No,
EMP02052,49,Female,HR,HR Specialist,79200,9,5,2,5,Yes,98.3,3,No,
EMP02053,41,Female,HR,HR Analyst,28300,15,5,2,4,No,85.1,23,No,
EMP02054,54,Male,Operations,Operations Manager,86500,13,1,1,2,Yes,97.3,24,Yes,Relocation
EMP02055,28,Male,Marketing,Marketing Specialist,88800,1,3,2,5,No,89.5,15,Yes,Higher Studies
EMP02056,49,Male,Finance,Finance Specialist,66700,10,3,5,2,Yes,91.9,21,No,
EMP02057,35,Female,Finance,Finance Specialist,33300,0,3,2,4,No,97.6,16,No,
EMP02058,34,Male,Operations,Operations Analyst,63500,0,5,4,3,Yes,88.7,19,No,
EMP02059,25,Male,Customer Service,Customer Service Manager,50200,1,4,4,3,No,88.5,15,No,
EMP02060,27,Female,Marketing,Marketing Executive,39900,5,4,4,5,No,96.9,12,No,
EMP02061,45,Female,Engineering,Engineering Executive,36900,10,1,5,4,No,97.7,5,No,
EMP02062,57,Female,Sales,Sales Executive,89600,9,2,5,2,Yes,92.7,8,No,
EMP02063,55,Male,IT,IT Manager,38600,3,3,2,4,No,88.1,10,Yes,Better Salary
EMP02064,39,Female,Operations,Operations Manager,26700,6,5,3,4,Yes,94.3,5,No,
EMP02065,45,Male,Engineering,Engineering Specialist,56100,5,2,1,3,No,82.7,21,No,
EMP02066,37,Male,Sales,Sales Specialist,72300,10,3,4,2,No,98.9,22,No,
EMP02067,59,Male,Finance,Finance Specialist,36800,3,1,2,4,No,92.2,17,No,
EMP02068,53,Female,Finance,Finance Manager,70200,0,2,4,2,No,96.4,12,Yes,Work-Life Balance
EMP02069,33,Male,Customer Service,Customer Service Coordinator,49100,9,1,1,3,No,96.7,16,Yes,Better Salary
EMP02070,59,Female,Finance,Finance Specialist,34200,9,3,5,3,No,93.7,25,No,
EMP02071,23,Female, engineering ,Engineering Executive,53600,3,2,2,2,No,99.1,2,No,
EMP02072,39,Male,IT,IT Executive,67900,0,3,3,2,No,85.7,0,Yes,Career Growth
EMP02073,60,Male,Finance,Finance Manager,81700,5,2,3,5,Yes,90.5,3,Yes,Career Growth
EMP02074,48,Female,Customer Service,Customer Service Executive,33500,11,5,5,4,No,90.3,18,No,
EMP02075,28,Female,Finance,Finance Coordinator,60800,2,2,2,5,No,99.1,19,Yes,Relocation
EMP02076,36,Male,IT,IT Executive,45700,14,3,1,4,Yes,91.9,14,No,
EMP02077,54,Male,Customer Service,Customer Service Specialist,49800,15,3,5,3,Yes,97.8,9,No,
EMP02078,30,Male,Finance,Finance Coordinator,40100,8,2,4,3,No,92.4,9,No,
EMP02079,44,Male,Engineering,Engineering Analyst,88200,12,3,2,2,No,92.8,8,No,
EMP02080,38,Female,Marketing,Marketing Analyst,87000,3,2,2,3,No,84,15,No,
EMP02081,23,Female,IT,IT Specialist,75300,2,1,1,2,No,92.6,25,No,
EMP02082,35,Male,IT,IT Manager,58900,7,4,1,4,Yes,90.6,13,Yes,Better Salary
EMP02083,28,Male,Marketing,Marketing Coordinator,74800,8,3,2,5,Yes,91.5,21,No,
EMP02084,38,Male,Sales,Sales Specialist,87900,5,1,2,2,No,98,20,No,
EMP02085,35,Male,Sales,Sales Specialist,43000,10,3,5,2,No,89.1,4,No,
EMP02086,26,Male,Marketing,Marketing Coordinator,58000,4,2,4,5,No,90,3,No,
EMP02087,26,Male,Engineering,Engineering Manager,89000,5,5,4,4,No,84.2,16,No,
EMP02088,43,Male,Finance,Finance Coordinator,77300,11,5,4,5,No,85.1,3,No,
EMP02089,35,Female,Engineering,Engineering Coordinator,72300,6,1,2,3,Yes,87.9,3,No,
EMP02090,47,Female,IT,IT Specialist,50700,0,2,4,5,No,91.15,6,No,
EMP02091,28,Male,Finance,Finance Executive,53800,2,2,5,4,Yes,94.2,17,No,
EMP02092,47,Male,Engineering,Engineering Manager,68500,9,2,5,5,Yes,84,14,No,
EMP02093,35,Female,Marketing,Marketing Executive,45600,11,2,4,5,No,84.5,15,Yes,Relocation
EMP02094,48,Female,Marketing,Marketing Analyst,79200,6,3,5,4,No,91.5,0,No,
EMP02095,53,Male,HR,HR Manager,26000,9,5,2,5,No,96.7,4,No,
EMP02096,37,Female,Customer Service,Customer Service Manager,56800,8,2,4,2,No,98,13,No,
EMP02097,31,Male,Operations,Operations Specialist,75800,7,4,3,3,Yes,83.3,18,No,
EMP02098,49,Female,Engineering,Engineering Manager,32600,7,5,3,3,No,92.2,3,No,
EMP02099,30,Male,Engineering,Engineering Coordinator,88500,4,3,2,4,No,86,9,No,
EMP02100,36,Female,Finance,Finance Manager,70400,15,5,2,5,No,88.3,12,No,
EMP02101,38,Male,Marketing,Marketing Executive,73900,1,3,3,3,No,96.9,12,No,
EMP02102,22,Male,Finance,Finance Coordinator,64000,0,4,4,3,No,87.7,16,No,
EMP02103,42,Male,Finance,Finance Coordinator,31800,0,4,1,2,No,87.9,9,No,
EMP02104,38,Male,HR,HR Specialist,72700,7,3,3,4,No,90.9,19,Yes,Higher Studies
EMP02105,22,Male,Finance,Finance Specialist,84500,2,1,5,3,No,84.5,15,No,
EMP02106,50,Female,Marketing,Marketing Coordinator,72900,4,4,3,2,No,88.6,8,Yes,Career Growth
EMP02107,52,Male,Operations,Operations Executive,82900,1,4,4,5,No,93.1,5,Yes,Better Salary
EMP02108,59,Male,Customer Service,Customer Service Manager,46200,10,5,1,4,No,96.6,21,No,
EMP02109,34,Female,Engineering,Engineering Executive,37300,5,5,1,2,No,91.1,14,No,
EMP02110,32,Male,Operations,Operations Specialist,53300,12,5,3,2,No,95.4,18,No,
EMP02111,41,Female,IT,IT Analyst,62300,6,3,4,4,No,88.2,21,Yes,Relocation
EMP02112,56,Female,IT,IT Coordinator,32000,11,2,3,3,Yes,84.8,18,No,
EMP02113,54,Male,HR,HR Coordinator,78200,14,3,3,4,No,86.1,9,No,
EMP02114,24,Male,IT,IT Manager,73800,1,4,2,5,No,92.4,12,No,
EMP02115,36,Female,Customer Service,Customer Service Coordinator,51600,10,3,2,4,No,92.6,23,No,
EMP02116,43,Male,Engineering,Engineering Coordinator,61500,8,4,1,2,No,91.9,4,Yes,Career Growth
EMP02117,39,Male,HR,HR Executive,72700,1,4,2,3,No,91.5,20,No,
EMP02118,33,Male,Marketing,Marketing Specialist,72900,11,4,5,4,Yes,82.3,9,No,
EMP02119,40,Male,Finance,Finance Manager,36700,5,4,4,4,No,87.8,1,No,
EMP02120,42,Male,Marketing,Marketing Executive,88600,5,4,3,5,No,94.7,18,No,
EMP02121,54,Male,HR,HR Executive,38500,7,5,3,5,No,97.1,1,No,
EMP02122,32,Male,Engineering,Engineering Analyst,46300,4,1,3,3,No,84.1,11,No,
EMP02123,43,Male,Customer Service,Customer Service Manager,83300,12,1,5,4,Yes,95.3,6,Yes,Better Salary
EMP02124,25,Female,IT,IT Executive,49300,0,5,4,2,No,85.6,11,Yes,Work-Life Balance
EMP02125,22,Female,Sales,Sales Executive,57500,2,3,1,2,No,88.4,21,No,
EMP02126,32,Male,Sales,Sales Executive,60600,3,3,2,2,No,94.2,18,No,
EMP02127,46,Female,IT,IT Manager,26900,4,2,4,5,No,87.5,3,No,
EMP02128,36,Male,IT,IT Coordinator,36000,3,1,3,5,No,88.6,7,No,
EMP02129,60,Female,IT,IT Analyst,71400,9,3,3,4,No,90.7,7,Yes,Career Growth
EMP02130,25,Female,Customer Service,Customer Service Manager,32900,2,2,2,4,No,90,16,Yes,Personal Reasons
EMP02131,54,Male,HR,HR Analyst,68000,0,1,3,2,No,85.6,4,No,
EMP02132,21,Female,IT,IT Specialist,87000,0,2,3,4,No,98.4,2,No,
EMP02133,52,Male,Customer Service,Customer Service Analyst,86900,2,5,5,3,No,99.1,23,No,
EMP02134,25,Female,Operations,Operations Coordinator,28600,5,5,4,5,No,91.6,1,No,
EMP02135,35,Male,Marketing,Marketing Specialist,43600,3,3,5,4,No,86.4,13,Yes,Career Growth
EMP02136,51,Female,Sales, Sales Analyst ,25700,9,3,2,4,No,93.7,3,No,
EMP02137,31,Male,Engineering,Engineering Analyst,84800,3,5,4,3,Yes,86.4,23,Yes,Higher Studies
EMP02138,60,Female,Customer Service,Customer Service Analyst,27900,6,1,1,4,No,88.1,18,No,
EMP02139,50,Male,Engineering,Engineering Specialist,39000,15,3,1,3,Yes,98.8,7,Yes,Higher Studies
EMP02140,32,Female,Marketing,Marketing Manager,59000,0,2,4,3,Yes,85.6,16,Yes,Career Growth
EMP02141,41,Female,Engineering,Engineering Analyst,29300,12,3,5,3,Yes,88.3,1,Yes,Personal Reasons
EMP02142,28,Female,Operations,Operations Executive,80000,5,1,5,3,No,95.1,17,No,
EMP02143,33,Male,Operations,Operations Specialist,72200,2,1,4,5,No,95.3,10,Yes,Better Salary
EMP02144,29,Female,HR,HR Manager,32900,7,4,5,3,No,96.4,9,No,
EMP02145,44,Female,Operations,Operations Manager,75600,11,4,3,2,Yes,86.7,3,No,
EMP02146,58,Male,Sales,Sales Coordinator,37200,11,1,3,3,No,95.6,11,No,
EMP02147,25,Male,Engineering,Engineering Executive,71000,3,4,4,4,Yes,90.2,8,No,
EMP02148,37,Male,Engineering,Engineering Executive,50600,13,5,5,3,No,95,14,Yes,Manager/Team Issues
EMP02149,36,Male,HR,HR Analyst,32900,14,5,3,5,No,92.4,22,No,
EMP02150,52,Female,Finance,Finance Coordinator,53000,5,3,4,2,No,95.2,24,No,
EMP02151,49,Male,Finance,Finance Coordinator,27200,7,3,1,3,No,90.5,13,No,
EMP02152,24,Female,IT,IT Analyst,76500,4,2,2,3,No,91.5,18,No,
EMP02153,42,Female,HR,HR Manager,57200,14,1,5,2,Yes,87.8,19,No,
EMP02154,36,Female,Sales,Sales Manager,37700,1,1,3,2,Yes,96.9,7,No,
EMP02155,42,Male,Engineering,Engineering Manager,37100,7,2,4,3,Yes,87.3,12,Yes,Relocation
EMP02156,26,Female,HR,HR Specialist,36800,3,3,1,4,No,97.1,4,No,
EMP02157,58,Female,Customer Service,Customer Service Executive,27200,15,5,3,3,No,96.5,19,No,
EMP02158,53,Female,Finance,Finance Analyst,37400,12,1,5,5,No,93.6,20,No,
EMP02159,33,Female,IT,IT Specialist,61400,10,1,5,2,No,86.1,4,No,
EMP02160,34,Female,Marketing,Marketing Specialist,56900,4,3,3,3,Yes,82.3,13,No,
EMP02161,38,Female,Sales,Sales Executive,41100,3,4,3,4,Yes,92.3,7,No,
EMP02162,53,Female,Finance,Finance Coordinator,58000,2,3,4,2,No,84.9,10,Yes,Personal Reasons
EMP02163,35,Female,HR,HR Coordinator,37900,0,4,2,5,Yes,84.8,9,No,
EMP02164,22,Female,Engineering,Engineering Executive,80100,1,4,2,2,Yes,99,0,No,
EMP02165,34,Male,Marketing,Marketing Executive,56200,7,3,2,2,Yes,87.1,11,No,
EMP02166,48,Male,Sales,Sales Executive,85300,12,5,4,2,No,88.5,5,No,
EMP02167,44,Male,HR,HR Manager,85300,9,5,3,4,No,89.7,12,No,
EMP02168,24,Female,Customer Service,Customer Service Specialist,30000,1,5,1,4,No,90.6,20,No,
EMP02169,49,Female,Customer Service,Customer Service Coordinator,84500,10,4,2,3,No,93.3,22,No,
EMP02170,30,Male,Marketing,Marketing Manager,42600,5,1,5,5,Yes,94.7,11,No,
EMP02171,54,Male,Sales,Sales Manager,69500,9,4,2,5,No,89.5,18,No,
EMP02172,48,Male, sales ,Sales Coordinator,56600,6,1,2,4,No,90.6,20,No,
EMP02173,42,Female,Finance,Finance Executive,45300,11,3,4,3,Yes,99.8,8,Yes,Higher Studies
EMP02174,30,Male,Operations,Operations Executive,37900,1,1,4,5,No,87.3,19,No,
EMP02175,39,Male,IT,IT Manager,69600,1,5,3,2,Yes,96.3,22,Yes,Manager/Team Issues
EMP02176,27,Female,IT,IT Manager,88000,3,5,3,4,No,86.8,16,No,
EMP02177,50,Female,IT,IT Coordinator,37700,14,3,1,4,Yes,91.5,12,No,
EMP02178,41,Male,IT,IT Analyst,87400,13,3,3,3,No,96,25,No,
EMP02179,26,Female,Operations,Operations Analyst,71300,2,3,3,2,No,94.2,9,No,
EMP02180,58,Male,Finance,Finance Manager,49600,7,5,4,4,No,94.3,9,Yes,Higher Studies
EMP02181,39,Female,HR,HR Analyst,82800,3,5,1,2,Yes,95.9,9,No,
EMP02182,21,Male,Marketing,Marketing Coordinator,58500,1,5,2,5,No,96.2,10,No,
EMP02183,38,Female,Engineering,Engineering Analyst,29500,2,4,3,4,Yes,92.8,16,No,
EMP02184,55,Female,Finance,Finance Analyst,83300,2,3,1,4,Yes,84.5,18,No,
EMP02185,31,Female,IT,IT Specialist,62400,7,5,1,2,No,86.2,13,No,
EMP02186,53,Male,Sales,Sales Executive,39500,11,2,5,4,No,87.1,20,No,
EMP02187,49,Male,Marketing,Marketing Coordinator,65000,11,5,5,2,No,97.1,17,No,
EMP02188,49,Male,Engineering,Engineering Specialist,52400,7,1,1,5,Yes,86.1,6,No,
EMP02189,59,Female,Customer Service,Customer Service Specialist,64800,0,2,5,3,Yes,85,23,No,
EMP02190,30,Female,Customer Service,Customer Service Executive,44500,1,4,4,4,No,84.7,2,No,
EMP02191,41,Male,Sales,Sales Specialist,42000,6,4,5,4,No,97.9,20,Yes,Relocation
EMP02192,35,Female,Marketing,Marketing Executive,88400,9,4,2,5,No,90.9,25,No,
EMP02193,49,Male,Sales,Sales Specialist,42500,11,5,5,2,Yes,86.3,0,No,
EMP02194,45,Male,Finance,Finance Coordinator,51000,7,2,2,4,No,96.1,12,No,
EMP02195,31,Female,Engineering,Engineering Specialist,72700,1,2,3,2,Yes,90.4,15,No,
EMP02196,56,Female,HR,HR Executive,73400,5,4,3,2,Yes,91.2,24,No,
EMP02197,47,Female,Engineering,Engineering Specialist,66400,6,1,4,2,Yes,99.6,8,No,
EMP02198,55,Female,Engineering,Engineering Coordinator,72600,14,5,5,2,No,84,23,No,
EMP02199,45,Male,Sales,Sales Specialist,50800,10,4,2,5,No,93.8,5,Yes,Relocation
EMP02200,53,Male,IT,IT Analyst,37200,3,1,2,4,No,92.4,20,No,
EMP02201,42,Male,Customer Service,Customer Service Specialist,44600,1,2,1,5,No,85.3,11,No,
EMP02202,59,Female,HR,HR Specialist,89800,14,3,5,5,No,87.1,19,No,
EMP02203,25,Male,IT,IT Manager,49500,3,2,1,2,No,85,11,No,
EMP02204,30,Female,Finance,Finance Executive,36300,3,3,4,2,No,92.4,4,Yes,Better Salary
EMP02205,43,Male,Sales,Sales Manager,84200,2,3,3,4,No,94.1,25,No,
EMP02206,32,Female,Marketing,Marketing Analyst,71200,9,3,1,4,Yes,90.6,20,No,
EMP02207,27,Male,Marketing,Marketing Analyst,34000,2,3,3,3,Yes,93.9,7,Yes,Manager/Team Issues
EMP02208,33,Female,IT,IT Analyst,69000,13,1,4,5,No,82.9,14,Yes,Personal Reasons
EMP02209,36,Male,Operations,Operations Executive,80900,8,1,2,4,No,89.3,23,No,
EMP02210,57,Male,Customer Service,Customer Service Specialist,31400,4,2,4,2,No,87.1,23,Yes,Better Salary
EMP02211,48,Male,Operations,Operations Analyst,29900,8,4,1,4,No,91,1,No,
EMP02212,30,Male,Sales,Sales Coordinator,36600,1,1,5,3,No,90.2,14,No,
EMP02213,50,Male,Engineering,Engineering Analyst,49400,4,1,2,5,No,88.3,25,No,
EMP02214,52,Male,Customer Service,Customer Service Specialist,40900,15,5,1,4,No,95.1,0,No,
EMP02215,27,Male,Marketing,Marketing Manager,74500,7,2,4,4,No,99.8,10,No,
EMP02216,21,Female,Marketing,Marketing Coordinator,54700,1,5,4,5,No,87.6,23,No,
EMP02217,60,Female,IT,IT Coordinator,78900,3,2,2,2,No,84,15,No,
EMP02218,53,Female,Customer Service,Customer Service Coordinator,88500,13,3,4,5,No,95.5,19,No,
EMP02219,51,Female,Customer Service,Customer Service Analyst,50700,13,1,4,4,No,99.3,17,No,
EMP02220,54,Male,Customer Service,Customer Service Analyst,35300,7,2,3,2,No,97.9,0,No,
EMP02221,32,Female,HR,HR Analyst,69200,11,5,1,4,No,82.3,25,No,
EMP02222,59,Male,HR,HR Analyst,35600,9,2,5,5,Yes,96.5,13,No,
EMP02223,37,Male,HR,HR Analyst,49000,4,1,1,4,No,95.6,16,No,
EMP02224,53,Male,Engineering,Engineering Manager,64900,0,4,4,5,Yes,97.8,9,No,
EMP02225,43,Male,Engineering,Engineering Coordinator,42700,9,1,1,3,No,90.4,5,No,
EMP02226,56,Male,Engineering,Engineering Manager,51100,15,1,3,2,No,92.6,24,No,
EMP02227,22,Female,Engineering,Engineering Coordinator,38400,0,1,4,4,No,92.1,10,No,
EMP02228,27,Female,Finance,Finance Analyst,56900,6,4,3,3,No,96.8,25,No,
EMP02229,37,Male,Finance,Finance Analyst,80900,7,3,4,3,No,83.5,8,No,
EMP02230,36,Female,Operations,Operations Executive,38400,7,1,3,4,No,89.3,13,No,
EMP02231,50,Male,Engineering,Engineering Executive,53300,7,4,4,3,No,95.2,22,No,
EMP02232,31,Male,Operations,Operations Manager,62400,9,5,4,3,No,93.7,5,Yes,Relocation
EMP02233,35,Male,IT,IT Specialist,70600,5,3,2,5,No,96.9,5,No,
EMP02234,44,Female,IT,IT Specialist,33300,12,1,5,5,No,100,24,No,
EMP02235,34,Male,Operations,Operations Coordinator,33200,9,3,2,4,No,90.6,21,No,
EMP02236,47,Male,Customer Service,Customer Service Coordinator,31400,1,3,4,3,No,85.1,3,No,
EMP02237,28,Female,Marketing,Marketing Executive,45600,3,3,5,2,No,86.9,2,No,
EMP02238,33,Female,IT,IT Manager,41600,3,1,1,4,No,83,7,No,
EMP02239,51,Male,Sales,Sales Executive,39100,4,3,3,5,No,89.2,12,Yes,Higher Studies
EMP02240,34,Female,IT,IT Coordinator,25800,0,2,2,2,Yes,82.8,8,No,
EMP02241,41,Male,Operations,Operations Specialist,52400,13,1,3,3,Yes,92.1,4,No,
EMP02242,36,Female,Customer Service,Customer Service Manager,77000,14,3,2,4,No,92.4,24,Yes,Work-Life Balance
EMP02243,25,Male,IT,IT Coordinator,41600,2,1,1,3,Yes,82.6,8,No,
EMP02244,34,Male,Marketing,Marketing Manager,26900,10,2,3,2,No,90.7,1,No,
EMP02245,26,Male,Operations,Operations Analyst,34300,1,2,3,4,No,84.4,20,Yes,Higher Studies
EMP02246,28,Female,Finance,Finance Manager,80500,7,4,2,2,No,85,22,No,
EMP02247,24,Male,Customer Service,Customer Service Analyst,53800,2,4,1,4,Yes,82.2,5,No,
EMP02248,33,Female,Finance,Finance Specialist,43800,0,3,4,3,Yes,98.7,17,No,
EMP02249,45,Male,HR,HR Specialist,70700,15,1,1,5,No,89.8,12,No,
EMP02250,57,Female,HR,HR Executive,51600,9,2,4,5,No,89.6,22,No,
EMP02251,51,Female,Marketing,Marketing Coordinator,33400,11,3,3,2,No,98.6,21,No,
EMP02252,33,Female,HR,HR Executive,52400,6,5,4,3,No,85.3,13,No,
EMP02253,56,Female,HR,HR Coordinator,30100,14,4,3,4,No,97.1,5,No,
EMP02254,27,Male,Customer Service,Customer Service Coordinator,36900,7,4,4,5,No,85.2,18,Yes,Better Salary
EMP02255,51,Female,Marketing,Marketing Manager,45900,3,2,1,2,No,83.7,3,Yes,Personal Reasons
EMP02256,38,Female,Engineering,Engineering Executive,46800,6,1,2,2,No,92.1,2,No,
EMP02257,26,Female,Marketing,Marketing Coordinator,43500,2,3,5,4,No,93.3,12,No,
EMP02258,32,Male,Finance,Finance Analyst,62700,0,1,2,3,No,86.6,24,No,
EMP02259,48,Female,IT,IT Specialist,90000,14,1,5,3,Yes,89.3,21,No,
EMP02260,54,Male,Sales,Sales Manager,45400,11,5,4,4,No,97.1,9,No,
EMP02261,22,Male,Sales,Sales Executive,28700,1,1,5,4,No,92.4,25,No,
EMP02262,48,Male,Finance,Finance Analyst,25500,5,1,5,4,No,89.2,2,No,
EMP02263,38,Male,Sales,Sales Specialist,70100,7,2,2,2,Yes,94,11,No,
EMP02264,32,Male,Operations,Operations Specialist,63700,5,3,5,3,No,86.2,13,No,
EMP02265,51,Male,Sales,Sales Analyst,26300,3,4,4,5,No,91.9,23,No,
EMP02266,47,Male,Sales,Sales Analyst,57200,3,4,4,5,No,94.6,16,No,
EMP02267,23,Female,IT,IT Specialist,45300,3,4,2,4,No,92.8,1,No,
EMP02268,54,Female,Operations,Operations Analyst,64200,2,2,5,4,No,91,9,No,
EMP02269,48,Female,HR,HR Analyst,56800,5,3,1,5,No,91.15,22,No,
EMP02270,21,Male,Finance,Finance Manager,43700,1,4,3,4,Yes,98,14,Yes,Personal Reasons
EMP02271,44,Female,Finance,Finance Coordinator,78000,7,4,5,2,Yes,90.1,20,Yes,Better Salary
EMP02272,33,Female,Customer Service,Customer Service Manager,42400,6,2,4,2,No,95.9,4,No,
EMP02273,55,Male, customer service , Customer Service Executive ,57600,10,1,2,2,No,84.3,7,Yes,Work-Life Balance
EMP02274,54,Female,Finance,Finance Executive,88500,12,5,3,4,Yes,96.6,19,No,
EMP02275,53,Female,IT,IT Specialist,62200,7,5,4,2,No,85.7,17,No,
EMP02276,58,Female,HR,HR Specialist,36900,6,3,4,2,No,88.7,2,No,
EMP02277,32,Male,Finance,Finance Specialist,41400,10,1,3,4,Yes,94.5,19,No,
EMP02278,56,Female,Engineering,Engineering Executive,55000,4,3,2,2,No,98.2,1,No,
EMP02279,47,Female,Finance,Finance Manager,86100,3,2,2,2,No,94.3,16,No,
EMP02280,55,Male,Finance,Finance Executive,35100,4,5,3,5,No,84.9,16,No,
EMP02281,24,Male,Customer Service,Customer Service Executive,60600,4,2,5,2,No,89.9,3,No,
EMP02282,36,Female,Engineering,Engineering Analyst,59100,2,5,1,3,No,94.5,25,No,
EMP02283,53,Male,Sales,Sales Specialist,37600,7,2,3,3,No,85.6,11,No,
EMP02284,27,Male,Customer Service,Customer Service Analyst,88700,6,5,4,5,No,84.2,5,No,
EMP02285,46,Male,Sales,Sales Specialist,77700,10,5,1,4,No,90.8,20,No,
EMP02286,48,Male,Sales,Sales Analyst,34000,14,2,1,5,No,97.4,17,No,
EMP02287,57,Male,Operations,Operations Specialist,33500,8,2,3,3,No,83.3,25,No,
EMP02288,24,Female,Marketing,Marketing Coordinator,61100,2,4,1,5,No,93.5,14,No,
EMP02289,30,Male,IT,IT Analyst,47300,0,3,5,2,No,86.4,3,No,
EMP02290,25,Female,HR,HR Analyst,71300,4,3,2,3,No,96.3,18,No,
EMP02291,21,Female,Finance,Finance Manager,41000,1,1,2,4,No,87.1,16,No,
EMP02292,44,Female,IT,IT Coordinator,50700,12,4,3,2,No,95.5,20,Yes,Relocation
EMP02293,33,Male,Sales,Sales Executive,64900,12,2,4,5,No,94.1,9,No,
EMP02294,30,Female,Customer Service,Customer Service Analyst,89200,8,4,3,4,No,91.1,20,Yes,Personal Reasons
EMP02295,45,Female,Operations,Operations Manager,40100,7,4,2,2,No,85,9,No,
EMP02296,25,Male,Marketing,Marketing Analyst,25900,3,1,2,2,No,85.8,11,No,
EMP02297,29,Female,Operations,Operations Coordinator,48900,7,3,1,5,No,88.2,17,No,
EMP02298,49,Male,IT,IT Analyst,50700,0,5,4,5,Yes,86,25,No,
EMP02299,27,Female,Engineering,Engineering Manager,61000,7,3,5,5,No,85,8,No,
EMP02300,36,Male,Engineering,Engineering Specialist,33000,5,5,3,3,No,93.6,20,No,
EMP02301,42,Male,HR,HR Manager,51700,14,3,2,4,No,91.5,23,No,
EMP02302,29,Female,Sales,Sales Coordinator,32500,9,5,4,5,No,84,10,No,
EMP02303,49,Female,Finance,Finance Analyst,47300,6,3,3,4,No,96.4,0,No,
EMP02304,24,Female,HR,HR Analyst,48600,1,2,5,5,No,98.2,14,No,
EMP02305,30,Male,Sales,Sales Analyst,86500,4,3,2,5,Yes,95.3,16,No,
EMP02306,49,Female,HR,HR Executive,56300,9,4,1,3,No,85.9,24,No,
EMP02307,32,Male,Customer Service,Customer Service Executive,70300,7,2,5,2,No,95.9,10,No,
EMP02308,53,Male,Operations,Operations Specialist,58400,8,3,1,3,No,83,16,No,
EMP02309,52,Female,Operations,Operations Specialist,52300,7,3,3,3,No,82.3,23,No,
EMP02310,55,Female,Customer Service,Customer Service Coordinator,67500,5,1,1,3,No,92.2,0,Yes,Work-Life Balance
EMP02311,36,Female,Customer Service,Customer Service Coordinator,78200,7,5,2,4,Yes,97.7,19,No,
EMP02312,28,Male,Engineering,Engineering Analyst,28300,1,5,3,5,No,95.5,19,No,
EMP02313,51,Female,Finance,Finance Manager,86100,13,5,2,3,Yes,92.5,14,Yes,Work-Life Balance
EMP02314,59,Male,HR,HR Executive,61400,14,2,5,3,No,84.1,7,No,
EMP02315,48,Male,Engineering,Engineering Manager,57900,10,4,5,3,No,91.2,14,No,
EMP02316,40,Male,Customer Service,Customer Service Specialist,82200,12,5,4,2,No,87.6,1,No,
EMP02317,54,Male,HR,HR Analyst,80200,6,4,1,3,No,87.6,19,Yes,Better Salary
EMP02318,32,Male,IT,IT Specialist,31500,3,1,3,3,No,92.8,21,No,
EMP02319,52,Female,Operations,Operations Executive,87600,9,3,3,4,No,89.4,11,No,
EMP02320,38,Male,IT,IT Manager,47700,8,2,5,5,No,87.7,14,No,
EMP02321,48,Male,Customer Service,Customer Service Specialist,85000,15,5,3,5,No,97.7,22,No,
EMP02322,27,Female,Engineering,Engineering Specialist,38400,4,4,1,5,Yes,91,23,No,
EMP02323,42,Female,Engineering,Engineering Specialist,54600,14,2,2,2,No,92.1,17,No,
EMP02324,48,Female,Customer Service,Customer Service Coordinator,51000,6,2,4,2,No,87.2,18,No,
EMP02325,47,Female,Engineering,Engineering Executive,43600,6,3,5,5,No,98.5,15,No,
EMP02326,22,Male,Operations,Operations Coordinator,85500,1,1,3,3,No,96.3,20,No,
EMP02327,36,Male,Sales,Sales Specialist,77300,1,1,3,5,No,83.8,25,No,
EMP02328,45,Male,Customer Service,Customer Service Specialist,45600,13,3,5,3,Yes,87.3,16,No,
EMP02329,43,Male,IT,IT Specialist,25900,13,2,2,5,No,83.5,0,No,
EMP02330,23,Male,Finance,Finance Coordinator,57200,0,3,4,3,No,90,24,No,
EMP02331,48,Female,Finance,Finance Executive,35500,13,5,1,5,No,86.5,6,No,
EMP02332,38,Female,Engineering,Engineering Specialist,57900,15,5,1,4,No,88.6,6,No,
EMP02333,43,Male,IT,IT Analyst,67400,14,1,1,2,Yes,98.1,1,No,
EMP02334,44,Male,Engineering,Engineering Coordinator,56500,3,4,3,5,Yes,98.6,6,Yes,Work-Life Balance
EMP02335,55,Female,Engineering,Engineering Analyst,35600,0,2,3,4,Yes,82.3,20,Yes,Personal Reasons
EMP02336,39,Female,Customer Service,Customer Service Coordinator,52300,6,4,3,2,No,87.2,20,No,
EMP02337,49,Female,IT,IT Coordinator,74400,6,3,5,5,No,84.9,23,No,
EMP02338,32,Male,Sales,Sales Manager,47200,12,1,3,2,No,94.6,1,No,
EMP02339,24,Female,Finance,Finance Coordinator,82400,2,3,3,2,Yes,88.8,1,No,
EMP02340,28,Male,HR,HR Coordinator,71200,8,5,1,3,No,90.5,20,No,
EMP02341,48,Female,Customer Service,Customer Service Specialist,82000,8,4,1,3,No,96.9,19,No,
EMP02342,23,Female,Finance,Finance Manager,27800,2,1,1,4,Yes,94.3,4,No,
EMP02343,44,Male,Sales,Sales Coordinator,38200,14,2,3,2,No,97.4,0,No,
EMP02344,60,Female,Finance,Finance Analyst,60500,4,2,4,5,Yes,91.3,25,No,
EMP02345,48,Male,Sales,Sales Coordinator,44900,9,1,4,5,No,97.7,21,No,
EMP02346,48,Male,Sales,Sales Manager,83000,0,3,3,5,No,84.7,19,No,
EMP02347,60,Male,Sales,Sales Coordinator,79600,2,5,1,5,No,82.7,8,No,
EMP02348,38,Male,Finance,Finance Manager,84800,11,3,2,2,No,83.1,15,No,
EMP02349,32,Female,HR,HR Analyst,82400,2,2,2,5,No,88.5,24,No,
EMP02350,59,Female,Engineering,Engineering Analyst,82300,11,2,4,4,Yes,97.7,0,No,
EMP02351,28,Male,Engineering,Engineering Manager,68400,5,4,4,5,No,86.7,13,No,
EMP02352,29,Male,Sales,Sales Specialist,28000,6,1,3,4,No,93.1,0,No,
EMP02353,39,Female,IT,IT Coordinator,25300,8,4,1,5,No,89.1,18,No,
EMP02354,47,Male,Finance,Finance Specialist,42100,7,3,1,4,Yes,93.7,8,No,
EMP02355,28,Male,Sales,Sales Coordinator,62500,8,5,5,4,No,96.5,19,No,
EMP02356,47,Male,Finance,Finance Executive,47300,5,1,3,3,Yes,99.3,2,No,
EMP02357,37,Female,Finance,Finance Manager,32800,3,5,4,3,No,90.9,8,No,
EMP02358,59,Female,HR,HR Executive,39700,11,3,2,4,No,97.8,17,No,
EMP02359,21,Female,Operations,Operations Analyst,27100,1,3,2,5,No,98,6,No,
EMP02360,54,Female,Operations,Operations Specialist,40700,3,1,3,5,Yes,90.7,4,No,
EMP02361,44,Male,Marketing,Marketing Executive,35200,14,4,1,4,Yes,93.5,21,No,
EMP02362,60,Female,Operations,Operations Executive,48800,9,3,5,4,Yes,85.7,23,No,
EMP02363,39,Female,Customer Service,Customer Service Analyst,84300,9,3,4,4,No,94.5,3,No,
EMP02364,47,Male,Customer Service,Customer Service Manager,62900,5,5,2,5,No,84.1,7,Yes,Personal Reasons
EMP02365,35,Male,Engineering,Engineering Analyst,75700,11,2,1,4,No,92.4,5,No,
EMP02366,47,Female,Engineering,Engineering Manager,77400,9,3,1,3,No,91.5,13,No,
EMP02367,58,Female,Finance,Finance Specialist,87500,12,1,5,3,Yes,95.3,21,No,
EMP02368,23,Male,Operations,Operations Analyst,35400,0,2,3,3,No,97.1,14,No,
EMP02369,30,Male,Sales,Sales Specialist,34400,1,5,1,3,No,96.3,24,No,
EMP02370,41,Female,Finance,Finance Analyst,56300,13,3,3,2,No,90.5,22,No,
EMP02371,54,Male,Sales,Sales Executive,60400,0,4,2,4,No,95.3,14,No,
EMP02372,53,Male,Finance,Finance Analyst,66900,15,1,3,2,Yes,84.7,15,No,
EMP02373,60,Female,Marketing,Marketing Manager,47900,7,2,1,4,No,93.3,1,No,
EMP02374,27,Female, customer service ,Customer Service Analyst,67200,6,4,4,3,No,84.8,24,No,
EMP02375,48,Male,Operations,Operations Manager,49100,13,3,4,5,No,97.4,20,No,
EMP02376,47,Female,Marketing,Marketing Manager,43000,4,2,3,2,Yes,89.4,24,No,
EMP02377,23,Male,Marketing,Marketing Coordinator,67500,0,3,3,4,No,94.4,25,No,
EMP02378,37,Female,Marketing,Marketing Coordinator,81900,2,2,2,4,No,97.5,9,No,
EMP02379,54,Male,Marketing,Marketing Executive,49800,0,2,5,4,Yes,87.8,13,Yes,Personal Reasons
EMP02380,60,Female,Customer Service,Customer Service Coordinator,52600,4,5,4,2,No,91.5,1,No,
EMP02381,39,Female,IT,IT Manager,88900,13,3,1,2,Yes,90.9,3,No,
EMP02382,30,Male,Customer Service,Customer Service Executive,42200,10,2,2,5,No,86.4,23,No,
EMP02383,25,Male,Marketing,Marketing Executive,59700,2,3,5,3,No,89.6,4,No,
EMP02384,58,Male,HR,HR Manager,72600,2,5,4,4,No,83.8,24,No,
EMP02385,58,Male,Finance,Finance Executive,53500,7,2,1,3,No,95.6,13,No,
EMP02386,57,Male,Customer Service,Customer Service Executive,48600,3,4,4,3,No,91.8,10,No,
EMP02387,47,Female,Sales,Sales Specialist,73800,8,4,3,4,No,84.6,12,No,
EMP02388,31,Male,IT,IT Analyst,46900,7,2,4,5,Yes,97.5,18,No,
EMP02389,32,Male,Engineering,Engineering Executive,32100,12,3,4,4,Yes,84.5,19,No,
EMP02390,33,Female,Marketing,Marketing Executive,57900,12,4,5,5,Yes,99.4,13,No,
EMP02391,29,Male,Marketing,Marketing Executive,52900,7,5,4,5,No,87.3,7,Yes,Manager/Team Issues
EMP02392,23,Male,Sales,Sales Manager,77200,3,1,3,2,No,86.6,25,Yes,Higher Studies
EMP02393,47,Female,Finance,Finance Manager,63000,7,3,1,5,Yes,89.1,12,No,
EMP02394,23,Male,IT,IT Executive,33300,2,5,2,5,No,82.5,7,No,
EMP02395,60,Female,Finance,Finance Coordinator,70900,3,5,5,3,Yes,95.6,7,No,
EMP02396,53,Male,Marketing,Marketing Manager,40800,8,1,1,5,Yes,85.7,1,No,
EMP02397,28,Female,Engineering,Engineering Coordinator,33300,3,2,5,3,No,84.6,20,No,
EMP02398,41,Male,Marketing,Marketing Coordinator,62200,13,3,5,5,No,99.5,18,No,
EMP02399,42,Female,Operations,Operations Specialist,86700,14,2,4,3,Yes,93.4,21,No,
EMP02400,54,Male,IT,IT Executive,59200,2,5,2,5,Yes,89.7,18,Yes,Work-Life Balance
EMP02401,45,Male,Finance,Finance Analyst,54900,5,5,2,4,Yes,92.6,0,No,
EMP02402,51,Female,Finance,Finance Manager,78400,1,2,4,5,No,95.7,12,No,
EMP02403,46,Male,Sales,Sales Analyst,77600,6,1,1,2,No,93.1,18,No,
EMP02404,50,Male,Sales,Sales Coordinator,77500,7,1,3,2,No,91.7,14,No,
EMP02405,38,Female,Sales,Sales Executive,63200,5,2,1,3,No,95.9,12,No,
EMP02406,48,Male,Customer Service,Customer Service Executive,83200,14,5,3,5,No,93.3,0,Yes,Higher Studies
EMP02407,41,Female,Sales,Sales Manager,38100,0,2,5,3,No,94.7,19,No,
EMP02408,27,Female,Operations,Operations Analyst,76900,7,2,5,4,No,96.4,0,No,
EMP02409,32,Female,Finance,Finance Manager,29200,0,4,2,3,Yes,99.5,19,Yes,Relocation
EMP02410,42,Female,Sales, Sales Specialist ,76300,14,3,1,5,No,93,12,No,
EMP02411,38,Male,Sales,Sales Analyst,56400,8,2,2,3,Yes,85.2,22,No,
EMP02412,37,Male,Finance,Finance Analyst,40500,3,4,4,2,Yes,87.7,8,No,
EMP02413,49,Male,Finance,Finance Analyst,66600,5,1,5,4,No,89.8,10,Yes,Relocation
EMP02414,47,Male,Finance,Finance Executive,26700,4,3,4,2,Yes,93.1,23,No,
EMP02415,60,Female,HR,HR Coordinator,35000,8,4,5,3,No,85.2,0,No,
EMP02416,30,Male,IT,IT Analyst,55700,4,3,1,2,No,84.9,4,No,
EMP02417,25,Female,IT,IT Executive,48600,2,1,1,3,Yes,99,24,No,
EMP02418,57,Female,IT,IT Analyst,74700,0,2,1,5,No,83.6,6,No,
EMP02419,33,Male,Operations,Operations Coordinator,29700,3,5,4,2,No,85.4,7,No,
EMP02420,43,Female,Marketing,Marketing Executive,44100,6,2,1,4,No,99.9,19,No,
EMP02421,27,Male,Customer Service,Customer Service Coordinator,70600,1,2,5,5,No,96.1,2,Yes,Relocation
EMP02422,23,Male,Engineering,Engineering Specialist,41600,3,3,5,2,No,90,23,No,
EMP02423,57,Male,Operations,Operations Executive,73200,6,3,2,4,No,97.1,23,Yes,Personal Reasons
EMP02424,60,Female,Customer Service,Customer Service Executive,46000,8,4,4,4,No,87,2,Yes,Higher Studies
EMP02425,31,Female,Engineering,Engineering Specialist,48300,5,3,3,4,No,90.1,20,No,
EMP02426,33,Female,Engineering,Engineering Manager,61100,2,3,5,5,No,92,18,No,
EMP02427,57,Male,IT,IT Coordinator,73700,4,2,1,2,Yes,90.3,18,No,
EMP02428,39,Female,Operations,Operations Specialist,36700,11,2,5,3,No,93.3,23,No,
EMP02429,49,Male,Marketing,Marketing Executive,41900,12,5,3,5,Yes,86.7,24,No,
EMP02430,34,Male,Finance,Finance Specialist,27200,7,5,2,5,No,84.9,1,No,
EMP02431,35,Male,IT,IT Manager,30500,12,1,5,5,No,97,1,No,
EMP02432,44,Male,Sales,Sales Manager,38700,8,5,1,3,Yes,92.4,11,No,
EMP02433,48,Female,Sales,Sales Executive,63100,2,5,1,3,No,96.6,25,Yes,Career Growth
EMP02434,43,Female,HR,HR Executive,79100,11,3,2,3,No,92.6,21,No,
EMP02435,59,Male,Sales,Sales Manager,63700,4,1,4,3,No,86.6,13,No,
EMP02436,44,Male,IT,IT Manager,50100,12,3,5,3,No,98.1,17,No,
EMP02437,60,Female,IT,IT Executive,59800,3,2,3,2,No,90.5,16,No,
EMP02438,29,Female,Customer Service,Customer Service Analyst,71700,3,3,2,2,No,98,10,No,
EMP02439,22,Male,Marketing,Marketing Analyst,78100,1,3,4,2,No,87.4,4,No,
EMP02440,59,Female,Operations,Operations Manager,52400,8,3,3,4,No,95.6,14,No,
EMP02441,60,Female,IT,IT Executive,72700,11,4,1,5,No,97.3,19,No,
EMP02442,39,Male,Marketing,Marketing Analyst,59000,7,5,4,4,No,89.5,11,No,
EMP02443,50,Female,Operations,Operations Executive,46900,6,3,3,5,No,99.3,21,No,
EMP02444,59,Female,HR,HR Analyst,47400,4,4,1,2,No,94.1,7,No,
EMP02445,35,Female,Marketing,Marketing Analyst,85400,15,2,1,2,Yes,87.3,7,Yes,Better Salary
EMP02446,41,Female,Sales,Sales Executive,72800,14,2,1,4,No,96.2,2,No,
EMP02447,30,Female,Customer Service,Customer Service Analyst,43900,3,1,4,2,No,99.8,0,No,
EMP02448,29,Male,Sales,Sales Manager,71300,3,4,5,2,No,91.15,13,No,
EMP02449,46,Male,Sales,Sales Specialist,69100,7,3,2,5,No,99.7,3,No,
EMP02450,56,Female,HR,HR Coordinator,72300,7,1,5,5,No,97.3,0,Yes,Better Salary
EMP02451,36,Male,Sales,Sales Executive,76200,4,3,5,2,Yes,82.9,2,No,
EMP02452,39,Female,Finance,Finance Analyst,43900,5,3,2,3,No,86.6,10,No,
EMP02453,32,Male,Marketing,Marketing Manager,78400,10,5,4,5,No,93.4,6,No,
EMP02454,49,Male,Engineering,Engineering Executive,52500,6,3,2,5,No,95.8,6,No,
EMP02455,52,Female,Marketing,Marketing Executive,43900,14,1,1,3,Yes,82.2,4,No,
EMP02456,21,Male,HR,HR Manager,50000,1,3,2,4,No,82.2,12,No,
EMP02457,22,Female,Operations,Operations Executive,86700,1,1,5,3,Yes,87.7,14,No,
EMP02458,24,Female,Customer Service,Customer Service Executive,76400,3,2,3,5,No,94.5,17,No,
EMP02459,24,Female,HR,HR Coordinator,26900,1,2,1,4,No,91.8,15,Yes,Higher Studies
EMP02460,45,Female,HR,HR Specialist,49500,14,2,1,5,Yes,83,10,No,
EMP02461,42,Female,Engineering,Engineering Manager,38300,7,4,5,2,No,89.1,14,No,
EMP02462,51,Male,Finance,Finance Manager,58500,7,3,1,4,No,97.2,1,No,
EMP02463,50,Male,Operations,Operations Executive,67200,7,1,2,4,No,82.6,17,No,
EMP02464,43,Male,Customer Service,Customer Service Analyst,27100,4,3,5,3,No,94.5,2,No,
EMP02465,39,Male,Operations,Operations Coordinator,77200,0,1,3,3,No,97.9,4,No,
EMP02466,26,Female,Engineering,Engineering Executive,50900,6,5,3,4,No,87.3,11,No,
EMP02467,46,Female,Customer Service,Customer Service Analyst,63300,4,4,1,5,No,92.1,19,No,
EMP02468,38,Female,Operations,Operations Specialist,57200,4,1,1,5,No,99.9,0,No,
EMP02469,28,Female,IT,IT Coordinator,59300,6,3,4,4,No,84.3,2,No,
EMP02470,41,Male,IT,IT Manager,84200,12,4,5,3,No,87.1,21,No,
EMP02471,34,Female,Finance,Finance Manager,72300,14,2,3,5,Yes,94.2,0,No,
EMP02472,45,Female,HR,HR Manager,53400,7,1,2,2,Yes,85,0,No,
EMP02473,47,Female,HR,HR Specialist,76700,15,2,5,2,No,87.1,14,No,
EMP02474,27,Female,Sales,Sales Executive,72700,7,3,3,4,No,85.7,24,No,
EMP02475,53,Male, engineering ,Engineering Coordinator,68200,2,1,5,3,No,99.9,24,No,
EMP02476,27,Female,Marketing,Marketing Analyst,30400,0,1,2,2,No,91.5,0,No,
EMP02477,44,Female,IT,IT Executive,84600,12,3,2,4,No,89.7,23,Yes,Higher Studies
EMP02478,40,Female,IT,IT Manager,27800,12,1,3,2,No,82.2,0,No,
EMP02479,44,Male,IT,IT Specialist,64700,2,5,5,3,No,90.3,10,Yes,Manager/Team Issues
EMP02480,29,Male,Operations,Operations Coordinator,81900,8,1,3,5,Yes,91.9,12,No,
EMP02481,55,Male,Marketing,Marketing Manager,73500,12,4,4,3,No,82.9,10,No,
EMP02482,36,Female,Finance,Finance Coordinator,51200,3,2,5,5,Yes,83.8,12,No,
EMP02483,55,Male,Sales,Sales Analyst,70700,1,5,2,3,Yes,88.2,8,No,
EMP02484,54,Female,Sales,Sales Specialist,61900,0,2,4,3,No,87.4,24,No,
EMP02485,33,Female,Customer Service,Customer Service Analyst,49300,12,4,3,3,No,97.9,16,No,
EMP02486,26,Female,Sales,Sales Manager,78500,5,3,4,5,No,84.9,14,No,
EMP02487,45,Female,Marketing,Marketing Analyst,89500,8,1,5,5,No,87.7,10,No,
EMP02488,41,Male,Operations,Operations Manager,42500,12,3,2,2,Yes,85.9,22,No,
EMP02489,26,Male,Customer Service,Customer Service Coordinator,42700,1,4,2,4,Yes,85.5,15,No,
EMP02490,28,Female,Engineering,Engineering Specialist,40800,3,3,4,4,Yes,98.6,17,No,
EMP02491,45,Female,Sales,Sales Analyst,64500,10,3,5,2,Yes,88.4,2,No,
EMP02492,47,Female,Customer Service,Customer Service Analyst,67800,14,2,3,2,Yes,82.3,21,No,
EMP02493,44,Female,Sales,Sales Analyst,38500,6,5,1,3,No,96.1,13,Yes,Career Growth
EMP02494,37,Female,HR,HR Manager,54300,12,3,5,5,Yes,87.2,12,No,
EMP02495,29,Male,Engineering,Engineering Analyst,75000,0,5,3,2,No,86.7,23,No,
EMP02496,48,Male,Operations,Operations Manager,78000,11,3,2,4,No,88.6,0,No,
EMP02497,22,Female,Finance,Finance Executive,55800,2,1,1,5,No,94.2,22,No,
EMP02498,26,Female,HR,HR Executive,34800,0,2,1,4,No,96.2,0,No,
EMP02499,32,Male,Finance,Finance Specialist,43800,2,5,2,5,Yes,88.1,19,No,
EMP02500,48,Male,HR,HR Coordinator,55400,13,1,2,2,No,94.5,3,No,
EMP02501,47,Female,Operations,Operations Manager,44800,14,5,2,2,No,85.9,4,No,
EMP02502,42,Male,Engineering,Engineering Manager,40700,1,4,5,5,Yes,95.3,22,No,
EMP02503,39,Female,Engineering,Engineering Manager,85100,5,1,4,2,No,83.3,13,No,
EMP02504,46,Male,Engineering,Engineering Coordinator,83000,14,4,1,4,Yes,97.9,22,No,
EMP02505,54,Male,HR,HR Specialist,70000,10,1,2,2,No,89.2,11,No,
EMP02506,25,Female,Operations,Operations Coordinator,45400,0,1,4,4,Yes,87,20,No,
EMP02507,45,Male,IT,IT Specialist,79900,1,3,1,4,No,99.6,2,Yes,Better Salary
EMP02508,37,Male,Sales,Sales Analyst,45300,3,1,4,5,No,89.5,22,No,
EMP02509,21,Male,Finance,Finance Specialist,52200,0,2,1,2,No,86.1,6,Yes,Personal Reasons
EMP02510,51,Female,Sales,Sales Manager,35500,2,4,5,3,No,96.3,16,Yes,Personal Reasons
EMP02511,37,Male,Engineering,Engineering Manager,80800,9,4,5,4,No,96.5,20,Yes,Better Salary
EMP02512,55,Male,Marketing,Marketing Specialist,27400,10,2,2,2,No,90.6,4,No,
EMP02513,23,Male,IT,IT Executive,41500,0,1,5,5,No,87.2,8,No,
EMP02514,33,Female,Operations,Operations Executive,81400,0,3,2,2,No,99.6,2,No,
EMP02515,26,Female,Customer Service,Customer Service Executive,33100,2,1,2,2,No,92.3,17,No,
EMP02516,48,Male,Engineering,Engineering Coordinator,72500,1,4,5,5,Yes,89.2,24,No,
EMP02517,34,Female,IT,IT Executive,76200,5,1,5,3,No,89.8,4,No,
EMP02518,27,Female,Operations,Operations Analyst,47000,7,2,2,2,No,93.5,7,No,
EMP02519,44,Male,Sales,Sales Coordinator,70200,9,1,1,3,No,88.1,11,No,
EMP02520,54,Female,Sales,Sales Analyst,51800,8,4,1,4,No,85.9,7,No,
EMP02521,47,Female,Sales,Sales Coordinator,68300,14,5,2,4,Yes,86.6,20,Yes,Better Salary
EMP02522,41,Female,Operations,Operations Coordinator,64800,15,2,4,5,No,95.6,14,Yes,Manager/Team Issues
EMP02523,48,Female,Sales,Sales Specialist,63900,0,3,4,4,No,87.8,7,Yes,Relocation
EMP02524,34,Male,Operations,Operations Manager,55100,7,4,4,2,No,96.2,5,Yes,Work-Life Balance
EMP02525,60,Female,Engineering,Engineering Coordinator,70300,0,3,4,3,No,92.7,20,No,
EMP02526,46,Male,Customer Service,Customer Service Coordinator,66200,4,1,1,2,No,87.7,1,No,
EMP02527,30,Female,Customer Service,Customer Service Coordinator,33300,10,2,3,2,No,93.7,21,No,
EMP02528,44,Female,Engineering,Engineering Specialist,39600,13,2,2,3,Yes,98.4,7,No,
EMP02529,47,Female,Engineering,Engineering Analyst,56300,6,4,3,5,No,96.2,0,No,
EMP02530,60,Male,HR,HR Manager,31300,13,4,3,5,No,82.9,16,No,
EMP02531,42,Male,Customer Service,Customer Service Manager,28500,3,4,1,5,Yes,92.3,22,No,
EMP02532,22,Male,Customer Service,Customer Service Executive,57400,0,3,5,3,No,82.7,24,No,
EMP02533,49,Female,Operations,Operations Coordinator,33000,7,5,4,5,No,91.1,19,No,
EMP02534,43,Male,Customer Service,Customer Service Executive,40300,12,4,1,4,No,97.1,11,No,
EMP02535,22,Female,HR,HR Analyst,55600,0,4,2,2,Yes,92.7,25,No,
EMP02536,23,Male,Finance,Finance Specialist,79800,0,3,3,4,No,99.6,21,No,
EMP02537,35,Female,Finance,Finance Analyst,27600,10,5,4,3,No,84.4,8,No,
EMP02538,30,Female,HR,HR Analyst,69700,4,2,1,5,No,88.5,24,No,
EMP02539,26,Female,IT,IT Coordinator,83800,1,1,5,5,No,92.6,8,No,
EMP02540,27,Male,Operations,Operations Analyst,78200,7,2,5,2,No,86.7,2,No,
EMP02541,54,Female,Customer Service,Customer Service Specialist,38800,15,5,3,3,No,94.1,13,Yes,Higher Studies
EMP02542,47,Female,HR,HR Analyst,41000,11,4,3,2,No,85,19,No,
EMP02543,23,Male,HR,HR Coordinator,88100,1,3,5,4,Yes,91.3,17,No,
EMP02544,56,Female,Operations,Operations Coordinator,73400,8,1,1,3,No,94.7,0,No,
EMP02545,58,Male,HR,HR Analyst,33700,13,2,2,3,Yes,87.9,4,No,
EMP02546,49,Female,Customer Service,Customer Service Coordinator,50300,12,3,3,5,No,84.2,15,No,
EMP02547,22,Female,IT, IT Executive ,56200,0,5,4,3,No,94.5,22,No,
EMP02548,27,Female,Engineering,Engineering Analyst,70300,3,3,4,3,Yes,96.7,15,No,
EMP02549,49,Male,IT,IT Executive,42200,13,1,2,3,No,87.1,2,No,
EMP02550,40,Male,HR,HR Executive,85900,2,5,5,2,No,94.8,22,No,
EMP02551,25,Male,Customer Service,Customer Service Coordinator,29300,0,2,1,4,No,87.6,11,No,
EMP02552,31,Female,Sales,Sales Specialist,74900,0,2,1,2,No,87.1,3,No,
EMP02553,48,Female,HR,HR Coordinator,85200,13,4,5,4,No,92.6,24,No,
EMP02554,27,Female,Marketing,Marketing Specialist,89200,7,5,5,5,Yes,96.4,6,No,
EMP02555,52,Male,Finance,Finance Coordinator,40200,6,5,4,2,Yes,88.6,13,No,
EMP02556,58,Female,Customer Service,Customer Service Executive,36900,3,4,5,4,No,84.8,24,No,
EMP02557,39,Male,Engineering,Engineering Specialist,85200,7,2,4,2,No,88.3,18,No,
EMP02558,52,Female,Finance,Finance Manager,43700,4,2,3,4,No,94,14,No,
EMP02559,37,Female,HR,HR Executive,80200,2,2,5,3,No,93.3,11,No,
EMP02560,53,Female,Operations,Operations Manager,55400,8,4,4,4,No,98.4,13,No,
EMP02561,47,Male,Marketing,Marketing Analyst,55800,11,2,3,2,No,87,0,No,
EMP02562,23,Male,Customer Service,Customer Service Analyst,69400,0,3,1,2,No,92.5,24,No,
EMP02563,27,Female,Sales,Sales Specialist,50500,0,5,3,2,No,92.9,9,No,
EMP02564,29,Male,Customer Service,Customer Service Analyst,77900,1,4,2,5,Yes,85.3,6,No,
EMP02565,28,Male,IT,IT Executive,33000,4,3,1,3,No,87.1,24,No,
EMP02566,56,Male,Sales,Sales Coordinator,67100,9,5,5,3,Yes,82,18,No,
EMP02567,51,Female,Finance,Finance Manager,71600,4,5,3,3,Yes,92.5,21,No,
EMP02568,35,Female,Marketing,Marketing Executive,46200,14,4,3,2,Yes,93.5,22,No,
EMP02569,23,Male,Customer Service,Customer Service Manager,77100,2,3,5,5,No,87.6,14,No,
EMP02570,47,Male,Sales,Sales Coordinator,76100,15,3,1,5,Yes,86.4,2,No,
EMP02571,41,Male,HR,HR Analyst,30300,2,4,3,4,Yes,84.1,17,No,
EMP02572,22,Male,Engineering,Engineering Executive,85300,2,4,4,4,Yes,94.8,7,No,
EMP02573,43,Female,HR,HR Coordinator,64300,0,1,4,5,Yes,86.5,3,Yes,Manager/Team Issues
EMP02574,55,Female,HR,HR Specialist,48400,9,4,3,4,No,93.6,2,Yes,Career Growth
EMP02575,45,Female,IT,IT Manager,62100,14,1,5,2,No,99,8,No,
EMP02576,22,Female, finance ,Finance Manager,62800,0,5,2,3,Yes,95.8,19,No,
EMP02577,54,Female,IT,IT Analyst,35200,15,3,1,2,No,94,22,No,
EMP02578,59,Female,Customer Service,Customer Service Executive,81900,9,5,1,3,Yes,92.9,3,No,
EMP02579,43,Male,IT,IT Manager,84900,1,1,2,3,Yes,94.7,9,No,
EMP02580,30,Male,Sales,Sales Executive,56600,10,4,2,5,No,84,19,No,
EMP02581,41,Female,HR,HR Specialist,75700,12,1,1,5,No,83.1,7,Yes,Career Growth
EMP02582,24,Female,Marketing,Marketing Analyst,74200,2,5,5,5,No,94.2,10,No,
EMP02583,22,Male,IT,IT Executive,73400,0,2,3,5,Yes,93.4,0,No,
EMP02584,44,Male,HR,HR Coordinator,63800,10,4,1,2,Yes,86.4,6,No,
EMP02585,25,Female,Operations,Operations Executive,58400,0,1,1,2,No,95.9,9,No,
EMP02586,48,Female,IT,IT Executive,68900,4,3,1,2,No,82.5,20,No,
EMP02587,29,Male,HR,HR Coordinator,55200,3,1,3,3,No,82.8,1,Yes,Career Growth
EMP02588,51,Male,Marketing,Marketing Coordinator,31200,1,5,5,4,No,96.5,15,No,
EMP02589,41,Female,IT,IT Analyst,61200,15,1,4,5,No,95.6,10,No,
EMP02590,24,Male,Customer Service,Customer Service Coordinator,86400,1,5,1,3,Yes,99.9,1,No,
EMP02591,53,Female,HR,HR Executive,51900,6,2,3,5,Yes,84.5,12,No,
EMP02592,43,Female,HR,HR Manager,69200,15,3,4,5,Yes,88.8,21,No,
EMP02593,52,Female,Engineering,Engineering Specialist,45900,10,2,2,4,No,96.3,6,No,
EMP02594,27,Female,Marketing,Marketing Analyst,79400,6,1,2,5,Yes,96.9,0,No,
EMP02595,50,Female,Operations,Operations Specialist,34500,3,1,3,4,No,90,20,No,
EMP02596,23,Male,Marketing,Marketing Manager,80200,2,3,2,5,No,99,13,No,
EMP02597,25,Female,IT,IT Coordinator,87400,0,2,5,4,No,98.9,1,No,
EMP02598,50,Female,Engineering,Engineering Executive,29800,1,4,2,5,No,93.9,8,Yes,Career Growth
EMP02599,36,Female,Finance,Finance Analyst,50700,15,3,3,2,Yes,93.5,20,No,
EMP02600,55,Male,Finance,Finance Coordinator,41900,15,2,2,5,Yes,97.9,19,No,
EMP02601,39,Male,Sales,Sales Coordinator,65000,13,1,4,4,No,99,10,No,
EMP02602,33,Male,Customer Service,Customer Service Analyst,56700,3,5,2,3,Yes,92.5,2,No,
EMP02603,60,Female,Marketing,Marketing Manager,69800,1,2,5,4,No,96.7,19,Yes,Higher Studies
EMP02604,43,Male,Marketing,Marketing Manager,76300,13,5,3,2,Yes,90.8,13,No,
EMP02605,57,Female,Marketing,Marketing Specialist,43700,2,4,4,5,Yes,96.5,7,No,
EMP02606,48,Female,Customer Service,Customer Service Manager,89600,14,5,1,2,No,84.1,17,No,
EMP02607,40,Male,IT,IT Coordinator,75000,12,2,3,3,No,91.4,15,No,
EMP02608,41,Female,Finance,Finance Analyst,75700,3,5,3,2,Yes,83.1,22,No,
EMP02609,28,Male,Operations,Operations Analyst,42700,8,2,1,2,No,84.9,3,No,
EMP02610,33,Female,Customer Service,Customer Service Coordinator,29100,13,2,4,5,No,93.9,19,No,
EMP02611,32,Female,Operations,Operations Coordinator,71600,10,1,2,5,Yes,90.4,11,Yes,Work-Life Balance
EMP02612,52,Male,HR,HR Manager,57700,12,3,5,3,No,86.4,10,No,
EMP02613,26,Female,Marketing,Marketing Specialist,47700,0,3,5,2,No,82.7,18,No,
EMP02614,40,Female,HR,HR Analyst,86000,7,5,2,5,Yes,97.9,12,No,
EMP02615,39,Female,Finance,Finance Manager,73700,2,5,3,3,No,93,0,No,
EMP02616,45,Female,Finance,Finance Specialist,42400,14,3,5,3,Yes,83.3,2,No,
EMP02617,45,Male,Sales,Sales Manager,58300,10,5,2,2,No,93.1,0,No,
EMP02618,30,Female,Customer Service,Customer Service Coordinator,42400,2,4,2,4,No,84.8,15,No,
EMP02619,57,Male,HR,HR Coordinator,67800,7,4,5,4,No,87.2,14,No,
EMP02620,54,Male,Finance,Finance Manager,34300,0,2,5,2,Yes,89.9,4,No,
EMP02621,56,Female,IT,IT Manager,85100,10,3,4,4,No,88.3,24,No,
EMP02622,48,Male,Marketing,Marketing Executive,52400,9,5,4,4,Yes,93.2,19,No,
EMP02623,31,Female,Operations,Operations Manager,63600,8,3,1,4,Yes,83.4,13,No,
EMP02624,32,Female,Finance,Finance Executive,35800,11,1,3,5,No,93.3,13,Yes,Better Salary
EMP02625,52,Female,Finance,Finance Executive,45700,6,3,2,2,Yes,87.6,19,No,
EMP02626,26,Male,IT,IT Coordinator,76900,6,3,2,4,No,82.5,10,No,
EMP02627,44,Female,Engineering,Engineering Analyst,51800,15,5,5,5,Yes,91.15,3,No,
EMP02628,52,Male,Engineering,Engineering Executive,68500,15,5,2,4,No,86.7,25,Yes,Manager/Team Issues
EMP02629,43,Female,Sales,Sales Analyst,29800,3,5,5,5,No,88,23,No,
EMP02630,33,Female,Finance,Finance Coordinator,75300,10,3,3,5,No,97.7,21,No,
EMP02631,30,Female,IT,IT Analyst,31300,4,1,5,3,No,82.1,3,No,
EMP02632,36,Male,Sales,Sales Specialist,48700,6,1,5,5,No,89.9,5,No,
EMP02633,53,Male,Finance,Finance Coordinator,39700,0,3,3,3,Yes,91.3,19,No,
EMP02634,45,Female,Sales,Sales Specialist,64400,13,1,4,3,No,86.3,14,No,
EMP02635,28,Female,Engineering,Engineering Coordinator,38600,7,4,5,4,No,89.7,4,No,
EMP02636,58,Male,Engineering,Engineering Specialist,25200,3,4,2,4,Yes,92.8,4,No,
EMP02637,31,Male,HR,HR Coordinator,41200,1,1,5,4,No,98.5,8,No,
EMP02638,25,Male,IT,IT Executive,60500,4,5,5,5,Yes,92.2,6,Yes,Manager/Team Issues
EMP02639,33,Male,Operations,Operations Manager,36900,13,5,3,2,Yes,99.4,23,No,
EMP02640,40,Female,IT,IT Analyst,59000,11,3,3,5,No,84.2,16,No,
EMP02641,60,Male,Customer Service,Customer Service Executive,64400,14,1,1,4,Yes,98.6,22,No,
EMP02642,35,Male,Finance,Finance Manager,52800,14,2,1,2,Yes,95.9,20,No,
EMP02643,29,Male,Marketing,Marketing Manager,71500,3,1,4,4,No,94.9,12,No,
EMP02644,27,Female,Finance,Finance Executive,42500,3,2,1,5,Yes,95.2,25,No,
EMP02645,27,Female,Finance,Finance Coordinator,47400,2,4,5,3,No,95,6,No,
EMP02646,44,Male,Sales,Sales Manager,55000,4,1,4,3,Yes,94.8,20,No,
EMP02647,45,Female,HR,HR Manager,69300,15,5,5,5,Yes,96.4,11,No,
EMP02648,23,Female,Marketing,Marketing Analyst,83400,2,2,5,4,Yes,94.3,5,No,
EMP02649,26,Female,IT,IT Analyst,43800,0,1,1,3,Yes,87.8,6,No,
EMP02650,21,Female,Sales,Sales Manager,49300,0,4,5,5,Yes,91.6,4,No,
EMP02651,43,Female,Operations,Operations Analyst,59800,7,3,1,4,Yes,87.8,21,No,
EMP02652,24,Female,Engineering,Engineering Specialist,57100,1,2,5,5,No,100,25,No,
EMP02653,29,Male,HR,HR Analyst,60400,4,3,2,2,Yes,90.5,22,No,
EMP02654,55,Male,Marketing,Marketing Manager,32900,13,4,3,3,No,98.9,14,No,
EMP02655,23,Male,IT,IT Manager,84800,3,1,2,5,No,93.8,20,No,
EMP02656,21,Female,Sales,Sales Analyst,63900,0,1,5,5,Yes,85.4,20,No,
EMP02657,52,Female,Marketing,Marketing Executive,31800,13,3,3,2,No,99,1,No,
EMP02658,33,Female,Finance,Finance Coordinator,69500,9,1,3,3,No,83.3,13,No,
EMP02659,30,Female,Sales,Sales Manager,59600,1,4,4,5,No,83.9,8,No,
EMP02660,22,Male,Customer Service,Customer Service Executive,45500,1,4,2,4,Yes,88.6,22,No,
EMP02661,42,Male,HR,HR Analyst,41100,8,4,2,5,Yes,94.9,15,Yes,Better Salary
EMP02662,25,Female,HR,HR Analyst,62500,1,4,1,3,Yes,92.9,4,Yes,Personal Reasons
EMP02663,27,Male,Engineering,Engineering Manager,31600,0,4,5,5,No,98,25,No,
EMP02664,39,Female,Customer Service,Customer Service Specialist,49900,9,1,4,2,No,91.5,12,No,
EMP02665,54,Male,Sales,Sales Specialist,64600,8,2,2,3,No,87.7,24,No,
EMP02666,36,Female,Marketing,Marketing Executive,88400,15,2,5,4,Yes,84.2,21,Yes,Manager/Team Issues
EMP02667,32,Male,Sales,Sales Specialist,27200,7,4,3,2,No,96,21,No,
EMP02668,32,Female,Sales,Sales Analyst,50600,5,2,1,4,No,85.8,20,Yes,Relocation
EMP02669,45,Male,Sales,Sales Specialist,29400,15,1,5,5,No,87.3,20,No,
EMP02670,37,Female,Operations,Operations Coordinator,26600,11,3,5,2,No,97.1,3,No,
EMP02671,59,Male,Marketing,Marketing Specialist,46800,9,4,1,2,No,93.4,20,No,
EMP02672,31,Female,HR,HR Manager,55900,6,4,3,2,Yes,99.6,22,No,
EMP02673,39,Female,HR,HR Executive,36700,15,4,2,4,No,97.2,6,No,
EMP02674,38,Female,Customer Service,Customer Service Executive,87000,14,4,3,5,No,97.9,2,No,
EMP02675,46,Male,IT,IT Executive,27600,9,3,4,3,No,86.7,19,No,
EMP02676,54,Female,Customer Service,Customer Service Coordinator,68400,10,5,4,4,Yes,98.3,22,No,
EMP02677,50,Male, customer service ,Customer Service Executive,27700,8,1,5,5,Yes,88.8,20,No,
EMP02678,34,Male,Sales,Sales Manager,26900,0,1,3,4,No,93.9,9,No,
EMP02679,24,Male,Operations,Operations Executive,70200,3,1,4,3,No,85.5,22,No,
EMP02680,25,Male,Marketing,Marketing Manager,63200,1,4,3,4,No,94.9,3,No,
EMP02681,43,Male,Operations,Operations Specialist,41200,3,1,3,5,Yes,97.9,13,No,
EMP02682,44,Male,Customer Service,Customer Service Executive,78400,11,2,3,5,Yes,92.8,20,No,
EMP02683,46,Male,Engineering,Engineering Analyst,45100,7,1,2,5,No,93.1,14,No,
EMP02684,34,Female,Sales, Sales Specialist ,64300,5,4,3,5,No,92.6,20,Yes,Work-Life Balance
EMP02685,37,Female,Engineering,Engineering Executive,26500,12,1,3,4,Yes,83.9,0,No,
EMP02686,45,Male,Sales,Sales Coordinator,70900,11,1,4,2,Yes,98.5,13,No,
EMP02687,49,Female,Sales,Sales Specialist,54500,12,3,1,4,No,88.8,5,No,
EMP02688,47,Male,HR,HR Manager,63300,14,3,4,3,No,94.3,0,No,
EMP02689,46,Male,Customer Service,Customer Service Analyst,34600,13,2,1,5,No,99.3,0,No,
EMP02690,36,Female,IT,IT Coordinator,59200,6,3,3,5,No,85,2,No,
EMP02691,26,Female,HR,HR Executive,57700,3,2,2,4,No,84.2,13,No,
EMP02692,51,Female,IT,IT Specialist,29100,10,5,5,4,No,93.1,0,No,
EMP02693,27,Female,IT,IT Coordinator,52200,1,4,5,2,No,95.9,22,No,
EMP02694,56,Male,Customer Service,Customer Service Specialist,71300,6,3,2,5,No,99.7,0,No,
EMP02695,22,Male,Customer Service,Customer Service Specialist,43400,0,2,3,5,No,82.5,16,No,
EMP02696,56,Male,Finance,Finance Executive,64500,15,3,1,4,No,90.2,20,No,
EMP02697,36,Male,HR,HR Specialist,71600,0,1,4,4,Yes,89.7,6,Yes,Manager/Team Issues
EMP02698,55,Male,HR,HR Coordinator,56500,7,1,1,4,Yes,82.4,22,Yes,Manager/Team Issues
EMP02699,58,Male,Customer Service,Customer Service Coordinator,42600,13,5,2,4,No,95.9,21,No,
EMP02700,54,Female,HR,HR Coordinator,26400,5,3,2,4,Yes,98.4,23,Yes,Work-Life Balance
EMP02701,49,Male,IT,IT Manager,85400,1,3,4,4,No,82.6,25,No,
EMP02702,27,Male,Customer Service,Customer Service Analyst,63400,6,4,1,4,No,96.5,8,No,
EMP02703,37,Male,Sales,Sales Coordinator,78400,9,3,3,4,No,91.2,17,No,
EMP02704,48,Female,Customer Service,Customer Service Executive,32200,0,5,1,3,No,92.4,12,No,
EMP02705,25,Female,Marketing,Marketing Analyst,41500,1,3,2,5,No,84.8,11,No,
EMP02706,47,Male,Customer Service,Customer Service Executive,26500,9,3,2,2,Yes,90.8,17,No,
EMP02707,52,Male,Finance,Finance Manager,78600,12,4,3,2,No,88.4,10,No,
EMP02708,51,Male,Engineering,Engineering Coordinator,55500,9,5,4,3,No,85.6,15,No,
EMP02709,41,Male,Marketing,Marketing Analyst,39400,3,3,4,4,No,88,12,No,
EMP02710,51,Female,Operations,Operations Executive,78200,7,1,4,4,No,86.9,18,No,
EMP02711,21,Male,Operations,Operations Specialist,49400,0,2,5,3,No,98.6,12,No,
EMP02712,37,Female,HR,HR Analyst,63200,2,2,3,3,Yes,88.9,17,No,
EMP02713,47,Male,Sales,Sales Coordinator,28400,1,4,3,5,No,89.3,23,No,
EMP02714,36,Male,Engineering,Engineering Manager,34200,7,2,1,3,No,88.9,17,No,
EMP02715,21,Female,Marketing,Marketing Analyst,65100,1,5,4,2,No,93.7,2,No,
EMP02716,29,Female,Marketing,Marketing Manager,41400,4,1,4,3,No,98.4,13,No,
EMP02717,51,Female,Operations,Operations Specialist,47400,14,5,1,2,No,98.4,17,No,
EMP02718,45,Female,Engineering,Engineering Manager,28800,10,1,2,3,No,83.6,14,No,
EMP02719,36,Male,IT,IT Analyst,61700,7,4,1,5,No,86,16,No,
EMP02720,60,Female,Finance,Finance Coordinator,74300,7,4,3,4,No,91.8,3,No,
EMP02721,58,Male,Customer Service,Customer Service Coordinator,64100,1,1,4,2,Yes,96,1,No,
EMP02722,25,Female,Finance,Finance Coordinator,78200,0,1,5,5,No,93.5,24,No,
EMP02723,28,Female,Finance,Finance Executive,51000,4,4,2,3,No,83.3,4,No,
EMP02724,24,Female,IT,IT Analyst,52000,1,4,2,5,No,84.6,8,Yes,Relocation
EMP02725,28,Male,Marketing,Marketing Analyst,58800,8,2,1,4,No,93.2,12,No,
EMP02726,55,Female,Finance,Finance Manager,56900,15,1,4,5,No,85,23,No,
EMP02727,41,Male,HR,HR Coordinator,50400,6,2,5,4,No,91.7,8,No,
EMP02728,56,Female,Customer Service,Customer Service Manager,27700,8,1,4,5,No,94.2,13,No,
EMP02729,57,Female,Finance,Finance Executive,25500,0,3,2,5,No,83.1,3,No,
EMP02730,52,Female,IT,IT Analyst,48200,0,3,5,3,No,89.9,0,No,
EMP02731,39,Female,Finance,Finance Coordinator,63700,4,4,4,2,No,87.9,16,Yes,Manager/Team Issues
EMP02732,60,Female,Finance,Finance Manager,34500,8,2,1,4,No,88.3,14,No,
EMP02733,39,Male,Engineering,Engineering Specialist,70600,12,2,4,3,Yes,84.9,18,No,
EMP02734,28,Male,Sales,Sales Specialist,71400,0,2,5,3,Yes,94.8,16,No,
EMP02735,40,Male,Marketing,Marketing Coordinator,40700,10,4,3,2,No,90.2,19,No,
EMP02736,27,Male,Sales,Sales Coordinator,66600,4,3,2,3,No,97.2,1,No,
EMP02737,30,Male,Finance,Finance Specialist,40700,7,1,5,5,Yes,84.3,2,No,
EMP02738,49,Female,Sales,Sales Executive,27000,6,2,4,5,Yes,90.2,4,No,
EMP02739,21,Male,Sales,Sales Manager,45700,0,3,5,2,No,89.2,23,No,
EMP02740,57,Male,Operations,Operations Executive,84600,6,4,1,3,No,84.7,14,No,
EMP02741,48,Female,IT,IT Executive,51600,0,1,2,5,No,94.7,5,No,
EMP02742,51,Male,Engineering,Engineering Specialist,90000,3,4,1,3,Yes,96.4,3,No,
EMP02743,45,Female,HR,HR Specialist,79400,7,1,2,3,Yes,90.4,17,No,
EMP02744,22,Male,IT,IT Specialist,90000,0,1,3,4,No,97.1,22,No,
EMP02745,44,Male,Marketing,Marketing Analyst,45800,4,5,2,5,Yes,99.8,23,No,
EMP02746,59,Female,Finance,Finance Executive,34400,15,5,2,4,No,88.3,12,No,
EMP02747,41,Male,IT,IT Executive,41600,1,2,5,2,No,88.2,13,No,
EMP02748,42,Male,Sales,Sales Manager,62800,12,1,4,4,No,88.6,11,No,
EMP02749,36,Female,Marketing,Marketing Specialist,64400,5,5,4,4,No,82.6,9,No,
EMP02750,24,Female,Sales,Sales Specialist,52500,4,1,3,3,Yes,83.7,10,No,
EMP02751,21,Male,HR,HR Manager,54500,1,2,1,4,No,91,12,No,
EMP02752,53,Female,Finance,Finance Manager,75900,3,1,1,2,No,98.4,10,No,
EMP02753,38,Female,Customer Service,Customer Service Manager,79300,15,3,5,3,No,91.2,11,No,
EMP02754,54,Female,Sales,Sales Specialist,84100,3,2,3,3,No,90.4,3,No,
EMP02755,50,Female,Sales,Sales Specialist,80900,13,3,5,3,No,90.2,22,No,
EMP02756,21,Female,IT,IT Coordinator,51900,0,4,4,2,No,91.8,22,No,
EMP02757,30,Female,Engineering,Engineering Analyst,47600,6,2,3,4,No,83.5,20,No,
EMP02758,29,Male,Sales,Sales Manager,66100,6,3,4,5,No,94.6,0,No,
EMP02759,55,Female,Customer Service,Customer Service Analyst,54400,13,1,2,5,Yes,90.9,18,No,
EMP02760,55,Male,HR,HR Specialist,77700,1,2,5,2,No,83,21,No,
EMP02761,56,Male,Marketing,Marketing Manager,47500,7,1,3,5,Yes,84.1,25,No,
EMP02762,46,Female,Finance,Finance Coordinator,37300,7,4,1,4,Yes,83.1,10,No,
EMP02763,21,Male,Operations,Operations Analyst,28900,1,3,4,2,No,99.7,16,No,
EMP02764,30,Male,Marketing,Marketing Coordinator,29000,6,4,4,2,No,89.1,17,No,
EMP02765,45,Male,Sales,Sales Specialist,79100,13,5,3,4,No,91.4,25,No,
EMP02766,53,Female,Operations,Operations Specialist,55900,14,2,3,4,No,86.2,10,No,
EMP02767,26,Female,Customer Service,Customer Service Executive,47500,5,1,4,4,No,95.5,6,No,
EMP02768,49,Female,Operations,Operations Manager,39700,15,3,5,3,Yes,84,3,Yes,Personal Reasons
EMP02769,34,Female,Sales,Sales Manager,61900,10,1,3,5,No,96.5,10,Yes,Higher Studies
EMP02770,36,Male,Sales,Sales Executive,50100,9,1,5,2,No,99,3,No,
EMP02771,60,Male,Marketing,Marketing Coordinator,33200,15,2,4,4,No,95.7,7,No,
EMP02772,43,Female,Finance,Finance Specialist,32800,12,5,1,2,No,89.1,5,No,
EMP02773,55,Female,Sales,Sales Coordinator,62300,10,4,4,5,Yes,100,6,No,
EMP02774,21,Male,Customer Service,Customer Service Executive,80000,1,4,5,4,Yes,86,11,No,
EMP02775,21,Female,IT,IT Coordinator,52300,0,4,4,4,Yes,97.1,18,No,
EMP02776,29,Female,HR,HR Analyst,58300,1,3,2,4,Yes,85.9,10,No,
EMP02777,45,Female,Customer Service,Customer Service Analyst,62600,5,2,4,5,No,84.7,7,No,
EMP02778,56,Female, customer service ,Customer Service Executive,79900,0,1,2,2,Yes,91.7,10,No,
EMP02779,35,Female,Operations,Operations Manager,39200,5,3,3,3,Yes,96.3,6,No,
EMP02780,54,Female,HR,HR Specialist,55900,4,3,3,3,Yes,92.9,9,No,
EMP02781,44,Female,Engineering,Engineering Analyst,53800,10,3,4,4,No,88.4,6,Yes,Better Salary
EMP02782,51,Female,Finance,Finance Executive,74400,5,3,1,4,No,89.7,11,No,
EMP02783,35,Female,Sales,Sales Coordinator,37100,6,5,5,3,Yes,93.6,8,No,
EMP02784,26,Female,Finance,Finance Specialist,61000,1,2,5,4,No,85.7,22,No,
EMP02785,35,Female,Operations,Operations Specialist,25400,11,1,1,3,No,82.1,6,No,
EMP02786,60,Female,Sales,Sales Executive,80200,0,3,4,5,No,98.1,2,No,
EMP02787,50,Female,HR,HR Analyst,89000,2,4,3,2,No,96.7,6,No,
EMP02788,28,Female,HR,HR Executive,33100,6,1,3,2,No,86.8,14,No,
EMP02789,51,Male,Marketing,Marketing Specialist,31400,13,3,3,3,No,87.9,25,No,
EMP02790,30,Female,Marketing,Marketing Coordinator,79300,4,2,5,2,No,89.6,2,Yes,Career Growth
EMP02791,44,Female,Finance,Finance Specialist,84300,0,1,3,4,No,92.5,3,Yes,Better Salary
EMP02792,54,Female,HR,HR Manager,63700,4,2,5,4,Yes,96.6,15,No,
EMP02793,24,Female,Sales,Sales Specialist,41500,1,4,1,2,No,95.3,8,No,
EMP02794,41,Female,Customer Service,Customer Service Executive,78900,4,2,1,4,Yes,96.6,11,No,
EMP02795,26,Female,Marketing,Marketing Specialist,76300,0,5,3,2,Yes,82.9,5,No,
EMP02796,27,Female,Finance,Finance Executive,77100,0,5,4,5,No,93.4,7,No,
EMP02797,58,Male,Sales,Sales Coordinator,67200,2,2,1,2,No,98.5,2,No,
EMP02798,30,Female,Marketing,Marketing Analyst,38200,6,4,3,3,No,89,12,No,
EMP02799,50,Female,Finance,Finance Manager,38200,6,2,3,3,No,95.5,0,Yes,Better Salary
EMP02800,26,Female,Marketing,Marketing Manager,65300,4,2,3,4,Yes,86.3,16,No,
EMP02801,37,Male,Sales,Sales Manager,33000,14,3,5,4,No,87,2,No,
EMP02802,23,Female,Customer Service,Customer Service Analyst,34300,2,1,4,2,No,94.7,21,No,
EMP02803,44,Female,Marketing,Marketing Executive,28200,7,3,3,3,Yes,83.3,9,Yes,Manager/Team Issues
EMP02804,60,Male,HR,HR Executive,52500,8,5,4,2,Yes,97.8,17,No,
EMP02805,42,Female,Operations,Operations Analyst,86100,13,1,4,2,No,91.6,21,No,
EMP02806,32,Male,Operations,Operations Executive,47200,9,2,4,3,Yes,91.15,1,No,
EMP02807,21,Female,Operations,Operations Coordinator,44200,0,3,4,3,No,94.3,6,No,
EMP02808,35,Male,Operations,Operations Executive,44800,7,4,2,5,Yes,90.6,0,No,
EMP02809,54,Male,IT,IT Coordinator,62600,7,1,3,4,No,83.6,6,Yes,Relocation
EMP02810,49,Female,Marketing,Marketing Specialist,83500,7,2,3,3,No,84.8,23,No,
EMP02811,59,Male,Finance,Finance Specialist,48200,3,3,2,5,No,87.3,7,No,
EMP02812,25,Female,Engineering,Engineering Specialist,25700,3,5,4,3,No,93,4,No,
EMP02813,25,Male,Sales,Sales Analyst,38400,4,3,3,3,No,84,15,No,
EMP02814,55,Female,Marketing,Marketing Specialist,74600,14,4,2,5,No,99.8,3,No,
EMP02815,53,Female,HR,HR Coordinator,49200,4,3,4,2,No,92,12,No,
EMP02816,36,Male,Marketing,Marketing Manager,77000,2,5,2,3,No,82.8,20,No,
EMP02817,33,Male,IT,IT Executive,36800,2,4,2,3,No,94.2,6,No,
EMP02818,50,Male,Operations,Operations Specialist,33100,8,4,4,4,No,83.5,14,No,
EMP02819,51,Male,Finance,Finance Analyst,55100,5,2,1,4,Yes,93.4,13,No,
EMP02820,40,Female,Customer Service,Customer Service Specialist,41200,3,1,2,5,Yes,93.7,6,No,
EMP02821,34,Male,IT, IT Manager ,67400,0,3,4,4,Yes,98.2,18,No,
EMP02822,30,Female,Sales,Sales Coordinator,57200,1,5,4,5,No,95.1,12,No,
EMP02823,44,Female,Marketing,Marketing Coordinator,47500,15,2,1,5,Yes,94.5,10,No,
EMP02824,36,Male,Operations,Operations Executive,29300,7,4,3,4,Yes,89,22,No,
EMP02825,35,Male,Operations,Operations Analyst,88200,4,5,4,4,No,94.6,17,No,
EMP02826,28,Male,IT,IT Coordinator,72400,4,2,5,5,No,83.7,19,No,
EMP02827,34,Female,HR,HR Executive,42400,3,1,2,4,No,98.2,17,No,
EMP02828,23,Female,IT,IT Executive,63500,0,5,4,2,No,93.4,5,Yes,Better Salary
EMP02829,49,Male,Finance,Finance Analyst,85200,11,5,1,5,No,97.1,12,No,
EMP02830,38,Male,Sales,Sales Manager,54900,7,4,4,2,No,96.7,8,Yes,Relocation
EMP02831,56,Male,HR,HR Specialist,67700,2,1,5,2,Yes,82.2,14,No,
EMP02832,35,Male,IT,IT Executive,47800,0,1,3,5,No,86.4,11,Yes,Higher Studies
EMP02833,26,Female,Customer Service,Customer Service Specialist,34100,3,4,3,4,No,99.3,1,No,
EMP02834,32,Female,Marketing,Marketing Coordinator,71100,7,2,4,5,Yes,90,3,Yes,Personal Reasons
EMP02835,38,Male,Sales,Sales Specialist,45500,8,2,1,2,Yes,97,10,No,
EMP02836,46,Female,Sales,Sales Analyst,47100,7,4,2,5,No,93.8,7,No,
EMP02837,41,Male,Customer Service,Customer Service Coordinator,30100,2,2,4,4,No,87.3,13,No,
EMP02838,40,Male,Customer Service,Customer Service Executive,56200,1,4,5,3,No,83.3,21,No,
EMP02839,23,Female,HR,HR Specialist,70600,3,2,4,5,No,85.9,10,Yes,Relocation
EMP02840,42,Male,IT,IT Executive,34400,15,4,5,4,No,89,5,Yes,Higher Studies
EMP02841,46,Male,HR,HR Analyst,27300,8,5,2,3,No,94.4,6,No,
EMP02842,22,Male,Customer Service,Customer Service Manager,89000,2,5,2,4,No,98.2,20,No,
EMP02843,30,Female,Customer Service,Customer Service Analyst,88100,1,5,3,5,No,86.2,5,No,
EMP02844,60,Female,IT,IT Executive,52600,5,1,4,4,No,84,7,No,
EMP02845,41,Male,Engineering,Engineering Executive,39900,3,5,1,3,No,93.3,4,No,
EMP02846,53,Female,IT,IT Specialist,45100,13,5,3,4,Yes,92.2,7,No,
EMP02847,42,Male,HR,HR Executive,70200,5,5,2,2,No,95.5,13,Yes,Higher Studies
EMP02848,57,Female,Sales,Sales Executive,58400,3,5,2,2,No,85.2,5,No,
EMP02849,29,Male,Finance,Finance Analyst,37400,3,5,5,3,Yes,93.2,20,No,
EMP02850,35,Female,Engineering,Engineering Coordinator,73800,0,1,1,4,No,94.4,5,No,
EMP02851,29,Female,Engineering,Engineering Analyst,53900,0,2,3,4,Yes,92.6,0,No,
EMP02852,50,Female,HR,HR Executive,80000,9,5,1,5,No,95.1,24,No,
EMP02853,50,Male,Sales,Sales Analyst,25500,12,1,3,2,No,97.4,12,No,
EMP02854,49,Female,IT,IT Coordinator,32400,14,1,5,2,No,87.3,1,No,
EMP02855,59,Male,HR,HR Analyst,72400,0,1,1,3,Yes,95.6,10,No,
EMP02856,42,Female,Sales,Sales Manager,71400,7,5,4,3,No,90,13,No,
EMP02857,52,Female,Customer Service,Customer Service Manager,67200,2,3,5,2,No,84.3,18,No,
EMP02858,34,Female,IT,IT Analyst,69100,1,2,4,5,No,93.7,12,No,
EMP02859,47,Male,Operations,Operations Coordinator,28800,7,3,1,5,Yes,92.1,18,No,
EMP02860,49,Female,Marketing,Marketing Coordinator,65900,3,1,3,2,No,84.5,15,No,
EMP02861,54,Male,Customer Service,Customer Service Manager,72400,15,5,1,5,No,87.2,0,No,
EMP02862,39,Female,Sales,Sales Coordinator,49400,6,4,2,5,No,90.9,14,No,
EMP02863,60,Male,Operations,Operations Manager,52900,6,2,5,4,Yes,83.5,21,No,
EMP02864,51,Male,Marketing,Marketing Specialist,81400,3,1,3,5,No,94.4,21,No,
EMP02865,24,Female,Operations,Operations Analyst,41200,2,1,1,4,Yes,88.2,12,No,
EMP02866,46,Female,Finance,Finance Specialist,47500,11,2,1,2,No,97,24,No,
EMP02867,29,Male,Customer Service,Customer Service Manager,69200,9,4,2,4,No,98,20,No,
EMP02868,41,Male,Marketing,Marketing Analyst,52300,5,3,3,5,Yes,91.5,25,No,
EMP02869,54,Female,Sales,Sales Analyst,55100,15,5,4,4,Yes,94.8,12,No,
EMP02870,38,Male,Engineering,Engineering Coordinator,62600,8,4,1,4,No,99.3,2,Yes,Manager/Team Issues
EMP02871,58,Male,IT,IT Analyst,60600,15,2,1,4,No,88.5,8,No,
EMP02872,24,Male,Marketing,Marketing Coordinator,87000,3,1,2,2,No,82.7,10,Yes,Personal Reasons
EMP02873,23,Male,HR,HR Analyst,53800,1,5,2,2,No,93.2,9,Yes,Higher Studies
EMP02874,28,Male,Engineering,Engineering Coordinator,25200,2,5,5,5,Yes,92.8,5,No,
EMP02875,39,Female,Engineering,Engineering Manager,83000,7,4,4,3,Yes,90.5,8,No,
EMP02876,57,Male,Customer Service,Customer Service Specialist,55600,2,2,5,5,No,89.8,22,No,
EMP02877,31,Female,Engineering,Engineering Analyst,51200,3,4,4,5,Yes,82.2,0,No,
EMP02878,36,Female,HR,HR Coordinator,54200,13,5,5,2,No,84.9,0,No,
EMP02879,26,Female, customer service ,Customer Service Specialist,30000,0,3,3,5,No,99,22,No,
EMP02880,36,Male,Marketing,Marketing Specialist,60800,2,2,1,4,Yes,84.4,4,Yes,Work-Life Balance
EMP02881,48,Female,Customer Service,Customer Service Coordinator,60500,3,2,2,5,No,84.1,23,No,
EMP02882,23,Male,Operations,Operations Analyst,61300,1,2,4,4,No,82.3,7,No,
EMP02883,48,Female,IT,IT Analyst,65800,13,1,5,3,No,82.2,14,No,
EMP02884,26,Male,Customer Service,Customer Service Manager,52500,0,1,5,4,Yes,90.9,5,No,
EMP02885,29,Male,Sales,Sales Analyst,70500,6,3,1,3,Yes,94.1,17,No,
EMP02886,41,Male,Operations,Operations Executive,89100,9,3,1,4,No,96.4,17,No,
EMP02887,59,Male,HR,HR Coordinator,70800,5,4,4,4,No,94.9,0,No,
EMP02888,39,Female,Engineering,Engineering Analyst,72900,4,4,4,2,No,90.8,3,No,
EMP02889,34,Female,HR,HR Analyst,31800,12,1,3,3,No,97.5,15,No,
EMP02890,51,Male,IT,IT Executive,34100,10,4,1,2,No,88.7,15,No,
EMP02891,23,Female,Sales,Sales Specialist,27600,1,1,1,4,No,89.6,15,No,
EMP02892,30,Male,Operations,Operations Manager,60800,4,2,4,3,Yes,84.8,1,No,
EMP02893,55,Male,IT,IT Executive,42900,1,5,3,3,Yes,94,17,No,
EMP02894,39,Female,IT,IT Analyst,72500,8,1,2,3,No,88.6,19,No,
EMP02895,55,Male,Customer Service,Customer Service Analyst,80400,5,2,2,2,Yes,84.9,7,No,
EMP02896,60,Male,Operations,Operations Executive,78800,6,4,1,4,No,92,12,No,
EMP02897,59,Female,HR,HR Coordinator,79400,2,4,5,2,No,98.4,2,No,
EMP02898,56,Female,HR,HR Manager,51500,11,4,5,2,No,99.2,16,No,
EMP02899,50,Female,Engineering,Engineering Executive,43500,13,1,3,4,No,82.9,7,No,
EMP02900,39,Male,HR,HR Coordinator,55900,7,1,3,5,No,94.3,10,No,
EMP02901,31,Female,Customer Service,Customer Service Analyst,34400,7,3,5,3,No,90.5,20,No,
EMP02902,50,Female,Customer Service,Customer Service Coordinator,82500,6,3,1,5,No,93.5,19,Yes,Manager/Team Issues
EMP02903,41,Female,Sales,Sales Specialist,56200,9,2,3,4,No,91.7,14,No,
EMP02904,49,Male,HR,HR Executive,52900,12,2,1,3,No,86.7,1,No,
EMP02905,31,Female,Engineering,Engineering Coordinator,69300,4,5,3,5,Yes,83.1,15,No,
EMP02906,38,Female,Sales,Sales Manager,87600,11,4,3,2,No,83.1,9,No,
EMP02907,34,Female,Customer Service,Customer Service Executive,34600,2,2,3,2,Yes,87.4,5,Yes,Manager/Team Issues
EMP02908,28,Male,Operations,Operations Executive,58100,0,5,2,5,No,82.1,5,No,
EMP02909,47,Male,Operations,Operations Coordinator,61100,13,3,2,2,Yes,90.6,3,No,
EMP02910,45,Male,Finance,Finance Manager,29000,7,4,4,5,No,99.2,18,Yes,Career Growth
EMP02911,23,Male,Operations,Operations Specialist,69300,1,2,5,4,No,92.2,19,No,
EMP02912,32,Female,HR,HR Coordinator,64900,6,5,1,5,Yes,90.6,3,No,
EMP02913,40,Female,IT,IT Coordinator,85300,12,1,2,2,No,93.4,24,No,
EMP02914,38,Female,IT,IT Specialist,59600,10,1,2,4,No,82,13,No,
EMP02915,57,Female,Marketing,Marketing Coordinator,56100,10,3,1,2,Yes,93.3,21,No,
EMP02916,24,Male,Customer Service,Customer Service Analyst,26000,2,4,5,3,No,83.7,10,No,
EMP02917,37,Male,HR,HR Executive,70900,3,2,5,2,Yes,85.1,25,Yes,Better Salary
EMP02918,40,Male,Finance,Finance Manager,66900,7,2,5,3,No,92.1,0,No,
EMP02919,24,Female,Finance,Finance Coordinator,62800,3,1,1,5,No,93.2,19,No,
EMP02920,40,Female,Marketing,Marketing Executive,56400,10,2,2,3,No,85.3,5,No,
EMP02921,59,Female,Engineering,Engineering Analyst,80600,7,1,4,2,Yes,97.4,19,No,
EMP02922,34,Female,HR,HR Executive,47500,2,4,3,3,Yes,95.9,11,No,
EMP02923,23,Female,Operations,Operations Specialist,35000,2,2,5,4,No,86.7,1,No,
EMP02924,42,Male,Operations,Operations Coordinator,72700,12,1,4,5,Yes,87.9,23,Yes,Work-Life Balance
EMP02925,27,Female,Sales,Sales Executive,40800,7,5,1,2,No,90.5,11,No,
EMP02926,22,Female,Operations,Operations Manager,51200,1,2,4,4,No,85.8,3,No,
EMP02927,46,Female,Operations,Operations Coordinator,29400,6,3,2,2,No,96.3,24,No,
EMP02928,50,Female,Marketing,Marketing Analyst,34400,3,5,2,5,Yes,98.2,5,No,
EMP02929,45,Female,IT,IT Specialist,81400,9,5,1,2,No,93.8,18,No,
EMP02930,46,Male,HR,HR Analyst,66300,5,1,3,2,Yes,91.8,8,No,
EMP02931,52,Female,Customer Service,Customer Service Manager,52700,11,3,1,3,No,88.4,7,No,
EMP02932,54,Male,Customer Service,Customer Service Manager,55000,5,2,4,4,No,91.4,23,No,
EMP02933,50,Male,Sales,Sales Analyst,28700,10,3,2,4,Yes,90.3,4,No,
EMP02934,57,Male,HR,HR Coordinator,36400,2,2,2,2,No,93.9,20,No,
EMP02935,26,Female,Marketing,Marketing Executive,84900,5,4,3,2,No,91.1,19,No,
EMP02936,30,Male,Sales,Sales Analyst,73300,1,1,4,2,Yes,98.7,24,Yes,Better Salary
EMP02937,48,Female,Engineering,Engineering Manager,51600,7,5,5,4,No,87.6,11,Yes,Career Growth
EMP02938,39,Male,Engineering,Engineering Specialist,34300,8,2,4,3,No,86.5,9,No,
EMP02939,37,Female,HR,HR Analyst,82100,4,2,2,3,Yes,93.4,19,No,
EMP02940,39,Female,HR,HR Specialist,51400,1,5,1,2,No,99.1,1,Yes,Higher Studies
EMP02941,23,Female,Sales,Sales Manager,36900,3,4,5,4,No,87.3,2,No,
EMP02942,58,Male,HR,HR Analyst,81700,13,5,2,3,Yes,85.1,1,No,
EMP02943,25,Female,Marketing,Marketing Manager,75900,3,2,2,3,Yes,85.6,7,Yes,Relocation
EMP02944,56,Male,Marketing,Marketing Executive,89000,11,1,3,2,No,85.5,13,No,
EMP02945,32,Female,Finance,Finance Executive,78700,5,2,2,4,Yes,95,20,No,
EMP02946,23,Male,Marketing,Marketing Coordinator,53900,2,3,4,4,No,90.7,13,No,
EMP02947,48,Female,Engineering,Engineering Executive,33600,8,1,5,5,Yes,82.7,22,Yes,Relocation
EMP02948,40,Male,Engineering,Engineering Specialist,53800,14,2,2,5,No,93.1,16,No,
EMP02949,57,Male,Engineering,Engineering Executive,82500,3,4,2,2,No,95.3,21,Yes,Personal Reasons
EMP02950,34,Male,Engineering,Engineering Executive,31600,3,4,4,5,Yes,88.8,4,No,
EMP02951,59,Female,Marketing,Marketing Specialist,55400,9,2,1,2,No,82.5,19,No,
EMP02952,30,Male,Engineering,Engineering Executive,64000,10,2,2,2,No,93.3,22,Yes,Better Salary
EMP02953,25,Female,Marketing,Marketing Analyst,84400,4,3,2,5,No,83,2,No,
EMP02954,21,Female,HR,HR Manager,87700,1,3,3,3,No,84.3,20,No,
EMP02955,51,Female,HR,HR Manager,44200,8,2,1,2,No,84.1,11,No,
EMP02956,53,Female,Customer Service,Customer Service Specialist,42700,8,1,1,2,No,91.7,5,No,
EMP02957,51,Male,Customer Service,Customer Service Manager,80300,13,1,4,2,No,83.7,0,No,
EMP02958,40,Male,IT, IT Executive ,49300,0,1,2,3,No,87.4,22,No,
EMP02959,44,Male,Finance,Finance Analyst,59100,11,5,3,5,No,91.8,25,No,
EMP02960,41,Male,Customer Service,Customer Service Specialist,48100,4,2,2,4,Yes,98.3,15,No,
EMP02961,38,Female,Sales,Sales Executive,47700,0,1,4,2,No,85.5,22,No,
EMP02962,39,Female,Finance,Finance Manager,65900,13,3,4,4,No,92.9,1,Yes,Work-Life Balance
EMP02963,43,Female,IT,IT Manager,61800,10,2,1,2,No,92.1,13,No,
EMP02964,22,Female,Sales,Sales Manager,72300,0,2,4,3,No,96.2,25,No,
EMP02965,32,Male,Engineering,Engineering Executive,83100,2,2,2,5,No,97.8,1,Yes,Higher Studies
EMP02966,55,Male,HR,HR Executive,33000,13,3,4,4,Yes,92,8,No,
EMP02967,50,Male,Engineering,Engineering Manager,67500,2,3,5,2,Yes,92.7,1,No,
EMP02968,39,Male,Sales,Sales Coordinator,75000,5,4,4,5,No,86.9,2,No,
EMP02969,35,Female,Marketing,Marketing Executive,73200,12,5,3,3,No,96.8,19,No,
EMP02970,52,Male,IT,IT Specialist,46400,5,4,2,4,Yes,84.6,20,No,
EMP02971,23,Female,IT,IT Executive,61600,2,2,4,5,No,92.2,6,Yes,Better Salary
EMP02972,35,Male,HR,HR Analyst,39700,3,5,4,3,No,91,25,No,
EMP02973,45,Male,Operations,Operations Manager,28100,15,2,2,2,No,95.5,8,No,
EMP02974,44,Male,Engineering,Engineering Analyst,60400,11,1,3,4,No,83.5,25,No,
EMP02975,29,Male,Finance,Finance Coordinator,58000,0,5,3,4,No,85.8,12,No,
EMP02976,54,Female,Marketing,Marketing Specialist,81200,3,1,5,3,No,98,17,No,
EMP02977,28,Female,HR,HR Analyst,76100,5,4,1,2,No,91,16,Yes,Manager/Team Issues
EMP02978,57,Male,Customer Service,Customer Service Executive,71900,7,5,2,4,No,99.7,7,Yes,Personal Reasons
EMP02979,26,Female,Customer Service,Customer Service Specialist,53200,4,3,1,2,No,94.5,20,No,
EMP02980,58,Female, hr ,HR Coordinator,83800,11,4,3,5,No,91.4,12,No,
EMP02981,53,Male,Sales,Sales Specialist,42700,7,4,5,2,No,87.7,20,No,
EMP02982,55,Male,Finance,Finance Specialist,48800,1,5,5,3,No,95.3,14,No,
EMP02983,55,Male,Finance,Finance Analyst,38200,8,2,3,5,No,99.5,1,No,
EMP02984,28,Male,Customer Service,Customer Service Executive,28100,5,2,2,3,No,82.6,17,No,
EMP02985,47,Male,Customer Service,Customer Service Analyst,81900,0,3,2,3,No,91.15,24,No,
EMP02986,51,Female,HR,HR Specialist,26500,12,4,1,2,No,92.8,14,Yes,Career Growth
EMP02987,60,Female,IT,IT Analyst,81100,14,5,3,5,No,92.7,2,No,
EMP02988,41,Male,HR,HR Manager,65500,3,5,3,4,No,86.1,2,No,
EMP02989,24,Male,Marketing,Marketing Analyst,38000,2,2,3,5,No,87.1,5,No,
EMP02990,34,Male,Operations,Operations Specialist,31400,13,3,4,4,No,92.9,22,No,
EMP02991,53,Female,Customer Service,Customer Service Executive,55200,2,3,1,2,Yes,93.2,4,No,
EMP02992,28,Male,Customer Service,Customer Service Coordinator,68800,0,1,5,4,Yes,83,15,No,
EMP02993,28,Male,Marketing,Marketing Coordinator,64700,1,5,5,4,Yes,97,21,No,
EMP02994,45,Male,Marketing,Marketing Specialist,29100,3,5,2,4,Yes,97,15,No,
EMP02995,33,Female,Customer Service,Customer Service Coordinator,74200,12,2,5,3,No,82.3,2,No,
EMP02996,35,Female,Customer Service,Customer Service Specialist,29500,5,3,4,3,No,85.2,24,No,
EMP02997,40,Male,IT,IT Manager,85300,2,5,1,3,No,95.3,9,No,
EMP02998,28,Female,Sales,Sales Analyst,42300,3,4,3,2,No,83.2,3,No,
EMP02999,42,Male,HR,HR Executive,81400,8,2,3,3,No,84.6,20,No,
EMP03000,43,Female,IT,IT Manager,70200,14,1,2,2,No,83.8,11,No,
EMP03001,29,Female,Marketing,Marketing Analyst,54900,9,4,5,5,No,88.6,20,Yes,Work-Life Balance
EMP03002,39,Male,Customer Service,Customer Service Coordinator,73100,7,1,5,5,Yes,87.7,24,Yes,Personal Reasons
EMP03003,32,Female,IT,IT Analyst,28000,3,2,1,4,No,82.2,23,No,
EMP03004,22,Female,IT,IT Analyst,55300,0,2,3,2,Yes,86.5,2,No,
EMP03005,26,Female,Finance,Finance Manager,61800,3,1,1,2,No,95.5,11,No,
EMP03006,45,Male,Customer Service,Customer Service Manager,87800,10,3,1,4,No,87.7,13,No,
EMP03007,52,Male,HR,HR Executive,64800,5,1,1,3,Yes,84.9,17,Yes,Better Salary
EMP03008,51,Female,Sales,Sales Coordinator,74200,13,4,2,2,No,96.9,3,No,
EMP03009,26,Male,Marketing,Marketing Coordinator,88400,5,3,4,2,Yes,83.4,25,No,
EMP03010,23,Female,Customer Service,Customer Service Analyst,62800,2,2,3,5,No,86,19,No,
EMP03011,28,Male,Engineering,Engineering Executive,55900,0,3,2,5,Yes,97.3,6,No,
EMP03012,48,Female,Operations,Operations Manager,43700,9,4,1,2,No,85.3,2,No,
EMP03013,56,Female,Customer Service,Customer Service Specialist,29600,13,2,1,5,No,90.5,16,No,
EMP03014,37,Female,Customer Service,Customer Service Coordinator,43900,1,5,3,3,No,99.9,1,No,
EMP03015,35,Female,Sales,Sales Manager,55000,5,2,5,4,No,93.3,5,No,
EMP03016,33,Female,Sales,Sales Coordinator,86500,9,3,3,3,No,99.2,15,No,
EMP03017,54,Male,Finance,Finance Executive,77000,12,3,3,4,No,90.6,17,Yes,Work-Life Balance
EMP03018,21,Female,IT,IT Executive,53700,1,2,5,5,Yes,95.4,22,No,
EMP03019,31,Female,Operations,Operations Manager,73900,9,4,4,2,No,90,14,No,
EMP03020,38,Female,Finance,Finance Specialist,38500,12,2,1,4,No,85.2,17,No,
EMP03021,28,Male,Operations,Operations Coordinator,36300,6,2,5,5,No,93.2,10,No,
EMP03022,38,Female,Customer Service,Customer Service Coordinator,41300,11,2,1,2,No,96.9,20,Yes,Career Growth
EMP03023,60,Male,Customer Service,Customer Service Specialist,72500,14,4,1,5,No,84.5,20,Yes,Career Growth
EMP03024,37,Male,Engineering,Engineering Analyst,77700,11,2,1,2,No,91.4,18,No,
EMP03025,52,Female,Customer Service,Customer Service Analyst,74500,9,1,4,3,Yes,83.4,17,No,
EMP03026,55,Male,Sales,Sales Coordinator,89400,2,2,3,3,No,93.7,7,No,
EMP03027,26,Female,Marketing,Marketing Coordinator,57400,4,4,2,2,Yes,99.3,25,Yes,Higher Studies
EMP03028,60,Female,Customer Service,Customer Service Specialist,74100,14,2,2,4,Yes,97.7,13,Yes,Manager/Team Issues
EMP03029,56,Female,HR,HR Manager,52300,7,2,5,3,No,99,8,No,
EMP03030,26,Male,Customer Service,Customer Service Specialist,59700,1,2,3,5,No,91.9,0,Yes,Manager/Team Issues
EMP03031,42,Male,Engineering,Engineering Specialist,77700,3,1,1,2,Yes,83.9,19,No,
EMP03032,50,Male,IT,IT Manager,28200,5,4,2,2,No,89.9,23,No,
EMP03033,40,Male,Marketing,Marketing Manager,56500,11,2,2,3,No,87.8,19,No,
EMP03034,43,Female,IT,IT Coordinator,43100,0,4,2,5,No,90.6,8,No,
EMP03035,31,Female,Customer Service,Customer Service Executive,71800,2,1,1,4,No,91.3,19,No,
EMP03036,52,Male,Operations,Operations Analyst,63000,14,3,1,5,No,93.7,22,No,
EMP03037,26,Male,Engineering,Engineering Manager,50600,4,5,1,2,No,94.6,18,No,
EMP03038,41,Male,IT,IT Specialist,70800,6,5,3,3,No,82.8,0,No,
EMP03039,55,Male,HR,HR Manager,42000,8,2,4,5,No,96.4,14,No,
EMP03040,45,Male,HR,HR Manager,43000,15,3,5,3,Yes,97,16,Yes,Manager/Team Issues
EMP03041,53,Female,Finance,Finance Analyst,44200,7,2,5,3,No,93.7,0,No,
EMP03042,44,Male,Marketing,Marketing Specialist,73300,1,2,2,4,Yes,88.4,4,No,
EMP03043,32,Female,HR,HR Coordinator,81600,8,3,2,4,Yes,96,16,No,
EMP03044,34,Male,Operations,Operations Analyst,38600,11,3,4,3,No,82.9,7,No,
EMP03045,29,Male,Engineering,Engineering Executive,59100,1,1,3,5,No,94.5,19,No,
EMP03046,43,Male,IT,IT Coordinator,69100,13,4,5,2,No,89.1,1,No,
EMP03047,22,Female,Sales,Sales Analyst,31100,2,2,4,5,No,94.1,14,No,
EMP03048,39,Female,Operations,Operations Coordinator,62600,15,5,1,2,Yes,83.4,6,No,
EMP03049,55,Female,Customer Service,Customer Service Manager,80000,2,1,1,3,No,93.7,16,Yes,Career Growth
EMP03050,48,Female,Sales,Sales Specialist,85500,10,5,1,2,No,88.3,14,No,
EMP03051,35,Male,Marketing,Marketing Coordinator,44800,12,4,4,4,No,84.6,2,No,
EMP03052,37,Female,HR,HR Specialist,40400,0,3,1,2,No,97.6,3,No,
EMP03053,36,Male,Sales,Sales Coordinator,41200,10,1,4,2,No,98.9,1,No,
EMP03054,34,Female,Sales,Sales Manager,79300,0,5,3,4,Yes,91.9,18,Yes,Work-Life Balance
EMP03055,36,Male,Sales,Sales Executive,85300,9,1,1,2,No,95.1,3,No,
EMP03056,44,Female,Customer Service,Customer Service Executive,69600,4,5,1,5,No,89.9,2,No,
EMP03057,36,Male,Engineering,Engineering Manager,31100,12,2,1,5,Yes,98.6,11,No,
EMP03058,55,Male,IT,IT Executive,62800,6,5,5,4,No,88.5,4,No,
EMP03059,23,Female,IT,IT Analyst,40900,2,1,5,2,No,85.6,5,No,
EMP03060,49,Female,Finance,Finance Manager,80200,2,4,5,2,No,93.3,25,No,
EMP03061,49,Female,Marketing,Marketing Coordinator,25200,4,3,3,4,No,82.9,15,No,
EMP03062,55,Female,Engineering,Engineering Analyst,79800,9,2,1,4,No,82.9,0,No,
EMP03063,40,Male,Engineering,Engineering Coordinator,51300,4,1,5,3,No,94.4,9,No,
EMP03064,29,Female,Customer Service,Customer Service Coordinator,89300,6,2,4,4,No,92.4,16,Yes,Higher Studies
EMP03065,54,Female,HR,HR Analyst,79700,9,3,3,5,No,93.4,5,No,
EMP03066,32,Female,Operations,Operations Manager,87300,1,1,2,3,No,96.8,12,No,
EMP03067,35,Female,Marketing,Marketing Manager,46500,15,4,5,5,No,88.7,11,No,
EMP03068,21,Male,Finance,Finance Executive,35900,1,5,4,5,No,89.4,1,No,
EMP03069,34,Male,Engineering,Engineering Manager,70000,0,4,1,2,No,98.2,21,No,
EMP03070,58,Female,Sales,Sales Analyst,58200,1,1,4,5,No,97.6,25,No,
EMP03071,23,Male,Finance,Finance Analyst,67900,2,4,5,3,No,98.4,15,No,
EMP03072,35,Male,HR,HR Manager,55800,9,5,1,4,No,98.6,15,No,
EMP03073,47,Female,Marketing,Marketing Specialist,49000,14,5,2,3,No,87.4,24,No,
EMP03074,52,Female,Sales,Sales Manager,50100,13,1,4,5,No,84,4,No,
EMP03075,24,Male,Finance,Finance Executive,89500,4,5,1,4,No,82,22,No,
EMP03076,21,Female,Operations,Operations Executive,37400,1,2,5,4,Yes,99,19,No,
EMP03077,48,Male,Finance,Finance Manager,56900,6,2,1,2,No,99,17,No,
EMP03078,35,Female,IT,IT Analyst,70300,0,1,1,3,No,82.2,19,No,
EMP03079,54,Female,Sales,Sales Analyst,62100,5,4,1,5,No,97.4,17,No,
EMP03080,52,Male,HR,HR Coordinator,62200,5,4,4,3,No,90.4,18,No,
EMP03081,45,Female, it ,IT Manager,87000,6,1,4,4,No,83.5,14,No,
EMP03082,58,Male,Sales,Sales Manager,31300,11,1,1,2,No,86.8,16,No,
EMP03083,48,Male,Operations,Operations Manager,25100,10,3,2,3,No,96.9,16,No,
EMP03084,26,Female,Engineering,Engineering Coordinator,48800,3,5,4,4,No,84.9,17,No,
EMP03085,57,Male,HR,HR Manager,33200,9,2,2,3,Yes,97.9,15,No,
EMP03086,28,Male,Marketing,Marketing Specialist,74000,7,5,3,4,Yes,91.8,18,Yes,Work-Life Balance
EMP03087,45,Female,IT,IT Coordinator,69400,9,4,5,2,Yes,85.8,10,No,
EMP03088,28,Female,IT,IT Manager,83300,3,5,4,2,Yes,99.5,24,No,
EMP03089,55,Female,Sales,Sales Coordinator,28900,12,3,5,3,No,94.9,11,Yes,Better Salary
EMP03090,57,Male,IT,IT Manager,62700,12,1,3,5,No,92.1,14,No,
EMP03091,48,Female,IT,IT Manager,63200,5,1,2,4,No,86.9,4,No,
EMP03092,29,Male,Sales,Sales Analyst,32600,8,1,2,2,Yes,98.8,3,No,
EMP03093,50,Female,Marketing,Marketing Manager,58900,6,4,1,3,No,85.1,24,No,
EMP03094,50,Female,Operations,Operations Executive,69700,0,1,4,4,No,91.7,8,No,
EMP03095,46,Female,HR, HR Specialist ,65400,14,2,3,5,No,92.9,8,No,
EMP03096,52,Male,Operations,Operations Executive,76200,15,4,5,2,No,83.1,9,No,
EMP03097,55,Female,IT,IT Coordinator,41000,15,4,1,5,No,99.5,14,No,
EMP03098,36,Male,Sales,Sales Analyst,46000,4,1,3,4,No,92.3,17,No,
EMP03099,31,Male,Customer Service,Customer Service Coordinator,36900,9,3,3,4,No,94.4,16,No,
EMP03100,28,Male,IT,IT Analyst,44200,8,5,3,5,No,82.8,8,Yes,Work-Life Balance
EMP03101,34,Male,Marketing,Marketing Executive,36100,4,1,2,4,No,83.5,17,No,
EMP03102,60,Female,Finance,Finance Specialist,46900,13,3,1,5,No,92.8,7,Yes,Relocation
EMP03103,49,Male,IT,IT Specialist,64700,8,1,2,3,No,83.9,17,No,
EMP03104,22,Female,Finance,Finance Manager,45800,0,1,5,5,No,86.3,25,No,
EMP03105,54,Female,Customer Service,Customer Service Executive,84400,15,2,2,3,Yes,87.4,11,No,
EMP03106,24,Female,Marketing,Marketing Manager,61800,0,4,1,3,No,89.4,17,No,
EMP03107,60,Female,Engineering,Engineering Coordinator,70800,2,4,5,2,No,97.8,1,No,
EMP03108,56,Male,IT,IT Manager,82600,6,1,5,5,No,86.4,7,No,
EMP03109,45,Female,Operations,Operations Coordinator,57500,7,4,1,2,No,92.9,15,No,
EMP03110,29,Female,Marketing,Marketing Coordinator,68300,6,2,2,5,No,96.8,2,No,
EMP03111,50,Female,HR,HR Coordinator,33400,3,5,4,2,No,97.4,0,No,
EMP03112,54,Male,Operations,Operations Executive,87000,14,3,2,5,No,97.2,21,No,
EMP03113,23,Female,HR,HR Specialist,71500,1,3,4,3,No,86.3,16,No,
EMP03114,23,Male,Finance,Finance Coordinator,56700,2,4,2,5,No,94.5,17,No,
EMP03115,43,Female,Sales,Sales Manager,37600,13,5,3,3,No,90,8,No,
EMP03116,30,Female,HR,HR Executive,46800,5,3,2,4,No,87.4,22,No,
EMP03117,50,Female,IT,IT Analyst,77400,11,5,2,5,No,93.2,14,Yes,Career Growth
EMP03118,24,Female,Customer Service,Customer Service Coordinator,36200,4,1,4,3,No,84.9,13,No,
EMP03119,26,Male,Marketing,Marketing Analyst,84400,3,1,3,5,No,99.4,0,No,
EMP03120,43,Male,Marketing,Marketing Manager,70400,14,1,3,4,Yes,90.2,3,Yes,Higher Studies
EMP03121,55,Male,Operations,Operations Executive,77400,0,4,2,4,Yes,89.2,12,No,
EMP03122,33,Female,HR,HR Analyst,40700,0,5,3,4,No,97.8,20,No,
EMP03123,21,Male,Sales,Sales Coordinator,42500,0,4,5,2,Yes,94.7,7,No,
EMP03124,55,Male,Marketing,Marketing Coordinator,83900,0,4,5,2,No,90.7,25,Yes,Relocation
EMP03125,48,Female,Engineering,Engineering Executive,37300,10,1,1,5,Yes,90.2,17,Yes,Work-Life Balance
EMP03126,26,Female,Customer Service,Customer Service Specialist,43300,0,5,3,4,Yes,93.9,19,No,
EMP03127,52,Female,Operations,Operations Analyst,45100,13,2,1,4,Yes,99.4,2,No,
EMP03128,45,Male,Marketing,Marketing Manager,48900,12,5,3,2,No,97.8,18,Yes,Better Salary
EMP03129,34,Male,Engineering,Engineering Coordinator,49400,10,3,5,5,No,86.3,21,No,
EMP03130,56,Female,HR,HR Manager,28000,14,2,1,4,No,95.4,1,No,
EMP03131,26,Male,Customer Service,Customer Service Analyst,38900,5,3,1,5,No,95.4,15,No,
EMP03132,52,Male,Marketing,Marketing Coordinator,75400,13,5,4,4,No,87.7,9,No,
EMP03133,39,Male,Sales,Sales Manager,78600,15,2,5,3,Yes,90.2,6,No,
EMP03134,42,Male,Engineering,Engineering Executive,42700,3,5,3,5,Yes,91.5,13,No,
EMP03135,40,Female,Operations,Operations Executive,72600,5,3,5,5,No,90.7,18,No,
EMP03136,28,Male,Customer Service,Customer Service Analyst,45600,3,5,2,4,Yes,97.7,2,Yes,Relocation
EMP03137,30,Male,IT,IT Executive,62600,4,2,1,4,Yes,92.2,23,No,
EMP03138,24,Male,HR,HR Specialist,81000,4,4,2,5,No,92.5,15,No,
EMP03139,22,Female,Finance,Finance Manager,66800,1,1,3,5,Yes,95.9,15,No,
EMP03140,47,Male,HR,HR Coordinator,85800,0,1,5,4,No,96.2,7,No,
EMP03141,42,Female,Customer Service,Customer Service Coordinator,61200,13,1,4,5,Yes,98.9,17,Yes,Relocation
EMP03142,23,Female,HR,HR Specialist,71200,3,5,2,5,No,91.4,11,No,
EMP03143,45,Female,Customer Service,Customer Service Manager,68700,6,3,5,5,No,85.6,24,No,
EMP03144,24,Female,Marketing,Marketing Manager,41600,0,2,2,4,Yes,86.3,21,No,
EMP03145,47,Female,Marketing,Marketing Analyst,47800,3,5,1,3,No,86.8,21,No,
EMP03146,33,Male,Engineering,Engineering Executive,87800,4,1,1,5,No,97.6,17,No,
EMP03147,56,Female,HR,HR Specialist,46800,2,3,2,5,Yes,97.7,4,No,
EMP03148,23,Female,Marketing,Marketing Coordinator,35200,3,5,3,5,No,87.5,24,No,
EMP03149,50,Male,Finance,Finance Specialist,79200,5,2,2,3,Yes,85,25,No,
EMP03150,35,Male,Engineering,Engineering Analyst,63000,15,4,3,4,Yes,98.7,3,No,
EMP03151,57,Male,Marketing,Marketing Executive,52900,8,5,1,4,No,98,21,No,
EMP03152,21,Male,Finance,Finance Specialist,83300,0,5,2,2,Yes,98.8,24,No,
EMP03153,27,Male,Sales,Sales Coordinator,62500,1,5,3,2,No,96.6,19,No,
EMP03154,45,Male,Engineering,Engineering Analyst,68900,8,3,4,3,No,84.3,22,No,
EMP03155,29,Male,Customer Service,Customer Service Coordinator,58000,0,5,3,3,No,84.9,15,No,
EMP03156,31,Female,Engineering,Engineering Executive,84300,7,5,1,2,No,86.4,17,No,
EMP03157,36,Male,Operations,Operations Coordinator,68500,4,4,2,3,No,96,0,No,
EMP03158,44,Male,Operations,Operations Specialist,55600,8,1,3,4,No,99.4,12,No,
EMP03159,37,Male,Sales,Sales Coordinator,46700,5,2,2,2,Yes,98.3,14,No,
EMP03160,22,Male,Sales,Sales Analyst,64400,0,5,2,5,Yes,87.8,21,No,
EMP03161,43,Female,Sales,Sales Analyst,56900,6,4,5,3,No,89.3,19,No,
EMP03162,50,Female,Operations,Operations Manager,80100,1,3,3,5,No,89.4,18,No,
EMP03163,35,Male,HR,HR Analyst,46600,15,4,3,2,No,98.2,7,No,
EMP03164,57,Male,Engineering,Engineering Coordinator,74000,12,4,1,5,Yes,91.15,15,No,
EMP03165,37,Male,HR,HR Coordinator,56800,6,1,4,5,Yes,91.6,2,No,
EMP03166,52,Male,Customer Service,Customer Service Manager,57600,1,2,4,2,No,90.7,20,No,
EMP03167,51,Male,IT,IT Analyst,83500,12,5,1,5,No,85.8,25,Yes,Career Growth
EMP03168,35,Male,Engineering,Engineering Coordinator,79700,5,2,5,3,No,91,16,No,
EMP03169,45,Female,Marketing,Marketing Specialist,72900,9,1,4,2,No,98.1,0,No,
EMP03170,54,Female,Finance,Finance Executive,56600,6,3,2,3,No,93,10,No,
EMP03171,30,Female,Engineering,Engineering Analyst,49400,6,3,3,3,No,95,8,No,
EMP03172,23,Female,Operations,Operations Analyst,41800,1,3,1,5,Yes,93.6,3,No,
EMP03173,55,Male,Finance,Finance Executive,56300,15,2,4,3,No,95.6,25,No,
EMP03174,29,Female,Finance,Finance Specialist,33900,8,2,1,3,Yes,87.9,10,No,
EMP03175,33,Male,HR,HR Analyst,65400,13,3,4,2,Yes,95.1,14,No,
EMP03176,33,Female,Operations,Operations Analyst,37200,3,1,1,5,No,91.8,8,No,
EMP03177,22,Female,Operations,Operations Coordinator,28400,1,5,5,2,Yes,98.8,3,No,
EMP03178,45,Male,Engineering,Engineering Coordinator,70700,0,5,2,5,No,83.5,20,No,
EMP03179,29,Male,IT,IT Specialist,52500,3,1,1,3,No,98.4,12,No,
EMP03180,31,Male,Engineering,Engineering Manager,44000,2,2,5,2,Yes,83.9,24,No,
EMP03181,23,Male,Operations,Operations Executive,73200,3,2,2,5,Yes,99.5,3,No,
EMP03182,37,Female, operations ,Operations Analyst,47000,14,3,2,3,No,87.1,8,No,
EMP03183,32,Female,IT,IT Manager,26400,2,2,5,4,Yes,85.9,24,No,
EMP03184,29,Male,Marketing,Marketing Manager,56600,4,3,2,2,No,88,20,No,
EMP03185,51,Female,Marketing,Marketing Coordinator,62300,14,1,1,2,Yes,82.2,20,No,
EMP03186,36,Female,Customer Service,Customer Service Coordinator,72800,14,5,2,4,No,88.5,9,No,
EMP03187,23,Male,IT,IT Manager,69900,0,5,2,4,No,83.2,16,No,
EMP03188,55,Female,Marketing,Marketing Manager,59000,4,3,2,3,No,92.8,11,No,
EMP03189,55,Female,Finance,Finance Executive,30400,6,1,1,5,No,84.7,16,No,
EMP03190,32,Male,Operations,Operations Executive,78200,10,5,3,5,No,86,18,No,
EMP03191,24,Female,Finance,Finance Manager,59200,4,5,5,5,No,94.8,23,No,
EMP03192,50,Female,Customer Service,Customer Service Specialist,27200,3,1,4,5,Yes,82.4,2,No,
EMP03193,30,Female,Marketing,Marketing Manager,73000,8,3,2,4,No,85.2,1,No,
EMP03194,21,Male,Sales,Sales Specialist,55200,0,2,5,3,No,99.2,18,No,
EMP03195,29,Female,Operations,Operations Coordinator,55800,3,4,3,5,Yes,86.9,12,Yes,Work-Life Balance
EMP03196,53,Female,Finance,Finance Coordinator,84900,3,2,4,2,No,83.4,7,No,
EMP03197,54,Female,Customer Service,Customer Service Manager,76800,14,1,2,4,No,96.5,22,No,
EMP03198,55,Female,HR,HR Analyst,52900,3,5,4,5,No,87.1,1,No,
EMP03199,59,Male,IT,IT Analyst,59200,14,3,4,3,No,99.3,10,Yes,Higher Studies
EMP03200,40,Male,Operations,Operations Executive,65700,9,1,2,4,Yes,92.6,1,No,
EMP03201,26,Female,Engineering,Engineering Coordinator,53800,5,4,4,4,No,86.5,16,No,
EMP03202,50,Female,Operations,Operations Manager,56400,15,1,3,3,Yes,83.1,7,No,
EMP03203,52,Female,Marketing,Marketing Specialist,71800,9,3,4,5,Yes,93.6,19,Yes,Career Growth
EMP03204,37,Female,Sales,Sales Executive,46900,8,2,4,5,No,97.1,21,No,
EMP03205,59,Female,Customer Service,Customer Service Coordinator,67800,13,3,1,5,No,82.7,15,No,
EMP03206,36,Female,Marketing,Marketing Coordinator,40200,5,1,3,4,No,98.4,16,No,
EMP03207,59,Female,Engineering,Engineering Manager,73200,0,3,4,3,Yes,86.9,17,No,
EMP03208,43,Male,HR,HR Specialist,53300,9,2,2,4,No,87.4,5,No,
EMP03209,44,Male,Operations,Operations Manager,47900,2,4,2,4,Yes,84.4,13,No,
EMP03210,31,Female,Operations,Operations Executive,61300,3,1,5,5,No,90.7,4,No,
EMP03211,31,Female,Finance,Finance Manager,62700,9,2,2,3,Yes,91.6,22,No,
EMP03212,23,Male,Engineering,Engineering Executive,52700,3,1,4,2,No,82.9,8,No,
EMP03213,46,Male,Engineering,Engineering Manager,27600,11,4,4,4,No,96.3,6,No,
EMP03214,42,Female,IT,IT Manager,46200,7,2,4,3,Yes,88.4,9,No,
EMP03215,30,Male,Sales,Sales Coordinator,34300,0,4,3,3,Yes,86.4,11,No,
EMP03216,44,Female,Customer Service,Customer Service Specialist,50000,6,4,3,4,No,88.8,16,No,
EMP03217,58,Male,Marketing,Marketing Analyst,63400,0,1,5,3,No,91.4,8,No,
EMP03218,55,Female,Sales,Sales Coordinator,50400,14,3,5,5,No,95.8,0,No,
EMP03219,33,Male,Customer Service,Customer Service Analyst,54000,6,1,2,2,Yes,92.1,6,No,
EMP03220,49,Male,Customer Service,Customer Service Analyst,41400,12,1,1,4,Yes,96.7,9,No,
EMP03221,56,Female,Marketing,Marketing Coordinator,46500,14,1,2,5,Yes,87.9,21,No,
EMP03222,24,Male,Engineering,Engineering Analyst,42500,1,3,5,4,No,95.3,1,No,
EMP03223,55,Male,Customer Service,Customer Service Analyst,66800,12,4,1,2,No,89.5,20,No,
EMP03224,29,Male,Customer Service,Customer Service Specialist,81100,7,5,3,3,Yes,83.9,10,No,
EMP03225,51,Male,Operations,Operations Analyst,45800,9,3,3,4,No,88.8,4,No,
EMP03226,53,Female,Marketing,Marketing Coordinator,61800,8,5,3,2,Yes,88.1,3,No,
EMP03227,42,Male,Customer Service,Customer Service Specialist,84000,12,1,2,4,No,91.3,6,No,
EMP03228,58,Female,Sales,Sales Specialist,62400,14,5,1,2,No,90.9,20,No,
EMP03229,59,Male,Customer Service,Customer Service Analyst,56900,6,2,4,5,No,97.4,7,Yes,Career Growth
EMP03230,34,Male,IT,IT Analyst,53800,10,4,3,3,No,96.6,12,No,
EMP03231,42,Male,IT,IT Analyst,50300,15,2,4,3,No,96.8,21,No,
EMP03232,44,Female,Engineering, Engineering Manager ,83700,8,2,1,3,Yes,83.4,17,No,
EMP03233,32,Female,IT,IT Executive,39700,11,4,5,2,Yes,92.5,21,No,
EMP03234,48,Male,HR,HR Coordinator,41400,1,2,1,3,Yes,89.9,10,Yes,Career Growth
EMP03235,28,Male,Finance,Finance Analyst,83600,5,5,4,3,No,93.7,6,Yes,Relocation
EMP03236,26,Male,Customer Service,Customer Service Coordinator,57000,3,3,5,5,No,98.6,4,No,
EMP03237,23,Male,Sales,Sales Specialist,64600,2,4,2,5,No,88,4,No,
EMP03238,60,Male,Sales,Sales Coordinator,42500,13,5,4,5,No,87.7,17,No,
EMP03239,55,Female,HR,HR Manager,57000,0,3,4,4,No,92.1,19,No,
EMP03240,57,Female,HR,HR Analyst,81600,11,3,2,2,No,90.5,1,No,
EMP03241,26,Female,Customer Service,Customer Service Analyst,32400,0,4,1,2,No,91.8,20,No,
EMP03242,58,Male,Operations,Operations Manager,29600,13,5,5,2,No,85.8,16,No,
EMP03243,23,Male,Finance,Finance Manager,31400,3,5,3,5,Yes,83.3,6,No,
EMP03244,24,Male,IT,IT Specialist,33300,3,1,5,5,No,98.5,17,No,
EMP03245,52,Female,Customer Service,Customer Service Analyst,38600,6,1,5,4,Yes,84.9,19,No,
EMP03246,53,Female,Operations,Operations Analyst,53900,0,2,4,5,Yes,83,1,No,
EMP03247,39,Female,HR,HR Coordinator,56300,13,4,3,5,Yes,89.6,24,No,
EMP03248,28,Female,HR,HR Manager,73800,5,3,5,2,No,89.8,22,No,
EMP03249,44,Male,Sales,Sales Specialist,47600,0,1,2,3,No,83.9,3,No,
EMP03250,37,Male,Finance,Finance Analyst,47800,0,3,2,5,No,96.3,5,No,
EMP03251,22,Female,IT,IT Analyst,62400,0,4,1,2,No,82.5,21,No,
EMP03252,42,Male,IT,IT Analyst,78500,8,4,2,2,No,84.2,4,No,
EMP03253,47,Female,Operations,Operations Manager,34900,15,5,1,3,Yes,89.8,19,No,
EMP03254,27,Female,Operations,Operations Analyst,31900,7,1,3,3,No,97.5,8,No,
EMP03255,36,Male,Marketing,Marketing Specialist,67300,8,2,5,2,No,99.7,19,No,
EMP03256,57,Male,Customer Service,Customer Service Coordinator,38000,13,3,1,2,No,87.8,0,No,
EMP03257,37,Male,Engineering,Engineering Manager,78200,6,2,2,3,Yes,88.2,14,No,
EMP03258,34,Female,Customer Service,Customer Service Analyst,88200,5,5,5,2,Yes,93.4,14,No,
EMP03259,24,Male,Finance,Finance Analyst,81700,2,4,2,2,No,92.4,23,No,
EMP03260,52,Female,IT,IT Manager,42600,9,2,3,3,Yes,97.7,16,No,
EMP03261,39,Male,Marketing,Marketing Executive,27100,1,1,2,4,No,92.9,21,Yes,Relocation
EMP03262,23,Female,Finance,Finance Specialist,56800,2,4,5,5,No,91.3,8,No,
EMP03263,56,Female,Operations,Operations Manager,41600,5,3,1,4,Yes,92.6,14,No,
EMP03264,48,Male,HR,HR Coordinator,82700,5,3,3,4,Yes,92.1,14,No,
EMP03265,32,Female,IT,IT Specialist,40900,12,1,1,2,No,94.2,17,No,
EMP03266,41,Female,Marketing,Marketing Manager,73800,1,2,4,5,Yes,92.6,25,No,
EMP03267,59,Male,Marketing,Marketing Analyst,54700,9,4,2,3,No,96.4,13,Yes,Manager/Team Issues
EMP03268,58,Male,Engineering,Engineering Coordinator,26200,4,2,1,5,Yes,93.5,10,No,
EMP03269,46,Male,IT,IT Analyst,55300,11,3,3,2,No,89.1,15,No,
EMP03270,29,Male,Marketing,Marketing Specialist,72200,3,1,2,4,No,89.7,7,No,
EMP03271,52,Male,IT,IT Specialist,74600,3,2,1,3,No,84.2,9,No,
EMP03272,50,Male,Operations,Operations Executive,88400,4,4,2,2,No,99.3,5,No,
EMP03273,36,Male,Finance,Finance Specialist,42500,9,3,5,2,No,98.7,13,No,
EMP03274,40,Male,Marketing,Marketing Executive,69400,8,3,5,4,No,98.6,10,No,
EMP03275,31,Male,HR,HR Coordinator,39100,11,5,1,3,No,85.8,21,No,
EMP03276,21,Female,Finance,Finance Manager,57800,1,3,3,2,No,94.6,15,Yes,Better Salary
EMP03277,27,Female,IT,IT Coordinator,84500,1,1,4,5,No,91.8,10,No,
EMP03278,41,Male,Engineering,Engineering Analyst,88400,0,2,2,4,No,95.9,4,Yes,Work-Life Balance
EMP03279,47,Female,HR,HR Coordinator,37100,3,5,5,3,No,92.8,12,No,
EMP03280,37,Male,Engineering,Engineering Executive,83100,10,5,4,2,No,88,4,No,
EMP03281,53,Female,Marketing,Marketing Manager,50600,5,3,4,2,No,85.8,10,No,
EMP03282,25,Female,HR,HR Specialist,60200,1,5,1,5,No,91.5,22,No,
EMP03283,21,Female, hr ,HR Coordinator,35800,0,4,3,5,No,95,2,No,
EMP03284,33,Male,Engineering,Engineering Coordinator,45700,11,2,1,4,No,96.9,1,Yes,Work-Life Balance
EMP03285,53,Male,IT,IT Analyst,82000,6,2,5,4,No,93.9,20,No,
EMP03286,43,Female,Customer Service,Customer Service Analyst,68400,8,5,2,3,No,88.6,14,No,
EMP03287,37,Female,Sales,Sales Analyst,67000,3,4,3,4,No,91.9,11,No,
EMP03288,24,Male,IT,IT Analyst,47900,0,1,4,4,No,88.2,11,No,
EMP03289,58,Female,Operations,Operations Specialist,57900,11,2,2,4,Yes,87.1,10,No,
EMP03290,29,Female,IT,IT Executive,39300,8,3,5,3,No,92.5,25,No,
EMP03291,36,Female,Engineering,Engineering Executive,78800,1,4,5,2,No,91.5,5,Yes,Better Salary
EMP03292,41,Male,Sales,Sales Coordinator,79700,9,1,4,2,No,92.2,23,No,
EMP03293,30,Female,Finance,Finance Coordinator,32200,10,2,4,2,No,83.5,19,No,
EMP03294,35,Female,Customer Service,Customer Service Coordinator,41700,11,3,2,2,No,97.2,15,No,
EMP03295,46,Female,Operations,Operations Specialist,64800,6,5,2,3,Yes,84.6,18,Yes,Career Growth
EMP03296,48,Male,HR,HR Executive,26200,13,2,4,3,No,93.9,2,No,
EMP03297,24,Male,IT,IT Specialist,58600,3,4,2,5,Yes,84.6,4,No,
EMP03298,40,Male,HR,HR Analyst,41900,5,3,1,3,Yes,89.8,21,Yes,Better Salary
EMP03299,36,Female,Finance,Finance Analyst,29000,3,1,5,3,Yes,87.7,11,No,
EMP03300,46,Female,IT,IT Coordinator,90000,10,2,3,4,No,96.9,17,No,
EMP03301,23,Female,Finance,Finance Analyst,55300,3,4,5,5,No,90.1,16,No,
EMP03302,32,Male,HR,HR Analyst,25000,11,4,2,2,No,87.3,8,No,
EMP03303,39,Female,Marketing,Marketing Executive,61900,10,1,3,4,No,90.9,9,Yes,Manager/Team Issues
EMP03304,35,Female,HR,HR Coordinator,84900,10,4,3,2,No,98.3,2,Yes,Work-Life Balance
EMP03305,53,Male,Operations,Operations Specialist,33000,0,1,5,4,No,84,12,No,
EMP03306,56,Female,Marketing,Marketing Analyst,75300,3,1,1,4,Yes,89,17,No,
EMP03307,56,Male,Operations,Operations Specialist,77600,4,5,2,4,No,98.3,9,No,
EMP03308,31,Female,Sales,Sales Coordinator,31700,10,4,2,4,No,95.7,3,Yes,Manager/Team Issues
EMP03309,43,Female,HR,HR Specialist,64900,8,3,3,2,No,84.2,8,No,
EMP03310,41,Female,Engineering,Engineering Specialist,37200,5,5,4,2,No,97.6,6,Yes,Manager/Team Issues
EMP03311,37,Female,IT,IT Manager,45500,6,3,2,2,No,89.7,8,No,
EMP03312,49,Female,Finance,Finance Executive,56500,0,4,3,4,No,98,7,No,
EMP03313,52,Male,Engineering,Engineering Manager,59700,15,5,3,3,No,93.8,23,No,
EMP03314,41,Male,Customer Service,Customer Service Executive,70000,13,4,2,2,No,95,5,No,
EMP03315,35,Male,Customer Service,Customer Service Coordinator,37100,15,5,3,4,No,90.1,21,No,
EMP03316,21,Male,HR,HR Specialist,76200,0,4,4,2,No,94.2,24,No,
EMP03317,42,Male,Engineering,Engineering Specialist,31800,3,1,5,4,No,82,5,No,
EMP03318,42,Male,HR,HR Coordinator,49300,9,1,4,5,Yes,92.5,24,No,
EMP03319,28,Female,Sales,Sales Manager,53400,8,4,1,5,No,91.7,12,No,
EMP03320,55,Male,Marketing,Marketing Analyst,73500,5,2,5,3,No,87.5,12,No,
EMP03321,21,Female,Sales,Sales Manager,28900,1,1,2,3,No,84.5,9,No,
EMP03322,28,Male,Finance,Finance Executive,69300,5,5,4,3,Yes,88.9,3,No,
EMP03323,24,Female,Customer Service,Customer Service Manager,49100,3,5,2,3,No,99.3,4,No,
EMP03324,58,Male,Marketing,Marketing Executive,61400,11,1,2,2,Yes,86.9,24,No,
EMP03325,30,Female,IT,IT Analyst,35800,8,2,1,4,No,98.9,1,No,
EMP03326,53,Female,Engineering,Engineering Manager,52900,10,1,5,2,Yes,84.5,8,No,
EMP03327,54,Female,Engineering,Engineering Analyst,55600,8,2,3,3,Yes,83.5,1,No,
EMP03328,37,Female,Customer Service,Customer Service Specialist,53400,6,2,2,5,No,97.7,25,No,
EMP03329,33,Male,Engineering,Engineering Manager,72000,3,2,5,2,Yes,96.7,21,No,
EMP03330,33,Male,IT,IT Specialist,74100,4,1,3,5,No,95.7,17,No,
EMP03331,34,Male,Customer Service,Customer Service Specialist,74900,8,2,2,3,No,92.9,20,No,
EMP03332,21,Female,Finance,Finance Coordinator,79500,0,5,3,3,Yes,82.6,23,No,
EMP03333,55,Female,Finance,Finance Specialist,80300,1,3,5,5,No,93.8,5,No,
EMP03334,57,Male,Marketing,Marketing Analyst,58400,10,3,4,3,No,89.4,9,No,
EMP03335,49,Male,IT,IT Manager,85600,3,1,3,2,No,93.9,7,No,
EMP03336,22,Male,Engineering,Engineering Specialist,65100,1,1,1,3,No,97.3,6,No,
EMP03337,45,Male,HR,HR Executive,41800,2,3,1,5,Yes,91.5,15,No,
EMP03338,34,Male,Finance,Finance Coordinator,80300,5,1,3,3,Yes,98.5,23,Yes,Personal Reasons
EMP03339,52,Male,IT,IT Manager,59900,4,5,5,4,No,99.5,8,No,
EMP03340,31,Male,Marketing,Marketing Analyst,34100,3,1,1,3,Yes,83.5,13,No,
EMP03341,56,Female,Sales,Sales Specialist,56600,11,2,3,4,No,96.5,16,No,
EMP03342,28,Female,Marketing,Marketing Analyst,79600,0,3,5,5,No,93.1,24,No,
EMP03343,48,Female,Customer Service,Customer Service Coordinator,84200,13,1,4,4,No,91.15,22,No,
EMP03344,35,Female,Engineering,Engineering Manager,86500,4,3,4,2,No,93.6,22,No,
EMP03345,40,Female,Marketing,Marketing Coordinator,50400,4,2,3,4,Yes,91.1,23,No,
EMP03346,28,Male,Customer Service,Customer Service Specialist,41800,7,5,1,5,No,90.8,18,No,
EMP03347,49,Male,Customer Service,Customer Service Analyst,33100,2,3,4,5,No,89.6,18,Yes,Higher Studies
EMP03348,45,Male,Marketing,Marketing Executive,71400,13,3,3,5,No,83.7,7,No,
EMP03349,22,Female,Marketing,Marketing Specialist,56500,2,1,4,4,Yes,93.4,19,No,
EMP03350,51,Female,Marketing,Marketing Analyst,67700,5,1,3,2,Yes,98,4,No,
EMP03351,25,Female,Marketing,Marketing Manager,33900,5,4,2,4,No,95.3,21,No,
EMP03352,29,Male,Finance,Finance Executive,75800,3,4,4,5,No,90,24,No,
EMP03353,47,Male,Engineering,Engineering Manager,64500,2,4,4,3,Yes,85.6,21,No,
EMP03354,44,Female,Engineering,Engineering Analyst,38600,3,5,2,3,No,82.6,20,Yes,Work-Life Balance
EMP03355,37,Female,HR,HR Specialist,82200,7,2,2,2,No,84.5,4,No,
EMP03356,33,Female,Finance,Finance Manager,49700,0,5,5,2,No,89.3,5,No,
EMP03357,49,Male,Engineering,Engineering Specialist,25200,9,4,1,3,No,84.6,19,No,
EMP03358,47,Male,Operations,Operations Analyst,44300,15,4,1,3,No,84.8,8,Yes,Relocation
EMP03359,58,Male,HR,HR Executive,37800,11,1,3,4,No,88.1,3,No,
EMP03360,24,Female,Operations,Operations Specialist,73900,3,4,3,2,Yes,93.8,9,No,
EMP03361,47,Female,Sales,Sales Manager,71700,7,1,1,3,No,86.9,13,No,
EMP03362,31,Male,Operations,Operations Coordinator,57500,7,4,2,2,Yes,82.7,7,No,
EMP03363,41,Female,Sales,Sales Analyst,36400,4,3,5,5,No,96.1,18,No,
EMP03364,43,Male,HR,HR Specialist,89000,14,3,5,5,No,96.8,1,No,
EMP03365,56,Male,Sales,Sales Executive,46100,8,3,3,5,Yes,93.5,8,No,
EMP03366,24,Male,Operations,Operations Coordinator,26200,3,5,2,5,No,93.8,1,No,
EMP03367,53,Male,IT,IT Manager,59100,10,3,3,3,Yes,95.6,0,No,
EMP03368,54,Female,Operations,Operations Executive,30600,11,3,3,4,Yes,87.5,0,No,
EMP03369,40,Male,Customer Service, Customer Service Coordinator ,45300,15,4,5,5,No,89.1,24,Yes,Better Salary
EMP03370,31,Male,Sales,Sales Executive,80800,4,4,2,5,No,88.9,16,Yes,Relocation
EMP03371,32,Female,Sales,Sales Coordinator,76700,7,2,4,3,No,91,4,No,
EMP03372,32,Female,Finance,Finance Analyst,43100,0,2,1,2,No,98.4,14,No,
EMP03373,30,Female,Marketing,Marketing Manager,35600,10,3,4,3,Yes,94,1,No,
EMP03374,37,Female,Sales,Sales Executive,50400,12,3,5,3,Yes,97.9,15,No,
EMP03375,59,Male,HR,HR Analyst,56000,2,4,4,4,No,96.8,16,Yes,Better Salary
EMP03376,38,Female,Engineering,Engineering Analyst,77600,11,3,5,5,No,98.5,20,No,
EMP03377,44,Male,Sales,Sales Manager,68500,4,1,5,5,No,94.6,5,Yes,Higher Studies
EMP03378,28,Female,Engineering,Engineering Manager,29300,8,5,5,5,No,89.4,0,No,
EMP03379,31,Male,Marketing,Marketing Coordinator,27800,9,1,3,4,Yes,86,1,No,
EMP03380,48,Male,IT,IT Manager,64000,6,3,5,3,Yes,89.2,10,No,
EMP03381,56,Male,Operations,Operations Analyst,36600,5,2,3,3,No,85.4,23,No,
EMP03382,26,Female,Customer Service,Customer Service Analyst,44500,5,3,2,4,Yes,85.3,24,No,
EMP03383,45,Female,Customer Service,Customer Service Specialist,41700,11,3,1,5,No,87,25,No,
EMP03384,31,Male, customer service ,Customer Service Executive,46000,11,2,1,5,No,97.5,17,No,
EMP03385,57,Male,Customer Service,Customer Service Manager,53400,14,5,5,3,No,85.3,8,Yes,Relocation
EMP03386,48,Female,IT,IT Specialist,87000,14,1,2,5,No,85.4,8,No,
EMP03387,57,Male,Operations,Operations Analyst,71600,9,4,1,3,Yes,85.9,8,No,
EMP03388,54,Female,Finance,Finance Manager,42400,13,2,5,3,No,99,0,Yes,Career Growth
EMP03389,33,Female,Engineering,Engineering Analyst,74300,5,5,1,3,No,93.7,5,No,
EMP03390,22,Male,Engineering,Engineering Analyst,57900,0,5,4,2,No,97.3,2,No,
EMP03391,40,Male,Operations,Operations Analyst,54500,15,2,4,4,Yes,84.8,20,No,
EMP03392,42,Male,Sales,Sales Analyst,40500,9,4,1,3,Yes,93.1,3,Yes,Manager/Team Issues
EMP03393,59,Male,HR,HR Analyst,81100,9,1,1,5,No,83.9,20,No,
EMP03394,51,Male,HR,HR Analyst,74800,3,1,2,2,Yes,83.4,5,No,
EMP03395,31,Male,Marketing,Marketing Executive,75600,10,1,4,2,No,88.3,16,No,
EMP03396,41,Female,Operations,Operations Manager,25400,3,2,4,3,Yes,94.3,6,No,
EMP03397,60,Male,Engineering,Engineering Executive,41400,8,3,1,2,No,85.1,11,No,
EMP03398,26,Female,IT,IT Analyst,68500,6,5,4,2,No,84.6,20,No,
EMP03399,52,Female,HR,HR Specialist,33900,6,4,5,3,Yes,98.3,18,No,
EMP03400,21,Male,Finance,Finance Manager,59000,1,3,1,3,No,84.6,25,No,
EMP03401,51,Male,Operations,Operations Analyst,73700,8,4,4,5,No,86.8,22,No,
EMP03402,29,Male,Finance,Finance Executive,60300,0,3,2,2,No,89.2,25,No,
EMP03403,45,Female,Finance,Finance Coordinator,58700,0,2,1,3,Yes,99.8,17,No,
EMP03404,53,Female,IT,IT Manager,79400,6,4,5,2,Yes,86.3,4,No,
EMP03405,22,Male,IT,IT Analyst,69100,2,5,1,4,No,96.3,21,No,
EMP03406,58,Female,Engineering,Engineering Manager,72300,9,1,1,5,No,83.7,25,No,
EMP03407,32,Female,Sales,Sales Specialist,27700,10,4,1,3,No,92,16,No,
EMP03408,31,Female,HR,HR Manager,33300,4,5,3,5,No,97.1,17,No,
EMP03409,45,Female,Sales,Sales Analyst,55700,12,2,3,3,No,84.1,3,Yes,Personal Reasons
EMP03410,35,Female,Operations,Operations Analyst,45400,7,4,4,3,Yes,84,25,No,
EMP03411,22,Female,IT,IT Executive,46200,0,1,5,3,No,94.7,13,No,
EMP03412,24,Male,Marketing,Marketing Analyst,49200,3,4,3,5,No,92.7,14,No,
EMP03413,48,Male,Operations,Operations Specialist,48300,3,4,4,5,Yes,95,19,No,
EMP03414,24,Male,HR,HR Executive,56000,0,1,4,5,No,93.9,19,No,
EMP03415,39,Male,Marketing,Marketing Executive,62900,7,2,4,2,No,92.3,5,No,
EMP03416,56,Female,IT,IT Coordinator,31200,2,2,1,5,No,84.8,1,No,
EMP03417,55,Female,Marketing,Marketing Specialist,87500,7,2,3,5,No,93.2,13,No,
EMP03418,44,Male,Engineering,Engineering Executive,79800,13,2,1,3,No,83,14,No,
EMP03419,21,Female,Marketing,Marketing Coordinator,70400,1,5,4,5,No,84.3,25,No,
EMP03420,48,Male,Marketing,Marketing Coordinator,30700,2,1,1,4,Yes,84.8,2,No,
EMP03421,45,Male,Marketing,Marketing Executive,45000,7,3,5,2,No,88.1,19,Yes,Higher Studies
EMP03422,43,Male,Engineering,Engineering Manager,78000,6,2,5,3,Yes,82.6,11,No,
EMP03423,48,Male,Marketing,Marketing Coordinator,26900,12,3,4,3,No,83.3,0,No,
EMP03424,56,Female,HR,HR Coordinator,47700,0,2,3,4,Yes,97.7,22,No,
EMP03425,55,Male,IT,IT Manager,32700,14,3,1,4,Yes,92.9,9,No,
EMP03426,48,Female,Operations,Operations Coordinator,28400,10,2,3,5,No,86.5,18,No,
EMP03427,24,Female,Sales,Sales Specialist,31700,2,4,1,2,Yes,99.8,22,No,
EMP03428,59,Female,Sales,Sales Coordinator,65800,2,3,5,3,Yes,99.4,9,No,
EMP03429,51,Female,HR,HR Manager,48900,2,1,3,2,No,88.7,1,No,
EMP03430,40,Male,Operations,Operations Executive,77100,10,2,3,2,No,83.2,17,No,
EMP03431,34,Female,Engineering,Engineering Coordinator,49400,0,2,3,5,Yes,85.3,16,No,
EMP03432,36,Female,Customer Service,Customer Service Executive,76800,1,1,3,4,No,84.3,13,No,
EMP03433,49,Male,HR,HR Analyst,54500,15,2,1,3,No,93.4,13,No,
EMP03434,35,Male,Finance,Finance Specialist,41800,7,4,2,5,Yes,90.8,6,No,
EMP03435,42,Female,Sales,Sales Coordinator,49600,1,3,2,4,No,97.5,9,No,
EMP03436,33,Female,Customer Service,Customer Service Analyst,57600,13,3,5,2,No,84.9,8,No,
EMP03437,39,Female,Engineering,Engineering Executive,46600,1,4,5,3,No,83.6,25,No,
EMP03438,42,Female,Engineering,Engineering Analyst,26400,8,1,2,5,Yes,92.5,25,Yes,Higher Studies
EMP03439,49,Female,HR,HR Manager,53900,12,2,3,5,Yes,89,23,No,
EMP03440,40,Female,HR,HR Analyst,33400,8,2,5,3,No,98.1,11,No,
EMP03441,37,Female,Engineering,Engineering Analyst,30200,6,2,2,5,No,85.2,9,No,
EMP03442,21,Female,Engineering,Engineering Executive,87200,0,2,5,2,Yes,92.4,17,No,
EMP03443,57,Female,Operations,Operations Executive,60800,11,5,1,5,Yes,84.1,3,No,
EMP03444,33,Male,IT,IT Coordinator,84800,7,5,2,3,No,99.5,10,No,
EMP03445,45,Male,Marketing,Marketing Coordinator,69500,5,5,4,3,Yes,99,4,No,
EMP03446,26,Male,IT,IT Specialist,69100,5,1,1,4,No,89.1,21,No,
EMP03447,34,Male,HR,HR Manager,42300,11,5,2,5,No,99.7,9,No,
EMP03448,33,Male,IT,IT Analyst,30800,9,5,5,4,No,85.7,4,No,
EMP03449,51,Male,IT,IT Analyst,79700,12,1,1,5,No,88.3,7,No,
EMP03450,49,Female,Finance,Finance Analyst,70300,1,3,4,2,Yes,85.9,23,Yes,Better Salary
EMP03451,60,Female,IT,IT Coordinator,59400,10,4,4,4,No,84.5,5,No,
EMP03452,41,Male,Operations,Operations Executive,48800,13,5,3,3,Yes,90.4,19,No,
EMP03453,55,Female,Sales,Sales Analyst,46500,13,1,3,3,No,82.6,11,No,
EMP03454,27,Female,HR,HR Coordinator,53700,5,1,5,2,No,85.1,3,No,
EMP03455,58,Male,Customer Service,Customer Service Coordinator,86700,10,3,5,4,No,89.8,11,No,
EMP03456,45,Female,HR,HR Analyst,59800,8,3,4,3,No,86.8,16,Yes,Relocation
EMP03457,52,Male,Sales,Sales Manager,41000,11,1,3,2,No,87,0,No,
EMP03458,54,Male,IT,IT Executive,52200,7,3,3,4,No,87.6,3,No,
EMP03459,25,Male,IT,IT Manager,34000,4,5,3,3,Yes,89.7,17,No,
EMP03460,21,Female,IT,IT Analyst,68300,0,3,1,5,No,86.9,20,No,
EMP03461,24,Female,Engineering,Engineering Analyst,26200,3,5,4,3,No,84.5,18,No,
EMP03462,51,Female,Marketing,Marketing Coordinator,83100,1,2,4,3,Yes,91.4,18,No,
EMP03463,31,Male,Marketing,Marketing Specialist,67300,5,1,1,5,No,86.8,3,No,
EMP03464,58,Male,Finance,Finance Coordinator,46700,9,1,2,2,No,86.8,13,No,
EMP03465,26,Female,Operations,Operations Analyst,55300,0,1,4,5,No,92.8,9,Yes,Career Growth
EMP03466,29,Male,Operations,Operations Analyst,63600,7,5,2,5,No,98.4,17,No,
EMP03467,49,Male,Marketing,Marketing Coordinator,62900,15,5,4,3,No,87.5,17,No,
EMP03468,54,Male,Engineering,Engineering Coordinator,35900,4,2,2,4,Yes,82.3,10,No,
EMP03469,24,Female,HR,HR Analyst,75800,3,5,5,4,Yes,97.1,0,No,
EMP03470,60,Male,Finance,Finance Specialist,47900,2,2,5,3,No,92.3,0,No,
EMP03471,46,Female,Engineering,Engineering Executive,37100,3,3,3,3,No,91.3,16,No,
EMP03472,49,Female,Marketing,Marketing Manager,38200,15,2,1,5,No,93.9,24,No,
EMP03473,45,Female,HR,HR Specialist,38200,6,5,2,5,No,95.8,9,No,
EMP03474,47,Female,Engineering,Engineering Specialist,46500,4,1,5,4,No,96.7,15,No,
EMP03475,59,Female,Finance,Finance Specialist,39300,3,3,2,3,No,96.6,3,No,
EMP03476,52,Male,IT,IT Analyst,73100,15,3,1,5,No,96,6,No,
EMP03477,28,Male,Finance,Finance Specialist,50400,8,4,5,5,No,84,20,No,
EMP03478,27,Female,HR,HR Analyst,53900,0,5,5,4,No,86.9,5,No,
EMP03479,50,Male,Customer Service,Customer Service Analyst,42000,7,2,2,5,Yes,93,24,Yes,Better Salary
EMP03480,45,Female,IT,IT Executive,82200,6,3,1,3,No,86.4,1,No,
EMP03481,53,Female,Customer Service,Customer Service Specialist,36100,4,2,2,2,No,85.7,14,No,
EMP03482,34,Female,IT,IT Specialist,49600,0,1,3,5,Yes,90,10,No,
EMP03483,44,Female,IT,IT Manager,33700,11,5,2,5,No,95.8,10,No,
EMP03484,23,Male,IT,IT Coordinator,32200,1,5,3,5,Yes,87.3,22,No,
EMP03485,55,Female, engineering ,Engineering Manager,81800,6,1,1,5,No,86.1,19,No,
EMP03486,56,Male,Sales,Sales Coordinator,36100,12,5,2,2,Yes,84.1,1,No,
EMP03487,24,Female,Operations,Operations Specialist,74400,3,3,4,3,No,93.2,3,No,
EMP03488,51,Male,Operations,Operations Coordinator,61700,3,4,2,3,No,84.7,14,No,
EMP03489,37,Female,Finance,Finance Manager,60700,5,2,3,3,No,86.4,3,No,
EMP03490,47,Female,Operations,Operations Manager,49800,14,4,4,4,Yes,92,8,No,
EMP03491,33,Male,IT,IT Coordinator,69000,10,5,5,4,No,98,9,No,
EMP03492,34,Male,Finance,Finance Executive,70600,1,2,2,3,Yes,94.7,18,No,
EMP03493,23,Female,Sales,Sales Specialist,52300,0,4,3,3,No,96.4,2,No,
EMP03494,34,Male,Engineering,Engineering Analyst,64100,11,4,4,4,Yes,96.2,10,No,
EMP03495,38,Male,Customer Service,Customer Service Manager,72800,8,3,1,2,Yes,93,20,No,
EMP03496,48,Male,Customer Service,Customer Service Manager,88700,8,4,1,4,Yes,91.9,17,No,
EMP03497,55,Female,Finance,Finance Coordinator,86200,1,3,5,2,Yes,82.1,20,No,
EMP03498,32,Female,Customer Service,Customer Service Coordinator,59600,4,2,5,2,Yes,92.8,11,No,
EMP03499,32,Female,HR,HR Coordinator,40800,2,4,2,4,Yes,93.6,15,No,
EMP03500,59,Male,Finance,Finance Coordinator,80100,13,5,2,5,No,84.1,23,No,
EMP03501,27,Male,HR,HR Executive,27900,1,5,4,5,Yes,99.4,20,No,
EMP03502,27,Male,Marketing,Marketing Executive,41400,7,1,3,2,No,86.7,15,Yes,Better Salary
EMP03503,36,Female,Sales,Sales Executive,29700,1,1,1,3,Yes,86,20,No,
EMP03504,38,Female,Sales,Sales Analyst,44300,4,2,2,5,Yes,96,18,No,
EMP03505,53,Female,HR,HR Manager,33600,6,5,2,2,No,94.4,7,No,
EMP03506,42,Male,Operations, Operations Manager ,49500,3,2,5,3,No,99.2,8,No,
EMP03507,39,Female,IT,IT Executive,56200,14,1,2,4,Yes,92.6,17,No,
EMP03508,54,Male,Finance,Finance Executive,67800,12,5,5,5,No,97.3,24,No,
EMP03509,46,Male,Operations,Operations Specialist,48600,3,1,4,4,Yes,89.4,14,No,
EMP03510,38,Male,Engineering,Engineering Executive,82400,3,1,5,2,No,86.5,12,No,
EMP03511,50,Male,IT,IT Coordinator,60900,9,5,5,4,No,98.5,18,No,
EMP03512,23,Male,Marketing,Marketing Coordinator,53100,3,4,3,2,No,85.6,10,No,
EMP03513,23,Male,Operations,Operations Analyst,51100,1,1,2,2,No,91.4,0,No,
EMP03514,35,Female,Engineering,Engineering Specialist,43700,12,5,4,3,No,89.2,12,No,
EMP03515,51,Female,IT,IT Specialist,42100,3,4,2,5,No,92.1,13,Yes,Career Growth
EMP03516,25,Male,Sales,Sales Specialist,75600,2,2,3,4,No,95.6,5,No,
EMP03517,45,Female,HR,HR Executive,32000,0,3,2,2,No,98.3,19,No,
EMP03518,46,Male,Operations,Operations Manager,72100,3,5,4,2,No,94.9,8,No,
EMP03519,29,Female,Finance,Finance Executive,78800,8,5,4,2,No,92.8,8,No,
EMP03520,41,Male,Operations,Operations Specialist,49200,13,4,3,2,No,95.1,17,No,
EMP03521,35,Male,HR,HR Executive,54400,3,5,1,4,No,86.1,17,No,
EMP03522,32,Male,Engineering,Engineering Executive,27800,12,3,5,3,Yes,91.15,6,No,
EMP03523,59,Female,Engineering,Engineering Specialist,40200,2,3,3,3,Yes,89.2,12,No,
EMP03524,46,Male,Finance,Finance Specialist,45900,15,4,2,5,Yes,99.5,7,No,
EMP03525,38,Female,Customer Service,Customer Service Manager,58300,2,4,4,2,Yes,88.2,15,No,
EMP03526,43,Male,Marketing,Marketing Coordinator,58100,12,2,2,4,No,82.2,20,No,
EMP03527,38,Female,Marketing,Marketing Specialist,28000,2,4,1,4,No,95.7,25,No,
EMP03528,26,Male,Operations,Operations Coordinator,31300,1,1,1,2,No,93.1,14,No,
EMP03529,52,Male,Sales,Sales Manager,87000,9,2,1,5,Yes,98.1,12,No,
EMP03530,46,Female,Engineering,Engineering Coordinator,46200,4,3,2,5,No,88.7,23,No,
EMP03531,51,Female,Finance,Finance Executive,38700,15,4,5,5,No,88.9,7,No,
EMP03532,37,Male,Marketing,Marketing Analyst,72200,12,5,4,3,No,82.7,12,No,
EMP03533,45,Female,Marketing,Marketing Coordinator,68100,15,4,2,2,Yes,90.4,21,No,
EMP03534,47,Female,Sales,Sales Manager,48500,13,5,5,2,Yes,88,23,No,
EMP03535,33,Female,HR,HR Coordinator,27800,5,2,3,5,No,84.1,18,No,
EMP03536,35,Male,Customer Service,Customer Service Manager,32800,5,1,3,5,No,83.5,24,No,
EMP03537,60,Female,Engineering,Engineering Analyst,44700,14,1,3,4,No,95.2,22,No,
EMP03538,30,Male,Sales,Sales Specialist,68200,7,4,2,5,No,94.4,8,No,
EMP03539,51,Male,HR,HR Executive,85000,6,2,2,2,No,93.2,4,No,
EMP03540,55,Male,Customer Service,Customer Service Specialist,85200,13,3,2,5,No,92.6,21,No,
EMP03541,52,Male,Operations,Operations Specialist,31300,7,2,4,4,No,85.6,12,No,
EMP03542,40,Female,Engineering,Engineering Coordinator,35300,8,2,5,3,Yes,90.8,11,No,
EMP03543,41,Male,Sales,Sales Analyst,60700,3,4,1,5,No,86.1,16,No,
EMP03544,55,Male,Finance,Finance Specialist,70200,9,2,4,3,No,89.6,14,Yes,Higher Studies
EMP03545,56,Male,Operations,Operations Executive,81600,3,5,4,5,No,86.3,6,No,
EMP03546,28,Female,Marketing,Marketing Manager,34200,7,5,4,2,No,97.5,10,No,
EMP03547,34,Male,Customer Service,Customer Service Executive,86600,0,1,2,4,No,93.1,23,No,
EMP03548,57,Female,Customer Service,Customer Service Analyst,51900,8,2,4,3,No,85.4,19,No,
EMP03549,35,Male,Finance,Finance Manager,76600,3,2,2,4,No,96,14,No,
EMP03550,51,Female,Finance,Finance Specialist,86500,3,4,2,2,No,92.4,1,No,
EMP03551,37,Male,Engineering,Engineering Executive,74800,0,4,1,4,Yes,92.1,16,No,
EMP03552,58,Female,IT,IT Manager,43900,1,2,3,3,Yes,86.9,15,No,
EMP03553,30,Female,IT,IT Coordinator,33600,1,1,4,2,No,84.6,13,No,
EMP03554,51,Female,HR,HR Manager,69400,7,4,3,2,Yes,97.1,5,No,
EMP03555,22,Male,Marketing,Marketing Specialist,33700,2,4,5,4,Yes,82.1,0,No,
EMP03556,37,Male,Engineering,Engineering Manager,52400,7,5,4,4,Yes,91.1,11,No,
EMP03557,41,Female,Marketing,Marketing Coordinator,50200,6,3,2,5,No,90.5,24,No,
EMP03558,56,Male,IT,IT Analyst,26500,0,5,2,5,No,93.3,3,No,
EMP03559,36,Male,Customer Service,Customer Service Coordinator,46400,15,3,5,2,No,97.7,20,No,
EMP03560,29,Female,Engineering,Engineering Coordinator,46800,2,3,5,4,No,98.6,11,Yes,Personal Reasons
EMP03561,46,Female,IT,IT Specialist,79600,6,3,4,5,No,96.2,18,No,
EMP03562,59,Female,Finance,Finance Manager,32200,11,1,1,3,No,87,19,No,
EMP03563,42,Male,Finance,Finance Coordinator,87100,14,5,3,5,Yes,95.9,7,No,
EMP03564,48,Male,Sales,Sales Executive,70300,8,2,5,3,No,96.3,17,No,
EMP03565,59,Female,Marketing,Marketing Manager,40300,7,5,3,5,No,97.4,14,No,
EMP03566,31,Male,HR,HR Executive,51800,8,1,3,4,No,84,15,Yes,Better Salary
EMP03567,35,Female,Finance,Finance Executive,83200,9,4,4,2,No,91,9,Yes,Higher Studies
EMP03568,47,Male,Finance,Finance Manager,80400,2,4,3,3,No,83.2,3,Yes,Higher Studies
EMP03569,33,Female,Finance,Finance Manager,44200,13,3,4,3,No,83.8,23,Yes,Manager/Team Issues
EMP03570,42,Female,Engineering,Engineering Specialist,63900,11,5,2,5,Yes,86.4,5,Yes,Career Growth
EMP03571,24,Male,HR,HR Manager,33700,0,4,5,5,No,94.2,12,No,
EMP03572,29,Male,Customer Service,Customer Service Specialist,68400,6,2,4,4,No,97.4,20,No,
EMP03573,36,Female,Engineering,Engineering Executive,57500,5,5,3,5,No,88.6,8,No,
EMP03574,21,Male,Finance,Finance Coordinator,82000,1,1,1,2,Yes,93.7,12,No,
EMP03575,50,Female,HR,HR Manager,48900,5,5,5,2,No,84.9,5,No,
EMP03576,47,Female,Sales,Sales Manager,83000,4,5,3,5,No,92.8,19,No,
EMP03577,45,Female,Marketing,Marketing Coordinator,33400,7,1,3,2,Yes,94.9,19,Yes,Personal Reasons
EMP03578,60,Male,Operations,Operations Analyst,76100,6,4,4,4,No,97.4,25,No,
EMP03579,51,Male,HR,HR Specialist,86800,1,5,3,4,No,96.3,19,No,
EMP03580,33,Male,IT,IT Manager,55700,0,5,2,3,No,93.8,24,No,
EMP03581,34,Male,Marketing,Marketing Executive,43300,8,2,4,4,No,95.1,10,Yes,Manager/Team Issues
EMP03582,50,Male,Operations,Operations Executive,83000,0,4,5,3,No,96.2,23,No,
EMP03583,53,Female,IT,IT Coordinator,43900,0,5,2,2,Yes,93.8,24,Yes,Relocation
EMP03584,29,Female,Operations,Operations Manager,53100,2,4,5,4,No,91.6,17,No,
EMP03585,23,Female,Sales,Sales Manager,79300,1,4,2,5,No,96.9,5,No,
EMP03586,22,Female, hr ,HR Analyst,81100,1,2,4,5,Yes,93.2,22,No,
EMP03587,53,Female,Marketing,Marketing Executive,40600,1,5,5,4,No,86.1,5,No,
EMP03588,40,Male,Finance,Finance Manager,89500,9,4,2,2,No,87,21,No,
EMP03589,56,Male,HR,HR Executive,71100,15,1,1,2,Yes,91.1,22,No,
EMP03590,49,Female,Engineering,Engineering Manager,32000,9,2,1,3,No,87.2,6,No,
EMP03591,21,Female,Engineering,Engineering Executive,76100,1,1,2,5,Yes,84.1,7,Yes,Personal Reasons
EMP03592,46,Male,Operations,Operations Executive,78900,1,3,5,2,No,90.4,20,No,
EMP03593,52,Male,Finance,Finance Analyst,40100,11,1,2,5,No,99.7,20,Yes,Personal Reasons
EMP03594,44,Male,Finance,Finance Executive,67300,15,2,1,4,Yes,87.9,7,Yes,Work-Life Balance
EMP03595,51,Female,IT,IT Analyst,29800,10,1,5,2,Yes,92.6,24,Yes,Manager/Team Issues
EMP03596,44,Female,Engineering,Engineering Executive,37300,15,5,5,3,No,98.8,20,Yes,Better Salary
EMP03597,24,Male,Engineering,Engineering Coordinator,83700,3,4,2,5,No,86.6,15,No,
EMP03598,23,Female,Engineering,Engineering Coordinator,34700,2,5,4,3,No,87.6,18,No,
EMP03599,55,Female,HR,HR Coordinator,57800,7,1,1,5,No,99.8,25,No,
EMP03600,31,Male,Finance,Finance Specialist,66100,6,2,4,5,Yes,93.6,21,No,
EMP03601,59,Female,HR,HR Executive,32400,7,4,4,3,Yes,85,24,No,
EMP03602,35,Male,Operations,Operations Executive,78100,14,2,3,2,No,90.3,22,No,
EMP03603,45,Female,Sales,Sales Manager,52300,12,1,3,5,No,84.1,23,No,
EMP03604,57,Male,Customer Service,Customer Service Executive,52300,12,2,3,2,No,99.8,16,No,
EMP03605,28,Male,Engineering,Engineering Manager,43600,7,3,1,4,Yes,89.2,14,Yes,Manager/Team Issues
EMP03606,43,Female,Marketing,Marketing Manager,37700,9,2,3,5,No,88.3,20,No,
EMP03607,37,Male,HR,HR Analyst,25900,15,4,1,2,No,89.5,6,No,
EMP03608,51,Male,IT,IT Executive,72100,2,2,3,5,No,93.7,13,No,
EMP03609,35,Female,Engineering,Engineering Executive,60300,11,4,1,2,Yes,96.5,17,No,
EMP03610,47,Female,Engineering,Engineering Specialist,31300,15,1,2,5,No,86.3,22,No,
EMP03611,24,Female,Operations,Operations Specialist,65800,0,5,2,2,No,93.4,12,Yes,Work-Life Balance
EMP03612,40,Male,Finance,Finance Analyst,26400,15,1,3,2,Yes,83.8,18,No,
EMP03613,40,Female,Engineering,Engineering Manager,89000,8,3,2,3,No,95.7,12,No,
EMP03614,24,Female,Customer Service,Customer Service Coordinator,81200,4,1,1,4,No,97.5,4,No,
EMP03615,30,Female,Sales,Sales Executive,56500,8,1,3,5,No,95.4,0,Yes,Manager/Team Issues
EMP03616,46,Female,Marketing,Marketing Coordinator,86500,13,4,3,3,Yes,85.8,25,No,
EMP03617,39,Male,HR,HR Specialist,38100,7,4,5,5,No,95.6,2,No,
EMP03618,30,Female,Marketing,Marketing Analyst,49100,0,3,1,5,No,97.7,2,No,
EMP03619,57,Female,Customer Service,Customer Service Manager,32600,4,4,4,2,No,94.3,9,Yes,Higher Studies
EMP03620,45,Male,Sales,Sales Specialist,81800,2,3,2,2,Yes,92.8,7,Yes,Work-Life Balance
EMP03621,29,Male,Customer Service,Customer Service Manager,88500,1,2,1,4,No,87.2,23,No,
EMP03622,53,Female,HR,HR Analyst,33300,1,2,2,3,No,86.1,14,No,
EMP03623,30,Male,Customer Service,Customer Service Coordinator,88600,5,5,1,2,No,99.3,25,No,
EMP03624,27,Male,Customer Service,Customer Service Coordinator,84000,4,2,1,4,No,89,23,No,
EMP03625,35,Female,IT,IT Coordinator,37000,14,3,1,5,No,92.4,24,No,
EMP03626,32,Male,IT,IT Coordinator,67700,0,1,5,2,No,95.4,21,No,
EMP03627,43,Male,HR,HR Executive,88000,10,2,2,4,No,88.2,3,No,
EMP03628,49,Female,IT,IT Manager,88700,11,1,1,5,Yes,97.1,17,No,
EMP03629,51,Female,Marketing,Marketing Executive,65200,11,1,3,4,No,99.2,25,No,
EMP03630,35,Female,HR,HR Manager,48300,7,1,1,3,Yes,89.7,2,No,
EMP03631,48,Female,Sales,Sales Specialist,50800,0,3,2,3,No,98.2,14,No,
EMP03632,58,Female,Sales,Sales Manager,53900,0,3,1,2,Yes,93,21,No,
EMP03633,49,Female,HR,HR Manager,45000,10,1,5,2,No,90.5,11,No,
EMP03634,31,Male,Customer Service,Customer Service Analyst,51000,6,3,1,3,No,83.3,6,No,
EMP03635,48,Male,HR,HR Analyst,78600,11,5,5,4,No,86.3,23,No,
EMP03636,43,Male,Marketing,Marketing Manager,47800,10,2,2,5,Yes,98.1,11,No,
EMP03637,48,Male,Marketing,Marketing Manager,25300,12,2,2,5,No,94.4,0,No,
EMP03638,51,Female,Finance,Finance Specialist,30000,2,4,3,5,No,88.4,25,No,
EMP03639,36,Male,Operations,Operations Specialist,70500,0,2,5,4,No,87.6,5,Yes,Relocation
EMP03640,60,Female,Finance,Finance Executive,88000,6,1,2,3,No,93.6,9,No,
EMP03641,25,Male,Finance,Finance Analyst,38700,3,3,2,2,No,86.7,20,No,
EMP03642,42,Male,Engineering,Engineering Executive,38400,10,3,3,3,No,94.4,12,No,
EMP03643,44,Male,Customer Service, Customer Service Executive ,70600,4,3,4,3,No,93.9,18,No,
EMP03644,51,Female,Marketing,Marketing Specialist,42900,3,3,5,3,No,99.5,16,No,
EMP03645,29,Female,IT,IT Analyst,88700,6,2,2,4,No,99.7,6,No,
EMP03646,35,Male,Finance,Finance Specialist,57800,8,1,2,5,No,92.7,6,No,
EMP03647,51,Male,Sales,Sales Manager,44500,4,2,1,4,No,91.2,3,No,
EMP03648,32,Female,Marketing,Marketing Executive,46400,3,5,5,3,Yes,92.7,14,No,
EMP03649,26,Male,Operations,Operations Manager,86800,2,3,3,5,No,87.8,3,Yes,Higher Studies
EMP03650,30,Male,Sales,Sales Analyst,80000,3,5,5,5,No,92.2,22,Yes,Career Growth
EMP03651,27,Female,Marketing,Marketing Manager,25100,4,2,3,2,Yes,96.2,6,No,
EMP03652,43,Female,Sales,Sales Coordinator,65000,5,5,2,4,Yes,85.5,10,No,
EMP03653,48,Female,HR,HR Specialist,67300,0,4,1,4,No,97.6,5,No,
EMP03654,57,Male,Customer Service,Customer Service Executive,40300,14,4,4,3,No,97.8,0,Yes,Personal Reasons
EMP03655,56,Female,Marketing,Marketing Specialist,83700,15,1,3,5,No,87.5,2,No,
EMP03656,22,Female,Engineering,Engineering Manager,33100,0,5,4,2,No,87.5,13,No,
EMP03657,24,Male,Sales,Sales Coordinator,62600,1,5,4,5,Yes,84.2,20,No,
EMP03658,41,Female,HR,HR Specialist,56600,2,4,4,2,No,90.8,7,No,
EMP03659,25,Male,IT,IT Manager,65000,5,5,4,3,Yes,88.1,21,Yes,Relocation
EMP03660,53,Female,Operations,Operations Coordinator,72000,12,1,1,5,Yes,91.8,12,Yes,Personal Reasons
EMP03661,44,Female,HR,HR Specialist,27900,7,5,4,4,No,84.6,0,No,
EMP03662,52,Male,IT,IT Manager,36500,14,2,5,4,No,86.2,24,Yes,Personal Reasons
EMP03663,21,Male,Customer Service,Customer Service Analyst,37100,0,5,3,5,Yes,86.8,22,No,
EMP03664,24,Female,Sales,Sales Analyst,30700,4,2,2,2,Yes,84.3,11,No,
EMP03665,59,Male,Finance,Finance Executive,65200,14,2,2,5,No,93,9,No,
EMP03666,42,Male,IT,IT Specialist,69900,14,4,3,3,No,89.2,1,No,
EMP03667,60,Female,Operations,Operations Coordinator,65900,4,5,2,5,No,93.7,20,No,
EMP03668,50,Female,Finance,Finance Manager,41100,0,2,4,5,No,99.7,25,No,
EMP03669,31,Male,Finance,Finance Specialist,38800,1,3,4,5,No,88.9,3,No,
EMP03670,31,Male,Marketing,Marketing Executive,46900,4,5,1,5,Yes,84.2,14,No,
EMP03671,26,Female,Finance,Finance Analyst,59600,1,5,5,3,Yes,82.6,19,No,
EMP03672,23,Female,Engineering,Engineering Analyst,62000,0,5,2,4,No,88,11,No,
EMP03673,58,Male,Sales,Sales Analyst,25200,8,3,5,2,No,98.1,4,Yes,Manager/Team Issues
EMP03674,38,Male,IT,IT Manager,87100,3,2,5,3,No,98.4,24,No,
EMP03675,32,Female,Engineering,Engineering Specialist,36500,11,3,2,3,Yes,98.9,20,No,
EMP03676,49,Female,Marketing,Marketing Analyst,45100,11,5,2,2,No,94.5,20,No,
EMP03677,50,Male,Engineering,Engineering Executive,59600,8,1,4,3,Yes,87.4,22,No,
EMP03678,32,Male,Sales,Sales Executive,55500,5,1,4,3,Yes,82.2,5,Yes,Personal Reasons
EMP03679,44,Male,IT,IT Manager,31600,13,2,4,4,No,93.9,21,No,
EMP03680,56,Female,Customer Service,Customer Service Executive,65200,11,5,5,3,No,88.1,20,No,
EMP03681,41,Male,Sales,Sales Executive,31800,7,3,5,5,No,86.3,6,No,
EMP03682,25,Male,HR,HR Coordinator,66400,3,1,5,3,No,90.7,5,No,
EMP03683,55,Female,Finance,Finance Analyst,46700,8,5,5,3,Yes,85.1,7,No,
EMP03684,26,Male,Finance,Finance Executive,86100,6,2,5,5,Yes,90.4,13,No,
EMP03685,57,Female,Operations,Operations Specialist,53400,4,5,3,2,No,94.6,24,No,
EMP03686,30,Male,Customer Service,Customer Service Specialist,55700,2,2,4,4,No,99,12,Yes,Higher Studies
EMP03687,57,Male, hr ,HR Manager,46900,3,4,1,3,No,96.7,4,No,
EMP03688,26,Male,Finance,Finance Manager,72300,2,3,1,3,Yes,94.3,17,Yes,Relocation
EMP03689,29,Female,Customer Service,Customer Service Executive,69300,6,2,1,5,No,87.6,20,No,
EMP03690,44,Male,Operations,Operations Executive,47800,5,2,5,3,Yes,87.1,7,No,
EMP03691,41,Female,Marketing,Marketing Specialist,53400,10,1,1,4,Yes,84.6,3,No,
EMP03692,47,Male,IT,IT Coordinator,76500,15,5,2,4,No,83.1,1,No,
EMP03693,42,Female,Operations,Operations Specialist,49000,12,1,3,2,No,89.4,8,No,
EMP03694,38,Female,Engineering,Engineering Manager,44100,10,3,4,5,Yes,84.2,17,Yes,Higher Studies
EMP03695,47,Male,Customer Service,Customer Service Coordinator,66700,9,5,4,5,No,99,2,Yes,Work-Life Balance
EMP03696,32,Female,HR,HR Manager,62300,1,2,2,3,Yes,85.2,21,Yes,Career Growth
EMP03697,22,Female,Marketing,Marketing Analyst,84000,2,1,1,3,No,83.4,14,Yes,Better Salary
EMP03698,47,Male,Operations,Operations Manager,52500,13,3,4,4,No,97.8,13,No,
EMP03699,34,Male,IT,IT Executive,57500,5,5,3,4,No,82.3,9,No,
EMP03700,45,Male,Customer Service,Customer Service Manager,47000,15,4,4,5,Yes,96.5,17,Yes,Personal Reasons
EMP03701,55,Female,IT,IT Analyst,63000,6,1,3,4,No,91.15,24,Yes,Relocation
EMP03702,29,Male,Customer Service,Customer Service Manager,51800,6,5,5,3,No,95.3,1,No,
EMP03703,57,Male,Sales,Sales Specialist,47700,2,4,3,5,No,92.3,25,Yes,Relocation
EMP03704,33,Male,Operations,Operations Analyst,61500,9,2,2,4,No,84.8,1,No,
EMP03705,57,Male,Engineering,Engineering Manager,60500,7,4,4,5,Yes,86.6,22,No,
EMP03706,33,Male,Marketing,Marketing Specialist,64000,8,1,4,4,No,96.5,0,No,
EMP03707,23,Male,Marketing,Marketing Manager,57900,3,4,5,5,No,84.8,7,Yes,Career Growth
EMP03708,46,Male,IT,IT Manager,28800,1,5,5,3,No,91.2,8,No,
EMP03709,36,Female,IT,IT Coordinator,81200,2,3,5,5,No,84.1,24,No,
EMP03710,48,Female,IT,IT Specialist,73800,10,2,3,2,Yes,83.6,24,No,
EMP03711,52,Male,Marketing,Marketing Specialist,74700,0,5,1,4,No,91.9,3,No,
EMP03712,22,Female,Sales,Sales Specialist,84600,1,5,4,5,No,95.2,13,No,
EMP03713,45,Male,IT,IT Analyst,73700,7,5,5,5,No,83.2,0,No,
EMP03714,59,Female,HR,HR Executive,89000,10,4,5,5,No,83.8,18,No,
EMP03715,27,Female,IT,IT Coordinator,27200,0,2,1,4,No,83.7,13,No,
EMP03716,48,Female,Marketing,Marketing Analyst,81400,12,3,5,2,No,85.2,16,No,
EMP03717,49,Female,Customer Service,Customer Service Analyst,50200,12,4,3,2,No,90.6,12,No,
EMP03718,42,Male,Customer Service,Customer Service Executive,88000,13,1,1,5,Yes,94.4,8,No,
EMP03719,55,Female,IT,IT Specialist,86100,10,3,4,5,No,83.5,16,Yes,Personal Reasons
EMP03720,25,Male,Customer Service,Customer Service Executive,70900,1,1,5,3,No,97.4,4,No,
EMP03721,59,Male,Operations,Operations Manager,70600,0,1,5,3,Yes,82.4,22,No,
EMP03722,51,Female,Engineering,Engineering Executive,39100,12,2,2,5,No,84.5,6,No,
EMP03723,48,Female,Operations,Operations Executive,49700,0,4,4,3,No,92.4,20,Yes,Work-Life Balance
EMP03724,37,Male,Operations,Operations Executive,42900,4,4,2,2,No,94,14,No,
EMP03725,29,Male,Operations,Operations Manager,43800,0,3,1,2,Yes,94.2,2,No,
EMP03726,41,Female,HR,HR Executive,72500,9,4,2,2,Yes,96.3,11,No,
EMP03727,26,Female,Engineering,Engineering Analyst,37700,1,3,2,3,No,85.5,2,No,
EMP03728,26,Male,Customer Service,Customer Service Manager,56400,2,1,3,4,Yes,84.2,6,No,
EMP03729,51,Male,Operations,Operations Specialist,65700,11,4,2,4,No,99.7,2,No,
EMP03730,48,Male,Marketing,Marketing Analyst,39000,5,3,2,2,No,91.7,5,No,
EMP03731,25,Male,Operations,Operations Analyst,62800,3,5,4,3,No,92.2,11,No,
EMP03732,23,Female,Engineering,Engineering Manager,80200,0,2,1,5,No,90.1,7,No,
EMP03733,25,Female,IT,IT Analyst,72900,5,1,1,3,Yes,97.5,9,No,
EMP03734,33,Female,Engineering,Engineering Manager,45700,2,1,3,2,No,92.7,2,Yes,Higher Studies
EMP03735,42,Female,HR,HR Executive,67400,7,5,3,2,No,93.7,16,No,
EMP03736,31,Male,Sales,Sales Coordinator,51600,1,5,3,3,No,90.7,14,Yes,Relocation
EMP03737,26,Female,HR,HR Analyst,37400,3,5,3,5,No,94.9,23,No,
EMP03738,55,Female,Finance,Finance Analyst,51600,8,3,4,2,Yes,84.5,20,No,
EMP03739,41,Female,Marketing,Marketing Analyst,57100,14,5,2,5,No,88.1,17,No,
EMP03740,59,Male,HR,HR Specialist,28500,14,3,2,4,No,97.5,14,No,
EMP03741,54,Male,Engineering,Engineering Analyst,72200,3,3,5,2,No,84.7,25,No,
EMP03742,38,Male,HR,HR Coordinator,65400,8,5,4,5,Yes,95.2,25,No,
EMP03743,33,Male,Customer Service,Customer Service Analyst,46400,8,2,5,2,Yes,98.5,2,No,
EMP03744,26,Male,Operations,Operations Coordinator,49200,4,5,2,5,No,91.6,14,No,
EMP03745,40,Male,HR,HR Coordinator,31000,13,4,4,5,Yes,98.3,24,No,
EMP03746,58,Male,Finance,Finance Specialist,59100,12,5,1,5,No,83.2,8,No,
EMP03747,36,Female,Customer Service,Customer Service Coordinator,69000,2,1,5,5,No,83.9,13,No,
EMP03748,47,Female,HR,HR Coordinator,89400,1,3,4,3,No,96.5,14,No,
EMP03749,32,Female,Operations,Operations Coordinator,42400,5,2,5,4,Yes,95.1,18,No,
EMP03750,58,Female,Engineering,Engineering Coordinator,88300,12,3,5,3,Yes,97.2,20,No,
EMP03751,42,Male,IT,IT Manager,56900,0,4,4,4,No,94.6,0,Yes,Personal Reasons
EMP03752,57,Male,IT,IT Analyst,81000,6,3,2,3,Yes,87.9,16,No,
EMP03753,59,Female,Customer Service,Customer Service Manager,41400,13,2,4,4,No,94.4,6,No,
EMP03754,41,Male,Finance,Finance Manager,50400,0,1,1,3,No,85.7,11,No,
EMP03755,60,Female,Finance,Finance Manager,40600,9,1,5,5,No,83.3,14,No,
EMP03756,25,Male,Marketing,Marketing Executive,77000,0,4,5,2,No,94.8,22,No,
EMP03757,36,Male,Customer Service,Customer Service Executive,33400,12,1,3,3,No,90.5,6,No,
EMP03758,50,Female,Finance,Finance Coordinator,61900,11,2,2,2,No,82.9,19,No,
EMP03759,37,Male,Marketing,Marketing Analyst,27600,11,5,1,5,No,91.1,24,No,
EMP03760,33,Male,Customer Service,Customer Service Specialist,79900,13,3,4,3,Yes,89.3,25,No,
EMP03761,44,Female,Operations,Operations Analyst,45200,6,4,4,3,Yes,92.3,15,No,
EMP03762,52,Male,Finance,Finance Manager,62400,9,4,5,2,No,97.9,9,No,
EMP03763,37,Female,IT,IT Specialist,67200,0,3,4,3,No,87.9,6,No,
EMP03764,55,Male,Customer Service,Customer Service Specialist,85000,9,3,2,2,No,95.3,14,No,
EMP03765,55,Male,HR,HR Specialist,66400,8,1,2,2,Yes,99.9,17,Yes,Work-Life Balance
EMP03766,28,Female,Marketing,Marketing Coordinator,36500,1,3,4,5,No,83,11,Yes,Higher Studies
EMP03767,59,Female,Marketing,Marketing Executive,63700,15,4,4,4,Yes,85.9,6,No,
EMP03768,23,Male,Marketing,Marketing Manager,88900,3,3,4,2,No,93.8,25,No,
EMP03769,35,Male,Operations,Operations Analyst,35600,3,3,2,2,No,83.1,25,No,
EMP03770,49,Female,Operations,Operations Coordinator,79100,12,2,3,3,No,96.8,7,Yes,Career Growth
EMP03771,33,Female,Customer Service,Customer Service Manager,88700,0,1,3,2,No,87.7,20,No,
EMP03772,56,Male,Marketing,Marketing Manager,56100,3,1,1,5,No,86.6,2,No,
EMP03773,40,Male,Customer Service,Customer Service Manager,85200,9,5,5,5,No,86,11,No,
EMP03774,36,Male,Sales,Sales Executive,75000,13,4,5,3,No,91.3,8,No,
EMP03775,51,Male,HR,HR Executive,77100,3,2,2,2,Yes,89,24,No,
EMP03776,42,Male,Finance,Finance Specialist,84800,12,3,4,4,No,87.4,22,No,
EMP03777,30,Male,HR,HR Specialist,68300,5,2,2,5,No,86.1,21,No,
EMP03778,23,Male,Customer Service,Customer Service Analyst,29100,1,2,3,3,No,90.4,25,No,
EMP03779,35,Male,HR,HR Specialist,38800,3,1,3,3,No,84.1,20,No,
EMP03780,44,Male,Operations, Operations Manager ,66500,12,3,5,2,No,85.1,6,Yes,Manager/Team Issues
EMP03781,45,Male,Operations,Operations Coordinator,51000,0,5,1,5,No,91.3,10,No,
EMP03782,26,Female,IT,IT Specialist,66100,1,2,1,5,No,95.3,23,No,
EMP03783,60,Male,Sales,Sales Specialist,89200,1,3,5,2,Yes,84.7,0,No,
EMP03784,55,Male,Finance,Finance Specialist,55800,8,2,4,4,Yes,85.2,10,No,
EMP03785,23,Male,HR,HR Executive,44600,3,3,1,2,Yes,95.6,14,No,
EMP03786,45,Male,HR,HR Manager,55800,6,3,3,3,Yes,89.6,3,No,
EMP03787,51,Female,IT,IT Executive,69800,12,5,5,2,Yes,84.4,22,No,
EMP03788,34,Male, engineering ,Engineering Manager,45100,4,5,1,4,No,88.7,22,Yes,Work-Life Balance
EMP03789,53,Male,Engineering,Engineering Specialist,38600,8,5,1,5,No,92.1,13,No,
EMP03790,56,Female,IT,IT Specialist,86800,6,5,2,4,Yes,82.3,25,Yes,Personal Reasons
EMP03791,53,Female,Finance,Finance Coordinator,53300,12,2,2,5,No,97,13,No,
EMP03792,56,Male,HR,HR Specialist,62000,15,2,5,4,No,84.4,1,No,
EMP03793,39,Female,Sales,Sales Specialist,27000,3,1,4,5,No,86.6,5,Yes,Higher Studies
EMP03794,31,Female,Operations,Operations Executive,81600,4,4,5,2,No,86.6,0,No,
EMP03795,46,Female,IT,IT Manager,70900,9,1,4,2,No,94.2,16,No,
EMP03796,46,Male,Operations,Operations Executive,75800,1,5,5,4,Yes,96.8,0,No,
EMP03797,58,Female,Customer Service,Customer Service Analyst,46000,3,1,4,3,No,90.5,21,No,
EMP03798,35,Male,Sales,Sales Executive,34600,3,3,4,2,Yes,96.2,4,No,
EMP03799,44,Male,HR,HR Manager,71500,15,2,3,4,No,91.3,23,No,
EMP03800,25,Male,Sales,Sales Specialist,58100,2,2,5,4,No,94.9,23,No,
EMP03801,31,Male,Customer Service,Customer Service Executive,74200,4,2,4,3,No,83.5,9,No,
EMP03802,32,Female,Operations,Operations Analyst,45900,9,2,3,2,No,85.6,6,No,
EMP03803,54,Female,Operations,Operations Executive,45100,4,2,4,3,No,90.7,22,No,
EMP03804,57,Female,Sales,Sales Manager,79700,13,5,2,2,No,99.1,22,No,
EMP03805,26,Female,HR,HR Analyst,33900,4,3,4,3,No,85.2,20,No,
EMP03806,51,Male,HR,HR Analyst,59600,8,3,5,2,No,90.7,15,No,
EMP03807,41,Female,Finance,Finance Manager,59800,4,1,5,5,No,92.7,0,No,
EMP03808,30,Female,Marketing,Marketing Executive,25800,9,5,2,5,Yes,92.3,16,No,
EMP03809,37,Male,IT,IT Executive,48300,0,4,5,5,Yes,89.3,1,Yes,Career Growth
EMP03810,49,Female,HR,HR Analyst,26100,12,1,3,2,No,92.4,11,No,
EMP03811,31,Male,IT,IT Analyst,49000,8,3,4,4,No,86.6,24,Yes,Manager/Team Issues
EMP03812,32,Female,HR,HR Manager,81400,4,2,1,2,No,85,16,No,
EMP03813,51,Male,Engineering,Engineering Executive,48200,4,4,1,5,Yes,91.9,3,Yes,Relocation
EMP03814,29,Female,HR,HR Specialist,56400,5,2,3,5,No,96.6,19,No,
EMP03815,31,Female,Sales,Sales Specialist,73700,1,5,3,3,Yes,94.4,11,No,
EMP03816,59,Female,Customer Service,Customer Service Specialist,39400,1,1,2,3,No,89.2,23,No,
EMP03817,42,Male,Operations,Operations Executive,30700,15,2,1,2,Yes,85.1,20,No,
EMP03818,24,Female,Sales,Sales Manager,69000,0,2,5,4,No,97,19,No,
EMP03819,45,Male,IT,IT Coordinator,41200,11,1,5,3,Yes,86.5,17,No,
EMP03820,37,Male,Engineering,Engineering Specialist,62400,10,4,1,2,Yes,92.2,10,No,
EMP03821,28,Male,Marketing,Marketing Coordinator,59800,3,3,4,4,No,87,22,No,
EMP03822,52,Male,Finance,Finance Analyst,37100,5,1,3,4,No,86.4,15,Yes,Manager/Team Issues
EMP03823,54,Male,Marketing,Marketing Manager,64600,10,4,1,4,No,91.4,23,No,
EMP03824,22,Female,Marketing,Marketing Manager,58600,1,4,5,4,No,87.2,3,No,
EMP03825,21,Male,Marketing,Marketing Analyst,46400,0,3,3,2,No,98.4,12,Yes,Work-Life Balance
EMP03826,34,Female,Sales,Sales Specialist,42300,6,5,5,5,No,98.2,1,No,
EMP03827,41,Female,Finance,Finance Manager,27100,0,3,4,2,No,97.6,0,No,
EMP03828,27,Male,HR,HR Specialist,33000,3,2,2,4,No,94.9,14,No,
EMP03829,49,Female,Sales,Sales Manager,55800,1,1,5,3,No,88.9,17,No,
EMP03830,35,Female,Engineering,Engineering Analyst,44400,6,1,4,5,No,95.3,13,Yes,Career Growth
EMP03831,39,Female,Operations,Operations Executive,30400,7,3,2,4,No,95.1,2,Yes,Work-Life Balance
EMP03832,24,Female,Engineering,Engineering Executive,67600,3,4,5,2,No,90.6,10,No,
EMP03833,53,Male,IT,IT Executive,41000,0,3,2,2,No,85.3,9,No,
EMP03834,51,Female,Sales,Sales Specialist,28600,11,4,5,2,Yes,86.1,15,Yes,Personal Reasons
EMP03835,41,Male,HR,HR Executive,27600,10,2,1,5,No,92.5,3,No,
EMP03836,60,Female,IT,IT Executive,88600,1,3,1,3,No,98.2,8,No,
EMP03837,60,Female,Customer Service,Customer Service Executive,50700,2,1,2,2,No,92.4,21,No,
EMP03838,51,Female,Sales,Sales Specialist,76400,15,4,2,2,No,86.1,2,Yes,Work-Life Balance
EMP03839,24,Male,Marketing,Marketing Executive,84600,2,3,5,3,No,89.5,20,No,
EMP03840,42,Female,Engineering,Engineering Executive,26800,12,1,4,3,No,95.6,20,No,
EMP03841,57,Male,HR,HR Executive,27000,1,5,1,4,No,90.8,17,Yes,Work-Life Balance
EMP03842,25,Female,HR,HR Manager,68600,2,2,5,3,Yes,98.3,19,No,
EMP03843,43,Male,Marketing,Marketing Specialist,34600,10,5,1,3,Yes,87.1,21,No,
EMP03844,37,Male,HR,HR Coordinator,51300,7,3,2,3,No,99.2,1,No,
EMP03845,26,Male,HR,HR Analyst,73500,5,5,1,5,Yes,93.8,16,No,
EMP03846,47,Male,IT,IT Analyst,41700,8,5,5,5,No,98.4,3,No,
EMP03847,52,Male,IT,IT Analyst,82500,6,4,3,2,Yes,89.1,25,No,
EMP03848,24,Female,Finance,Finance Analyst,70500,4,4,4,4,Yes,83.8,9,Yes,Manager/Team Issues
EMP03849,37,Female,Operations,Operations Coordinator,52000,5,5,1,2,Yes,86.2,17,No,
EMP03850,52,Male,Customer Service,Customer Service Coordinator,74500,4,3,4,3,No,85.5,8,No,
EMP03851,37,Female,Finance,Finance Manager,55000,1,5,1,5,No,83.7,2,No,
EMP03852,28,Female,Operations,Operations Manager,29500,1,5,3,3,Yes,93.1,2,No,
EMP03853,31,Female,Customer Service,Customer Service Manager,64500,6,3,5,3,No,89.8,24,No,
EMP03854,28,Female,Sales,Sales Manager,40900,8,1,3,4,No,99.2,1,No,
EMP03855,33,Male,Sales,Sales Analyst,69600,5,1,4,3,Yes,89.6,8,No,
EMP03856,29,Female,Operations,Operations Manager,83100,6,1,3,3,No,89.8,5,No,
EMP03857,56,Female,Operations,Operations Manager,79100,15,4,4,2,No,90.1,13,No,
EMP03858,42,Female,Operations,Operations Executive,67000,3,5,1,3,No,93.4,10,Yes,Better Salary
EMP03859,43,Male,Customer Service,Customer Service Analyst,35800,1,5,2,5,Yes,93.3,13,No,
EMP03860,51,Male,Engineering,Engineering Executive,27700,3,3,5,3,No,82.9,0,No,
EMP03861,44,Female,Finance,Finance Analyst,70100,0,3,2,3,Yes,99.6,17,No,
EMP03862,49,Male,Customer Service,Customer Service Specialist,69500,7,1,4,4,No,93,10,No,
EMP03863,30,Male,Finance,Finance Specialist,83700,9,4,2,5,Yes,89,15,No,
EMP03864,38,Male,IT,IT Coordinator,74400,5,2,4,3,No,84.9,1,No,
EMP03865,39,Male,Sales,Sales Coordinator,54100,1,3,5,3,No,88,22,No,
EMP03866,34,Female,Customer Service,Customer Service Manager,78100,0,1,1,2,No,92,24,No,
EMP03867,49,Male,Sales,Sales Manager,87800,14,5,2,4,Yes,90,5,No,
EMP03868,42,Male,Customer Service,Customer Service Coordinator,75700,14,1,1,5,No,96.1,10,No,
EMP03869,50,Male,Finance,Finance Manager,49200,2,1,4,5,Yes,92.8,23,No,
EMP03870,36,Female,Engineering,Engineering Manager,74500,0,3,1,3,No,85.3,7,No,
EMP03871,36,Female,Sales,Sales Specialist,57100,13,5,2,3,Yes,92.1,22,No,
EMP03872,60,Female,HR,HR Specialist,63100,12,5,2,3,No,94.1,19,No,
EMP03873,47,Female,HR,HR Coordinator,47000,12,3,3,4,Yes,93.4,7,No,
EMP03874,28,Male,Marketing,Marketing Analyst,57900,6,5,2,5,No,97.4,21,No,
EMP03875,58,Female,IT,IT Coordinator,65200,8,3,3,4,No,91.9,1,No,
EMP03876,23,Male,Sales,Sales Coordinator,83300,2,5,3,4,No,89.4,7,No,
EMP03877,25,Female,Finance,Finance Specialist,75000,3,2,5,4,No,89.8,3,Yes,Manager/Team Issues
EMP03878,49,Male,Sales,Sales Coordinator,31000,3,4,4,2,No,90.8,24,No,
EMP03879,58,Male,HR,HR Analyst,52600,4,5,5,2,No,98.3,4,Yes,Career Growth
EMP03880,37,Male,Sales,Sales Executive,33500,15,5,5,3,No,91.15,2,No,
EMP03881,23,Female,Customer Service,Customer Service Specialist,55300,2,2,2,4,No,94,0,No,
EMP03882,35,Male,Customer Service,Customer Service Executive,33100,5,1,5,3,No,82.6,13,No,
EMP03883,58,Female,Engineering,Engineering Coordinator,66700,13,3,3,5,No,88.2,1,No,
EMP03884,32,Male,IT,IT Analyst,72000,6,4,4,2,Yes,92.8,7,No,
EMP03885,33,Female,Customer Service,Customer Service Manager,74600,12,3,5,4,No,93.5,4,No,
EMP03886,29,Male,HR,HR Specialist,59700,5,5,5,4,No,90,20,No,
EMP03887,41,Female,Marketing,Marketing Manager,49200,5,4,2,5,No,94.9,13,No,
EMP03888,47,Female,Finance,Finance Executive,78300,4,4,2,4,Yes,97.3,8,No,
EMP03889,23,Male, hr ,HR Specialist,63000,0,2,1,5,No,86.3,21,Yes,Better Salary
EMP03890,31,Female,Customer Service,Customer Service Specialist,32200,9,1,5,5,No,91.7,17,No,
EMP03891,33,Female,Customer Service,Customer Service Coordinator,50700,5,5,2,4,No,86.1,8,No,
EMP03892,57,Female,Sales,Sales Coordinator,30000,2,5,1,2,No,98.3,1,No,
EMP03893,48,Male,Marketing,Marketing Manager,32100,9,2,5,3,No,90.2,20,No,
EMP03894,35,Male,Marketing,Marketing Executive,35800,14,5,4,2,No,91.6,8,No,
EMP03895,29,Male,HR,HR Coordinator,88500,5,5,5,4,Yes,97.3,24,No,
EMP03896,59,Female,Marketing,Marketing Specialist,57400,10,4,3,4,Yes,95.6,13,No,
EMP03897,60,Male,Engineering,Engineering Coordinator,25200,0,1,4,5,Yes,97.5,12,No,
EMP03898,34,Female,Sales,Sales Analyst,70600,4,5,5,5,No,88.7,20,No,
EMP03899,59,Male,HR,HR Manager,51500,9,3,2,3,No,97.7,22,No,
EMP03900,28,Female,IT,IT Analyst,70200,2,3,1,4,No,90.2,16,No,
EMP03901,23,Female,Customer Service,Customer Service Executive,59600,2,4,3,3,No,83,6,No,
EMP03902,58,Female,HR,HR Analyst,52800,2,4,4,2,No,93.3,5,No,
EMP03903,38,Female,Sales,Sales Analyst,27000,14,4,2,3,Yes,85.1,15,No,
EMP03904,45,Female,Marketing,Marketing Executive,64600,12,3,5,2,No,97.1,3,Yes,Better Salary
EMP03905,29,Male,Customer Service,Customer Service Executive,44700,8,2,1,2,Yes,97.5,22,No,
EMP03906,50,Male,Marketing,Marketing Specialist,75000,0,4,2,4,No,96,3,No,
EMP03907,60,Female,Marketing,Marketing Analyst,75100,6,3,5,3,Yes,95.4,24,No,
EMP03908,41,Female,HR,HR Specialist,61400,0,4,2,2,Yes,99.9,9,No,
EMP03909,59,Female,Marketing,Marketing Coordinator,37000,0,2,1,4,No,93.2,4,Yes,Higher Studies
EMP03910,52,Female,Operations,Operations Analyst,54600,7,3,2,5,No,95.4,16,No,
EMP03911,22,Male,Sales,Sales Coordinator,55000,1,3,1,4,No,87.5,22,No,
EMP03912,47,Male,Operations,Operations Specialist,33700,7,1,3,5,No,99.6,1,No,
EMP03913,45,Female,Customer Service,Customer Service Specialist,58600,7,3,4,4,No,93.9,25,No,
EMP03914,44,Female,IT,IT Executive,39000,9,2,4,2,Yes,96.1,2,Yes,Personal Reasons
EMP03915,29,Male,Marketing,Marketing Coordinator,85800,0,1,2,5,No,86.9,9,Yes,Personal Reasons
EMP03916,40,Female,IT,IT Executive,65600,6,1,3,3,No,87.8,7,No,
EMP03917,37,Male,HR, HR Executive ,82700,7,5,5,2,No,85.4,9,No,
EMP03918,39,Male,Finance,Finance Manager,35200,13,3,3,5,No,91.3,5,No,
EMP03919,36,Male,Customer Service,Customer Service Coordinator,48000,14,4,3,4,No,99.8,1,Yes,Career Growth
EMP03920,54,Female,Marketing,Marketing Manager,62900,7,1,5,5,No,85.6,2,No,
EMP03921,24,Male,Operations,Operations Executive,43800,3,3,1,4,No,85,18,No,
EMP03922,52,Male,Customer Service,Customer Service Specialist,89000,5,3,5,5,No,96.7,8,Yes,Higher Studies
EMP03923,57,Female,IT,IT Analyst,43500,10,2,3,3,No,92.2,7,Yes,Work-Life Balance
EMP03924,40,Female,HR,HR Manager,61700,14,5,3,5,No,86.5,6,No,
EMP03925,29,Male,Marketing,Marketing Specialist,61500,6,4,5,3,Yes,82.3,25,No,
EMP03926,33,Male,Engineering,Engineering Manager,47000,13,5,3,2,Yes,88.6,4,No,
EMP03927,24,Female,Finance,Finance Coordinator,42400,0,2,5,5,No,91.3,2,No,
EMP03928,46,Female,Engineering,Engineering Analyst,40500,1,4,2,2,No,83.6,25,No,
EMP03929,24,Male,HR,HR Manager,34300,2,5,3,4,No,82.4,22,No,
EMP03930,28,Male,Engineering,Engineering Coordinator,38100,1,4,3,2,No,94,15,No,
EMP03931,31,Male,IT,IT Coordinator,47000,10,4,3,4,No,96.4,6,No,
EMP03932,56,Female,Sales,Sales Analyst,61400,5,1,1,3,Yes,84.8,0,No,
EMP03933,59,Male,Customer Service,Customer Service Executive,80500,12,3,3,2,No,86.5,0,No,
EMP03934,27,Female,HR,HR Executive,82300,2,3,3,2,Yes,87.2,21,No,
EMP03935,50,Female,Marketing,Marketing Executive,55800,14,5,3,4,Yes,95.1,10,No,
EMP03936,28,Male,Engineering,Engineering Coordinator,34500,2,5,3,2,No,92.1,11,No,
EMP03937,25,Male,Operations,Operations Analyst,65700,3,1,3,2,Yes,90.7,15,Yes,Higher Studies
EMP03938,46,Male,IT,IT Manager,70600,11,1,2,2,No,83.5,1,No,
EMP03939,22,Male,Customer Service,Customer Service Coordinator,71900,0,2,2,2,No,97,2,No,
EMP03940,51,Female,Customer Service,Customer Service Specialist,32100,7,5,5,2,No,90.3,24,No,
EMP03941,35,Male,Operations,Operations Specialist,28300,4,4,5,2,Yes,97.4,25,No,
EMP03942,26,Male,Finance,Finance Analyst,37500,0,5,4,2,Yes,83.5,10,No,
EMP03943,25,Male,IT,IT Specialist,60600,0,4,4,3,Yes,84.5,0,No,
EMP03944,32,Female,Sales,Sales Specialist,76200,6,4,3,5,No,96.3,7,No,
EMP03945,27,Male,IT,IT Coordinator,38300,4,5,4,3,No,87.7,16,Yes,Better Salary
EMP03946,59,Female,HR,HR Analyst,62800,11,5,2,5,Yes,96,24,No,
EMP03947,43,Male,Operations,Operations Manager,67400,2,3,3,4,No,84.1,17,No,
EMP03948,26,Male,Marketing,Marketing Executive,81400,5,2,4,2,Yes,96.5,20,No,
EMP03949,35,Male,IT,IT Manager,42800,2,3,1,4,No,83.6,5,No,
EMP03950,21,Female,IT,IT Coordinator,45500,0,5,3,3,No,87.2,17,No,
EMP03951,38,Female,Marketing,Marketing Coordinator,89200,3,2,2,4,No,84.1,18,Yes,Higher Studies
EMP03952,54,Male,Marketing,Marketing Coordinator,61600,8,3,3,3,No,92.2,12,No,
EMP03953,46,Male,Engineering,Engineering Specialist,64300,14,1,1,4,Yes,94.4,16,Yes,Better Salary
EMP03954,49,Male,Customer Service,Customer Service Analyst,36200,15,4,2,4,No,94.8,1,No,
EMP03955,26,Female,Operations,Operations Specialist,77500,6,2,3,5,No,94.7,0,No,
EMP03956,54,Male,Engineering,Engineering Coordinator,30000,3,2,2,3,No,89.8,12,No,
EMP03957,60,Female,Engineering,Engineering Specialist,50300,7,4,3,4,No,88,8,No,
EMP03958,43,Male,IT,IT Executive,60300,11,5,3,5,No,88.2,1,No,
EMP03959,35,Female,Operations,Operations Analyst,46800,11,4,1,2,No,92.8,14,Yes,Work-Life Balance
EMP03960,25,Male,IT,IT Coordinator,75700,0,1,2,5,No,85.7,12,No,
EMP03961,48,Male,IT,IT Analyst,83600,5,1,1,4,Yes,96,23,No,
EMP03962,23,Male,Operations,Operations Analyst,57700,0,4,3,2,No,86.7,8,Yes,Higher Studies
EMP03963,56,Female,Operations,Operations Executive,55800,7,1,3,5,No,83.9,5,No,
EMP03964,39,Male,Customer Service,Customer Service Manager,68800,13,3,1,5,No,95.6,24,Yes,Relocation
EMP03965,36,Female,Customer Service,Customer Service Executive,31700,14,3,3,4,No,94.1,3,No,
EMP03966,57,Female,Operations,Operations Coordinator,39100,11,2,3,2,No,99.1,19,Yes,Personal Reasons
EMP03967,46,Female,Operations,Operations Manager,49300,10,5,3,4,Yes,83.5,19,No,
EMP03968,55,Male,Engineering,Engineering Specialist,37400,2,4,4,5,No,83.5,5,No,
EMP03969,38,Female,Operations,Operations Executive,62900,9,2,1,2,Yes,82.5,23,No,
EMP03970,53,Male,Customer Service,Customer Service Executive,69300,13,2,1,5,No,92.7,2,No,
EMP03971,28,Male,Sales,Sales Manager,84200,0,3,3,3,Yes,86.4,10,No,
EMP03972,38,Male,Finance,Finance Analyst,32900,13,5,5,5,No,92.8,25,No,
EMP03973,24,Male,Marketing,Marketing Manager,82000,0,3,1,5,No,99,4,Yes,Relocation
EMP03974,45,Male,Customer Service,Customer Service Analyst,51600,10,4,1,4,No,85.7,1,Yes,Relocation
EMP03975,36,Female,HR,HR Manager,73200,3,5,4,4,No,96.4,16,No,
EMP03976,36,Male,Marketing,Marketing Analyst,52300,0,4,5,3,No,94.6,12,No,
EMP03977,38,Male,Operations,Operations Manager,32300,10,5,5,3,No,82.5,25,No,
EMP03978,57,Female,Operations,Operations Specialist,48300,2,3,3,4,Yes,84.3,1,No,
EMP03979,50,Male,Sales,Sales Executive,39400,6,1,4,2,Yes,96.9,21,No,
EMP03980,47,Male,Marketing,Marketing Executive,40100,3,1,5,2,No,99.7,16,No,
EMP03981,60,Male,Sales,Sales Analyst,30600,4,4,4,3,No,97.1,24,No,
EMP03982,54,Male,Marketing,Marketing Manager,32700,9,4,3,4,No,87,14,No,
EMP03983,48,Female,Sales,Sales Manager,39400,15,3,5,3,No,82.7,1,No,
EMP03984,39,Male,Finance,Finance Executive,31000,12,1,5,3,Yes,82.1,25,No,
EMP03985,23,Male,IT,IT Analyst,86000,3,4,1,4,No,91.3,23,No,
EMP03986,30,Female,Operations,Operations Coordinator,76600,2,2,2,3,No,82.9,7,No,
EMP03987,27,Female,HR,HR Specialist,42800,2,3,2,2,Yes,89.1,20,No,
EMP03988,25,Male,Customer Service,Customer Service Coordinator,59900,2,1,5,3,No,89.4,9,No,
EMP03989,23,Male,HR,HR Specialist,77600,2,4,3,2,No,86.5,7,No,
EMP03990,37,Female, marketing ,Marketing Analyst,56800,2,4,5,4,No,94.5,20,Yes,Higher Studies
EMP03991,55,Female,Engineering,Engineering Analyst,70700,10,1,5,4,No,90.8,15,No,
EMP03992,21,Male,HR,HR Coordinator,44100,0,1,1,2,No,90.6,3,No,
EMP03993,49,Female,Customer Service,Customer Service Specialist,46400,9,5,4,5,No,97.6,5,No,
EMP03994,33,Male,Customer Service,Customer Service Coordinator,51300,7,1,3,3,Yes,92.3,10,Yes,Personal Reasons
EMP03995,32,Female,Operations,Operations Executive,54300,9,3,5,4,No,83.6,12,No,
EMP03996,51,Female,Sales,Sales Coordinator,83200,12,5,4,3,No,88.9,11,Yes,Manager/Team Issues
EMP03997,45,Female,Sales,Sales Executive,79600,0,4,4,4,Yes,96.1,10,No,
EMP03998,31,Female,Finance,Finance Coordinator,89300,8,3,3,4,No,82.7,18,Yes,Career Growth
EMP03999,38,Female,IT,IT Specialist,42300,8,4,5,2,No,88.7,10,No,
EMP04000,23,Male,Customer Service,Customer Service Executive,29600,2,3,5,3,No,82.2,22,No,
EMP04001,55,Male,Operations,Operations Specialist,43700,11,3,4,4,No,94.1,24,Yes,Career Growth
EMP04002,22,Male,IT,IT Coordinator,55200,0,3,4,3,No,90.5,21,No,
EMP04003,47,Male,Marketing,Marketing Specialist,25900,14,1,4,2,No,88.6,8,No,
EMP04004,38,Male,Finance,Finance Analyst,68300,11,2,3,5,No,92,23,No,
EMP04005,30,Female,Sales,Sales Manager,83700,6,2,3,2,No,86.4,2,No,
EMP04006,40,Female,Customer Service,Customer Service Coordinator,87800,13,1,4,4,No,94.3,25,No,
EMP04007,44,Female,IT,IT Executive,59900,13,5,1,5,Yes,88.3,11,Yes,Career Growth
EMP04008,54,Female,HR,HR Analyst,79600,1,5,1,4,No,82.1,25,No,
EMP04009,48,Male,Operations,Operations Specialist,30100,2,1,1,5,No,96.5,11,No,
EMP04010,46,Female,Finance,Finance Coordinator,85000,1,5,4,5,Yes,83.2,10,Yes,Personal Reasons
EMP04011,30,Male,Sales,Sales Specialist,52300,9,1,5,4,No,91,18,Yes,Personal Reasons
EMP04012,56,Male,Finance,Finance Specialist,85000,8,5,1,3,Yes,99.8,22,Yes,Higher Studies
EMP04013,41,Male,Sales,Sales Analyst,41900,2,4,2,2,No,99.7,15,No,
EMP04014,39,Male,Engineering,Engineering Coordinator,73700,9,3,2,2,No,99.8,18,No,
EMP04015,30,Female,HR,HR Specialist,61600,9,2,4,3,No,86.7,23,Yes,Career Growth
EMP04016,54,Male,Marketing,Marketing Analyst,29500,5,4,4,4,No,98.9,14,No,
EMP04017,49,Female,Marketing,Marketing Manager,32400,11,1,1,4,No,88.4,19,No,
EMP04018,56,Male,Sales,Sales Coordinator,37900,9,4,1,2,No,93.7,2,No,
EMP04019,41,Male,Engineering,Engineering Analyst,47700,4,3,4,3,No,82,0,No,
EMP04020,49,Female,Customer Service,Customer Service Analyst,38400,13,2,5,5,No,96.4,14,Yes,Career Growth
EMP04021,32,Male,Marketing,Marketing Analyst,29500,5,1,5,4,No,82.6,23,No,
EMP04022,21,Male,Operations,Operations Specialist,60000,0,2,4,3,No,84.6,5,No,
EMP04023,47,Male,HR,HR Coordinator,81700,10,5,2,2,No,85.7,8,No,
EMP04024,30,Male,Marketing,Marketing Executive,35600,4,3,5,3,No,99,19,Yes,Personal Reasons
EMP04025,49,Male,Operations,Operations Analyst,81100,11,3,4,5,Yes,86.9,16,No,
EMP04026,52,Male,Customer Service,Customer Service Executive,84300,3,1,1,5,No,83,15,No,
EMP04027,34,Female,Customer Service,Customer Service Executive,53800,9,5,1,4,No,84,15,No,
EMP04028,28,Male,HR,HR Specialist,88400,5,4,3,5,No,83.7,19,No,
EMP04029,45,Male,Engineering,Engineering Coordinator,68100,1,1,4,3,No,91.1,21,No,
EMP04030,60,Female,Operations,Operations Manager,30700,10,3,4,3,No,94.7,1,No,
EMP04031,47,Female,HR,HR Analyst,29700,11,5,5,4,Yes,93.1,22,No,
EMP04032,52,Female,Customer Service,Customer Service Executive,86900,2,3,1,4,No,96.5,10,No,
EMP04033,42,Male,HR,HR Analyst,28500,8,5,2,2,No,98.2,2,No,
EMP04034,23,Male,Sales,Sales Analyst,69000,2,3,4,5,Yes,99.5,10,No,
EMP04035,32,Female,HR,HR Specialist,82300,10,1,4,2,No,94.3,19,Yes,Higher Studies
EMP04036,35,Male,Engineering,Engineering Executive,77300,8,3,3,4,No,86,12,No,
EMP04037,31,Male,Engineering,Engineering Analyst,27300,5,3,5,2,Yes,97.8,22,Yes,Higher Studies
EMP04038,53,Male,Engineering,Engineering Analyst,56200,14,1,4,4,No,82.4,22,No,
EMP04039,57,Female,Marketing,Marketing Analyst,58800,3,4,3,4,No,91.8,6,No,
EMP04040,41,Male,Operations,Operations Manager,77000,1,1,3,5,No,86.1,3,No,
EMP04041,35,Female,Sales,Sales Analyst,59500,2,4,2,2,Yes,96.8,24,No,
EMP04042,44,Female,HR,HR Coordinator,69900,13,4,5,4,No,85.1,24,No,
EMP04043,42,Male,Finance,Finance Coordinator,29300,1,2,1,3,Yes,86.5,8,No,
EMP04044,33,Male,Sales,Sales Manager,25800,2,4,5,3,Yes,88.3,21,Yes,Manager/Team Issues
EMP04045,56,Female,Customer Service,Customer Service Analyst,63100,4,3,5,3,No,92.7,5,Yes,Personal Reasons
EMP04046,59,Female,Finance,Finance Executive,71300,1,5,4,3,No,98.3,13,No,
EMP04047,33,Female,Engineering,Engineering Manager,42900,4,4,3,2,No,84,12,Yes,Higher Studies
EMP04048,44,Female,Finance,Finance Analyst,41900,3,3,5,2,Yes,85.1,17,No,
EMP04049,42,Male,HR,HR Manager,38200,3,5,2,5,No,95.5,18,Yes,Higher Studies
EMP04050,31,Male,IT,IT Analyst,26600,5,3,1,5,No,97.6,14,No,
EMP04051,43,Male,Sales,Sales Analyst,84600,13,2,2,3,No,93.7,21,No,
EMP04052,22,Male,Engineering,Engineering Executive,65900,2,4,4,5,Yes,83.9,25,No,
EMP04053,38,Female,Operations,Operations Analyst,36900,9,5,5,2,No,83.9,16,No,
EMP04054,60,Male,HR, HR Analyst ,48800,11,5,1,4,No,98.9,21,No,
EMP04055,39,Male,Marketing,Marketing Executive,37000,15,1,3,2,No,91.5,16,No,
EMP04056,22,Male,IT,IT Specialist,52400,1,5,1,4,No,96.5,11,No,
EMP04057,29,Female,Finance,Finance Coordinator,83600,1,3,2,5,No,98.5,18,No,
EMP04058,47,Female,Sales,Sales Specialist,59300,2,3,1,3,No,94.7,12,No,
EMP04059,59,Female,Finance,Finance Coordinator,63200,6,4,4,3,Yes,91.15,3,No,
EMP04060,32,Male,HR,HR Manager,45900,7,1,3,5,No,94.6,23,No,
EMP04061,52,Male,Customer Service,Customer Service Coordinator,30300,14,4,3,5,No,86.5,17,No,
EMP04062,59,Male,Sales,Sales Manager,58600,15,1,4,2,Yes,97.3,25,No,
EMP04063,34,Male,Operations,Operations Coordinator,65300,10,2,1,4,Yes,87.4,2,No,
EMP04064,54,Male,Marketing,Marketing Specialist,34100,13,2,3,5,No,92.5,19,No,
EMP04065,38,Male,IT,IT Manager,25300,14,3,5,2,Yes,88.9,13,No,
EMP04066,33,Female,Sales,Sales Coordinator,64700,8,2,5,3,Yes,88.4,23,No,
EMP04067,57,Male,IT,IT Coordinator,43700,4,4,3,4,No,93.8,8,No,
EMP04068,21,Female,Sales,Sales Manager,88200,1,4,1,2,No,97.3,18,No,
EMP04069,24,Male,Finance,Finance Executive,26300,0,2,2,4,Yes,84.4,14,No,
EMP04070,59,Female,Finance,Finance Manager,62800,2,5,1,5,No,91.4,5,No,
EMP04071,33,Male,Marketing,Marketing Manager,52000,10,4,2,3,No,95.3,4,No,
EMP04072,55,Female,IT,IT Executive,44000,9,3,4,5,Yes,99,23,No,
EMP04073,57,Female,HR,HR Manager,30400,13,3,1,2,No,83.7,20,Yes,Better Salary
EMP04074,55,Male,Sales,Sales Analyst,59900,6,5,3,5,No,99.9,0,No,
EMP04075,60,Male,Marketing,Marketing Executive,31800,14,1,3,3,No,95.8,8,No,
EMP04076,54,Male,Sales,Sales Manager,29300,13,1,4,3,No,97.8,21,No,
EMP04077,22,Male,Marketing,Marketing Analyst,88800,0,2,5,5,Yes,83.8,0,No,
EMP04078,43,Male,Engineering,Engineering Manager,77200,10,2,1,2,No,95.3,8,No,
EMP04079,23,Male,Finance,Finance Executive,46300,3,3,4,4,No,97.6,22,No,
EMP04080,37,Male,Operations,Operations Coordinator,82300,9,5,5,3,No,99.6,11,No,
EMP04081,31,Female,Finance,Finance Coordinator,42300,9,5,4,2,No,82.8,22,No,
EMP04082,48,Male,Customer Service,Customer Service Analyst,73200,14,4,5,4,No,91.7,6,No,
EMP04083,27,Male,Marketing,Marketing Coordinator,58800,2,4,5,4,No,91.7,24,No,
EMP04084,32,Male,Engineering,Engineering Executive,81500,10,5,3,4,No,86.6,19,No,
EMP04085,34,Male,Sales,Sales Manager,72300,2,5,2,2,Yes,84,13,No,
EMP04086,36,Female,Customer Service,Customer Service Specialist,46100,14,3,1,3,No,85.8,16,No,
EMP04087,26,Male,Marketing,Marketing Coordinator,36700,6,3,1,2,No,90.8,14,No,
EMP04088,36,Female,Engineering,Engineering Manager,65500,0,3,5,5,No,85.1,23,No,
EMP04089,46,Male,Customer Service,Customer Service Executive,66500,7,1,2,4,Yes,88,13,No,
EMP04090,58,Female,Engineering,Engineering Manager,61600,8,5,1,2,No,93.3,12,No,
EMP04091,28,Male, engineering ,Engineering Coordinator,33400,6,3,1,4,No,90.1,20,No,
EMP04092,60,Female,Customer Service,Customer Service Manager,89100,7,3,1,2,No,90.5,7,No,
EMP04093,32,Male,Engineering,Engineering Analyst,47400,3,5,2,2,No,86.4,25,No,
EMP04094,57,Male,Marketing,Marketing Specialist,58000,2,5,1,3,No,95.3,25,No,
EMP04095,47,Female,HR,HR Manager,84400,6,3,4,3,No,86.6,21,No,
EMP04096,60,Female,Engineering,Engineering Coordinator,36400,1,1,2,3,No,85.7,24,Yes,Manager/Team Issues
EMP04097,50,Female,Finance,Finance Manager,74400,11,3,2,5,No,89.8,10,No,
EMP04098,39,Female,Operations,Operations Executive,48700,15,2,5,4,No,98.2,11,Yes,Personal Reasons
EMP04099,37,Male,HR,HR Executive,35100,13,3,1,4,Yes,87.2,4,Yes,Work-Life Balance
EMP04100,42,Male,IT,IT Coordinator,26900,2,2,4,2,No,82.8,6,No,
EMP04101,52,Female,Operations,Operations Coordinator,47100,13,1,1,2,No,93.3,17,No,
EMP04102,53,Female,Finance,Finance Coordinator,51700,13,3,5,2,No,95.9,20,No,
EMP04103,24,Male,Finance,Finance Analyst,27600,1,3,1,4,No,83.4,19,No,
EMP04104,44,Female,Marketing,Marketing Specialist,34300,5,2,4,3,No,96.5,7,No,
EMP04105,25,Male,Operations,Operations Specialist,87800,2,1,3,5,No,99.6,16,No,
EMP04106,35,Male,Sales,Sales Coordinator,37800,4,3,1,4,No,91.1,14,No,
EMP04107,22,Female,Customer Service,Customer Service Analyst,71500,0,1,2,3,No,86.6,17,No,
EMP04108,50,Female,Finance,Finance Analyst,57000,9,5,4,4,No,82.2,5,No,
EMP04109,37,Male,Marketing,Marketing Analyst,83300,5,3,5,4,No,86.4,16,No,
EMP04110,52,Female,Customer Service,Customer Service Coordinator,55500,8,2,2,5,No,97,10,No,
EMP04111,30,Male,Finance,Finance Manager,26400,6,3,5,3,No,99.3,2,No,
EMP04112,26,Female,Customer Service,Customer Service Specialist,62900,2,5,3,4,Yes,97.8,16,No,
EMP04113,36,Female,Marketing,Marketing Manager,85800,0,3,4,5,No,84.1,2,No,
EMP04114,33,Male,IT,IT Executive,35100,10,5,2,3,No,88.7,6,Yes,Better Salary
EMP04115,49,Male,Customer Service,Customer Service Executive,70400,14,5,2,5,Yes,98.1,24,No,
EMP04116,58,Male,Customer Service,Customer Service Manager,48400,11,3,1,3,No,97.9,10,No,
EMP04117,56,Male,HR,HR Manager,32000,12,4,5,4,No,99.5,3,No,
EMP04118,25,Female,Customer Service,Customer Service Coordinator,72000,1,3,4,2,Yes,82.6,9,No,
EMP04119,32,Female,Marketing,Marketing Analyst,84400,9,3,3,3,Yes,83.3,22,No,
EMP04120,54,Male,HR,HR Manager,63200,9,1,3,5,Yes,90.2,12,No,
EMP04121,40,Female,Marketing,Marketing Analyst,81300,0,1,1,4,Yes,89,25,Yes,Relocation
EMP04122,22,Female,Operations,Operations Analyst,86500,1,5,5,2,No,93.3,9,No,
EMP04123,54,Male,Customer Service,Customer Service Analyst,29800,5,2,4,2,No,96.4,7,No,
EMP04124,59,Male,Engineering,Engineering Analyst,83700,5,5,4,5,No,99.5,1,No,
EMP04125,50,Male,IT,IT Executive,29600,8,4,3,4,Yes,90.8,11,No,
EMP04126,43,Male,IT,IT Coordinator,25900,14,3,4,3,Yes,98.4,2,No,
EMP04127,56,Female,Engineering,Engineering Manager,89300,2,1,5,4,No,86.6,5,Yes,Career Growth
EMP04128,42,Female,HR,HR Coordinator,72100,4,3,3,3,No,85,18,No,
EMP04129,54,Female,Engineering,Engineering Analyst,46100,8,5,5,5,No,98.1,15,No,
EMP04130,51,Male,IT,IT Specialist,42600,15,1,2,5,Yes,90.2,9,No,
EMP04131,52,Female,IT,IT Executive,36600,5,5,2,4,No,96.1,19,No,
EMP04132,59,Male,Sales,Sales Analyst,88000,3,4,5,4,No,84.2,25,No,
EMP04133,41,Male,Customer Service,Customer Service Specialist,71400,7,4,5,2,No,85.3,14,No,
EMP04134,54,Female,IT,IT Coordinator,61900,7,3,5,3,Yes,85.3,6,No,
EMP04135,54,Male,IT,IT Manager,27400,3,4,3,3,No,87.3,18,Yes,Higher Studies
EMP04136,57,Female,Marketing,Marketing Manager,59700,8,1,3,5,No,96.6,2,No,
EMP04137,51,Male,IT,IT Coordinator,31100,9,5,3,5,No,84.8,0,No,
EMP04138,55,Male,Finance,Finance Specialist,73100,3,1,1,5,No,82.7,20,No,
EMP04139,22,Male,IT,IT Analyst,66400,1,3,4,5,Yes,88,25,No,
EMP04140,53,Female,IT,IT Specialist,80400,11,3,3,2,No,83.4,19,No,
EMP04141,60,Male,IT,IT Analyst,45500,14,1,4,3,No,86.6,5,No,
EMP04142,60,Female,Customer Service,Customer Service Specialist,63200,7,4,5,5,No,95.3,15,No,
EMP04143,37,Male,HR,HR Coordinator,40300,4,3,5,4,No,98.2,11,No,
EMP04144,26,Male,Engineering,Engineering Analyst,57700,4,1,1,3,No,86.6,11,No,
EMP04145,25,Female,Customer Service,Customer Service Specialist,50000,4,3,1,5,No,97.5,10,No,
EMP04146,39,Female,Operations,Operations Analyst,35700,4,2,3,5,No,92.3,11,No,
EMP04147,38,Male,IT,IT Executive,81100,6,5,4,3,No,97.8,5,No,
EMP04148,30,Male,Marketing,Marketing Specialist,89600,7,5,1,5,No,85.2,19,Yes,Better Salary
EMP04149,43,Female,Marketing,Marketing Executive,89600,1,4,4,4,No,98,2,No,
EMP04150,40,Female,Operations,Operations Executive,36300,2,1,5,5,No,88.9,2,No,
EMP04151,45,Male,Marketing,Marketing Manager,90000,9,4,5,5,No,85.8,12,No,
EMP04152,38,Female,Marketing,Marketing Executive,60800,4,5,4,4,No,99.2,12,Yes,Manager/Team Issues
EMP04153,39,Male,Engineering,Engineering Specialist,69900,6,3,3,5,No,87.6,10,No,
EMP04154,60,Male,Finance,Finance Specialist,67100,12,1,3,5,No,83.9,23,No,
EMP04155,28,Male,IT,IT Executive,42400,6,1,5,3,No,83.9,5,No,
EMP04156,37,Female,Operations,Operations Manager,60400,15,1,2,5,No,99.7,24,No,
EMP04157,37,Female,Marketing,Marketing Specialist,39900,6,4,2,4,No,84.7,22,Yes,Better Salary
EMP04158,56,Female,Customer Service,Customer Service Analyst,46100,5,1,1,2,Yes,94.8,24,No,
EMP04159,50,Male,Sales,Sales Manager,52400,3,1,4,2,No,89,7,No,
EMP04160,39,Female,Sales,Sales Executive,79400,12,2,4,4,No,89.9,19,No,
EMP04161,38,Male,Finance,Finance Manager,64800,0,1,1,5,No,99.2,5,No,
EMP04162,58,Male,Customer Service,Customer Service Manager,83600,14,3,2,4,No,88.1,21,Yes,Manager/Team Issues
EMP04163,39,Female,IT,IT Executive,85100,10,2,4,3,Yes,84.5,25,No,
EMP04164,52,Female,Sales,Sales Coordinator,71700,12,4,2,3,No,92.2,17,No,
EMP04165,45,Female,HR,HR Manager,87900,0,3,4,3,No,89.3,18,No,
EMP04166,26,Female,Customer Service,Customer Service Coordinator,83500,4,2,5,5,Yes,86,3,Yes,Career Growth
EMP04167,52,Female,Marketing,Marketing Coordinator,60000,3,3,4,4,No,85.8,20,Yes,Better Salary
EMP04168,30,Female,Operations,Operations Coordinator,79100,10,5,4,4,No,96.4,2,No,
EMP04169,60,Male,Operations,Operations Analyst,32600,9,4,3,2,Yes,84.6,19,Yes,Better Salary
EMP04170,23,Male,Finance,Finance Analyst,75600,2,3,5,4,Yes,88.1,1,No,
EMP04171,45,Male,Operations,Operations Executive,35700,13,2,5,5,No,98,16,No,
EMP04172,55,Female,Operations,Operations Specialist,53800,4,3,5,2,No,91.2,3,No,
EMP04173,34,Male,IT,IT Specialist,36600,7,2,4,3,No,96.9,23,No,
EMP04174,30,Male,Sales,Sales Manager,66500,7,5,5,4,No,93.8,14,No,
EMP04175,58,Female,Operations,Operations Manager,29700,8,4,3,5,No,98.8,1,No,
EMP04176,30,Male,Sales,Sales Executive,75400,0,2,4,2,Yes,89.4,4,No,
EMP04177,51,Male,IT,IT Specialist,27200,7,4,3,4,No,84.1,21,No,
EMP04178,22,Female,HR,HR Specialist,60700,2,3,2,5,Yes,93.3,13,No,
EMP04179,39,Female,Engineering,Engineering Analyst,71900,8,5,1,3,Yes,97.3,18,No,
EMP04180,60,Female,Operations,Operations Executive,67200,8,5,3,3,No,95.3,13,Yes,Career Growth
EMP04181,55,Female,Marketing,Marketing Executive,47400,5,3,1,4,No,98.6,19,No,
EMP04182,36,Male,Engineering,Engineering Executive,73200,7,1,4,5,Yes,82.4,7,No,
EMP04183,29,Male,IT,IT Manager,85600,0,5,5,2,No,90.7,18,No,
EMP04184,45,Male,Customer Service,Customer Service Specialist,56800,3,1,4,4,Yes,97,11,No,
EMP04185,27,Male,Customer Service,Customer Service Manager,53400,6,2,2,4,No,94.7,23,No,
EMP04186,59,Male,Marketing,Marketing Executive,41200,7,2,2,5,No,87.4,12,No,
EMP04187,33,Male,Finance,Finance Analyst,61900,12,3,2,3,No,87.3,2,No,
EMP04188,34,Female,Marketing,Marketing Specialist,39900,12,2,1,2,Yes,89.8,22,Yes,Relocation
EMP04189,24,Female,Marketing,Marketing Analyst,27600,4,3,5,2,No,86.9,18,No,
EMP04190,21,Female,Engineering,Engineering Executive,83000,0,1,1,4,No,86.6,8,No,
EMP04191,30,Male,Finance, Finance Analyst ,41200,6,1,5,2,No,91.7,24,No,
EMP04192,32,Male, engineering ,Engineering Manager,85500,0,1,1,5,No,95,1,No,
EMP04193,41,Female,Marketing,Marketing Coordinator,35200,8,1,3,5,Yes,87.9,25,No,
EMP04194,21,Female,IT,IT Executive,83500,0,5,4,5,No,83.9,22,No,
EMP04195,50,Female,Marketing,Marketing Coordinator,56100,12,5,1,5,Yes,84.5,11,No,
EMP04196,51,Male,Operations,Operations Specialist,84900,1,3,4,4,No,97.6,17,No,
EMP04197,57,Male,Finance,Finance Executive,35400,2,5,4,5,No,86.4,25,No,
EMP04198,58,Female,Marketing,Marketing Specialist,74800,14,5,2,2,No,91.1,15,No,
EMP04199,24,Male,Marketing,Marketing Manager,53400,3,5,4,2,Yes,99.7,9,No,
EMP04200,52,Male,Marketing,Marketing Analyst,56500,15,4,3,3,Yes,88.6,23,No,
EMP04201,43,Female,IT,IT Analyst,88100,15,5,2,4,No,85.6,6,No,
EMP04202,26,Male,Customer Service,Customer Service Analyst,86800,6,4,3,3,Yes,86.3,16,No,
EMP04203,29,Male,Operations,Operations Coordinator,54800,1,2,3,4,No,84.9,25,No,
EMP04204,54,Female,Marketing,Marketing Executive,36300,11,4,1,5,Yes,82.5,4,No,
EMP04205,36,Female,Finance,Finance Executive,51500,14,2,1,3,Yes,88.4,6,No,
EMP04206,21,Female,IT,IT Analyst,84600,0,4,5,2,Yes,94.4,19,Yes,Manager/Team Issues
EMP04207,22,Female,Customer Service,Customer Service Analyst,84200,0,3,2,3,Yes,87.3,9,No,
EMP04208,46,Female,Marketing,Marketing Executive,72800,10,5,4,4,No,83.9,4,No,
EMP04209,55,Female,Engineering,Engineering Manager,45900,13,1,1,3,No,91.2,24,No,
EMP04210,36,Male,Marketing,Marketing Coordinator,43100,1,2,5,3,Yes,95.5,25,Yes,Work-Life Balance
EMP04211,35,Female,IT,IT Analyst,79000,13,4,5,3,No,94,22,No,
EMP04212,58,Male,Sales,Sales Manager,80000,2,4,1,2,No,88.2,25,No,
EMP04213,54,Male,Sales,Sales Executive,76700,13,2,5,5,No,90.7,20,No,
EMP04214,36,Female,Operations,Operations Specialist,26000,1,2,5,2,No,90.9,12,No,
EMP04215,28,Female,Engineering,Engineering Analyst,39400,6,5,2,3,Yes,84.2,24,No,
EMP04216,35,Female,Marketing,Marketing Coordinator,36900,15,5,3,3,Yes,90.3,16,Yes,Better Salary
EMP04217,54,Male,Customer Service,Customer Service Specialist,82300,0,3,4,4,No,91.6,23,No,
EMP04218,28,Male,HR,HR Coordinator,72000,0,3,3,5,No,83.1,3,No,
EMP04219,26,Female,Engineering,Engineering Executive,60200,6,3,2,3,No,84.3,18,No,
EMP04220,35,Male,Operations,Operations Manager,64900,0,2,5,2,Yes,100,21,No,
EMP04221,38,Female,Finance,Finance Coordinator,35100,7,5,4,2,No,99.3,20,No,
EMP04222,60,Male,Customer Service,Customer Service Analyst,26000,7,5,5,5,Yes,99,5,No,
EMP04223,24,Male,Customer Service,Customer Service Manager,76300,4,1,1,5,No,84.1,4,No,
EMP04224,22,Female,Customer Service,Customer Service Analyst,25300,0,3,1,3,Yes,89.7,24,Yes,Work-Life Balance
EMP04225,27,Female,HR,HR Specialist,34300,0,2,3,4,No,87.4,13,No,
EMP04226,43,Female,IT,IT Coordinator,68900,9,5,4,2,No,90.3,4,No,
EMP04227,39,Male,Engineering,Engineering Analyst,88400,5,4,5,4,Yes,89.2,23,No,
EMP04228,53,Male,IT,IT Manager,37500,0,4,4,2,No,88.5,13,No,
EMP04229,57,Male,IT,IT Manager,77300,3,4,2,2,Yes,90.2,0,No,
EMP04230,31,Male,Operations,Operations Executive,67200,10,5,5,5,No,84.1,12,No,
EMP04231,48,Female,Customer Service,Customer Service Manager,39200,8,1,5,4,No,88.3,25,Yes,Relocation
EMP04232,32,Female,Customer Service,Customer Service Coordinator,47400,8,1,3,2,No,90.5,1,No,
EMP04233,49,Male,Engineering,Engineering Specialist,42000,10,2,2,2,Yes,92.8,3,No,
EMP04234,32,Female,Operations,Operations Analyst,33800,12,3,1,4,No,95.7,5,No,
EMP04235,42,Male,Operations,Operations Coordinator,74200,13,1,5,4,No,84.9,15,No,
EMP04236,37,Male,HR,HR Executive,80900,2,3,3,2,No,89.3,4,Yes,Work-Life Balance
EMP04237,21,Male,Customer Service,Customer Service Specialist,43100,0,2,5,3,No,98.3,21,No,
EMP04238,46,Male,HR,HR Specialist,85300,14,4,1,2,No,91.15,5,No,
EMP04239,37,Female,Marketing,Marketing Coordinator,81700,10,4,1,3,No,86.7,11,No,
EMP04240,44,Female,IT,IT Coordinator,70200,13,1,1,2,Yes,88.5,4,Yes,Career Growth
EMP04241,50,Female,IT,IT Specialist,81900,3,2,3,5,No,97.2,18,No,
EMP04242,48,Male,HR,HR Executive,83200,9,5,1,4,No,93.2,5,Yes,Work-Life Balance
EMP04243,44,Female,Marketing,Marketing Analyst,41000,14,3,1,2,No,95,0,Yes,Relocation
EMP04244,34,Male,Operations,Operations Specialist,42500,10,4,5,2,Yes,87.6,2,No,
EMP04245,29,Female,Finance,Finance Coordinator,64300,5,1,5,3,No,98.1,22,No,
EMP04246,59,Male,Finance,Finance Coordinator,62400,9,4,2,2,No,99.8,12,Yes,Higher Studies
EMP04247,45,Male,Finance,Finance Executive,59100,5,5,3,5,No,93.9,8,No,
EMP04248,56,Male,Operations,Operations Manager,51900,9,1,4,2,No,99.5,6,Yes,Higher Studies
EMP04249,58,Female,Marketing,Marketing Analyst,35800,12,4,5,4,No,96.7,20,No,
EMP04250,51,Female,Engineering,Engineering Manager,56300,9,5,3,2,Yes,83.4,10,Yes,Relocation
EMP04251,25,Male,Finance,Finance Manager,34500,1,3,1,4,No,82.1,22,No,
EMP04252,26,Male,Customer Service,Customer Service Coordinator,66600,5,4,5,4,No,95.2,21,Yes,Relocation
EMP04253,51,Female,Customer Service,Customer Service Specialist,72600,9,4,5,3,No,83.4,7,No,
EMP04254,46,Female,Marketing,Marketing Analyst,86000,0,4,5,3,Yes,93.5,2,No,
EMP04255,28,Male,IT,IT Analyst,49900,8,4,1,2,No,87.5,17,Yes,Personal Reasons
EMP04256,33,Female,Engineering,Engineering Coordinator,76700,2,3,5,3,No,89.6,15,No,
EMP04257,45,Female,Customer Service,Customer Service Analyst,33800,12,2,3,2,No,87.9,11,Yes,Manager/Team Issues
EMP04258,41,Female,HR,HR Specialist,78000,5,2,1,5,No,93.4,2,No,
EMP04259,49,Female,Operations,Operations Manager,65000,15,5,2,3,Yes,99.1,2,No,
EMP04260,34,Female,HR,HR Specialist,34100,14,1,4,2,Yes,90.6,15,No,
EMP04261,52,Male,Engineering,Engineering Analyst,50100,4,4,2,3,Yes,85.1,18,No,
EMP04262,55,Male,Customer Service,Customer Service Executive,77800,3,1,5,5,No,98.7,6,Yes,Higher Studies
EMP04263,41,Male,HR,HR Manager,30800,1,1,3,5,Yes,87.3,8,No,
EMP04264,28,Male,HR,HR Manager,70500,6,1,3,3,No,91.8,25,No,
EMP04265,30,Female,Engineering,Engineering Analyst,62800,0,2,3,5,Yes,98.5,3,Yes,Higher Studies
EMP04266,35,Female,Customer Service,Customer Service Executive,66600,0,4,3,3,No,85.8,23,No,
EMP04267,54,Female,Sales,Sales Coordinator,43600,6,1,1,5,No,92.5,11,No,
EMP04268,26,Female,HR,HR Specialist,75900,2,2,2,3,Yes,94.3,6,Yes,Career Growth
EMP04269,26,Male,Customer Service,Customer Service Executive,81300,3,1,2,2,No,83.7,5,No,
EMP04270,29,Female,Finance,Finance Coordinator,74400,5,2,1,5,Yes,99.7,6,No,
EMP04271,43,Male,Sales,Sales Analyst,41100,2,5,3,2,No,87,0,Yes,Manager/Team Issues
EMP04272,39,Female,Finance,Finance Coordinator,76100,11,3,4,4,No,91.7,0,No,
EMP04273,49,Female,Marketing,Marketing Analyst,33600,0,5,5,5,Yes,91.3,5,No,
EMP04274,45,Female,Operations,Operations Executive,53500,14,1,3,3,No,87.5,21,Yes,Better Salary
EMP04275,24,Female,Marketing,Marketing Analyst,46700,2,3,3,4,Yes,98,21,No,
EMP04276,35,Female,Customer Service,Customer Service Coordinator,35400,7,2,3,5,No,83.1,8,No,
EMP04277,59,Male,Engineering,Engineering Specialist,32200,7,3,2,5,No,89.8,25,No,
EMP04278,39,Female,HR,HR Specialist,85400,11,1,2,3,No,87.8,9,No,
EMP04279,40,Female,Operations,Operations Analyst,73400,10,5,2,5,Yes,85.2,16,No,
EMP04280,46,Male,IT,IT Manager,69300,12,4,5,4,Yes,86.9,15,No,
EMP04281,58,Male,Engineering,Engineering Executive,40500,8,5,4,2,Yes,93.6,4,No,
EMP04282,46,Female,HR,HR Analyst,69200,6,3,5,3,Yes,88.1,3,No,
EMP04283,39,Male,Sales,Sales Coordinator,50300,14,2,1,4,No,93.4,19,No,
EMP04284,33,Male,IT,IT Analyst,51800,12,5,5,5,No,86.2,6,No,
EMP04285,40,Female,Customer Service,Customer Service Executive,77600,7,5,5,2,No,82.3,10,No,
EMP04286,38,Female,Customer Service,Customer Service Executive,37200,7,2,4,5,No,95.2,12,No,
EMP04287,23,Female,Sales,Sales Coordinator,53600,3,2,1,5,Yes,85.1,20,No,
EMP04288,42,Female,HR,HR Analyst,40000,1,1,4,3,No,99.1,9,No,
EMP04289,50,Female,Operations,Operations Executive,60600,14,5,4,2,Yes,88.1,22,No,
EMP04290,37,Male,Engineering,Engineering Manager,43000,5,4,4,2,No,95.8,21,No,
EMP04291,59,Female,Operations,Operations Executive,30000,9,5,2,3,No,90.7,15,No,
EMP04292,23,Female,Finance,Finance Manager,31100,0,1,4,4,No,97.7,24,No,
EMP04293,59,Female, engineering ,Engineering Manager,64200,11,5,3,2,No,97.8,1,No,
EMP04294,26,Female,Operations,Operations Coordinator,45800,5,1,4,4,Yes,97,13,No,
EMP04295,55,Female,Engineering,Engineering Executive,88000,3,3,1,5,No,88.4,6,No,
EMP04296,55,Female,IT,IT Manager,36800,6,2,3,4,Yes,97.9,24,No,
EMP04297,38,Female,Engineering,Engineering Specialist,29600,11,4,3,2,No,94.6,21,No,
EMP04298,60,Male,Marketing,Marketing Executive,51300,0,2,5,4,Yes,95.1,9,No,
EMP04299,44,Female,Sales,Sales Coordinator,46400,5,5,4,3,No,94.2,22,No,
EMP04300,60,Male,IT,IT Executive,62700,1,1,3,3,Yes,93.1,6,No,
EMP04301,33,Male,Customer Service,Customer Service Manager,43900,10,1,1,3,No,92.5,0,No,
EMP04302,26,Male,Sales,Sales Specialist,78000,6,4,3,4,No,94.3,12,No,
EMP04303,46,Female,Operations,Operations Manager,73000,10,2,3,5,Yes,91.2,1,Yes,Work-Life Balance
EMP04304,47,Female,IT,IT Specialist,71700,15,1,4,2,No,88.7,20,No,
EMP04305,58,Female,Marketing,Marketing Coordinator,74500,7,1,3,4,No,95.1,11,No,
EMP04306,29,Male,Sales,Sales Executive,31200,1,2,4,3,No,88.5,25,No,
EMP04307,44,Male,IT,IT Coordinator,62500,11,3,4,2,No,94.2,4,No,
EMP04308,59,Female,Finance,Finance Coordinator,29300,5,5,4,4,No,87.4,24,No,
EMP04309,56,Male,IT,IT Analyst,50200,0,1,5,2,No,87.8,1,No,
EMP04310,54,Male,Finance,Finance Executive,74200,12,2,4,2,No,99.9,19,No,
EMP04311,21,Male,Operations,Operations Specialist,29800,1,2,1,5,Yes,95.6,2,No,
EMP04312,31,Female,Operations,Operations Coordinator,44400,6,3,3,4,Yes,98.6,21,No,
EMP04313,46,Female,IT,IT Analyst,26500,7,3,3,2,No,95.7,25,No,
EMP04314,22,Male,Engineering,Engineering Manager,41400,0,4,5,4,No,87.8,2,No,
EMP04315,48,Female,Engineering,Engineering Analyst,78900,7,1,4,2,Yes,94.4,10,Yes,Manager/Team Issues
EMP04316,30,Female,Marketing,Marketing Analyst,83400,4,5,4,4,No,98.7,4,Yes,Personal Reasons
EMP04317,37,Male,Customer Service,Customer Service Manager,54700,7,5,4,4,Yes,85.6,25,No,
EMP04318,23,Male,Marketing,Marketing Specialist,77300,2,1,1,3,No,86.1,22,No,
EMP04319,47,Female,Customer Service,Customer Service Specialist,33400,4,5,2,3,Yes,96.3,19,No,
EMP04320,38,Female,HR,HR Analyst,76100,4,2,4,2,No,90.5,20,No,
EMP04321,23,Male,Sales,Sales Executive,40200,3,5,2,2,Yes,85.6,5,No,
EMP04322,40,Female,Finance,Finance Manager,66900,0,5,1,4,Yes,88.9,16,No,
EMP04323,35,Female,Sales,Sales Specialist,39200,10,5,4,4,No,89,3,No,
EMP04324,58,Male,IT,IT Executive,73800,14,5,1,4,Yes,98.2,15,No,
EMP04325,39,Female,Customer Service,Customer Service Specialist,80200,6,3,2,3,No,91.2,9,No,
EMP04326,51,Male,Operations,Operations Manager,62000,9,1,3,4,No,82.9,10,No,
EMP04327,50,Male,IT,IT Analyst,44500,15,3,1,5,No,96.6,14,Yes,Manager/Team Issues
EMP04328,51,Male,Engineering, Engineering Executive ,67100,6,1,5,3,Yes,96.2,21,No,
EMP04329,48,Female,Sales,Sales Coordinator,65300,14,2,5,3,Yes,98.4,15,Yes,Better Salary
EMP04330,58,Female,Engineering,Engineering Executive,68400,1,5,2,5,Yes,87.4,1,Yes,Work-Life Balance
EMP04331,53,Female,Engineering,Engineering Coordinator,68100,13,5,2,4,No,92.9,18,No,
EMP04332,47,Female,Operations,Operations Coordinator,37700,12,3,5,5,Yes,84.2,8,No,
EMP04333,57,Male,Customer Service,Customer Service Specialist,25200,3,2,3,2,No,98.7,12,No,
EMP04334,40,Male,Operations,Operations Manager,36200,8,2,3,4,Yes,92.6,8,Yes,Better Salary
EMP04335,41,Female,HR,HR Coordinator,76300,3,5,5,5,No,96.7,22,No,
EMP04336,33,Female,IT,IT Analyst,42900,7,5,1,2,No,96.1,16,No,
EMP04337,24,Female,Marketing,Marketing Executive,78200,3,5,1,2,No,87.8,16,No,
EMP04338,32,Female,Engineering,Engineering Coordinator,52500,9,2,3,2,Yes,83.2,10,No,
EMP04339,44,Male,Finance,Finance Analyst,53600,12,4,1,4,Yes,96,18,No,
EMP04340,44,Male,HR,HR Executive,66700,15,4,2,2,No,89.1,2,No,
EMP04341,57,Male,Finance,Finance Specialist,38800,13,4,1,2,No,94.1,24,No,
EMP04342,53,Male,HR,HR Specialist,87100,1,1,1,2,No,92.3,6,No,
EMP04343,41,Female,IT,IT Executive,26500,9,1,5,5,No,86.6,12,No,
EMP04344,37,Female,Finance,Finance Coordinator,32200,12,1,3,5,No,84.8,25,No,
EMP04345,39,Female,Customer Service,Customer Service Manager,60600,0,5,5,2,No,85.9,13,No,
EMP04346,50,Male,Sales,Sales Specialist,31900,2,4,4,3,No,87.1,14,No,
EMP04347,35,Female,Marketing,Marketing Analyst,54100,8,5,1,2,No,93.1,0,Yes,Better Salary
EMP04348,25,Female,Marketing,Marketing Analyst,71100,2,2,2,5,No,99.5,15,No,
EMP04349,55,Female,Operations,Operations Executive,65700,12,3,2,2,No,90.1,9,No,
EMP04350,34,Male,Operations,Operations Specialist,68100,4,2,4,3,Yes,92.8,10,No,
EMP04351,46,Male,Engineering,Engineering Specialist,77600,5,4,3,4,No,86.2,2,Yes,Manager/Team Issues
EMP04352,49,Female,Finance,Finance Specialist,72200,3,2,2,3,No,88.8,23,No,
EMP04353,25,Male,Marketing,Marketing Analyst,78900,0,5,5,4,No,95.5,0,Yes,Manager/Team Issues
EMP04354,51,Female,IT,IT Analyst,49400,8,3,1,3,Yes,91.7,7,Yes,Better Salary
EMP04355,43,Male,Operations,Operations Manager,70300,0,5,4,2,No,88,1,No,
EMP04356,24,Female,IT,IT Specialist,37000,1,5,5,4,Yes,84,17,No,
EMP04357,55,Male,Sales,Sales Manager,87400,7,1,1,2,Yes,86.2,13,No,
EMP04358,49,Female,Engineering,Engineering Analyst,50400,3,4,1,3,No,98.2,12,Yes,Higher Studies
EMP04359,50,Female,Marketing,Marketing Specialist,81400,8,2,1,2,No,84,23,No,
EMP04360,28,Male,Engineering,Engineering Manager,87900,8,5,5,4,No,94.6,24,No,
EMP04361,41,Male,Engineering,Engineering Executive,67500,15,3,3,2,Yes,85,7,No,
EMP04362,39,Female,Operations,Operations Specialist,37000,14,4,1,5,No,83.3,25,No,
EMP04363,34,Female,Finance,Finance Manager,89900,11,4,2,5,No,96.3,6,No,
EMP04364,51,Male,Marketing,Marketing Specialist,82100,8,3,5,3,No,90.3,2,No,
EMP04365,54,Male,Engineering,Engineering Manager,65000,11,2,5,2,No,95.1,4,No,
EMP04366,54,Female,Marketing,Marketing Analyst,46800,2,5,1,4,Yes,86,11,No,
EMP04367,33,Male,IT,IT Executive,35100,9,3,1,5,No,82.7,21,No,
EMP04368,30,Male,Engineering,Engineering Manager,54600,3,4,1,2,Yes,87.7,24,No,
EMP04369,49,Female,Finance,Finance Coordinator,87100,15,4,5,4,Yes,97.8,9,No,
EMP04370,38,Female,Sales,Sales Analyst,80600,10,3,1,4,No,85.8,20,No,
EMP04371,42,Male,Finance,Finance Analyst,34500,9,4,1,2,No,96.2,5,No,
EMP04372,53,Male,Sales,Sales Coordinator,76500,14,2,4,3,No,85.1,17,No,
EMP04373,32,Male,Engineering,Engineering Coordinator,82200,7,5,2,4,Yes,97.2,22,Yes,Relocation
EMP04374,21,Male,Engineering,Engineering Manager,84700,0,2,1,5,No,92.8,7,No,
EMP04375,51,Female,IT,IT Manager,49300,14,4,3,5,No,82.3,22,No,
EMP04376,35,Female,Finance,Finance Analyst,89600,4,5,1,4,Yes,85.7,23,No,
EMP04377,42,Female,Marketing,Marketing Analyst,71000,0,4,5,5,No,97.5,11,No,
EMP04378,37,Female,Operations,Operations Analyst,62400,9,3,3,2,Yes,94.3,8,No,
EMP04379,21,Female,Finance,Finance Manager,54000,0,1,2,2,Yes,94.3,18,No,
EMP04380,42,Male,Sales,Sales Analyst,58100,11,3,5,2,No,95.8,4,No,
EMP04381,30,Male,HR,HR Executive,75900,8,1,3,4,No,82.8,7,No,
EMP04382,27,Male,Operations,Operations Manager,50400,3,4,1,2,No,90,25,Yes,Better Salary
EMP04383,42,Male,Customer Service,Customer Service Executive,89800,5,3,1,4,No,86.9,10,No,
EMP04384,30,Female,Marketing,Marketing Manager,45900,6,5,1,3,No,86.1,19,No,
EMP04385,57,Female,Operations,Operations Specialist,63100,4,2,3,5,Yes,90.8,19,No,
EMP04386,52,Male,Marketing,Marketing Analyst,30900,9,5,3,3,No,99.2,25,No,
EMP04387,22,Female,IT,IT Executive,80200,1,3,1,3,Yes,93.8,23,No,
EMP04388,33,Male,Finance,Finance Coordinator,43200,10,2,2,2,No,86.3,8,No,
EMP04389,48,Male,Marketing,Marketing Executive,56700,1,2,5,3,No,92.7,4,No,
EMP04390,43,Male,IT,IT Manager,64700,6,1,4,3,Yes,90.6,22,Yes,Better Salary
EMP04391,33,Female,Customer Service,Customer Service Executive,69700,5,1,5,4,No,87.5,9,No,
EMP04392,54,Female,Marketing,Marketing Specialist,41900,15,1,1,5,Yes,83.2,7,No,
EMP04393,24,Female,Marketing,Marketing Analyst,76500,2,2,3,3,No,83.9,9,No,
EMP04394,47,Female, engineering ,Engineering Analyst,55800,13,5,4,4,Yes,98.5,3,No,
EMP04395,54,Female,Marketing,Marketing Manager,70300,12,5,5,3,No,90.3,6,No,
EMP04396,24,Female,Marketing,Marketing Analyst,59100,4,1,5,5,No,97,2,No,
EMP04397,25,Female,Engineering,Engineering Analyst,43700,0,3,4,4,No,99.6,8,No,
EMP04398,39,Female,IT,IT Manager,52700,2,4,4,4,Yes,86.1,23,No,
EMP04399,30,Male,Engineering,Engineering Specialist,55300,2,4,3,2,Yes,88.3,1,No,
EMP04400,51,Male,Finance,Finance Executive,64900,3,1,1,5,Yes,94.7,11,No,
EMP04401,33,Female,Finance,Finance Manager,29500,7,1,2,2,Yes,95.2,0,No,
EMP04402,41,Female,Customer Service,Customer Service Analyst,64200,0,1,5,5,Yes,95,8,No,
EMP04403,60,Male,Sales,Sales Analyst,42200,10,5,1,4,Yes,88.2,19,No,
EMP04404,38,Male,Operations,Operations Executive,72600,2,5,1,5,Yes,98.8,1,No,
EMP04405,36,Male,Finance,Finance Manager,40900,4,1,1,4,No,82.7,8,No,
EMP04406,55,Female,Finance,Finance Analyst,73700,14,3,1,5,Yes,98.2,17,No,
EMP04407,45,Male,Customer Service,Customer Service Coordinator,77400,15,1,2,3,No,92.4,25,Yes,Personal Reasons
EMP04408,59,Female,Sales,Sales Executive,60400,5,4,3,4,No,90.2,11,Yes,Higher Studies
EMP04409,36,Female,Sales,Sales Analyst,66600,12,3,4,3,No,96.1,0,Yes,Better Salary
EMP04410,26,Male,Sales,Sales Executive,45000,5,2,1,5,Yes,82.2,8,No,
EMP04411,54,Male,IT,IT Analyst,28700,9,5,2,2,Yes,90.5,15,Yes,Personal Reasons
EMP04412,38,Male,Finance,Finance Manager,80700,15,1,1,3,No,92.3,1,No,
EMP04413,35,Female,IT,IT Manager,84800,15,5,1,2,No,84.2,12,No,
EMP04414,60,Male,IT,IT Specialist,44700,14,5,5,3,Yes,87.4,23,No,
EMP04415,41,Male,Engineering,Engineering Coordinator,67300,9,5,1,3,No,84.8,9,No,
EMP04416,24,Female,Engineering,Engineering Coordinator,31800,4,4,2,2,No,86.2,11,No,
EMP04417,45,Male,Marketing,Marketing Executive,30600,3,5,3,2,No,91.15,25,No,
EMP04418,58,Male,Customer Service,Customer Service Executive,66100,12,1,4,3,No,87.8,1,Yes,Manager/Team Issues
EMP04419,47,Male,Sales,Sales Coordinator,60700,2,1,3,2,Yes,86.4,16,No,
EMP04420,60,Male,Sales,Sales Coordinator,61900,11,4,4,5,No,82.3,13,No,
EMP04421,52,Male,Finance,Finance Analyst,62900,15,3,1,4,Yes,88.2,17,No,
EMP04422,25,Female,Sales,Sales Analyst,41900,1,5,5,5,No,87.5,2,No,
EMP04423,29,Male,IT,IT Coordinator,34100,9,1,2,4,No,90.2,16,No,
EMP04424,24,Female,Customer Service,Customer Service Specialist,28600,3,3,4,2,Yes,83.3,10,No,
EMP04425,39,Female,Sales,Sales Executive,60900,11,4,1,2,No,92.6,21,No,
EMP04426,43,Female,Finance,Finance Manager,59300,13,2,4,2,No,90.6,10,No,
EMP04427,32,Female,Engineering,Engineering Specialist,62600,6,5,3,2,No,89.1,11,No,
EMP04428,49,Female,Customer Service,Customer Service Coordinator,82200,0,3,3,4,Yes,82.9,0,No,
EMP04429,55,Female,Marketing,Marketing Executive,50400,9,2,5,3,No,93.7,21,No,
EMP04430,58,Female,Finance,Finance Specialist,59600,13,4,2,4,No,95.5,18,No,
EMP04431,60,Male,Operations,Operations Coordinator,58800,6,3,1,3,No,87.9,13,No,
EMP04432,27,Female,Operations,Operations Manager,87900,2,1,4,5,Yes,96.2,16,No,
EMP04433,53,Male,Sales,Sales Coordinator,44400,1,5,1,2,No,90,2,No,
EMP04434,39,Female,Customer Service,Customer Service Coordinator,34400,10,2,3,4,No,89.6,8,No,
EMP04435,52,Female,HR,HR Executive,47300,13,5,3,5,No,90.4,9,No,
EMP04436,54,Male,Finance,Finance Manager,39100,14,1,4,4,No,83.1,7,No,
EMP04437,49,Female,Customer Service,Customer Service Manager,39600,14,3,3,2,No,85.8,2,No,
EMP04438,50,Male,IT,IT Specialist,56700,9,4,4,3,No,98.9,13,No,
EMP04439,32,Male,IT,IT Coordinator,26300,7,3,2,2,No,89.5,12,Yes,Better Salary
EMP04440,60,Female,Sales,Sales Analyst,70000,10,4,3,5,No,98.6,11,No,
EMP04441,43,Female,Sales,Sales Coordinator,70500,0,2,4,4,No,88.2,17,No,
EMP04442,44,Female,Sales,Sales Executive,36400,13,5,4,4,Yes,95.7,14,No,
EMP04443,57,Male,Marketing,Marketing Manager,42500,5,1,4,3,No,90.7,11,No,
EMP04444,59,Male,Sales,Sales Analyst,62100,11,4,5,4,No,89.4,21,No,
EMP04445,47,Male,Finance,Finance Manager,31900,14,1,4,4,No,94.6,13,No,
EMP04446,41,Female,Sales,Sales Specialist,27900,2,1,2,5,No,95.7,13,No,
EMP04447,51,Male,Customer Service,Customer Service Specialist,58500,11,2,3,3,No,92.9,2,No,
EMP04448,41,Female,Marketing,Marketing Executive,51800,11,1,3,5,Yes,88,20,No,
EMP04449,27,Male,Finance,Finance Executive,46600,7,4,1,4,No,95.4,24,No,
EMP04450,36,Female,Engineering,Engineering Analyst,79100,6,1,5,3,No,83.9,16,No,
EMP04451,33,Male,Sales,Sales Specialist,52300,11,2,1,2,No,89.8,20,No,
EMP04452,31,Female,Marketing,Marketing Specialist,25500,7,4,5,2,Yes,89.6,19,No,
EMP04453,34,Male,HR,HR Executive,50600,6,3,3,2,No,91.2,4,No,
EMP04454,54,Male,Customer Service,Customer Service Analyst,37900,3,2,2,2,Yes,94.2,14,No,
EMP04455,22,Female,Sales,Sales Manager,75800,2,4,1,2,No,84.9,24,No,
EMP04456,23,Female,Engineering,Engineering Executive,60100,2,4,1,5,No,88.6,9,No,
EMP04457,56,Female,Finance,Finance Coordinator,36200,7,1,3,3,No,91.2,13,No,
EMP04458,54,Male,Operations,Operations Executive,25100,10,3,1,4,No,82.8,25,Yes,Manager/Team Issues
EMP04459,40,Female,Marketing,Marketing Specialist,46900,11,1,4,5,No,94.5,21,No,
EMP04460,35,Female,IT,IT Manager,75900,0,1,3,5,Yes,98.3,1,No,
EMP04461,54,Female,IT,IT Analyst,40100,7,5,4,5,Yes,88,14,No,
EMP04462,52,Female,Operations,Operations Analyst,69500,4,4,1,5,Yes,86.7,4,No,
EMP04463,51,Female,Sales,Sales Analyst,77000,9,3,1,2,No,91.7,25,No,
EMP04464,57,Female,Operations,Operations Manager,88200,5,3,5,3,No,83.5,5,Yes,Better Salary
EMP04465,34,Male,IT, IT Specialist ,52200,0,1,1,2,No,97.5,24,Yes,Work-Life Balance
EMP04466,41,Female,Customer Service,Customer Service Coordinator,52300,2,3,4,2,No,86.1,25,No,
EMP04467,54,Female,HR,HR Manager,56600,11,1,4,3,No,97,12,No,
EMP04468,35,Female,HR,HR Manager,69700,2,5,1,2,No,93.8,24,No,
EMP04469,32,Female,Finance,Finance Executive,65100,5,3,5,2,Yes,87.1,10,No,
EMP04470,21,Female,Operations,Operations Coordinator,38200,1,2,1,4,No,93.3,4,No,
EMP04471,58,Male,Operations,Operations Executive,73300,11,3,1,3,No,97.1,21,Yes,Higher Studies
EMP04472,50,Female,Customer Service,Customer Service Executive,61500,7,5,3,5,No,95.8,10,No,
EMP04473,49,Male,IT,IT Analyst,34300,10,5,5,2,Yes,84.2,9,No,
EMP04474,22,Male,Engineering,Engineering Analyst,39400,1,3,2,3,No,93.6,16,Yes,Better Salary
EMP04475,49,Male,Finance,Finance Executive,37700,5,1,4,3,No,95.4,13,No,
EMP04476,55,Male,Sales,Sales Manager,27700,3,4,2,5,Yes,97.5,9,Yes,Manager/Team Issues
EMP04477,53,Female,Customer Service,Customer Service Manager,75000,7,1,5,4,Yes,94.9,21,No,
EMP04478,49,Female,Marketing,Marketing Executive,32300,10,1,2,4,No,93.7,15,No,
EMP04479,23,Female,Marketing,Marketing Analyst,69900,3,1,4,2,No,94.5,17,No,
EMP04480,42,Female,Marketing,Marketing Coordinator,34900,6,1,3,4,No,83,17,No,
EMP04481,59,Female,Customer Service,Customer Service Coordinator,52000,8,1,4,4,No,97.4,23,No,
EMP04482,52,Male,Operations,Operations Manager,62100,5,1,4,5,Yes,96.7,16,No,
EMP04483,57,Female,HR,HR Manager,81800,11,3,2,2,No,99.3,14,No,
EMP04484,52,Male,HR,HR Analyst,89400,12,4,5,2,No,91.5,19,No,
EMP04485,46,Female,Finance,Finance Manager,41500,14,3,1,2,No,91.6,18,No,
EMP04486,25,Female,Finance,Finance Executive,29200,3,4,1,5,No,83,11,No,
EMP04487,54,Female,Finance,Finance Manager,34500,3,4,5,3,Yes,95.3,1,No,
EMP04488,48,Female,Finance,Finance Manager,82100,8,1,1,3,No,99,24,No,
EMP04489,56,Male,Marketing,Marketing Executive,37500,8,1,4,2,No,90.5,11,No,
EMP04490,21,Male,HR,HR Coordinator,46600,0,3,3,3,No,89.9,24,No,
EMP04491,41,Male,Customer Service,Customer Service Analyst,63700,6,1,3,5,No,89.8,6,No,
EMP04492,48,Female,Marketing,Marketing Specialist,35100,10,1,5,2,No,98.3,24,No,
EMP04493,42,Male,Customer Service,Customer Service Manager,68800,2,1,3,2,No,82.4,5,No,
EMP04494,28,Female,Engineering,Engineering Manager,41500,7,1,4,4,No,91.7,19,Yes,Better Salary
EMP04495,44,Male, hr ,HR Executive,51200,4,3,5,4,Yes,88.2,18,Yes,Manager/Team Issues
EMP04496,55,Female,Marketing,Marketing Manager,86000,5,4,5,4,No,84.4,5,Yes,Personal Reasons
EMP04497,21,Female,IT,IT Executive,59800,0,1,3,2,No,95.1,22,No,
EMP04498,54,Male,HR,HR Executive,32900,4,3,3,3,No,86.4,24,No,
EMP04499,60,Male,IT,IT Executive,49200,12,2,3,5,Yes,94.2,0,No,
EMP04500,34,Male,HR,HR Specialist,26200,3,1,3,5,No,87.6,21,Yes,Career Growth
EMP04501,26,Female,Sales,Sales Analyst,60100,3,2,2,5,Yes,83.4,16,No,
EMP04502,35,Male,Engineering,Engineering Coordinator,68300,3,2,1,2,No,99,6,No,
EMP04503,22,Male,Customer Service,Customer Service Analyst,66300,0,5,4,5,No,83.3,3,Yes,Work-Life Balance
EMP04504,51,Male,Engineering,Engineering Analyst,52000,5,5,4,4,No,87.9,4,No,
EMP04505,55,Female,Sales,Sales Manager,58100,6,3,4,2,Yes,90.3,25,No,
EMP04506,33,Female,Customer Service,Customer Service Executive,56100,4,1,5,3,No,98,24,No,
EMP04507,39,Male,Engineering,Engineering Analyst,76000,3,3,5,2,Yes,93,19,No,
EMP04508,56,Female,HR,HR Analyst,31500,10,4,1,5,No,95.3,4,No,
EMP04509,52,Female,Sales,Sales Specialist,60100,3,3,3,4,No,93.4,5,Yes,Relocation
EMP04510,46,Female,IT,IT Analyst,69800,15,5,3,2,No,85.2,21,No,
EMP04511,42,Female,Marketing,Marketing Executive,76300,9,2,1,5,No,89.9,6,No,
EMP04512,46,Male,Marketing,Marketing Specialist,53900,8,1,4,3,No,89.4,23,No,
EMP04513,35,Male,Operations,Operations Analyst,75900,11,1,3,4,Yes,92.3,9,Yes,Relocation
EMP04514,57,Male,IT,IT Executive,54400,6,4,2,3,No,85.9,6,No,
EMP04515,52,Female,Marketing,Marketing Executive,30900,9,5,4,4,No,89.1,21,Yes,Personal Reasons
EMP04516,59,Male,Customer Service,Customer Service Analyst,68800,11,4,3,4,Yes,91.3,1,No,
EMP04517,51,Female,Sales,Sales Analyst,71700,3,4,4,2,Yes,96,9,Yes,Personal Reasons
EMP04518,36,Male,Finance,Finance Executive,66100,2,2,2,2,No,86.1,23,No,
EMP04519,35,Female,Operations,Operations Specialist,27700,10,2,3,5,No,99.2,8,No,
EMP04520,44,Female,IT,IT Executive,66800,14,1,4,4,No,93.2,17,No,
EMP04521,60,Female,Finance,Finance Manager,29800,7,3,1,2,No,96.4,13,No,
EMP04522,28,Male,HR,HR Specialist,55500,3,3,2,3,No,88.6,3,No,
EMP04523,57,Male,HR,HR Specialist,63100,10,4,2,2,Yes,92.8,8,Yes,Relocation
EMP04524,56,Male,Engineering,Engineering Specialist,52800,1,2,1,5,No,82.7,20,No,
EMP04525,58,Female,HR,HR Analyst,39700,1,3,1,3,Yes,92.7,5,No,
EMP04526,38,Male,Operations,Operations Analyst,70200,2,2,3,3,No,87.1,9,No,
EMP04527,37,Male,Sales,Sales Specialist,57800,14,5,2,5,Yes,83.1,20,Yes,Higher Studies
EMP04528,45,Male,Operations,Operations Manager,75300,6,1,4,3,No,83.1,1,Yes,Work-Life Balance
EMP04529,50,Female,Engineering,Engineering Manager,46200,7,2,5,5,No,96.5,18,Yes,Higher Studies
EMP04530,49,Female,Sales,Sales Executive,72700,2,3,3,3,No,92.8,19,No,
EMP04531,42,Male,Customer Service,Customer Service Executive,70200,14,5,4,4,Yes,92.6,23,No,
EMP04532,49,Male,Customer Service,Customer Service Analyst,85800,15,2,2,4,No,85.5,22,No,
EMP04533,21,Female,Marketing,Marketing Analyst,68200,1,1,3,5,No,95.9,8,No,
EMP04534,55,Male,Sales,Sales Analyst,55400,5,3,2,3,No,84.1,11,No,
EMP04535,26,Male,Engineering,Engineering Manager,83400,6,5,2,4,No,99.4,9,No,
EMP04536,45,Male,IT,IT Analyst,31200,4,4,4,2,Yes,82.8,2,No,
EMP04537,51,Female,Engineering,Engineering Specialist,47200,2,1,1,2,No,96,21,No,
EMP04538,37,Male,Engineering,Engineering Executive,36200,4,2,5,5,No,89.5,24,No,
EMP04539,59,Female,Engineering,Engineering Coordinator,49100,6,2,3,2,No,89.4,22,No,
EMP04540,58,Male,IT,IT Manager,42400,8,5,5,4,No,99.6,14,No,
EMP04541,60,Female,IT,IT Specialist,41800,12,1,4,2,No,87,12,No,
EMP04542,49,Female,HR,HR Coordinator,72700,5,4,4,2,No,89.5,23,No,
EMP04543,44,Female,HR,HR Specialist,38100,5,2,5,5,No,82.7,16,No,
EMP04544,29,Female,Customer Service,Customer Service Specialist,59900,2,4,2,3,No,88.6,3,Yes,Manager/Team Issues
EMP04545,23,Male,Operations,Operations Coordinator,85300,3,2,2,5,No,96.9,20,Yes,Career Growth
EMP04546,46,Female,Engineering,Engineering Manager,38400,1,5,2,5,No,98.2,21,No,
EMP04547,27,Female,Sales,Sales Manager,40400,3,4,5,2,No,95,6,No,
EMP04548,32,Female,Engineering,Engineering Coordinator,78900,0,1,5,2,No,90.3,0,No,
EMP04549,35,Female,Finance,Finance Analyst,61800,5,2,5,5,No,98.4,15,No,
EMP04550,35,Male,HR,HR Executive,73600,3,5,2,4,No,91.9,18,Yes,Relocation
EMP04551,53,Male,Customer Service,Customer Service Coordinator,36800,1,2,2,2,No,86,15,No,
EMP04552,45,Male,Marketing,Marketing Coordinator,69900,0,3,3,5,No,91,22,No,
EMP04553,23,Female,Sales,Sales Specialist,50900,1,4,5,3,No,88.2,0,No,
EMP04554,42,Female,Operations,Operations Executive,51700,6,5,3,4,Yes,99.7,2,No,
EMP04555,35,Female,Marketing,Marketing Coordinator,49300,0,3,3,3,No,94.2,13,No,
EMP04556,55,Female,HR,HR Manager,31800,15,3,5,4,Yes,87.8,5,No,
EMP04557,54,Female,IT,IT Analyst,76200,3,5,2,4,Yes,84.5,22,Yes,Manager/Team Issues
EMP04558,52,Female,Sales,Sales Coordinator,30200,5,5,3,3,Yes,83.6,2,No,
EMP04559,22,Female,Sales,Sales Manager,45400,2,4,3,4,No,89.2,13,No,
EMP04560,22,Male,Operations,Operations Specialist,55700,1,1,5,2,No,98.6,5,No,
EMP04561,56,Male,Operations,Operations Manager,34000,11,2,3,4,No,88,7,No,
EMP04562,41,Female,Finance,Finance Executive,75600,14,4,2,4,No,92.1,13,No,
EMP04563,29,Female,HR,HR Executive,34300,4,3,2,4,No,91.7,2,No,
EMP04564,54,Female,Operations,Operations Specialist,80300,12,3,4,2,Yes,90,13,No,
EMP04565,56,Female,Finance,Finance Executive,42700,11,4,1,4,Yes,84,25,No,
EMP04566,23,Female,IT,IT Manager,55500,2,3,3,3,No,89.7,19,No,
EMP04567,24,Female,Customer Service,Customer Service Coordinator,53800,0,3,3,4,No,83.8,20,No,
EMP04568,48,Male,Marketing,Marketing Coordinator,66200,12,3,4,2,No,89.5,2,No,
EMP04569,25,Female,Finance,Finance Analyst,45500,2,1,2,5,No,96,17,No,
EMP04570,30,Male,Engineering,Engineering Manager,83100,8,3,2,3,No,83.7,1,No,
EMP04571,21,Female,Finance,Finance Coordinator,90000,1,3,1,2,No,91.6,10,No,
EMP04572,49,Male,Customer Service,Customer Service Coordinator,78300,8,5,2,4,No,92.5,16,No,
EMP04573,53,Male,Finance,Finance Specialist,51400,0,2,1,5,Yes,89,24,No,
EMP04574,21,Female,IT,IT Specialist,49700,1,4,4,3,No,88.1,13,No,
EMP04575,44,Male,Customer Service,Customer Service Analyst,36800,4,2,2,4,No,87.6,16,No,
EMP04576,42,Male,Finance,Finance Specialist,89300,13,3,5,2,Yes,96.5,5,No,
EMP04577,59,Female,IT,IT Analyst,61600,11,5,2,2,No,88.6,6,Yes,Personal Reasons
EMP04578,49,Female,Customer Service,Customer Service Executive,46800,0,3,3,5,Yes,97,17,No,
EMP04579,54,Female,IT,IT Coordinator,78900,14,4,2,3,Yes,85.6,17,No,
EMP04580,25,Female,Customer Service,Customer Service Executive,69800,1,2,1,2,No,88.9,11,No,
EMP04581,28,Male,Operations,Operations Executive,28800,3,5,2,3,No,96.5,17,No,
EMP04582,44,Female,Engineering,Engineering Manager,83800,10,3,4,3,No,91.8,1,No,
EMP04583,36,Male,IT,IT Manager,74100,12,4,4,4,Yes,88.5,21,No,
EMP04584,38,Male,Sales,Sales Analyst,31700,7,3,4,2,No,90.4,4,Yes,Personal Reasons
EMP04585,41,Female,IT,IT Analyst,54100,5,1,3,4,Yes,83.1,1,No,
EMP04586,26,Female,IT,IT Specialist,45600,3,3,1,3,No,91.5,24,No,
EMP04587,32,Female,Marketing,Marketing Specialist,83000,3,5,4,3,Yes,94.2,12,No,
EMP04588,44,Female,HR,HR Coordinator,85800,1,1,1,2,No,91.7,13,No,
EMP04589,51,Female,Marketing,Marketing Executive,74300,3,3,3,5,No,86,4,No,
EMP04590,54,Female,HR,HR Coordinator,33000,10,1,3,5,No,98,20,No,
EMP04591,31,Male,HR,HR Executive,69300,7,4,4,5,No,94.6,18,No,
EMP04592,57,Male,HR,HR Coordinator,51300,2,1,5,2,No,92.9,22,No,
EMP04593,45,Female,Engineering,Engineering Analyst,38600,11,3,1,4,No,90.4,15,No,
EMP04594,59,Female,Customer Service,Customer Service Analyst,67300,13,1,1,5,No,84,2,No,
EMP04595,59,Male,HR,HR Coordinator,77600,11,3,5,2,No,86.2,21,No,
EMP04596,31,Female, customer service ,Customer Service Manager,89900,7,5,3,4,No,91.15,19,No,
EMP04597,52,Female,Customer Service,Customer Service Specialist,69900,9,4,5,4,No,90.1,11,No,
EMP04598,60,Female,Finance,Finance Analyst,49700,15,4,5,3,No,91.2,13,No,
EMP04599,42,Male,Marketing,Marketing Coordinator,89500,2,5,2,3,No,90.3,18,No,
EMP04600,51,Male,IT,IT Coordinator,74100,6,1,5,3,No,98.3,0,Yes,Relocation
EMP04601,31,Female,Operations,Operations Executive,39600,8,2,4,5,No,87.6,15,No,
EMP04602,24,Female,Operations, Operations Analyst ,37400,3,3,2,4,No,83.8,23,No,
EMP04603,35,Female,HR,HR Manager,38300,2,5,4,5,No,90.3,22,No,
EMP04604,35,Female,Customer Service,Customer Service Specialist,50800,12,5,3,3,No,94.9,25,Yes,Relocation
EMP04605,23,Female,Marketing,Marketing Coordinator,65600,3,3,2,5,Yes,89.4,25,No,
EMP04606,41,Male,Engineering,Engineering Specialist,48500,11,4,2,2,No,89.8,4,No,
EMP04607,44,Female,Sales,Sales Analyst,59900,3,2,3,2,No,99.8,19,No,
EMP04608,58,Male,Customer Service,Customer Service Analyst,43200,15,4,1,4,No,99.3,7,Yes,Career Growth
EMP04609,36,Male,Engineering,Engineering Executive,65300,1,1,2,4,No,95.4,14,No,
EMP04610,42,Female,Sales,Sales Manager,83900,12,4,3,3,Yes,89.6,8,Yes,Relocation
EMP04611,23,Female,HR,HR Analyst,57000,2,2,5,2,No,93.7,20,No,
EMP04612,48,Female,Engineering,Engineering Manager,71600,7,4,1,5,No,94.4,25,No,
EMP04613,32,Male,Sales,Sales Manager,30700,2,1,3,4,No,91.9,18,No,
EMP04614,23,Male,Marketing,Marketing Executive,56700,2,4,5,3,No,99,5,No,
EMP04615,32,Male,Marketing,Marketing Manager,34000,3,1,3,3,No,87.4,10,No,
EMP04616,40,Male,Sales,Sales Coordinator,64400,2,3,4,5,No,88.4,0,No,
EMP04617,41,Male,IT,IT Specialist,36500,0,1,4,4,No,89.4,9,No,
EMP04618,28,Female,Sales,Sales Executive,71600,1,5,4,2,No,93.8,7,No,
EMP04619,60,Male,Operations,Operations Coordinator,86100,6,1,3,3,Yes,99.7,24,No,
EMP04620,32,Male,Engineering,Engineering Coordinator,71200,6,3,4,4,No,98.2,24,No,
EMP04621,48,Male,Customer Service,Customer Service Specialist,48000,8,1,1,5,No,92.7,8,Yes,Manager/Team Issues
EMP04622,21,Female,Marketing,Marketing Coordinator,58000,0,3,1,2,Yes,95,0,No,
EMP04623,44,Male,IT,IT Executive,79400,13,4,4,3,No,91.7,9,No,
EMP04624,50,Male,IT,IT Specialist,62200,5,3,4,3,No,90.3,18,No,
EMP04625,44,Female,Finance,Finance Manager,62000,7,4,5,2,Yes,89.9,17,No,
EMP04626,24,Male,IT,IT Manager,33100,3,1,2,3,No,98.1,22,No,
EMP04627,21,Female,Marketing,Marketing Executive,26400,0,3,2,3,No,82.3,14,No,
EMP04628,23,Female,Engineering,Engineering Coordinator,78100,1,2,2,5,No,90.5,15,No,
EMP04629,47,Female,Customer Service,Customer Service Executive,58200,5,2,3,2,Yes,85.2,2,No,
EMP04630,34,Male,HR,HR Manager,38900,9,3,5,2,Yes,86.1,21,Yes,Manager/Team Issues
EMP04631,51,Male,Operations,Operations Analyst,66800,3,1,2,5,No,90.9,1,No,
EMP04632,38,Male,HR,HR Manager,53600,15,5,1,4,Yes,91.3,19,No,
EMP04633,60,Female,Finance,Finance Specialist,66300,9,5,1,3,No,93.5,6,No,
EMP04634,56,Female,Finance,Finance Analyst,60600,6,2,3,4,Yes,90.1,7,No,
EMP04635,48,Female,Marketing,Marketing Analyst,59400,12,2,2,4,No,82.9,20,No,
EMP04636,54,Male,IT,IT Coordinator,36200,3,3,4,3,No,85,17,No,
EMP04637,54,Female,Engineering,Engineering Manager,77200,12,2,1,2,Yes,95.2,6,No,
EMP04638,47,Male,IT,IT Analyst,69000,0,1,5,5,No,87.5,2,No,
EMP04639,44,Male,Finance,Finance Executive,62600,10,3,5,3,No,93.9,8,Yes,Relocation
EMP04640,55,Female,Finance,Finance Analyst,50700,5,5,2,5,No,96.5,1,No,
EMP04641,41,Female,Engineering,Engineering Coordinator,57200,13,4,2,4,Yes,92,10,No,
EMP04642,50,Female,IT,IT Coordinator,34300,8,1,5,3,No,89,8,Yes,Higher Studies
EMP04643,33,Male,IT,IT Coordinator,67200,6,5,1,3,No,87.2,10,No,
EMP04644,48,Female,Customer Service,Customer Service Specialist,57300,13,5,4,4,No,99.6,21,No,
EMP04645,37,Male,HR,HR Executive,30300,1,2,4,2,No,94,6,No,
EMP04646,28,Male,Marketing,Marketing Manager,32100,7,5,5,5,Yes,91.7,18,No,
EMP04647,34,Female,Operations,Operations Manager,49400,8,3,2,4,No,83.5,25,No,
EMP04648,60,Male,Customer Service,Customer Service Specialist,77300,2,2,3,5,No,84.2,14,No,
EMP04649,41,Female,HR,HR Executive,47900,10,2,5,4,Yes,98.7,1,No,
EMP04650,21,Female,Operations,Operations Analyst,77000,0,4,2,4,No,87.7,17,Yes,Work-Life Balance
EMP04651,30,Female,Operations,Operations Coordinator,27200,6,1,3,2,Yes,89.6,15,No,
EMP04652,40,Female,IT,IT Coordinator,49000,2,3,1,3,No,91.2,25,No,
EMP04653,41,Female,Customer Service,Customer Service Specialist,59700,14,5,3,2,No,88,21,No,
EMP04654,55,Female,Marketing,Marketing Analyst,38000,4,3,5,3,No,92.9,5,No,
EMP04655,30,Female,Customer Service,Customer Service Manager,53700,3,3,4,2,No,82.1,2,No,
EMP04656,49,Female,Sales,Sales Coordinator,73700,0,2,3,2,Yes,88,5,No,
EMP04657,33,Female,Operations,Operations Specialist,44200,8,5,3,4,Yes,91.7,23,Yes,Personal Reasons
EMP04658,51,Female,Finance,Finance Coordinator,82400,11,5,5,4,No,82.8,20,Yes,Personal Reasons
EMP04659,43,Female,HR,HR Analyst,67900,10,5,3,3,No,89.5,14,No,
EMP04660,55,Female,Marketing,Marketing Coordinator,25700,5,5,1,4,No,86.5,25,No,
EMP04661,51,Female,Operations,Operations Manager,86000,2,5,4,4,Yes,87.3,5,No,
EMP04662,48,Male,Marketing,Marketing Analyst,45200,13,1,2,2,No,92.4,2,No,
EMP04663,21,Male,Finance,Finance Specialist,44900,1,3,2,4,No,90.4,19,No,
EMP04664,38,Female,Operations,Operations Executive,88500,10,1,3,2,Yes,95.3,18,No,
EMP04665,38,Male,Marketing,Marketing Executive,40500,11,2,4,5,No,92.8,16,No,
EMP04666,41,Female,Engineering,Engineering Analyst,72300,3,5,4,4,No,95.8,15,No,
EMP04667,60,Female,Operations,Operations Specialist,83500,14,1,5,2,No,94,4,No,
EMP04668,56,Female,Engineering,Engineering Analyst,64100,2,3,4,4,No,84.6,17,No,
EMP04669,58,Female,Operations,Operations Coordinator,55300,8,2,3,2,No,98.9,9,No,
EMP04670,54,Male,Finance,Finance Manager,49900,0,4,4,5,No,85.8,12,No,
EMP04671,23,Female,Engineering,Engineering Analyst,55400,2,2,5,5,No,92.4,23,No,
EMP04672,51,Female,Sales,Sales Specialist,83600,10,5,3,5,Yes,98.5,23,No,
EMP04673,31,Female,Engineering,Engineering Manager,54400,6,1,5,3,Yes,97.5,7,Yes,Work-Life Balance
EMP04674,38,Male,IT,IT Specialist,64400,4,5,4,3,Yes,97.9,8,Yes,Manager/Team Issues
EMP04675,24,Female,Finance,Finance Analyst,72100,2,5,1,3,No,93.7,24,No,
EMP04676,44,Male,Operations,Operations Analyst,40800,6,4,5,2,Yes,82.4,6,No,
EMP04677,26,Female,Customer Service,Customer Service Coordinator,72300,2,4,4,3,Yes,89.3,18,No,
EMP04678,52,Female,Finance,Finance Manager,45900,7,5,5,5,No,86.2,15,No,
EMP04679,56,Female,Finance,Finance Manager,89400,8,2,3,5,No,97.1,0,No,
EMP04680,23,Female,IT,IT Manager,35800,3,3,3,5,No,84.6,20,No,
EMP04681,35,Male,Sales,Sales Specialist,89800,2,3,2,4,No,84.9,4,Yes,Better Salary
EMP04682,32,Male,IT,IT Executive,37200,12,4,1,2,No,85.6,16,Yes,Work-Life Balance
EMP04683,22,Female,Operations,Operations Executive,45700,0,1,4,4,No,90.6,9,No,
EMP04684,34,Male,HR,HR Executive,53400,11,4,4,3,No,93.5,13,No,
EMP04685,35,Male,Customer Service,Customer Service Analyst,72500,2,3,3,5,No,82.9,0,No,
EMP04686,35,Female,Operations,Operations Executive,80700,6,3,1,2,No,82.4,25,No,
EMP04687,55,Female,Marketing,Marketing Manager,71100,1,3,3,5,Yes,96.2,3,Yes,Manager/Team Issues
EMP04688,40,Female,Operations,Operations Manager,45900,12,5,4,4,No,84.7,7,No,
EMP04689,60,Male,Marketing,Marketing Executive,25800,4,3,2,5,No,95.2,4,No,
EMP04690,41,Male,Customer Service,Customer Service Manager,78100,9,5,3,4,No,88.7,0,No,
EMP04691,58,Male,Sales,Sales Specialist,69500,9,3,3,4,Yes,87.1,18,Yes,Manager/Team Issues
EMP04692,42,Female,Marketing,Marketing Analyst,43300,11,2,2,2,No,96.6,16,No,
EMP04693,59,Male,IT,IT Executive,68000,7,3,1,3,No,82.4,23,No,
EMP04694,41,Male,Operations,Operations Executive,64600,6,1,4,5,No,91.4,8,No,
EMP04695,38,Female,IT,IT Analyst,50600,9,4,4,3,Yes,85.2,3,No,
EMP04696,43,Male,Customer Service,Customer Service Analyst,27800,12,1,4,3,Yes,97.1,12,No,
EMP04697,59,Male, it ,IT Specialist,30900,5,2,3,2,No,97.3,14,No,
EMP04698,50,Male,IT,IT Manager,39800,1,1,4,2,No,83.7,9,No,
EMP04699,41,Female,Finance,Finance Specialist,57300,13,3,3,4,No,95.9,13,No,
EMP04700,30,Male,Sales,Sales Specialist,85900,8,4,4,3,No,90.7,13,Yes,Manager/Team Issues
EMP04701,36,Female,Finance,Finance Specialist,70900,7,4,4,5,No,94.9,21,No,
EMP04702,32,Female,HR,HR Executive,82400,0,1,2,2,Yes,92.6,5,No,
EMP04703,32,Male,Marketing,Marketing Manager,28800,12,4,1,2,No,91.3,2,No,
EMP04704,31,Male,Engineering,Engineering Manager,86300,11,3,4,2,No,85.6,20,No,
EMP04705,59,Female,Customer Service,Customer Service Coordinator,81300,2,4,5,5,No,87.6,0,No,
EMP04706,56,Female,HR,HR Coordinator,65100,8,5,5,3,Yes,82.9,19,No,
EMP04707,30,Female,Marketing,Marketing Manager,85500,10,1,5,5,Yes,87.4,1,No,
EMP04708,60,Male,Customer Service,Customer Service Executive,75200,15,3,2,5,No,95.3,12,Yes,Higher Studies
EMP04709,54,Female,Customer Service,Customer Service Specialist,38200,5,5,3,3,No,99.6,22,No,
EMP04710,60,Female,Sales,Sales Analyst,77500,8,2,4,2,No,94.6,25,No,
EMP04711,31,Female,Finance,Finance Coordinator,72200,9,4,3,2,Yes,91,25,No,
EMP04712,50,Female,Finance,Finance Manager,48600,9,4,4,5,No,91.1,3,No,
EMP04713,33,Male,Finance,Finance Manager,82300,4,4,1,5,No,99.7,22,No,
EMP04714,34,Male,Customer Service,Customer Service Analyst,88200,13,1,3,2,Yes,98.7,20,No,
EMP04715,37,Male,IT,IT Analyst,68700,6,4,4,3,No,87.9,10,No,
EMP04716,25,Male,Operations,Operations Analyst,60200,2,2,5,5,No,97.6,15,No,
EMP04717,22,Female,Marketing,Marketing Executive,39300,0,1,3,2,No,90.8,6,Yes,Personal Reasons
EMP04718,25,Female,Engineering,Engineering Coordinator,61900,2,3,5,2,No,92.6,4,Yes,Personal Reasons
EMP04719,39,Female,Operations,Operations Manager,90000,2,4,2,2,No,83.2,12,No,
EMP04720,59,Female,Finance,Finance Analyst,33300,4,4,1,4,Yes,97.5,3,No,
EMP04721,48,Female,Operations,Operations Specialist,79000,5,4,2,5,No,90.1,12,No,
EMP04722,31,Female,IT,IT Coordinator,43300,10,3,2,3,No,85.1,14,No,
EMP04723,23,Female,Finance,Finance Specialist,44200,3,2,1,3,No,85.1,5,No,
EMP04724,49,Male,Engineering,Engineering Manager,28600,12,1,3,2,No,91.1,16,No,
EMP04725,56,Male,Engineering,Engineering Manager,79700,6,5,4,2,No,98.5,0,No,
EMP04726,48,Male,Engineering,Engineering Specialist,75300,14,1,1,5,No,96.9,9,No,
EMP04727,39,Female,Finance,Finance Manager,70200,15,5,2,4,No,85.9,16,Yes,Work-Life Balance
EMP04728,44,Male,Finance,Finance Coordinator,66400,13,2,3,2,Yes,98.8,20,No,
EMP04729,41,Male,IT,IT Coordinator,54500,4,2,3,5,No,91.4,12,No,
EMP04730,23,Male,Operations,Operations Executive,87500,2,5,1,5,No,88.5,0,No,
EMP04731,34,Male,IT,IT Manager,25500,12,1,2,5,Yes,90,7,Yes,Better Salary
EMP04732,28,Male,HR,HR Coordinator,29500,3,4,4,5,No,96.5,5,No,
EMP04733,55,Male,Operations,Operations Analyst,68700,6,3,1,4,No,83.7,13,No,
EMP04734,57,Male,Finance,Finance Coordinator,48700,9,5,5,3,Yes,98.1,14,No,
EMP04735,46,Male,Engineering,Engineering Analyst,79900,5,4,1,2,No,84.2,8,No,
EMP04736,29,Female,Customer Service,Customer Service Executive,86600,9,2,1,4,No,96.5,18,No,
EMP04737,51,Female,Finance,Finance Executive,61400,6,2,2,4,No,95.5,2,No,
EMP04738,56,Male,Finance,Finance Specialist,52900,11,4,1,2,No,92.1,2,No,
EMP04739,28,Male,HR, HR Executive ,49200,2,5,1,2,No,95.2,25,No,
EMP04740,31,Female,HR,HR Analyst,29600,7,2,4,5,No,83.5,22,No,
EMP04741,30,Male,Operations,Operations Coordinator,66400,5,1,2,4,No,82.9,13,No,
EMP04742,53,Female,Marketing,Marketing Manager,80900,5,3,1,2,Yes,94.8,24,No,
EMP04743,27,Female,Finance,Finance Specialist,69700,6,5,4,3,Yes,98,12,No,
EMP04744,30,Male,Finance,Finance Executive,68300,8,1,3,5,No,94.9,9,No,
EMP04745,39,Female,Marketing,Marketing Coordinator,76700,6,3,3,5,Yes,97.2,4,No,
EMP04746,52,Male,Sales,Sales Specialist,53900,11,2,2,3,No,84.2,12,No,
EMP04747,37,Female,Operations,Operations Specialist,86200,15,5,5,2,Yes,86.4,17,No,
EMP04748,33,Male,Engineering,Engineering Executive,47900,12,1,1,3,No,94.7,3,No,
EMP04749,32,Female,Engineering,Engineering Executive,76900,9,2,5,4,No,86.6,7,No,
EMP04750,32,Male,Engineering,Engineering Coordinator,54400,4,2,4,3,No,94.9,0,No,
EMP04751,46,Male,Engineering,Engineering Manager,79300,0,2,4,5,No,98.9,17,No,
EMP04752,21,Male,Operations,Operations Executive,31100,1,5,4,4,No,88.9,21,No,
EMP04753,51,Female,Engineering,Engineering Specialist,47900,14,4,1,2,No,83.7,21,No,
EMP04754,21,Female,Operations,Operations Specialist,84200,1,2,3,4,No,82.1,0,No,
EMP04755,44,Female,Sales,Sales Coordinator,78900,12,1,1,5,No,91.8,24,No,
EMP04756,58,Male,Customer Service,Customer Service Coordinator,26800,1,4,2,4,No,88.8,13,No,
EMP04757,25,Male,IT,IT Coordinator,80100,0,4,2,4,No,85.6,18,No,
EMP04758,54,Female,Operations,Operations Specialist,50100,6,4,5,5,No,89.1,14,No,
EMP04759,42,Male,Operations,Operations Specialist,62900,8,2,2,5,Yes,88,15,No,
EMP04760,27,Male,Customer Service,Customer Service Coordinator,65100,7,4,4,5,No,91.3,18,No,
EMP04761,36,Female,Engineering,Engineering Coordinator,45800,5,4,2,5,No,86.7,5,Yes,Better Salary
EMP04762,26,Male,Marketing,Marketing Analyst,58700,6,3,4,2,No,96.1,8,No,
EMP04763,58,Female,Engineering,Engineering Executive,78200,12,2,2,5,Yes,86,21,No,
EMP04764,55,Male,Sales,Sales Analyst,48900,15,2,2,3,No,94,0,No,
EMP04765,30,Male,Finance,Finance Coordinator,64100,7,4,4,2,Yes,89.1,4,No,
EMP04766,51,Male,Operations,Operations Coordinator,48400,4,3,1,2,No,98.5,15,No,
EMP04767,51,Male,IT,IT Coordinator,77600,5,4,4,4,No,89.9,5,No,
EMP04768,35,Female,Marketing,Marketing Executive,41000,13,3,5,4,No,89.3,8,No,
EMP04769,57,Female,Operations,Operations Analyst,47800,5,1,1,4,No,96.2,10,No,
EMP04770,50,Male,Operations,Operations Specialist,27400,13,4,2,2,No,91.9,10,No,
EMP04771,43,Male,Finance,Finance Specialist,43500,6,1,3,3,No,99.6,16,Yes,Better Salary
EMP04772,26,Male,HR,HR Analyst,87100,0,4,5,5,No,90.2,10,No,
EMP04773,56,Female,Finance,Finance Executive,65700,7,5,2,2,No,96.4,8,No,
EMP04774,47,Male,IT,IT Coordinator,60500,2,2,2,4,No,82.4,12,No,
EMP04775,59,Male,Operations,Operations Specialist,88100,12,2,5,2,No,91.15,4,No,
EMP04776,24,Male,Engineering,Engineering Analyst,29800,3,2,5,4,Yes,82.6,16,No,
EMP04777,29,Male,IT,IT Analyst,67700,6,5,5,5,No,90.7,23,Yes,Better Salary
EMP04778,40,Female,IT,IT Specialist,78700,3,1,4,5,No,92.1,19,No,
EMP04779,41,Female,Sales,Sales Analyst,44300,7,5,2,5,No,91,8,No,
EMP04780,47,Male,IT,IT Analyst,60600,7,4,2,3,No,98.6,8,No,
EMP04781,58,Male,IT,IT Analyst,30000,5,5,3,3,Yes,87.2,18,No,
EMP04782,39,Male,IT,IT Specialist,29600,1,4,1,5,No,85,19,No,
EMP04783,41,Female,Finance,Finance Coordinator,26200,6,5,3,4,Yes,95,2,No,
EMP04784,27,Female,Operations,Operations Executive,81200,5,1,4,2,No,93.3,2,No,
EMP04785,40,Female,Customer Service,Customer Service Manager,59600,0,5,4,2,Yes,87.1,14,No,
EMP04786,48,Male,Operations,Operations Specialist,53200,14,5,4,3,No,98,16,No,
EMP04787,47,Female,Customer Service,Customer Service Specialist,26400,6,5,2,3,No,84.7,7,No,
EMP04788,54,Male,Engineering,Engineering Manager,52500,8,4,3,3,No,94.4,14,No,
EMP04789,56,Female,Marketing,Marketing Analyst,36500,9,3,1,3,No,87,4,No,
EMP04790,22,Female,HR,HR Specialist,54400,2,5,4,4,No,89.5,4,No,
EMP04791,38,Female,Customer Service,Customer Service Specialist,29800,7,2,4,3,Yes,95.9,20,Yes,Career Growth
EMP04792,60,Male,Sales,Sales Analyst,42100,5,4,3,2,Yes,82.8,16,Yes,Higher Studies
EMP04793,38,Male,Engineering,Engineering Analyst,51900,10,5,5,4,No,87.1,13,No,
EMP04794,48,Female,Customer Service,Customer Service Executive,80000,5,5,2,5,No,84.8,23,No,
EMP04795,48,Female,Engineering,Engineering Analyst,43200,15,5,1,5,No,83.9,8,Yes,Personal Reasons
EMP04796,48,Female,Marketing,Marketing Executive,88800,0,5,2,4,No,97.3,20,No,
EMP04797,37,Female,Sales,Sales Specialist,42700,9,4,2,2,No,87,25,No,
EMP04798,45,Male, customer service ,Customer Service Manager,71700,0,4,4,5,No,95.8,12,No,
EMP04799,54,Female,Customer Service,Customer Service Analyst,54900,0,5,2,4,No,87.9,12,Yes,Manager/Team Issues
EMP04800,41,Male,Engineering,Engineering Specialist,83600,3,1,3,3,No,85.8,18,No,
EMP04801,48,Male,Operations,Operations Coordinator,38900,13,2,5,3,No,82.5,15,No,
EMP04802,32,Male,Operations,Operations Specialist,42600,1,4,5,2,Yes,82.6,5,No,
EMP04803,31,Female,Marketing,Marketing Specialist,47000,3,3,2,5,Yes,85.3,10,No,
EMP04804,50,Female,Finance,Finance Coordinator,73500,6,4,4,4,No,82.1,7,No,
EMP04805,44,Female,Customer Service,Customer Service Analyst,86400,10,3,2,2,Yes,93.8,21,No,
EMP04806,58,Female,Finance,Finance Manager,28300,8,4,3,3,Yes,87.3,24,No,
EMP04807,23,Male,Customer Service,Customer Service Analyst,71800,3,4,3,5,No,85.7,7,No,
EMP04808,25,Female,Sales,Sales Executive,34500,0,5,3,2,No,90,23,No,
EMP04809,38,Female,IT,IT Executive,65200,11,3,4,2,No,93.4,8,Yes,Work-Life Balance
EMP04810,35,Male,Marketing,Marketing Executive,43400,4,2,1,5,No,91.9,20,No,
EMP04811,57,Male,Customer Service,Customer Service Specialist,34600,4,1,3,3,Yes,86,5,Yes,Relocation
EMP04812,25,Male,IT,IT Specialist,55800,0,3,5,4,No,85.1,13,No,
EMP04813,36,Male,Sales,Sales Coordinator,84900,0,1,3,3,No,83.7,2,No,
EMP04814,39,Female,Finance,Finance Specialist,53000,6,2,1,2,No,87.2,13,No,
EMP04815,35,Female,Operations,Operations Executive,65800,13,1,4,3,No,82.8,17,No,
EMP04816,44,Female,HR,HR Manager,79200,11,2,2,5,Yes,93.3,5,No,
EMP04817,42,Female,Operations,Operations Coordinator,68900,12,2,3,5,No,92,7,No,
EMP04818,41,Female,Finance,Finance Executive,89500,11,5,2,4,No,98.4,16,No,
EMP04819,21,Male,Marketing,Marketing Coordinator,44100,0,1,1,4,Yes,90.2,23,No,
EMP04820,59,Female,Customer Service,Customer Service Analyst,26600,13,3,4,5,No,93.1,11,No,
EMP04821,53,Male,Sales,Sales Specialist,70700,0,2,1,2,Yes,85.1,11,No,
EMP04822,27,Male,Sales,Sales Coordinator,34400,6,3,5,5,No,88.1,17,No,
EMP04823,27,Female,Operations,Operations Coordinator,34400,2,3,1,5,No,94.4,10,Yes,Career Growth
EMP04824,27,Male,Engineering,Engineering Coordinator,28800,3,2,4,4,Yes,96.7,11,No,
EMP04825,28,Male,Customer Service,Customer Service Manager,78500,7,5,4,4,No,84.7,5,No,
EMP04826,55,Male,Finance,Finance Coordinator,69400,10,4,3,5,No,90.1,22,No,
EMP04827,25,Female,Finance,Finance Executive,76100,5,3,5,2,No,96.6,22,No,
EMP04828,31,Female,Marketing,Marketing Specialist,28900,3,4,2,5,Yes,90.6,4,No,
EMP04829,40,Male,Marketing,Marketing Coordinator,34200,5,1,5,4,No,92.6,21,Yes,Career Growth
EMP04830,60,Female,Marketing,Marketing Specialist,26300,5,5,1,3,Yes,84.8,10,No,
EMP04831,23,Female,Engineering,Engineering Specialist,32100,3,3,3,5,No,88,22,No,
EMP04832,49,Female,HR,HR Coordinator,38700,2,3,2,3,No,90.5,5,No,
EMP04833,31,Female,HR,HR Coordinator,28100,5,2,1,2,No,98.1,16,No,
EMP04834,45,Male,Sales,Sales Executive,30800,12,5,4,4,No,90.5,14,No,
EMP04835,49,Male,Marketing,Marketing Coordinator,52400,10,2,3,5,Yes,99.3,4,No,
EMP04836,25,Male,Finance,Finance Coordinator,69200,4,2,5,4,Yes,97.1,3,No,
EMP04837,30,Male,Sales,Sales Specialist,59800,1,5,4,4,No,91.3,25,Yes,Work-Life Balance
EMP04838,29,Male,Operations,Operations Analyst,33200,7,5,3,3,No,97.2,0,No,
EMP04839,30,Female,Customer Service,Customer Service Executive,44900,8,5,5,5,No,97.2,3,No,
EMP04840,59,Male,Finance,Finance Specialist,56300,12,1,2,2,Yes,88.4,14,Yes,Personal Reasons
EMP04841,52,Female,IT,IT Executive,37300,14,1,4,5,No,98.2,1,No,
EMP04842,53,Male,Finance,Finance Coordinator,31800,6,3,1,3,No,92.6,14,No,
EMP04843,35,Male,Marketing,Marketing Coordinator,69300,2,1,2,2,Yes,90.8,10,No,
EMP04844,46,Female,Customer Service,Customer Service Specialist,67600,3,3,3,3,No,93.2,18,No,
EMP04845,29,Male,IT,IT Analyst,72600,3,3,3,4,No,91.5,22,No,
EMP04846,29,Female,HR,HR Coordinator,61200,9,4,4,3,No,90.9,17,No,
EMP04847,59,Male,IT,IT Specialist,52000,9,4,5,3,No,98.4,11,No,
EMP04848,59,Female,Operations,Operations Analyst,52200,14,5,5,4,No,91.9,17,No,
EMP04849,25,Male,IT,IT Analyst,62700,3,4,5,5,Yes,88.7,23,No,
EMP04850,50,Female,Finance,Finance Coordinator,48300,14,4,3,2,No,82.3,12,No,
EMP04851,43,Female,Engineering,Engineering Manager,27500,1,2,3,3,Yes,91.6,12,No,
EMP04852,53,Female,Customer Service,Customer Service Specialist,84800,12,4,1,3,No,95.8,7,Yes,Career Growth
EMP04853,29,Female,Sales,Sales Specialist,55500,7,3,3,3,No,82.6,9,No,
EMP04854,34,Female,Finance,Finance Analyst,31700,7,4,1,5,No,89.3,25,Yes,Manager/Team Issues
EMP04855,49,Male,HR,HR Specialist,86500,3,5,1,2,No,92.9,6,Yes,Relocation
EMP04856,21,Female,Operations,Operations Coordinator,26600,1,1,4,5,No,84.4,24,No,
EMP04857,29,Male,Finance,Finance Analyst,86400,0,3,2,2,No,98.7,11,No,
EMP04858,51,Male,Operations,Operations Specialist,66100,14,5,1,4,Yes,85.4,10,No,
EMP04859,40,Female,Customer Service,Customer Service Analyst,28600,10,5,1,4,No,85,16,No,
EMP04860,38,Male,IT,IT Analyst,30700,8,5,3,3,No,98.1,13,Yes,Higher Studies
EMP04861,25,Female,Finance,Finance Analyst,80700,5,1,2,5,No,86.4,11,No,
EMP04862,27,Male,Operations,Operations Specialist,59000,4,1,4,3,Yes,98.1,12,No,
EMP04863,49,Female,Sales,Sales Executive,68300,13,4,5,5,Yes,85.4,6,No,
EMP04864,56,Male,Engineering,Engineering Specialist,79300,12,5,4,2,No,95.7,2,No,
EMP04865,41,Male,Operations,Operations Manager,34400,3,4,3,5,Yes,84.6,8,No,
EMP04866,27,Male,Engineering,Engineering Executive,77900,1,5,2,3,No,89.9,24,No,
EMP04867,56,Female,Customer Service,Customer Service Executive,37400,11,2,4,3,No,86.5,17,No,
EMP04868,41,Female,Customer Service,Customer Service Analyst,45400,4,1,4,4,Yes,82.6,15,No,
EMP04869,60,Male,Marketing,Marketing Executive,52200,14,3,4,3,No,99.4,23,No,
EMP04870,29,Male,Customer Service,Customer Service Manager,89000,6,3,2,5,No,82.8,5,No,
EMP04871,25,Female,Engineering,Engineering Specialist,36400,5,1,2,5,No,83.7,12,No,
EMP04872,29,Female,HR,HR Executive,28600,4,3,2,2,No,82.3,14,No,
EMP04873,52,Female,Sales,Sales Analyst,59300,5,3,5,2,No,86.1,6,No,
EMP04874,22,Female,Engineering,Engineering Specialist,87800,1,1,3,2,No,87.1,14,No,
EMP04875,36,Female,HR,HR Coordinator,41400,15,1,4,3,No,92.1,7,No,
EMP04876,35,Female,Operations, Operations Analyst ,41100,10,5,1,2,No,84.8,8,Yes,Better Salary
EMP04877,35,Female,Sales,Sales Manager,33800,5,4,4,5,No,95.6,15,No,
EMP04878,45,Male,Customer Service,Customer Service Specialist,57300,13,2,5,3,No,98.1,24,Yes,Personal Reasons
EMP04879,31,Male,HR,HR Analyst,79600,6,3,2,2,No,86.5,13,No,
EMP04880,54,Male,Sales,Sales Specialist,66500,10,3,3,4,No,82.9,8,Yes,Personal Reasons
EMP04881,25,Female,IT,IT Manager,82900,5,5,1,3,No,93.7,17,No,
EMP04882,50,Male,IT,IT Manager,31200,10,5,5,5,Yes,90.2,0,Yes,Career Growth
EMP04883,53,Female,Finance,Finance Manager,73900,7,3,5,2,No,95.9,16,No,
EMP04884,46,Male,Sales,Sales Analyst,72400,2,5,5,2,No,86.3,5,No,
EMP04885,23,Female,Operations,Operations Coordinator,82600,2,3,1,4,No,83.3,18,No,
EMP04886,37,Male,Operations,Operations Coordinator,43900,3,3,4,5,No,86.8,4,Yes,Higher Studies
EMP04887,47,Male,Sales,Sales Analyst,41300,3,1,4,5,Yes,99.7,2,Yes,Relocation
EMP04888,31,Female,Finance,Finance Manager,52000,7,1,2,3,Yes,89.3,0,No,
EMP04889,57,Male,HR,HR Coordinator,83100,11,5,3,3,No,82.3,6,Yes,Work-Life Balance
EMP04890,41,Female,Finance,Finance Specialist,57400,15,5,3,4,Yes,97.7,20,Yes,Higher Studies
EMP04891,55,Female,Operations,Operations Specialist,85200,2,4,4,3,No,87.6,22,No,
EMP04892,55,Female,Finance,Finance Coordinator,52500,5,5,4,5,No,87.2,5,No,
EMP04893,54,Male,IT,IT Coordinator,72800,14,2,4,3,No,86.5,6,No,
EMP04894,37,Male,Engineering,Engineering Coordinator,84800,2,5,2,4,Yes,94.5,13,No,
EMP04895,53,Male,Operations,Operations Coordinator,77800,13,2,4,2,Yes,83.8,6,No,
EMP04896,41,Male,Marketing,Marketing Executive,47400,6,2,2,4,Yes,82.8,0,No,
EMP04897,22,Male,Marketing,Marketing Specialist,64100,1,3,1,5,No,85.3,3,No,
EMP04898,29,Female,IT,IT Manager,54600,5,3,4,5,No,99.2,0,No,
EMP04899,44,Male, marketing ,Marketing Specialist,58900,12,5,2,5,No,83.9,8,No,
EMP04900,37,Female,Finance,Finance Manager,80400,10,4,2,3,Yes,84.3,4,No,
EMP04901,50,Male,Marketing,Marketing Coordinator,65500,7,3,1,4,Yes,96.2,18,No,
EMP04902,25,Male,HR,HR Manager,40300,2,2,3,3,No,87,12,No,
EMP04903,29,Female,Engineering,Engineering Executive,26800,6,2,2,2,No,99.5,10,No,
EMP04904,59,Male,Customer Service,Customer Service Executive,81500,5,4,4,3,No,94.8,25,No,
EMP04905,58,Male,HR,HR Specialist,47800,15,4,4,5,No,91.6,18,No,
EMP04906,24,Male,Sales,Sales Analyst,68700,1,5,5,3,Yes,82.5,11,No,
EMP04907,42,Male,Customer Service,Customer Service Manager,40200,7,5,3,2,Yes,92.6,14,No,
EMP04908,53,Female,IT,IT Executive,39600,15,3,2,5,No,97.9,22,No,
EMP04909,21,Female,HR,HR Analyst,63800,0,5,3,3,No,95.4,20,Yes,Better Salary
EMP04910,37,Male,IT,IT Coordinator,87300,8,3,4,3,No,82.9,1,No,
EMP04911,36,Female,Customer Service,Customer Service Specialist,27700,15,3,1,2,No,92.1,21,No,
EMP04912,28,Female,Finance,Finance Manager,42100,3,4,3,2,No,95.6,8,No,
EMP04913,41,Female,Finance,Finance Coordinator,75100,10,2,3,3,Yes,88,23,No,
EMP04914,31,Male,Sales,Sales Specialist,79200,8,4,1,5,Yes,90.2,23,Yes,Personal Reasons
EMP04915,29,Female,Engineering,Engineering Manager,74800,7,2,3,3,Yes,98.2,24,Yes,Higher Studies
EMP04916,29,Male,Marketing,Marketing Executive,53900,6,2,3,3,No,85.7,13,No,
EMP04917,40,Female,Operations,Operations Coordinator,30500,12,4,5,4,Yes,98.8,25,No,
EMP04918,25,Male,Customer Service,Customer Service Coordinator,31200,5,4,3,3,Yes,97.5,5,No,
EMP04919,33,Female,Customer Service,Customer Service Specialist,55900,1,2,4,2,No,96.4,1,No,
EMP04920,55,Male,Customer Service,Customer Service Executive,48400,0,2,1,5,No,94.4,18,No,
EMP04921,27,Female,Customer Service,Customer Service Analyst,45000,4,2,4,3,No,91.2,8,Yes,Career Growth
EMP04922,37,Male,Engineering,Engineering Manager,81800,3,4,2,5,No,93.1,16,No,
EMP04923,39,Female,Finance,Finance Analyst,69800,14,3,2,3,No,88.8,0,Yes,Better Salary
EMP04924,52,Female,Operations,Operations Manager,38500,14,4,4,3,No,83,14,No,
EMP04925,58,Male,Customer Service,Customer Service Manager,79900,2,4,5,3,Yes,89.9,24,No,
EMP04926,33,Female,IT,IT Executive,84200,12,3,5,3,Yes,82.5,8,No,
EMP04927,34,Male,Engineering,Engineering Coordinator,86200,14,4,5,4,No,84.8,24,No,
EMP04928,50,Female,Marketing,Marketing Specialist,79900,3,2,1,3,No,88.5,15,No,
EMP04929,48,Male,Engineering,Engineering Manager,60600,0,3,5,5,No,94.8,18,No,
EMP04930,36,Male,IT,IT Coordinator,42600,14,2,5,3,No,82.7,6,No,
EMP04931,43,Female,Marketing,Marketing Analyst,34000,13,2,2,4,No,96,18,No,
EMP04932,22,Female,HR,HR Coordinator,30900,2,4,5,4,Yes,85.3,22,Yes,Work-Life Balance
EMP04933,31,Female,Operations,Operations Executive,28900,6,2,4,2,No,87.1,3,No,
EMP04934,38,Male,Finance,Finance Specialist,54500,14,1,3,2,Yes,97.3,20,No,
EMP04935,56,Male,Engineering,Engineering Coordinator,32600,7,4,4,3,No,98.1,6,No,
EMP04936,54,Male,Marketing,Marketing Analyst,80300,7,4,3,2,No,88.8,11,Yes,Better Salary
EMP04937,28,Male,Marketing,Marketing Executive,69900,4,2,5,4,Yes,87.5,10,No,
EMP04938,23,Female,HR,HR Executive,74300,0,2,3,5,Yes,92.8,17,Yes,Personal Reasons
EMP04939,49,Female,Sales,Sales Analyst,81400,13,2,4,2,No,90.9,10,No,
EMP04940,47,Male,IT,IT Analyst,54600,1,5,3,3,Yes,99,20,No,
EMP04941,57,Female,Sales,Sales Specialist,40500,10,1,2,3,No,91.8,3,No,
EMP04942,42,Male,Finance,Finance Coordinator,59200,3,2,5,5,No,88.1,15,No,
EMP04943,57,Female,HR,HR Specialist,33500,9,3,5,3,Yes,84.4,11,No,
EMP04944,22,Male,Customer Service,Customer Service Specialist,42600,2,3,2,3,No,95.9,25,Yes,Relocation
EMP04945,22,Male,Customer Service,Customer Service Executive,45000,0,1,1,4,Yes,85.4,19,No,
EMP04946,28,Female,Customer Service,Customer Service Specialist,57600,2,1,1,2,No,93.9,9,No,
EMP04947,27,Male,Operations,Operations Coordinator,67700,5,1,2,4,Yes,97.1,4,No,
EMP04948,43,Male,Marketing,Marketing Coordinator,66700,0,3,2,5,No,88.4,1,No,
EMP04949,32,Female,Operations,Operations Specialist,50900,2,2,3,2,Yes,96.9,2,No,
EMP04950,40,Female,IT,IT Executive,33900,6,4,3,2,Yes,83.8,20,No,
EMP04951,55,Female,Customer Service,Customer Service Executive,61600,0,2,3,5,No,94.8,23,No,
EMP04952,39,Female,HR,HR Coordinator,72600,12,1,4,5,Yes,98.8,13,No,
EMP04953,25,Female,Marketing,Marketing Coordinator,76500,1,5,2,5,No,93.6,3,No,
EMP04954,29,Female,Operations,Operations Executive,60100,6,3,5,2,No,91.15,13,No,
EMP04955,30,Male,HR,HR Manager,36900,0,4,4,4,No,95.4,11,Yes,Personal Reasons
EMP04956,54,Male,Engineering,Engineering Executive,83400,11,1,3,4,No,88.7,9,No,
EMP04957,47,Male,Sales,Sales Manager,64500,3,2,3,5,Yes,88.9,23,No,
EMP04958,53,Female,Operations,Operations Coordinator,65100,1,3,5,4,Yes,99.3,10,No,
EMP04959,23,Male,Finance,Finance Executive,37200,1,1,3,5,Yes,91.9,23,No,
EMP04960,23,Male,HR,HR Executive,83100,2,3,4,2,Yes,95.9,10,No,
EMP04961,53,Male,Sales,Sales Analyst,38200,9,5,4,2,No,94.6,12,No,
EMP04962,54,Male,Sales,Sales Coordinator,56000,7,5,1,5,Yes,95.2,18,No,
EMP04963,50,Female,Engineering,Engineering Coordinator,68900,1,1,2,4,No,86.7,2,Yes,Work-Life Balance
EMP04964,52,Male,Marketing,Marketing Coordinator,39500,7,2,3,5,Yes,83.7,8,Yes,Higher Studies
EMP04965,28,Female,Marketing,Marketing Analyst,58000,3,3,1,2,Yes,87.8,18,No,
EMP04966,24,Female,IT,IT Executive,81400,2,3,5,2,No,95.3,18,No,
EMP04967,43,Female,HR,HR Analyst,43700,11,4,4,2,No,99.2,10,No,
EMP04968,60,Female,Marketing,Marketing Executive,37300,12,4,1,5,No,85.5,12,No,
EMP04969,34,Female,Sales,Sales Specialist,82600,5,1,2,5,Yes,96.6,10,No,
EMP04970,30,Male,Customer Service,Customer Service Coordinator,50600,9,2,3,2,Yes,98.5,15,No,
EMP04971,55,Male,Sales,Sales Analyst,68300,15,2,4,4,No,99.3,25,No,
EMP04972,50,Male,Operations,Operations Manager,69900,3,4,1,5,No,97.2,25,No,
EMP04973,38,Female,IT,IT Specialist,73900,5,4,1,5,No,98.2,25,No,
EMP04974,23,Female,Finance,Finance Coordinator,43400,3,1,1,3,Yes,86.8,19,Yes,Relocation
EMP04975,24,Male,Customer Service,Customer Service Executive,33500,3,1,2,4,No,84.8,1,Yes,Relocation
EMP04976,23,Male,Customer Service,Customer Service Coordinator,63700,3,3,1,2,Yes,99.3,24,No,
EMP04977,55,Female,Engineering,Engineering Executive,68000,14,3,5,3,No,88.1,23,No,
EMP04978,38,Male,Marketing,Marketing Coordinator,77600,10,2,1,5,Yes,94.9,24,No,
EMP04979,33,Male,Operations,Operations Analyst,55200,5,3,3,5,No,88.3,8,No,
EMP04980,25,Female,Customer Service,Customer Service Executive,62100,3,5,1,5,Yes,91.3,1,No,
EMP04981,42,Female,Finance,Finance Manager,65900,12,3,2,5,No,87.2,16,No,
EMP04982,50,Female,HR,HR Specialist,36400,6,5,3,4,No,96.1,18,No,
EMP04983,39,Male,HR,HR Manager,38100,13,3,5,3,No,87.3,18,No,
EMP04984,59,Male,Engineering,Engineering Executive,56300,3,2,4,2,Yes,92.4,20,No,
EMP04985,54,Female,Finance,Finance Analyst,84200,10,4,5,2,Yes,91.7,22,No,
EMP04986,34,Female,Customer Service,Customer Service Coordinator,56500,5,3,2,3,No,91,23,No,
EMP04987,59,Female,Operations,Operations Specialist,49600,14,5,5,3,No,96.9,14,No,
EMP04988,58,Female,Sales,Sales Executive,60400,8,1,2,5,No,89.2,1,No,
EMP04989,58,Male,IT,IT Executive,49200,13,3,4,3,Yes,100,20,No,
EMP04990,52,Female,Operations,Operations Manager,64300,3,2,1,3,No,96.7,0,No,
EMP04991,21,Female,IT,IT Specialist,78300,1,5,4,2,Yes,95.6,23,Yes,Work-Life Balance
EMP04992,36,Male,Engineering,Engineering Manager,88400,5,3,1,4,Yes,82.4,16,No,
EMP04993,31,Male,HR,HR Executive,85900,3,3,4,3,No,86.5,8,No,
EMP04994,37,Female,IT,IT Executive,79800,8,5,4,3,No,85.6,9,No,
EMP04995,38,Male,Finance,Finance Manager,86800,10,2,1,5,No,85.7,24,No,
EMP04996,50,Male,Finance,Finance Specialist,85200,14,2,3,4,Yes,94.3,14,No,
EMP04997,22,Male,HR,HR Executive,47800,2,3,3,5,Yes,93.3,20,Yes,Better Salary
EMP04998,22,Male,Operations,Operations Executive,62600,1,3,3,4,No,93.8,10,No,
EMP04999,53,Male,Customer Service,Customer Service Executive,81400,0,1,1,4,No,98.1,3,Yes,Career Growth
EMP05000,32,Female, customer service ,Customer Service Analyst,62600,0,3,1,5,No,98,3,No,
,,,,,,,,,,,,,,772
