Order_ID,Order_Date,Customer_ID,Customer_Name,Email,Country,Region,Product_ID,Product_Name,Category,Sub_Category,Quantity,Unit_Price,Discount_Pct,Sales,Cost,Profit,Payment_Method,Device,Sales_Channel,Order_Status,Rating
ORD000001,2025-04-11,C00018,Daniel Williams,daniel.williams18@example.com,Australia,New South Wales,P002,Bluetooth Speaker,ELECTRONICS,Audio,1,50.28,0.05,47.77,29.84,17.93,Credit Card,Mobile,Website,Delivered,5
ORD000002,2024-10-09,C01262,Emma Taylor,emma.taylor1262@example.com,Germany,Bavaria,P013,Hoodie,FASHION,Apparel,2,44.43,0,88.86,45.13,43.73,Paypal,Desktop,Mobile App,Delivered,4
ORD000003,2026-05-09,C00479,Amelia Johnson,amelia.johnson479@example.com,Uk,England,P022,Yoga Mat,SPORTS,Fitness,2,25.52,0,51.04,23.94,27.1,Credit Card,Mobile,Mobile App,Delivered,5
ORD000004,2025-02-12,C01010,Aarav Patel,aarav.patel1010@example.com,Germany,Saxony,P008,Webcam HD,ELECTRONICS,Computers,3,60.49,0.2,145.18,106.93,38.25,Debit Card,Mobile,Mobile App,Delivered,5
ORD000005,2026-01-20,C01590,Liam Taylor,liam.taylor1590@example.com,Usa,California,P032,Data Analytics Book,BOOKS,Education,1,45.45,0,45.45,20.68,24.77,Debit Card,Tablet,Website,Shipped,0
ORD000006,2024-01-16,C00240,Chloe King,chloe.king240@example.com,France,Occitanie,P021,Desk Lamp,HOME & KITCHEN,Lighting,1,35.63,0.05,33.85,17.65,16.2,Cash On Delivery,Mobile,Website,Processing,0
ORD000007,2025-10-10,C00245,Leo Garcia,leo.garcia245@example.com,Usa,Illinois,P005,Laptop Stand,ELECTRONICS,Accessories,2,37,0,74,39.54,34.46,Credit Card,Mobile,Mobile App,Returned,4
ORD000008,2026-02-08,C00346,Noah Lewis,noah.lewis346@example.com,Germany,Berlin,P032,Data Analytics Book,BOOKS,Education,2,48.54,0,97.08,44.67,52.41,Paypal,Desktop,Website,Returned,5
ORD000009,2025-03-13,C01514,Liam Martin,liam.martin1514@example.com,Uk,Scotland,P006,Mechanical Keyboard,ELECTRONICS,Computers,1,83.38,0.1,75.04,51.26,23.78,Paypal,Desktop,Website,Delivered,4
ORD000010,2024-09-10,C01745,Amelia Clark,amelia.clark1745@example.com,France,Provence,P032,Data Analytics Book,BOOKS,Education,1,49,0.2,39.2,22.6,16.6,Bank Transfer,Mobile,Website,Delivered,5
ORD000011,2024-04-03,C01017,Layla Young,layla.young1017@example.com,Usa,Illinois,P020,Storage Boxes,HOME & KITCHEN,Storage,1,28.6,0,28.6,14.4,14.2,Debit Card,Tablet,Website,Delivered,4
ORD000012,2024-08-18,C01027,James Moore,james.moore1027@example.com,Australia,New South Wales,P004,USB-C Charger,ELECTRONICS,Accessories,3,27.36,0.1,73.87,39.97,33.9,Paypal,Mobile,Mobile App,Delivered,3
ORD000013,2024-04-07,C00316,Lucas Walker,lucas.walker316@example.com,Canada,Ontario,P016,Coffee Maker,HOME & KITCHEN,Appliances,2,92.15,0.1,165.87,110.53,55.34,Cash On Delivery,Desktop,Website,Delivered,5
ORD000014,2024-05-30,C00301,Zoe Johnson,zoe.johnson301@example.com,Uae,Abu Dhabi,P012,Cotton T-Shirt,FASHION,Apparel,1,21.62,0,21.62,9.46,12.16,Credit Card,Tablet,Marketplace,Delivered,3
ORD000015,2025-07-05,C00306,Elijah Lewis,elijah.lewis306@example.com,France,Occitanie,P023,Dumbbell Set,SPORTS,Fitness,2,88.8,0.05,168.72,99.53,69.19,Credit Card,Mobile,Website,Delivered,3
ORD000016,2026-05-31,C01466,Mason King,mason.king1466@example.com,Uk,Scotland,P008,Webcam HD,ELECTRONICS,Computers,2,66.57,0,133.14,82.14,51,Bank Transfer,Mobile,Website,Shipped,0
ORD000017,2024-09-06,C00659,Harper Thomas,harper.thomas659@example.com,Australia,New South Wales,P031,Novel Set,BOOKS,Fiction,5,38.76,0,193.8,97.87,95.93,Debit Card,Mobile,Website,Delivered,4
ORD000018,2026-05-28,C01420,Charlotte Smith,charlotte.smith1420@example.com,Germany,Hesse,P011,Denim Jacket,FASHION,Outerwear,2,69.63,0,139.26,81.07,58.19,Debit Card,Desktop,Website,Delivered,1
ORD000019,2025-06-30,C01467,Amelia Young,amelia.young1467@example.com,Germany,Berlin,P027,Face Serum,BEAUTY,Skin Care,2,33.92,0,67.84,28.86,38.98,Debit Card,Mobile,Website,Delivered,4
ORD000020,2026-03-29,C00742,Adam Wright,adam.wright742@example.com,Germany,Hesse,P036,Puzzle 1000pc,TOYS,Games,1,22.12,0.2,17.7,9.26,8.44,Debit Card,Desktop,Social Commerce,Cancelled,0
ORD000021,2025-11-12,C01517,Aria Walker,aria.walker1517@example.com,Usa,New York,P016,Coffee Maker,HOME & KITCHEN,Appliances,1,87.21,0.05,82.85,55.84,27.01,Debit Card,Desktop,Website,Delivered,3
ORD000022,2026-04-25,C01092,Adam Walker,adam.walker1092@example.com,India,Delhi,P006,Mechanical Keyboard,ELECTRONICS,Computers,4,100.31,0.2,320.99,256.03,64.96,Credit Card,Mobile,Mobile App,Delivered,5
ORD000023,2024-11-28,C01309,Evelyn Moore,evelyn.moore1309@example.com,Australia,Western Australia,P033,Cookbook,BOOKS,Lifestyle,6,32.95,0.05,187.81,90.15,97.66,Bank Transfer,Mobile,Website,Delivered,5
ORD000024,2024-04-06,C00947,Noah Thomas,noah.thomas947@example.com,Canada,British Columbia,P001,Wireless Headphones,ELECTRONICS,Audio,1,88.09,0.15,74.88,53.98,20.9,Debit Card,Mobile,Marketplace,Delivered,3
ORD000025,2025-01-29,C00124,Owen Moore,owen.moore124@example.com,Australia,New South Wales,P007,Wireless Mouse,ELECTRONICS,Computers,1,38.82,0.15,33,19.99,13.01,Debit Card,Mobile,Website,Delivered,5
ORD000026,2026-02-06,C00088,Elijah Johnson,elijah.johnson88@example.com,India,Maharashtra,P029,Hair Dryer,BEAUTY,Hair Care,1,55.57,0,55.57,30.13,25.44,Debit Card,Mobile,Mobile App,Delivered,4
ORD000027,2025-02-05,C00176,Emma Clark,emma.clark176@example.com,Canada,Quebec,P033,Cookbook,BOOKS,Lifestyle,1,33.33,0.25,25,15.93,9.07,Debit Card,Mobile,Website,Delivered,5
ORD000028,2024-02-04,C00605,Amelia Walker,amelia.walker605@example.com,Germany,Saxony,P001,Wireless Headphones,ELECTRONICS,Audio,5,75.4,0.2,301.6,225.54,76.06,Debit Card,Tablet,Mobile App,Delivered,5
ORD000029,2025-03-18,C01147,Sophia Williams,sophia.williams1147@example.com,Uk,England,P024,Football,SPORTS,Outdoor,3,27.6,0.15,70.38,38.64,31.74,Cash On Delivery,Mobile,Social Commerce,Delivered,3
ORD000030,2026-02-23,C00887,Lucas Brown,lucas.brown887@example.com,Canada,British Columbia,P010,Casual Sneakers,FASHION,Footwear,1,53.58,0.15,45.54,29.22,16.32,Credit Card,Desktop,Marketplace,Delivered,5
ORD000031,2026-06-23,C01609,Lucas Garcia,lucas.garcia1609@example.com,Usa,California,P005,Laptop Stand,ELECTRONICS,Accessories,2,42.85,0,85.7,45.82,39.88,Debit Card,Mobile,Mobile App,Shipped,0
ORD000032,2024-01-20,C01033,Leo Smith,leo.smith1033@example.com,France,Ile-de-France,P003,Smart Watch,ELECTRONICS,Wearables,1,124.7,0.25,93.53,85.52,8.01,Credit Card,Mobile,Website,Delivered,4
ORD000033,2024-01-09,C00397,Zoe Wright,zoe.wright397@example.com,Uae,Abu Dhabi,P030,Perfume,BEAUTY,Fragrance,2,76.49,0,152.98,81.48,71.5,Credit Card,Mobile,Mobile App,Delivered,2
ORD000034,2024-02-11,C01147,Sophia Williams,sophia.williams1147@example.com,France,Provence,P015,Backpack,FASHION,Bags,2,46.08,0.1,82.94,49.63,33.31,Cash On Delivery,Desktop,Marketplace,Delivered,4
ORD000035,2026-01-08,C00736,Evelyn Moore,evelyn.moore736@example.com,Australia,Queensland,P030,Perfume,BEAUTY,Fragrance,2,69.45,0.25,104.18,71.42,32.76,Cash On Delivery,Mobile,Mobile App,Delivered,2
ORD000036,2026-07-28,C00159,Noah Clark,noah.clark159@example.com,Usa,Florida,P036,Puzzle 1000pc,TOYS,Games,1,22.07,0.1,19.86,9.46,10.4,Debit Card,Mobile,Website,Cancelled,0
ORD000037,2025-07-02,C00350,Aria Martin,aria.martin350@example.com,Canada,Alberta,P032,Data Analytics Book,BOOKS,Education,1,45.87,0,45.87,21.86,24.01,Cash On Delivery,Tablet,Mobile App,Delivered,4
ORD000038,2025-01-16,C01296,Sophia Lee,sophia.lee1296@example.com,Uae,Sharjah,P012,Cotton T-Shirt,FASHION,Apparel,1,18.75,0,18.75,8.46,10.29,Paypal,Mobile,Website,Shipped,0
ORD000039,2026-07-19,C00526,Henry Garcia,henry.garcia526@example.com,Germany,Bavaria,P023,Dumbbell Set,SPORTS,Fitness,2,88.35,0.2,141.36,102.66,38.7,Debit Card,Mobile,Website,Delivered,4
ORD000040,2024-12-25,C00683,Harper Williams,harper.williams683@example.com,India,Maharashtra,P003,Smart Watch,ELECTRONICS,Wearables,2,140.9,0.15,239.53,186.44,53.09,Bank Transfer,Desktop,Website,Delivered,4
ORD000041,2025-09-26,C01042,Aarav King,aarav.king1042@example.com,Germany,Bavaria,P026,Water Bottle,SPORTS,Accessories,2,17.61,0,35.22,14.76,20.46,Debit Card,Desktop,Mobile App,Delivered,2
ORD000042,2024-07-27,C00397,Zoe Wright,zoe.wright397@example.com,Australia,Victoria,P016,Coffee Maker,HOME & KITCHEN,Appliances,1,99.63,0,99.63,61.44,38.19,Paypal,Tablet,Mobile App,Delivered,2
ORD000043,2024-03-10,C00371,Elijah Martin,elijah.martin371@example.com,Australia,New South Wales,P026,Water Bottle,SPORTS,Accessories,1,17.62,0,17.62,7.37,10.25,Debit Card,Desktop,Mobile App,Delivered,3
ORD000044,2024-03-23,C01588,Harper Clark,harper.clark1588@example.com,Australia,Western Australia,P010,Casual Sneakers,FASHION,Footwear,2,58.62,0.15,99.65,64.26,35.39,Debit Card,Mobile,Marketplace,Delivered,4
ORD000045,2024-07-26,C00915,Daniel Smith,daniel.smith915@example.com,Australia,New South Wales,P033,Cookbook,BOOKS,Lifestyle,2,31.23,0,62.46,28.67,33.79,Bank Transfer,Tablet,Website,Delivered,4
ORD000046,2025-09-23,C00251,Liam Walker,liam.walker251@example.com,Usa,Florida,P014,Leather Wallet,FASHION,Accessories,5,29.38,0,146.9,69.88,77.02,Credit Card,Mobile,Website,Delivered,4
ORD000047,2026-07-25,C01476,Ava Young,ava.young1476@example.com,Germany,Saxony,P019,Knife Set,HOME & KITCHEN,Cookware,1,61.32,0.25,45.99,33.1,12.89,Cash On Delivery,Mobile,Marketplace,Delivered,5
ORD000048,2025-03-21,C00982,Elijah Wright,elijah.wright982@example.com,Canada,Ontario,P019,Knife Set,HOME & KITCHEN,Cookware,1,61.27,0.25,45.95,34.46,11.49,Debit Card,Mobile,Marketplace,Returned,2
ORD000049,2024-03-17,C00578,Olivia Wright,olivia.wright578@example.com,France,Ile-de-France,P005,Laptop Stand,ELECTRONICS,Accessories,2,38,0.1,68.4,40.79,27.61,Debit Card,Mobile,Mobile App,Shipped,0
ORD000050,2024-09-16,C00323,Liam Young,liam.young323@example.com,Uae,Dubai,P035,Remote Control Car,TOYS,Vehicles,2,48.14,0,96.28,52.7,43.58,Credit Card,Mobile,Marketplace,Processing,0
ORD000051,2024-05-10,C00298,Zoe Hall,zoe.hall298@example.com,Usa,Texas,P008,Webcam HD,ELECTRONICS,Computers,1,59.71,0.05,56.72,35.88,20.84,Debit Card,Mobile,Mobile App,Processing,0
ORD000052,2025-06-26,C01319,Chloe Anderson,chloe.anderson1319@example.com,France,Occitanie,P021,Desk Lamp,HOME & KITCHEN,Lighting,3,32.61,0,97.83,48.35,49.48,Cash On Delivery,Desktop,Website,Processing,0
ORD000053,2025-03-31,C01618,Owen Wilson,owen.wilson1618@example.com,India,Gujarat,P001,Wireless Headphones,ELECTRONICS,Audio,3,84.06,0.05,239.57,156.39,83.18,Bank Transfer,Tablet,Mobile App,Delivered,3
ORD000054,2024-12-08,C00651,Aarav Patel,aarav.patel651@example.com,Uae,Sharjah,P031,Novel Set,BOOKS,Fiction,2,41.48,0.1,74.66,40.5,34.16,Debit Card,Mobile,Marketplace,Delivered,3
ORD000055,2024-07-01,C01157,Zoe Lewis,zoe.lewis1157@example.com,France,Occitanie,P027,Face Serum,BEAUTY,Skin Care,1,32.79,0.05,31.15,13.97,17.18,Paypal,Mobile,Mobile App,Delivered,3
ORD000056,2025-11-19,C01115,Chloe Lee,chloe.lee1115@example.com,Uk,Wales,P021,Desk Lamp,HOME & KITCHEN,Lighting,2,31.64,0,63.28,30.54,32.74,Cash On Delivery,Tablet,Mobile App,Delivered,3
ORD000057,2025-12-15,C00295,Henry Smith,henry.smith295@example.com,France,Normandy,P020,Storage Boxes,HOME & KITCHEN,Storage,1,27.01,0.1,24.31,13.2,11.11,Debit Card,Desktop,Website,Delivered,5
ORD000058,2025-02-02,C01562,Adam Lee,adam.lee1562@example.com,India,Maharashtra,P034,Building Blocks,TOYS,Educational,2,33.69,0.2,53.9,32.44,21.46,Bank Transfer,Desktop,Website,Delivered,4
ORD000059,2024-05-16,C00877,Harper Walker,harper.walker877@example.com,Canada,Quebec,P019,Knife Set,HOME & KITCHEN,Cookware,2,55.99,0.15,95.18,61.2,33.98,Credit Card,Desktop,Marketplace,Delivered,5
ORD000060,2024-08-05,C01104,Evelyn Wilson,evelyn.wilson1104@example.com,France,Normandy,P029,Hair Dryer,BEAUTY,Hair Care,1,48.63,0.05,46.2,27.06,19.14,Debit Card,Mobile,Mobile App,Delivered,1
ORD000061,2024-06-27,C01645,Jack Thomas,jack.thomas1645@example.com,Usa,Texas,P035,Remote Control Car,TOYS,Vehicles,5,42.48,0.05,201.78,118.37,83.41,Credit Card,Desktop,Website,Delivered,5
ORD000062,2026-01-07,C00909,Lucas Wilson,lucas.wilson909@example.com,Australia,New South Wales,P029,Hair Dryer,BEAUTY,Hair Care,2,54.78,0.05,104.08,62.16,41.92,Cash On Delivery,Mobile,Social Commerce,Delivered,5
ORD000063,2026-07-17,C01784,Ava Anderson,ava.anderson1784@example.com,Canada,Alberta,P004,USB-C Charger,ELECTRONICS,Accessories,3,25.17,0.2,60.41,36.88,23.53,Credit Card,Desktop,Website,Delivered,2
ORD000064,2026-05-06,C01665,James Patel,james.patel1665@example.com,France,Normandy,P026,Water Bottle,SPORTS,Accessories,1,18.47,0,18.47,7.73,10.74,Paypal,Mobile,Mobile App,Delivered,2
ORD000065,2025-01-04,C00021,Jack Patel,jack.patel21@example.com,Uk,Wales,P020,Storage Boxes,HOME & KITCHEN,Storage,1,29.97,0.1,26.97,15.09,11.88,Paypal,Mobile,Marketplace,Shipped,0
ORD000066,2024-06-12,C01080,Mia Lee,mia.lee1080@example.com,France,Normandy,P008,Webcam HD,ELECTRONICS,Computers,1,58.64,0.2,46.91,34.55,12.36,Paypal,Mobile,Social Commerce,Delivered,4
ORD000067,2025-09-26,C00235,Aarav Walker,aarav.walker235@example.com,Uae,Abu Dhabi,P020,Storage Boxes,HOME & KITCHEN,Storage,2,28.05,0.05,53.3,27.72,25.58,Credit Card,Mobile,Website,Delivered,4
ORD000068,2024-03-04,C01438,Evelyn Anderson,evelyn.anderson1438@example.com,Usa,Texas,P019,Knife Set,HOME & KITCHEN,Cookware,3,63.22,0,189.66,105.78,83.88,Credit Card,Desktop,Website,Delivered,4
ORD000069,2025-11-08,C00459,Henry Brown,henry.brown459@example.com,Uk,England,P032,Data Analytics Book,BOOKS,Education,6,42.7,0.05,243.39,118.79,124.6,Credit Card,Mobile,Website,Delivered,4
ORD000070,2025-12-30,C00380,Emma Walker,emma.walker380@example.com,Uk,Scotland,P026,Water Bottle,SPORTS,Accessories,2,17.37,0,34.74,15.51,19.23,Credit Card,Desktop,Website,Delivered,1
ORD000071,2024-01-10,C00146,Sophia Wright,sophia.wright146@example.com,Uk,England,P007,Wireless Mouse,ELECTRONICS,Computers,1,35.94,0.1,32.35,17.93,14.42,Cash On Delivery,Tablet,Website,Delivered,3
ORD000072,2025-02-19,C00877,Harper Walker,harper.walker877@example.com,Usa,New York,P022,Yoga Mat,SPORTS,Fitness,3,24.7,0.05,70.39,35.13,35.26,Paypal,Mobile,Marketplace,Delivered,5
ORD000073,2025-04-04,C01074,Sophia Taylor,sophia.taylor1074@example.com,Usa,Texas,P013,Hoodie,FASHION,Apparel,1,45.63,0,45.63,22.84,22.79,Credit Card,Mobile,Website,Delivered,3
ORD000074,2024-02-13,C01560,Nora Williams,nora.williams1560@example.com,Canada,Alberta,P028,Moisturizer,BEAUTY,Skin Care,2,25.94,0,51.88,21.45,30.43,Paypal,Mobile,Website,Shipped,0
ORD000075,2024-06-26,C01792,Evelyn Wright,evelyn.wright1792@example.com,India,Delhi,P022,Yoga Mat,SPORTS,Fitness,1,25.3,0.1,22.77,11.54,11.23,Debit Card,Mobile,Website,Delivered,3
ORD000076,2025-06-05,C01330,Ava Hall,ava.hall1330@example.com,Germany,Hesse,P033,Cookbook,BOOKS,Lifestyle,1,32.78,0.15,27.86,15.47,12.39,Debit Card,Desktop,Website,Cancelled,0
ORD000077,2025-09-26,C00012,Owen Patel,owen.patel12@example.com,Germany,Hesse,P019,Knife Set,HOME & KITCHEN,Cookware,4,60.68,0.1,218.45,135.29,83.16,Paypal,Tablet,Mobile App,Delivered,1
ORD000078,2024-07-03,C01280,Henry Anderson,henry.anderson1280@example.com,India,Maharashtra,P028,Moisturizer,BEAUTY,Skin Care,1,27.24,0.25,20.43,10.68,9.75,Credit Card,Mobile,Website,Delivered,5
ORD000079,2026-05-26,C00462,Emma Thomas,emma.thomas462@example.com,India,Gujarat,P006,Mechanical Keyboard,ELECTRONICS,Computers,3,87.26,0.2,209.42,169.99,39.43,Credit Card,Mobile,Mobile App,Delivered,4
ORD000080,2024-06-05,C01186,Jack Moore,jack.moore1186@example.com,Germany,Saxony,P002,Bluetooth Speaker,ELECTRONICS,Audio,6,48.57,0.15,247.71,169.3,78.41,Credit Card,Desktop,Mobile App,Processing,0
ORD000081,2025-07-25,C00159,Noah Clark,noah.clark159@example.com,Usa,Texas,P024,Football,SPORTS,Outdoor,2,29.93,0,59.86,28.31,31.55,Paypal,Mobile,Website,Delivered,1
ORD000082,2025-06-07,C00240,Chloe King,chloe.king240@example.com,Germany,Berlin,P034,Building Blocks,TOYS,Educational,2,34.82,0.05,66.16,35.24,30.92,Debit Card,Tablet,Mobile App,Delivered,3
ORD000083,2025-10-06,C01205,Noah Hall,noah.hall1205@example.com,Canada,Quebec,P023,Dumbbell Set,SPORTS,Fitness,2,76.96,0,153.92,91.1,62.82,Credit Card,Desktop,Marketplace,Shipped,0
ORD000084,2024-04-13,C00734,Emma Lee,emma.lee734@example.com,Uae,Abu Dhabi,P022,Yoga Mat,SPORTS,Fitness,1,25.96,0,25.96,11.96,14,Credit Card,Desktop,Website,Delivered,2
ORD000085,2024-03-04,C01186,Jack Moore,jack.moore1186@example.com,Canada,Ontario,P011,Denim Jacket,FASHION,Outerwear,2,81.41,0.15,138.4,91.42,46.98,Paypal,Desktop,Mobile App,Shipped,0
ORD000086,2024-08-01,C01311,Grace Williams,grace.williams1311@example.com,Usa,Florida,P029,Hair Dryer,BEAUTY,Hair Care,2,51.2,0.1,92.16,54.59,37.57,Paypal,Desktop,Mobile App,Delivered,5
ORD000087,2026-02-16,C00595,Leo Clark,leo.clark595@example.com,France,Normandy,P031,Novel Set,BOOKS,Fiction,5,36.95,0.05,175.51,91.01,84.5,Cash On Delivery,Mobile,Website,Delivered,5
ORD000088,2025-10-26,C01384,Aarav Taylor,aarav.taylor1384@example.com,Australia,Victoria,P012,Cotton T-Shirt,FASHION,Apparel,1,18.44,0.25,13.83,8.57,5.26,Credit Card,Mobile,Social Commerce,Shipped,0
ORD000089,2025-11-06,C00437,Leo Hall,leo.hall437@example.com,Uk,Wales,P005,Laptop Stand,ELECTRONICS,Accessories,3,39.09,0,117.27,62.19,55.08,Credit Card,Desktop,Website,Delivered,5
ORD000090,2026-03-28,C01276,Daniel Thomas,daniel.thomas1276@example.com,Australia,Queensland,P011,Denim Jacket,FASHION,Outerwear,1,76.15,0.25,57.11,43.98,13.13,Paypal,Mobile,Website,Delivered,5
ORD000091,2024-08-31,C00003,Amelia Williams,amelia.williams3@example.com,Canada,Alberta,P024,Football,SPORTS,Outdoor,1,28.28,0.1,25.45,13.64,11.81,Cash On Delivery,Desktop,Mobile App,Shipped,0
ORD000092,2026-05-27,C01573,Isabella Young,isabella.young1573@example.com,Germany,Berlin,P012,Cotton T-Shirt,FASHION,Apparel,1,21.59,0.1,19.43,9.64,9.79,Paypal,Desktop,Website,Delivered,2
ORD000093,2024-01-19,C01166,Charlotte Brown,charlotte.brown1166@example.com,Australia,Queensland,P010,Casual Sneakers,FASHION,Footwear,1,58.06,0.1,52.25,32.52,19.73,Credit Card,Mobile,Website,Processing,0
ORD000094,2024-07-19,C00917,Olivia Williams,olivia.williams917@example.com,Germany,Bavaria,P003,Smart Watch,ELECTRONICS,Wearables,2,139.51,0,279.02,180.71,98.31,Paypal,Mobile,Website,Cancelled,0
ORD000095,2026-01-14,C00805,Aria Martin,aria.martin805@example.com,Germany,Bavaria,P035,Remote Control Car,TOYS,Vehicles,3,47.33,0,141.99,81.54,60.45,Paypal,Mobile,Website,Cancelled,0
ORD000096,2025-05-07,C01439,Olivia Anderson,olivia.anderson1439@example.com,Canada,Quebec,P016,Coffee Maker,HOME & KITCHEN,Appliances,2,93.52,0.05,177.69,112.17,65.52,Paypal,Mobile,Mobile App,Delivered,1
ORD000097,2026-01-25,C00131,Ava Moore,missing@example.com,India,Tamil Nadu,P033,Cookbook,BOOKS,Lifestyle,2,28.91,0,57.82,26.45,31.37,Cash On Delivery,Desktop,Website,Delivered,5
ORD000098,2024-06-08,C00913,Sophia Clark,sophia.clark913@example.com,Uk,Scotland,P029,Hair Dryer,BEAUTY,Hair Care,1,53.33,0,53.33,30.24,23.09,Cash On Delivery,Mobile,Mobile App,Delivered,4
ORD000099,2024-08-28,C00666,Harper Johnson,harper.johnson666@example.com,Usa,Florida,P030,Perfume,BEAUTY,Fragrance,1,70.19,0,70.19,36.73,33.46,Credit Card,Desktop,Website,Delivered,3
ORD000100,2026-04-03,C00661,Adam Brown,adam.brown661@example.com,Canada,Ontario,P015,Backpack,FASHION,Bags,1,50.47,0.2,40.38,26.5,13.88,Paypal,Mobile,Website,Delivered,3
ORD000101,2024-07-19,C01530,Ava Clark,ava.clark1530@example.com,Canada,British Columbia,P014,Leather Wallet,FASHION,Accessories,1,33.35,0.2,26.68,16.02,10.66,Credit Card,Tablet,Website,Processing,0
ORD000102,2024-05-11,C01073,Ethan Johnson,ethan.johnson1073@example.com,Germany,Bavaria,P031,Novel Set,BOOKS,Fiction,2,42.22,0.1,76,42.9,33.1,Credit Card,Mobile,Website,Delivered,3
ORD000103,2026-05-02,C00655,Sophia Patel,sophia.patel655@example.com,Uk,Scotland,P025,Cycling Helmet,SPORTS,Outdoor,1,71.38,0.05,67.81,39.86,27.95,Cash On Delivery,Mobile,Website,Delivered,4
ORD000104,2025-12-15,C01077,Elijah Williams,elijah.williams1077@example.com,Usa,New York,P008,Webcam HD,ELECTRONICS,Computers,2,66.05,0.15,112.28,77.46,34.82,Debit Card,Mobile,Marketplace,Cancelled,0
ORD000105,2024-03-21,C01257,Ethan Lewis,ethan.lewis1257@example.com,Australia,Western Australia,P019,Knife Set,HOME & KITCHEN,Cookware,1,63.54,0.05,60.36,36.95,23.41,Paypal,Desktop,Mobile App,Delivered,5
ORD000106,2025-05-24,C00166,Henry Walker,henry.walker166@example.com,Germany,Hesse,P029,Hair Dryer,BEAUTY,Hair Care,1,54.72,0.05,51.98,29.67,22.31,Cash On Delivery,Mobile,Website,Delivered,4
ORD000107,2025-06-29,C00530,Olivia Williams,olivia.williams530@example.com,Usa,California,P013,Hoodie,FASHION,Apparel,3,49.07,0.05,139.85,75.97,63.88,Cash On Delivery,Desktop,Website,Delivered,4
ORD000108,2025-03-09,C01221,Aria Young,aria.young1221@example.com,France,Occitanie,P018,Non-stick Pan,HOME & KITCHEN,Cookware,3,38.53,0,115.59,60.75,54.84,Credit Card,Desktop,Mobile App,Delivered,4
ORD000109,2024-07-17,C00991,Jack Lewis,jack.lewis991@example.com,Uk,Wales,P002,Bluetooth Speaker,ELECTRONICS,Audio,2,48.5,0,97,57.1,39.9,Credit Card,Mobile,Website,Delivered,4
ORD000110,2024-08-27,C00816,Evelyn Taylor,evelyn.taylor816@example.com,Germany,Hesse,P025,Cycling Helmet,SPORTS,Outdoor,1,63.58,0.05,60.4,36.69,23.71,Debit Card,Mobile,Mobile App,Delivered,4
ORD000111,2025-10-17,C01185,Mason King,mason.king1185@example.com,Uae,Sharjah,P032,Data Analytics Book,BOOKS,Education,2,42,0.1,75.6,39.91,35.69,Bank Transfer,Tablet,Mobile App,Delivered,5
ORD000112,2026-05-29,C00147,Amelia Hall,amelia.hall147@example.com,Uk,Scotland,P022,Yoga Mat,SPORTS,Fitness,1,27.54,0,27.54,13.01,14.53,Debit Card,Mobile,Marketplace,Delivered,3
ORD000113,2025-07-02,C00094,Owen Johnson,owen.johnson94@example.com,Uae,Dubai,P014,Leather Wallet,FASHION,Accessories,3,32.23,0.1,87.02,45.14,41.88,Bank Transfer,Mobile,Website,Delivered,4
ORD000114,2025-11-09,C01628,Liam Williams,liam.williams1628@example.com,Australia,Queensland,P015,Backpack,FASHION,Bags,1,55.61,0.25,41.71,29.28,12.43,Debit Card,Desktop,Mobile App,Delivered,4
ORD000115,2024-11-14,C00743,Grace Taylor,grace.taylor743@example.com,Uae,Sharjah,P024,Football,SPORTS,Outdoor,2,29.1,0,58.2,27.88,30.32,Debit Card,Desktop,Marketplace,Delivered,5
ORD000116,2024-02-26,C01761,Evelyn Walker,evelyn.walker1761@example.com,Australia,Queensland,P035,Remote Control Car,TOYS,Vehicles,2,43.52,0.05,82.69,49.25,33.44,Credit Card,Mobile,Marketplace,Delivered,3
ORD000117,2024-03-26,C01687,Isabella Thomas,isabella.thomas1687@example.com,Uae,Dubai,P019,Knife Set,HOME & KITCHEN,Cookware,2,63.83,0,127.66,68.8,58.86,Debit Card,Desktop,Mobile App,Delivered,3
ORD000118,2024-08-20,C01308,Nora King,nora.king1308@example.com,France,Occitanie,P007,Wireless Mouse,ELECTRONICS,Computers,2,35.4,0,70.8,36.08,34.72,Credit Card,Mobile,Marketplace,Delivered,4
ORD000119,2026-05-15,C01606,Harper Taylor,harper.taylor1606@example.com,Uk,England,P028,Moisturizer,BEAUTY,Skin Care,1,24.31,0.1,21.88,9.93,11.95,Credit Card,Mobile,Website,Returned,4
ORD000120,2025-03-20,C00920,Evelyn Young,evelyn.young920@example.com,Uae,Abu Dhabi,P008,Webcam HD,ELECTRONICS,Computers,1,61.38,0.2,49.1,36.49,12.61,Paypal,Mobile,Website,Shipped,0
ORD000121,2026-06-19,C01193,Owen Patel,owen.patel1193@example.com,Uk,Scotland,P035,Remote Control Car,TOYS,Vehicles,2,49.83,0.05,94.68,55.57,39.11,Credit Card,Tablet,Mobile App,Delivered,5
ORD000122,2025-03-15,C00762,Evelyn Patel,evelyn.patel762@example.com,India,Karnataka,P013,Hoodie,FASHION,Apparel,1,49.1,0.15,41.73,24.74,16.99,Paypal,Mobile,Mobile App,Delivered,5
ORD000123,2025-06-16,C00626,Nora Wright,nora.wright626@example.com,Germany,Saxony,P024,Football,SPORTS,Outdoor,1,30.99,0.2,24.79,14.73,10.06,Cash On Delivery,Mobile,Mobile App,Delivered,1
ORD000124,2024-02-09,C00204,Liam Lee,liam.lee204@example.com,Uae,Abu Dhabi,P022,Yoga Mat,SPORTS,Fitness,5,25.6,0,128,56.53,71.47,Credit Card,Mobile,Website,Delivered,4
ORD000125,2024-10-06,C00526,Henry Garcia,henry.garcia526@example.com,Usa,California,P026,Water Bottle,SPORTS,Accessories,3,17.36,0.05,49.48,22.14,27.34,Credit Card,Mobile,Website,Shipped,0
ORD000126,2024-06-07,C00514,Elijah King,elijah.king514@example.com,Uk,Scotland,P032,Data Analytics Book,BOOKS,Education,2,49.23,0.1,88.61,48.01,40.6,Debit Card,Desktop,Mobile App,Delivered,3
ORD000127,2026-03-23,C00559,Grace Hall,grace.hall559@example.com,Uae,Sharjah,P015,Backpack,FASHION,Bags,2,46.14,0,92.28,47.7,44.58,Credit Card,Desktop,Mobile App,Delivered,4
ORD000128,2024-04-29,C01598,Nora Moore,nora.moore1598@example.com,India,Tamil Nadu,P012,Cotton T-Shirt,FASHION,Apparel,2,21.8,0.05,41.42,20.11,21.31,Paypal,Mobile,Website,Delivered,4
ORD000129,2024-07-29,C00874,Daniel Moore,daniel.moore874@example.com,Uk,Scotland,P031,Novel Set,BOOKS,Fiction,2,41.07,0.1,73.93,40.96,32.97,Debit Card,Mobile,Mobile App,Shipped,0
ORD000130,2026-01-26,C00022,Nora King,nora.king22@example.com,Canada,Alberta,P003,Smart Watch,ELECTRONICS,Wearables,1,123.2,0.15,104.72,81.28,23.44,Debit Card,Mobile,Website,Delivered,1
ORD000131,2026-07-02,C00159,Noah Clark,noah.clark159@example.com,Germany,Saxony,P019,Knife Set,HOME & KITCHEN,Cookware,1,57.81,0,57.81,33.44,24.37,Paypal,Desktop,Mobile App,Processing,0
ORD000132,2026-02-08,C01364,Charlotte Wright,missing@example.com,Uk,England,P001,Wireless Headphones,ELECTRONICS,Audio,4,83.77,0,335.08,213.65,121.43,Debit Card,Desktop,Website,Delivered,4
ORD000133,2026-04-09,C00052,Lucas Young,lucas.young52@example.com,Uae,Abu Dhabi,P023,Dumbbell Set,SPORTS,Fitness,2,77.84,0.1,140.11,92.56,47.55,Cash On Delivery,Mobile,Mobile App,Delivered,4
ORD000134,2024-01-15,C01283,Nora Lewis,nora.lewis1283@example.com,France,Normandy,P012,Cotton T-Shirt,FASHION,Apparel,1,22.08,0.05,20.98,10.16,10.82,Credit Card,Desktop,Website,Delivered,4
ORD000135,2025-05-21,C00476,Henry Wright,henry.wright476@example.com,Canada,Quebec,P005,Laptop Stand,ELECTRONICS,Accessories,1,42.43,0,42.43,21.97,20.46,Cash On Delivery,Mobile,Mobile App,Shipped,0
ORD000136,2025-03-29,C00455,Ethan Johnson,ethan.johnson455@example.com,Canada,Alberta,P027,Face Serum,BEAUTY,Skin Care,3,33.45,0,100.35,42.44,57.91,Credit Card,Mobile,Social Commerce,Processing,0
ORD000137,2024-06-23,C00856,Zoe Wilson,zoe.wilson856@example.com,India,Maharashtra,P003,Smart Watch,ELECTRONICS,Wearables,1,125.42,0.1,112.88,85.56,27.32,Credit Card,Mobile,Marketplace,Delivered,5
ORD000138,2025-09-16,C01161,Zoe King,zoe.king1161@example.com,Canada,Quebec,P035,Remote Control Car,TOYS,Vehicles,6,41.64,0.05,237.35,145.96,91.39,Debit Card,Mobile,Marketplace,Delivered,3
ORD000139,2024-03-18,C01391,Olivia Moore,missing@example.com,Uae,Dubai,P024,Football,SPORTS,Outdoor,4,28.83,0.1,103.79,55.2,48.59,Cash On Delivery,Mobile,Website,Delivered,2
ORD000140,2024-08-08,C01332,Elijah Williams,elijah.williams1332@example.com,France,Occitanie,P020,Storage Boxes,HOME & KITCHEN,Storage,1,28.58,0.05,27.15,13.84,13.31,Debit Card,Mobile,Social Commerce,Shipped,0
ORD000141,2026-07-29,C00743,Grace Taylor,grace.taylor743@example.com,France,Occitanie,P033,Cookbook,BOOKS,Lifestyle,3,32.16,0.05,91.66,45.79,45.87,Credit Card,Tablet,Website,Delivered,5
ORD000142,2026-07-08,C00802,James Garcia,james.garcia802@example.com,France,Ile-de-France,P021,Desk Lamp,HOME & KITCHEN,Lighting,1,34.41,0.15,29.25,17.28,11.97,Debit Card,Desktop,Website,Shipped,0
ORD000143,2026-01-01,C00765,Emma Wilson,emma.wilson765@example.com,Usa,Florida,P009,Running Shoes,FASHION,Footwear,1,77.1,0,77.1,43.85,33.25,Credit Card,Mobile,Mobile App,Delivered,3
ORD000144,2024-10-21,C01366,Emma Wilson,emma.wilson1366@example.com,Canada,Quebec,P007,Wireless Mouse,ELECTRONICS,Computers,1,35.04,0.05,33.29,17.77,15.52,Paypal,Desktop,Website,Delivered,1
ORD000145,2025-01-24,C00110,James Walker,james.walker110@example.com,Uk,Scotland,P019,Knife Set,HOME & KITCHEN,Cookware,1,58.23,0.15,49.5,33.76,15.74,Debit Card,Mobile,Marketplace,Delivered,1
ORD000146,2026-01-13,C01013,Henry Lewis,henry.lewis1013@example.com,Australia,New South Wales,P026,Water Bottle,SPORTS,Accessories,3,17.55,0.2,42.12,23.33,18.79,Credit Card,Mobile,Website,Delivered,3
ORD000147,2024-10-26,C01796,Charlotte Wilson,charlotte.wilson1796@example.com,Uae,Sharjah,P031,Novel Set,BOOKS,Fiction,2,39.13,0.05,74.35,39.6,34.75,Debit Card,Tablet,Mobile App,Delivered,2
ORD000148,2025-02-21,C00582,Sophia Patel,sophia.patel582@example.com,Germany,Berlin,P028,Moisturizer,BEAUTY,Skin Care,5,24.03,0.15,102.13,46.38,55.75,Cash On Delivery,Mobile,Marketplace,Delivered,4
ORD000149,2024-03-03,C01070,Aarav Hall,aarav.hall1070@example.com,Germany,Berlin,P012,Cotton T-Shirt,FASHION,Apparel,4,20.21,0.15,68.71,37.69,31.02,Paypal,Desktop,Website,Delivered,4
ORD000150,2024-08-26,C01425,Mia Martin,mia.martin1425@example.com,Germany,Saxony,P010,Casual Sneakers,FASHION,Footwear,4,58.26,0,233.04,121.21,111.83,Paypal,Mobile,Marketplace,Shipped,0
ORD000151,2026-07-03,C01031,James Williams,james.williams1031@example.com,Uae,Sharjah,P033,Cookbook,BOOKS,Lifestyle,4,31.82,0,127.28,58.34,68.94,Bank Transfer,Mobile,Marketplace,Processing,0
ORD000152,2024-12-09,C00464,Ava Walker,ava.walker464@example.com,Canada,British Columbia,P012,Cotton T-Shirt,FASHION,Apparel,1,18.58,0.2,14.86,8.62,6.24,Credit Card,Mobile,Mobile App,Delivered,5
ORD000153,2024-03-28,C01169,Leo Moore,leo.moore1169@example.com,Canada,British Columbia,P035,Remote Control Car,TOYS,Vehicles,4,44.74,0.15,152.12,99.17,52.95,Paypal,Mobile,Marketplace,Processing,0
ORD000154,2024-04-07,C00734,Emma Lee,emma.lee734@example.com,Usa,Florida,P007,Wireless Mouse,ELECTRONICS,Computers,2,34.65,0.2,55.44,35.12,20.32,Cash On Delivery,Mobile,Mobile App,Delivered,3
ORD000155,2025-09-30,C01435,Elijah Thomas,elijah.thomas1435@example.com,India,Gujarat,P025,Cycling Helmet,SPORTS,Outdoor,4,66.24,0.15,225.22,149.36,75.86,Debit Card,Mobile,Social Commerce,Delivered,4
ORD000156,2026-06-29,C01030,Leo Anderson,leo.anderson1030@example.com,Usa,Texas,P030,Perfume,BEAUTY,Fragrance,2,77.33,0.25,116,80.04,35.96,Debit Card,Mobile,Website,Delivered,3
ORD000157,2024-02-12,C01085,Aria Moore,aria.moore1085@example.com,Uae,Dubai,P012,Cotton T-Shirt,FASHION,Apparel,1,21.79,0.1,19.61,9.48,10.13,Cash On Delivery,Tablet,Mobile App,Delivered,3
ORD000158,2026-01-18,C00621,Charlotte Hall,charlotte.hall621@example.com,Canada,Alberta,P014,Leather Wallet,FASHION,Accessories,1,28.4,0.05,26.98,12.91,14.07,Debit Card,Desktop,Mobile App,Shipped,0
ORD000159,2026-07-30,C00081,Lucas King,lucas.king81@example.com,France,Ile-de-France,P013,Hoodie,FASHION,Apparel,4,41.39,0.1,149,81.64,67.36,Paypal,Desktop,Mobile App,Delivered,4
ORD000160,2025-10-16,C01290,Nora Garcia,nora.garcia1290@example.com,India,Karnataka,P030,Perfume,BEAUTY,Fragrance,5,77.93,0.15,331.2,201.55,129.65,Credit Card,Desktop,Social Commerce,Delivered,2
ORD000161,2024-03-16,C01599,Daniel Brown,daniel.brown1599@example.com,Germany,Saxony,P017,Air Fryer,HOME & KITCHEN,Appliances,2,127.31,0.25,190.97,162.91,28.06,Credit Card,Tablet,Mobile App,Returned,4
ORD000162,2024-11-12,C01673,Liam Lee,liam.lee1673@example.com,Uk,Wales,P007,Wireless Mouse,ELECTRONICS,Computers,1,38,0.05,36.1,19.59,16.51,Credit Card,Mobile,Mobile App,Delivered,5
ORD000163,2025-05-25,C00712,Ethan Garcia,ethan.garcia712@example.com,Canada,British Columbia,P008,Webcam HD,ELECTRONICS,Computers,2,65.53,0.05,124.51,81.81,42.7,Paypal,Desktop,Mobile App,Delivered,4
ORD000164,2024-01-05,C00625,Lucas Clark,lucas.clark625@example.com,Usa,Illinois,P003,Smart Watch,ELECTRONICS,Wearables,1,139.73,0.25,104.8,97.04,7.76,Credit Card,Mobile,Website,Returned,4
ORD000165,2024-05-01,C00368,Layla Thomas,layla.thomas368@example.com,Uk,Wales,P011,Denim Jacket,FASHION,Outerwear,4,81.5,0.05,309.7,190.14,119.56,Cash On Delivery,Mobile,Mobile App,Shipped,0
ORD000166,2026-02-05,C01033,Leo Smith,leo.smith1033@example.com,India,Tamil Nadu,P010,Casual Sneakers,FASHION,Footwear,2,59.85,0,119.7,62.7,57,Cash On Delivery,Desktop,Website,Returned,3
ORD000168,2025-02-10,C00894,Harper Johnson,harper.johnson894@example.com,India,Maharashtra,P033,Cookbook,BOOKS,Lifestyle,1,33.36,0,33.36,15.14,18.22,Cash On Delivery,Mobile,Marketplace,Delivered,5
ORD000169,2024-10-31,C00388,Aria Lewis,aria.lewis388@example.com,Germany,Berlin,P015,Backpack,FASHION,Bags,5,47.01,0.15,199.79,120.41,79.38,Credit Card,Mobile,Mobile App,Shipped,0
ORD000170,2024-12-21,C01369,Grace Patel,grace.patel1369@example.com,Canada,Quebec,P024,Football,SPORTS,Outdoor,2,29.96,0,59.92,27.81,32.11,Credit Card,Mobile,Website,Delivered,3
ORD000171,2024-05-29,C01520,Sophia Smith,sophia.smith1520@example.com,Canada,British Columbia,P007,Wireless Mouse,ELECTRONICS,Computers,6,33.78,0.2,162.14,98.25,63.89,Cash On Delivery,Mobile,Mobile App,Delivered,1
ORD000172,2024-06-18,C01390,Mia Wright,mia.wright1390@example.com,Canada,Ontario,P032,Data Analytics Book,BOOKS,Education,3,42.31,0.05,120.58,58.27,62.31,Cash On Delivery,Mobile,Website,Delivered,4
ORD000173,2025-05-22,C01798,Noah Patel,noah.patel1798@example.com,Germany,Berlin,P028,Moisturizer,BEAUTY,Skin Care,1,25.2,0.1,22.68,10.38,12.3,Credit Card,Desktop,Website,Returned,5
ORD000174,2024-08-21,C00566,Chloe Moore,chloe.moore566@example.com,Australia,New South Wales,P016,Coffee Maker,HOME & KITCHEN,Appliances,1,92.77,0.25,69.58,59.68,9.9,Bank Transfer,Mobile,Website,Returned,5
ORD000175,2026-02-20,C01418,Leo King,leo.king1418@example.com,Uae,Dubai,P025,Cycling Helmet,SPORTS,Outdoor,1,72.14,0,72.14,39.62,32.52,Credit Card,Mobile,Marketplace,Delivered,5
ORD000176,2025-05-17,C01568,James Taylor,james.taylor1568@example.com,India,Gujarat,P023,Dumbbell Set,SPORTS,Fitness,5,79.24,0.1,356.58,223.17,133.41,Debit Card,Desktop,Marketplace,Processing,0
ORD000177,2024-05-13,C00441,Emma Clark,emma.clark441@example.com,Canada,Ontario,P009,Running Shoes,FASHION,Footwear,6,76.95,0.1,415.53,247.36,168.17,Cash On Delivery,Mobile,Website,Processing,0
ORD000178,2024-01-09,C01011,Grace Johnson,grace.johnson1011@example.com,India,Tamil Nadu,P002,Bluetooth Speaker,ELECTRONICS,Audio,1,54.7,0.05,51.97,32.92,19.05,Debit Card,Desktop,Website,Delivered,5
ORD000179,2024-11-24,C01454,Liam Moore,liam.moore1454@example.com,Australia,Western Australia,P009,Running Shoes,FASHION,Footwear,1,64.51,0.1,58.06,35.36,22.7,Bank Transfer,Desktop,Mobile App,Delivered,5
ORD000180,2025-06-02,C00651,Aarav Patel,aarav.patel651@example.com,Usa,Texas,P003,Smart Watch,ELECTRONICS,Wearables,4,120.11,0.1,432.4,323.86,108.54,Paypal,Mobile,Mobile App,Delivered,5
ORD000181,2025-06-18,C00688,Owen Anderson,owen.anderson688@example.com,Usa,New York,P033,Cookbook,BOOKS,Lifestyle,3,29.61,0.1,79.95,41.97,37.98,Debit Card,Desktop,Website,Returned,5
ORD000182,2025-11-16,C00327,Henry Taylor,henry.taylor327@example.com,Canada,Quebec,P010,Casual Sneakers,FASHION,Footwear,1,52.63,0.05,50,28.69,21.31,Paypal,Desktop,Website,Delivered,4
ORD000183,2024-08-27,C00261,Mia Lewis,mia.lewis261@example.com,Uk,Scotland,P005,Laptop Stand,ELECTRONICS,Accessories,2,42.6,0,85.2,44.6,40.6,Credit Card,Mobile,Marketplace,Delivered,3
ORD000184,2025-11-23,C00497,Elijah Lewis,elijah.lewis497@example.com,France,Provence,P014,Leather Wallet,FASHION,Accessories,3,29.03,0.05,82.74,41.92,40.82,Paypal,Mobile,Website,Shipped,0
ORD000185,2026-06-24,C00844,Sophia Clark,sophia.clark844@example.com,Usa,Florida,P017,Air Fryer,HOME & KITCHEN,Appliances,3,129.24,0,387.72,251.26,136.46,Credit Card,Mobile,Website,Delivered,4
ORD000186,2025-07-01,C00537,Chloe Garcia,chloe.garcia537@example.com,Germany,Hesse,P005,Laptop Stand,ELECTRONICS,Accessories,2,42.42,0.15,72.11,45.28,26.83,Credit Card,Desktop,Website,Delivered,3
ORD000187,2024-12-31,C01336,Isabella Taylor,isabella.taylor1336@example.com,Uae,Abu Dhabi,P017,Air Fryer,HOME & KITCHEN,Appliances,1,125.11,0.1,112.6,78.4,34.2,Credit Card,Desktop,Mobile App,Delivered,4
ORD000188,2026-03-30,C01502,Jack Martin,jack.martin1502@example.com,France,Normandy,P029,Hair Dryer,BEAUTY,Hair Care,1,51.98,0.15,44.18,28.67,15.51,Cash On Delivery,Mobile,Mobile App,Delivered,3
ORD000189,2026-04-18,C01082,James Garcia,james.garcia1082@example.com,Germany,Berlin,P036,Puzzle 1000pc,TOYS,Games,2,19,0,38,16.45,21.55,Bank Transfer,Desktop,Mobile App,Delivered,4
ORD000190,2025-07-23,C00267,Aarav Wright,aarav.wright267@example.com,Germany,Hesse,P035,Remote Control Car,TOYS,Vehicles,1,42.28,0.25,31.71,24.54,7.17,Paypal,Mobile,Social Commerce,Delivered,5
ORD000191,2026-06-01,C00567,Mia Smith,mia.smith567@example.com,India,Tamil Nadu,P007,Wireless Mouse,ELECTRONICS,Computers,1,36.89,0,36.89,18.04,18.85,Credit Card,Mobile,Website,Returned,5
ORD000192,2024-12-04,C01485,Jack Smith,jack.smith1485@example.com,France,Provence,P031,Novel Set,BOOKS,Fiction,1,37.12,0,37.12,18.79,18.33,Credit Card,Desktop,Website,Delivered,5
ORD000193,2026-04-11,C00550,Harper Johnson,harper.johnson550@example.com,Canada,Quebec,P005,Laptop Stand,ELECTRONICS,Accessories,3,42.2,0.1,113.94,65.69,48.25,Paypal,Tablet,Mobile App,Delivered,1
ORD000194,2024-10-01,C01791,Ava Taylor,ava.taylor1791@example.com,Uae,Dubai,P013,Hoodie,FASHION,Apparel,2,44.27,0.05,84.11,45.52,38.59,Paypal,Desktop,Website,Delivered,2
ORD000195,2026-07-06,C00879,Noah Thomas,noah.thomas879@example.com,Canada,Alberta,P007,Wireless Mouse,ELECTRONICS,Computers,3,35.92,0,107.76,52.24,55.52,Paypal,Tablet,Mobile App,Delivered,3
ORD000196,2024-12-22,C00764,Grace Johnson,grace.johnson764@example.com,India,Karnataka,P008,Webcam HD,ELECTRONICS,Computers,2,63.83,0.1,114.89,79.94,34.95,Paypal,Desktop,Website,Delivered,4
ORD000197,2024-05-12,C00961,Elijah Johnson,elijah.johnson961@example.com,Canada,British Columbia,P027,Face Serum,BEAUTY,Skin Care,1,33.76,0.1,30.38,14.38,16,Credit Card,Desktop,Marketplace,Delivered,4
ORD000198,2025-09-01,C01262,Emma Taylor,emma.taylor1262@example.com,France,Occitanie,P032,Data Analytics Book,BOOKS,Education,1,44.62,0,44.62,21.3,23.32,Paypal,Desktop,Website,Delivered,1
ORD000199,2024-08-27,C00284,Nora Lewis,nora.lewis284@example.com,Australia,Queensland,P031,Novel Set,BOOKS,Fiction,3,42.48,0,127.44,62.03,65.41,Debit Card,Mobile,Mobile App,Processing,0
ORD000200,2024-08-20,C00925,Nora Anderson,nora.anderson925@example.com,Canada,Quebec,P031,Novel Set,BOOKS,Fiction,1,44.51,0.25,33.38,22.57,10.81,Debit Card,Tablet,Website,Delivered,3
ORD000201,2024-06-22,C00356,Emma Anderson,emma.anderson356@example.com,Usa,California,P015,Backpack,FASHION,Bags,2,50.41,0,100.82,52.59,48.23,Credit Card,Tablet,Mobile App,Delivered,5
ORD000202,2024-10-24,C00591,Elijah Wilson,elijah.wilson591@example.com,Usa,New York,P009,Running Shoes,FASHION,Footwear,1,67.84,0.15,57.66,37.87,19.79,Credit Card,Tablet,Website,Processing,0
ORD000203,2026-04-21,C00937,Ethan Martin,ethan.martin937@example.com,India,Maharashtra,P005,Laptop Stand,ELECTRONICS,Accessories,1,42.26,0.1,38.03,21.86,16.17,Cash On Delivery,Mobile,Mobile App,Delivered,5
ORD000204,2024-11-06,C01618,Owen Wilson,owen.wilson1618@example.com,India,Delhi,P011,Denim Jacket,FASHION,Outerwear,2,71.09,0.05,135.07,82.23,52.84,Paypal,Mobile,Mobile App,Delivered,4
ORD000205,2024-03-24,C00337,Daniel King,daniel.king337@example.com,Germany,Berlin,P009,Running Shoes,FASHION,Footwear,2,69.97,0.1,125.95,78.08,47.87,Credit Card,Mobile,Website,Shipped,0
ORD000206,2025-10-05,C00844,Sophia Clark,sophia.clark844@example.com,Australia,Victoria,P002,Bluetooth Speaker,ELECTRONICS,Audio,3,51.21,0.2,122.9,89.23,33.67,Credit Card,Desktop,Mobile App,Delivered,5
ORD000207,2024-07-15,C00101,Lucas Moore,lucas.moore101@example.com,Usa,Illinois,P030,Perfume,BEAUTY,Fragrance,4,72.38,0.15,246.09,145.27,100.82,Paypal,Tablet,Mobile App,Delivered,5
ORD000208,2025-12-17,C00532,Aarav Smith,aarav.smith532@example.com,Uae,Abu Dhabi,P005,Laptop Stand,ELECTRONICS,Accessories,2,41.98,0.05,79.76,42.48,37.28,Paypal,Mobile,Website,Delivered,5
ORD000209,2025-03-13,C00668,Elijah Walker,elijah.walker668@example.com,Uae,Sharjah,P004,USB-C Charger,ELECTRONICS,Accessories,1,24.85,0.2,19.88,11.9,7.98,Debit Card,Mobile,Marketplace,Cancelled,0
ORD000210,2026-07-17,C01314,Adam Wright,adam.wright1314@example.com,France,Normandy,P001,Wireless Headphones,ELECTRONICS,Audio,3,82.64,0.1,223.13,156.05,67.08,Paypal,Tablet,Mobile App,Shipped,0
ORD000211,2024-04-14,C00052,Lucas Young,lucas.young52@example.com,Germany,Berlin,P022,Yoga Mat,SPORTS,Fitness,3,24.64,0.1,66.53,35.04,31.49,Bank Transfer,Mobile,Website,Delivered,5
ORD000212,2025-07-09,C00377,Mason Wright,mason.wright377@example.com,Usa,California,P016,Coffee Maker,HOME & KITCHEN,Appliances,3,91.94,0.05,262.03,172.67,89.36,Debit Card,Mobile,Marketplace,Shipped,0
ORD000213,2024-07-20,C00787,Elijah Williams,elijah.williams787@example.com,Uae,Abu Dhabi,P012,Cotton T-Shirt,FASHION,Apparel,1,19.32,0.1,17.39,9.01,8.38,Debit Card,Mobile,Social Commerce,Delivered,4
ORD000214,2026-02-04,C00666,Harper Johnson,harper.johnson666@example.com,Australia,Queensland,P035,Remote Control Car,TOYS,Vehicles,1,46.2,0.05,43.89,26.57,17.32,Bank Transfer,Mobile,Marketplace,Delivered,4
ORD000215,2025-09-08,C00642,Amelia Taylor,amelia.taylor642@example.com,Germany,Hesse,P029,Hair Dryer,BEAUTY,Hair Care,1,53.27,0,53.27,29.91,23.36,Bank Transfer,Desktop,Website,Delivered,3
ORD000216,2026-03-17,C01397,Emma Moore,emma.moore1397@example.com,India,Maharashtra,P018,Non-stick Pan,HOME & KITCHEN,Cookware,2,36.02,0,72.04,37.42,34.62,Credit Card,Mobile,Website,Processing,0
ORD000217,2024-01-23,C00054,James Brown,james.brown54@example.com,India,Maharashtra,P029,Hair Dryer,BEAUTY,Hair Care,2,50.27,0.2,80.43,53.96,26.47,Paypal,Mobile,Website,Delivered,5
ORD000218,2024-04-03,C00083,Noah Brown,noah.brown83@example.com,India,Delhi,P022,Yoga Mat,SPORTS,Fitness,1,26.72,0.1,24.05,12.19,11.86,Credit Card,Desktop,Mobile App,Delivered,5
ORD000219,2025-06-20,C00606,Isabella Williams,isabella.williams606@example.com,Usa,New York,P001,Wireless Headphones,ELECTRONICS,Audio,1,80.17,0.2,64.14,49,15.14,Cash On Delivery,Mobile,Website,Delivered,5
ORD000220,2026-01-10,C00163,Adam Hall,adam.hall163@example.com,France,Ile-de-France,P034,Building Blocks,TOYS,Educational,1,33.29,0,33.29,16.82,16.47,Bank Transfer,Mobile,Social Commerce,Delivered,5
ORD000221,2024-02-18,C00678,Chloe Taylor,chloe.taylor678@example.com,Australia,Victoria,P030,Perfume,BEAUTY,Fragrance,1,69.69,0,69.69,36.28,33.41,Credit Card,Mobile,Mobile App,Delivered,5
ORD000222,2024-02-02,C01240,Grace Moore,grace.moore1240@example.com,Uk,England,P013,Hoodie,FASHION,Apparel,4,41.88,0.25,125.64,80.44,45.2,Debit Card,Mobile,Mobile App,Delivered,5
ORD000223,2025-01-05,C00317,Layla Walker,layla.walker317@example.com,Usa,New York,P007,Wireless Mouse,ELECTRONICS,Computers,2,34.81,0,69.62,33.72,35.9,Credit Card,Desktop,Marketplace,Delivered,4
ORD000224,2025-07-08,C00919,Evelyn Moore,evelyn.moore919@example.com,Germany,Bavaria,P021,Desk Lamp,HOME & KITCHEN,Lighting,6,30.92,0,185.52,96.02,89.5,Cash On Delivery,Desktop,Website,Delivered,4
ORD000225,2025-03-02,C01729,Grace Taylor,grace.taylor1729@example.com,Canada,British Columbia,P021,Desk Lamp,HOME & KITCHEN,Lighting,1,31.5,0.05,29.92,15.98,13.94,Credit Card,Mobile,Marketplace,Delivered,1
ORD000226,2025-01-06,C00058,Noah Wright,noah.wright58@example.com,Uk,Wales,P012,Cotton T-Shirt,FASHION,Apparel,3,20.76,0.1,56.05,28.15,27.9,Credit Card,Mobile,Website,Shipped,0
ORD000227,2024-04-03,C00635,Isabella Thomas,isabella.thomas635@example.com,Uae,Abu Dhabi,P011,Denim Jacket,FASHION,Outerwear,1,79.38,0.25,59.53,46.88,12.65,Debit Card,Desktop,Website,Returned,1
ORD000228,2025-12-22,C00406,Zoe Wilson,zoe.wilson406@example.com,France,Ile-de-France,P011,Denim Jacket,FASHION,Outerwear,1,81.63,0.05,77.55,48.1,29.45,Debit Card,Desktop,Marketplace,Delivered,5
ORD000229,2025-02-15,C00031,Jack Smith,jack.smith31@example.com,Usa,Florida,P025,Cycling Helmet,SPORTS,Outdoor,1,72.27,0.2,57.82,41.03,16.79,Debit Card,Mobile,Mobile App,Delivered,5
ORD000230,2024-07-28,C01133,Olivia Thomas,olivia.thomas1133@example.com,India,Gujarat,P001,Wireless Headphones,ELECTRONICS,Audio,1,83.46,0,83.46,50.79,32.67,Credit Card,Desktop,Website,Shipped,0
ORD000231,2024-05-06,C01159,Harper Lee,harper.lee1159@example.com,India,Gujarat,P023,Dumbbell Set,SPORTS,Fitness,1,77.62,0,77.62,45.78,31.84,Credit Card,Desktop,Website,Processing,0
ORD000232,2026-07-18,C01089,James Martin,james.martin1089@example.com,India,Karnataka,P008,Webcam HD,ELECTRONICS,Computers,3,55.43,0,166.29,101.35,64.94,Debit Card,Mobile,Website,Delivered,5
ORD000233,2026-07-03,C00595,Leo Clark,leo.clark595@example.com,Uae,Sharjah,P016,Coffee Maker,HOME & KITCHEN,Appliances,1,91.98,0.25,68.98,57.73,11.25,Debit Card,Desktop,Website,Delivered,3
ORD000234,2024-12-11,C01619,Olivia Wilson,olivia.wilson1619@example.com,Uae,Dubai,P018,Non-stick Pan,HOME & KITCHEN,Cookware,2,33.16,0.2,53.06,32.6,20.46,Paypal,Mobile,Website,Delivered,4
ORD000235,2024-06-26,C00734,Emma Lee,emma.lee734@example.com,Australia,Queensland,P033,Cookbook,BOOKS,Lifestyle,1,32.73,0.25,24.55,15.4,9.15,Credit Card,Tablet,Mobile App,Shipped,0
ORD000236,2024-12-16,C00264,Amelia Brown,amelia.brown264@example.com,Canada,Alberta,P022,Yoga Mat,SPORTS,Fitness,3,24.66,0.1,66.58,34.66,31.92,Cash On Delivery,Mobile,Marketplace,Delivered,4
ORD000237,2024-09-01,C01107,Aria Brown,aria.brown1107@example.com,Germany,Saxony,P016,Coffee Maker,HOME & KITCHEN,Appliances,1,90.9,0.15,77.27,58.54,18.73,Credit Card,Desktop,Mobile App,Shipped,0
ORD000238,2024-12-31,C01098,Henry Smith,henry.smith1098@example.com,France,Occitanie,P018,Non-stick Pan,HOME & KITCHEN,Cookware,3,33.87,0.1,91.45,51.21,40.24,Credit Card,Desktop,Website,Delivered,3
ORD000239,2025-01-16,C01755,Ava Williams,ava.williams1755@example.com,Australia,Victoria,P017,Air Fryer,HOME & KITCHEN,Appliances,2,110.47,0,220.94,143.65,77.29,Debit Card,Mobile,Website,Delivered,2
ORD000240,2024-10-23,C01322,James Patel,james.patel1322@example.com,India,Maharashtra,P028,Moisturizer,BEAUTY,Skin Care,1,27.71,0,27.71,10.84,16.87,Paypal,Desktop,Mobile App,Delivered,3
ORD000241,2026-02-17,C00554,Jack Williams,jack.williams554@example.com,Germany,Saxony,P034,Building Blocks,TOYS,Educational,1,35.2,0.15,29.92,17.5,12.42,Debit Card,Mobile,Mobile App,Delivered,5
ORD000242,2025-04-22,C00626,Nora Wright,nora.wright626@example.com,Usa,Illinois,P025,Cycling Helmet,SPORTS,Outdoor,3,67.49,0.1,182.22,112.95,69.27,Paypal,Mobile,Mobile App,Delivered,4
ORD000243,2026-03-03,C01586,Chloe Patel,chloe.patel1586@example.com,Canada,Alberta,P021,Desk Lamp,HOME & KITCHEN,Lighting,2,36.87,0.25,55.3,36.99,18.31,Paypal,Desktop,Website,Shipped,0
ORD000244,2026-06-29,C00008,Olivia Young,olivia.young8@example.com,Uk,Scotland,P019,Knife Set,HOME & KITCHEN,Cookware,2,57.26,0.15,97.34,62.21,35.13,Debit Card,Mobile,Website,Delivered,5
ORD000245,2025-05-04,C01262,Emma Taylor,emma.taylor1262@example.com,Usa,Illinois,P032,Data Analytics Book,BOOKS,Education,1,49,0.1,44.1,23.39,20.71,Paypal,Tablet,Website,Delivered,3
ORD000246,2024-03-31,C00651,Aarav Patel,aarav.patel651@example.com,Usa,California,P008,Webcam HD,ELECTRONICS,Computers,1,62.18,0.15,52.85,39.2,13.65,Cash On Delivery,Mobile,Website,Delivered,1
ORD000247,2024-02-26,C00397,Zoe Wright,missing@example.com,Canada,Alberta,P028,Moisturizer,BEAUTY,Skin Care,1,24.86,0.15,21.13,9.97,11.16,Credit Card,Mobile,Website,Delivered,3
ORD000248,2025-08-25,C00637,Aria Johnson,aria.johnson637@example.com,Usa,Illinois,P035,Remote Control Car,TOYS,Vehicles,4,45.41,0.05,172.56,102.19,70.37,Debit Card,Mobile,Social Commerce,Cancelled,0
ORD000249,2025-08-29,C01270,Chloe Moore,chloe.moore1270@example.com,India,Karnataka,P034,Building Blocks,TOYS,Educational,1,36.08,0,36.08,18.2,17.88,Debit Card,Mobile,Mobile App,Shipped,0
ORD000250,2025-09-25,C01759,James Moore,james.moore1759@example.com,France,Occitanie,P029,Hair Dryer,BEAUTY,Hair Care,1,46.77,0.1,42.09,24.92,17.17,Debit Card,Desktop,Social Commerce,Delivered,5
ORD000251,2025-07-15,C01208,Sophia Johnson,sophia.johnson1208@example.com,Germany,Hesse,P029,Hair Dryer,BEAUTY,Hair Care,1,47.21,0,47.21,26.45,20.76,Credit Card,Tablet,Social Commerce,Shipped,0
ORD000252,2024-10-07,C00001,Emma Martin,emma.martin1@example.com,Uk,Scotland,P029,Hair Dryer,BEAUTY,Hair Care,3,55.9,0,167.7,93.34,74.36,Paypal,Mobile,Mobile App,Delivered,4
ORD000253,2024-03-13,C01206,Isabella Hall,isabella.hall1206@example.com,Australia,Queensland,P032,Data Analytics Book,BOOKS,Education,1,41.73,0,41.73,19.97,21.76,Credit Card,Mobile,Mobile App,Delivered,4
ORD000254,2024-02-27,C01306,Grace Martin,grace.martin1306@example.com,Canada,British Columbia,P007,Wireless Mouse,ELECTRONICS,Computers,3,38.08,0,114.24,56.35,57.89,Credit Card,Desktop,Mobile App,Delivered,3
ORD000255,2024-04-02,C01772,Sophia Taylor,sophia.taylor1772@example.com,India,Tamil Nadu,P010,Casual Sneakers,FASHION,Footwear,5,56.19,0.05,266.9,149.45,117.45,Bank Transfer,Mobile,Mobile App,Shipped,0
ORD000256,2025-12-27,C01042,Aarav King,aarav.king1042@example.com,Usa,Texas,P032,Data Analytics Book,BOOKS,Education,2,41.64,0,83.28,38.24,45.04,Debit Card,Mobile,Social Commerce,Delivered,4
ORD000257,2024-07-02,C00697,Layla Wright,layla.wright697@example.com,India,Tamil Nadu,P001,Wireless Headphones,ELECTRONICS,Audio,1,74.59,0,74.59,46.57,28.02,Debit Card,Mobile,Social Commerce,Delivered,5
ORD000258,2025-08-25,C01707,Aria Hall,aria.hall1707@example.com,Canada,Ontario,P009,Running Shoes,FASHION,Footwear,1,74.93,0,74.93,40.41,34.52,Bank Transfer,Desktop,Mobile App,Delivered,3
ORD000259,2025-05-04,C00841,Leo Brown,leo.brown841@example.com,India,Gujarat,P023,Dumbbell Set,SPORTS,Fitness,1,83.37,0,83.37,49.6,33.77,Paypal,Mobile,Mobile App,Returned,4
ORD000260,2026-05-11,C00669,Aarav Garcia,aarav.garcia669@example.com,Germany,Saxony,P013,Hoodie,FASHION,Apparel,2,44.53,0.25,66.8,43.01,23.79,Debit Card,Tablet,Website,Shipped,0
ORD000261,2024-05-19,C01389,Ethan Walker,ethan.walker1389@example.com,Usa,California,P009,Running Shoes,FASHION,Footwear,2,76.85,0.25,115.27,84.42,30.85,Debit Card,Tablet,Website,Delivered,1
ORD000262,2024-02-02,C00624,Elijah Johnson,elijah.johnson624@example.com,France,Occitanie,P005,Laptop Stand,ELECTRONICS,Accessories,3,44.4,0.05,126.54,66.89,59.65,Debit Card,Mobile,Website,Delivered,5
ORD000263,2024-03-12,C00629,Emma Young,emma.young629@example.com,Canada,Quebec,P024,Football,SPORTS,Outdoor,1,31.13,0.1,28.02,15.06,12.96,Paypal,Tablet,Website,Processing,0
ORD000264,2024-05-24,C00940,Charlotte Anderson,charlotte.anderson940@example.com,Germany,Berlin,P033,Cookbook,BOOKS,Lifestyle,3,28.81,0,86.43,40.75,45.68,Bank Transfer,Mobile,Website,Delivered,4
ORD000265,2024-06-26,C01138,Noah King,noah.king1138@example.com,Canada,British Columbia,P025,Cycling Helmet,SPORTS,Outdoor,5,69.09,0.15,293.63,195.7,97.93,Credit Card,Mobile,Website,Delivered,4
ORD000266,2024-04-04,C01436,Isabella Hall,isabella.hall1436@example.com,Usa,Illinois,P017,Air Fryer,HOME & KITCHEN,Appliances,2,125.88,0.15,214,164.84,49.16,Paypal,Tablet,Mobile App,Delivered,3
ORD000267,2024-06-05,C00523,Mason Walker,mason.walker523@example.com,Usa,New York,P032,Data Analytics Book,BOOKS,Education,3,49.38,0,148.14,67.53,80.61,Credit Card,Mobile,Website,Delivered,4
ORD000268,2024-02-23,C01049,Emma Lewis,emma.lewis1049@example.com,France,Occitanie,P003,Smart Watch,ELECTRONICS,Wearables,3,119.81,0.1,323.49,247.22,76.27,Paypal,Mobile,Marketplace,Delivered,4
ORD000269,2026-06-04,C00870,Harper Johnson,harper.johnson870@example.com,India,Tamil Nadu,P036,Puzzle 1000pc,TOYS,Games,1,22.26,0.1,20.03,9.25,10.78,Credit Card,Mobile,Website,Delivered,4
ORD000270,2024-08-16,C01469,James Brown,james.brown1469@example.com,Uae,Sharjah,P013,Hoodie,FASHION,Apparel,2,43.35,0.05,82.36,44.27,38.09,Cash On Delivery,Desktop,Website,Delivered,4
ORD000271,2025-05-12,C01583,Leo Wilson,leo.wilson1583@example.com,India,Gujarat,P030,Perfume,BEAUTY,Fragrance,3,67.33,0.2,161.59,106.93,54.66,Paypal,Desktop,Mobile App,Delivered,5
ORD000272,2026-01-05,C01228,Daniel Williams,daniel.williams1228@example.com,Germany,Berlin,P002,Bluetooth Speaker,ELECTRONICS,Audio,1,53.34,0.05,50.67,31.64,19.03,Paypal,Mobile,Website,Delivered,5
ORD000273,2025-01-11,C00154,Leo Moore,leo.moore154@example.com,Germany,Hesse,P030,Perfume,BEAUTY,Fragrance,1,70.72,0.2,56.58,36.36,20.22,Credit Card,Desktop,Website,Delivered,5
ORD000274,2025-11-07,C00233,Nora Hall,nora.hall233@example.com,France,Ile-de-France,P031,Novel Set,BOOKS,Fiction,1,43.9,0.05,41.7,22.06,19.64,Paypal,Desktop,Website,Shipped,0
ORD000275,2024-10-10,C00385,Sophia Taylor,sophia.taylor385@example.com,India,Maharashtra,P015,Backpack,FASHION,Bags,2,53.81,0,107.62,55.36,52.26,Debit Card,Mobile,Website,Delivered,2
ORD000276,2025-07-15,C00539,Isabella Moore,isabella.moore539@example.com,Germany,Hesse,P031,Novel Set,BOOKS,Fiction,2,40.54,0,81.08,40.99,40.09,Debit Card,Mobile,Marketplace,Delivered,4
ORD000277,2026-02-26,C00643,Harper Anderson,harper.anderson643@example.com,Uk,Scotland,P020,Storage Boxes,HOME & KITCHEN,Storage,1,26.62,0.05,25.29,12.73,12.56,Debit Card,Mobile,Mobile App,Delivered,2
ORD000278,2025-10-28,C00898,Ava Hall,ava.hall898@example.com,India,Maharashtra,P024,Football,SPORTS,Outdoor,1,30.39,0,30.39,14.82,15.57,Credit Card,Desktop,Website,Delivered,4
ORD000279,2025-12-17,C00856,Zoe Wilson,zoe.wilson856@example.com,Uae,Dubai,P009,Running Shoes,FASHION,Footwear,2,64.55,0.1,116.19,73.8,42.39,Paypal,Mobile,Marketplace,Shipped,0
ORD000280,2025-01-18,C01388,Zoe Taylor,zoe.taylor1388@example.com,Uk,Scotland,P017,Air Fryer,HOME & KITCHEN,Appliances,2,124.57,0,249.14,166.05,83.09,Credit Card,Mobile,Website,Delivered,5
ORD000281,2024-10-25,C01352,Elijah Young,elijah.young1352@example.com,Usa,New York,P033,Cookbook,BOOKS,Lifestyle,1,32.73,0,32.73,15.31,17.42,Credit Card,Desktop,Website,Delivered,5
ORD000282,2025-01-13,C00932,Aarav King,aarav.king932@example.com,Usa,Texas,P035,Remote Control Car,TOYS,Vehicles,1,48.89,0.25,36.67,27.72,8.95,Credit Card,Desktop,Website,Delivered,5
ORD000283,2024-03-02,C00833,Charlotte Brown,charlotte.brown833@example.com,India,Maharashtra,P026,Water Bottle,SPORTS,Accessories,2,17.55,0.05,33.34,14.8,18.54,Debit Card,Mobile,Website,Delivered,5
ORD000284,2025-02-27,C00165,Adam Walker,adam.walker165@example.com,Uae,Abu Dhabi,P018,Non-stick Pan,HOME & KITCHEN,Cookware,1,38.7,0.05,36.77,20.14,16.63,Credit Card,Mobile,Mobile App,Delivered,2
ORD000285,2025-10-21,C00760,Leo Brown,leo.brown760@example.com,Canada,British Columbia,P019,Knife Set,HOME & KITCHEN,Cookware,2,63.97,0.05,121.54,72.2,49.34,Paypal,Desktop,Mobile App,Delivered,5
ORD000286,2024-10-14,C01385,Olivia Taylor,olivia.taylor1385@example.com,India,Tamil Nadu,P028,Moisturizer,BEAUTY,Skin Care,1,27.27,0,27.27,11.07,16.2,Paypal,Mobile,Mobile App,Delivered,4
ORD000287,2025-07-04,C00109,Liam Hall,liam.hall109@example.com,Uae,Sharjah,P029,Hair Dryer,BEAUTY,Hair Care,5,53.63,0.15,227.93,144.71,83.22,Credit Card,Mobile,Marketplace,Delivered,5
ORD000288,2025-08-13,C00917,Olivia Williams,olivia.williams917@example.com,France,Occitanie,P010,Casual Sneakers,FASHION,Footwear,2,53.48,0.1,96.26,57.31,38.95,Paypal,Tablet,Marketplace,Processing,0
ORD000289,2025-06-23,C01006,Jack Lewis,jack.lewis1006@example.com,Usa,New York,P011,Denim Jacket,FASHION,Outerwear,3,76.93,0.05,219.25,127.06,92.19,Debit Card,Mobile,Mobile App,Delivered,2
ORD000290,2026-01-16,C01314,Adam Wright,adam.wright1314@example.com,Uae,Abu Dhabi,P031,Novel Set,BOOKS,Fiction,1,42.35,0,42.35,21.21,21.14,Credit Card,Desktop,Mobile App,Delivered,2
ORD000291,2026-07-06,C00601,Amelia Patel,amelia.patel601@example.com,Australia,Queensland,P003,Smart Watch,ELECTRONICS,Wearables,1,136.69,0.1,123.02,93.13,29.89,Debit Card,Desktop,Mobile App,Delivered,5
ORD000292,2025-04-20,C00478,Layla Lee,layla.lee478@example.com,Canada,Ontario,P003,Smart Watch,ELECTRONICS,Wearables,4,143.43,0.1,516.35,396.29,120.06,Debit Card,Mobile,Marketplace,Delivered,5
ORD000293,2026-03-22,C00980,Lucas Lee,lucas.lee980@example.com,Germany,Bavaria,P014,Leather Wallet,FASHION,Accessories,2,31.59,0.1,56.86,29.43,27.43,Cash On Delivery,Mobile,Website,Delivered,4
ORD000294,2025-08-16,C00137,Nora Johnson,nora.johnson137@example.com,Uae,Dubai,P007,Wireless Mouse,ELECTRONICS,Computers,1,37.42,0,37.42,18.18,19.24,Credit Card,Mobile,Website,Delivered,1
ORD000295,2025-04-30,C00888,Noah Lee,noah.lee888@example.com,Uae,Abu Dhabi,P029,Hair Dryer,BEAUTY,Hair Care,1,46.55,0.1,41.89,25.52,16.37,Debit Card,Mobile,Mobile App,Processing,0
ORD000296,2024-10-15,C00284,Nora Lewis,nora.lewis284@example.com,Usa,New York,P019,Knife Set,HOME & KITCHEN,Cookware,5,62.13,0.25,232.99,170.77,62.22,Paypal,Mobile,Mobile App,Delivered,5
ORD000297,2024-05-20,C00690,Charlotte Brown,charlotte.brown690@example.com,Uae,Abu Dhabi,P028,Moisturizer,BEAUTY,Skin Care,3,27.12,0.05,77.29,33.69,43.6,Credit Card,Desktop,Website,Delivered,4
ORD000298,2024-05-25,C00570,Jack Lewis,jack.lewis570@example.com,Germany,Bavaria,P033,Cookbook,BOOKS,Lifestyle,2,33.13,0,66.26,30.76,35.5,Credit Card,Desktop,Mobile App,Delivered,2
ORD000299,2024-06-04,C00993,Ava Johnson,ava.johnson993@example.com,Australia,New South Wales,P002,Bluetooth Speaker,ELECTRONICS,Audio,2,52.34,0.2,83.74,63.19,20.55,Credit Card,Tablet,Mobile App,Delivered,4
ORD000300,2024-11-06,C00194,Mason Patel,mason.patel194@example.com,Australia,Victoria,P022,Yoga Mat,SPORTS,Fitness,3,24.5,0.1,66.15,33.82,32.33,Credit Card,Desktop,Marketplace,Delivered,5
ORD000301,2025-02-21,C00841,Leo Brown,leo.brown841@example.com,India,Gujarat,P033,Cookbook,BOOKS,Lifestyle,1,33.03,0.25,24.77,14.67,10.1,Credit Card,Desktop,Marketplace,Delivered,4
ORD000302,2025-03-02,C00706,Lucas Johnson,lucas.johnson706@example.com,Canada,Alberta,P013,Hoodie,FASHION,Apparel,1,47.97,0,47.97,24.29,23.68,Debit Card,Desktop,Website,Delivered,4
ORD000303,2024-05-08,C00901,Grace Taylor,grace.taylor901@example.com,Uk,England,P021,Desk Lamp,HOME & KITCHEN,Lighting,6,33.9,0.1,183.06,97.9,85.16,Debit Card,Desktop,Mobile App,Delivered,3
ORD000304,2024-12-05,C00249,Layla Clark,layla.clark249@example.com,India,Gujarat,P007,Wireless Mouse,ELECTRONICS,Computers,3,35.96,0.15,91.7,55.39,36.31,Cash On Delivery,Desktop,Mobile App,Delivered,3
ORD000305,2026-03-30,C00835,Charlotte Wright,charlotte.wright835@example.com,Canada,Alberta,P036,Puzzle 1000pc,TOYS,Games,1,20.62,0.2,16.5,9,7.5,Credit Card,Mobile,Website,Delivered,4
ORD000306,2024-10-22,C01113,Henry Walker,henry.walker1113@example.com,India,Gujarat,P023,Dumbbell Set,SPORTS,Fitness,2,86.56,0.1,155.81,103.72,52.09,Paypal,Desktop,Website,Delivered,4
ORD000307,2026-04-26,C00930,Olivia Patel,olivia.patel930@example.com,Uae,Sharjah,P017,Air Fryer,HOME & KITCHEN,Appliances,3,128.65,0.1,347.36,251.06,96.3,Cash On Delivery,Tablet,Mobile App,Delivered,4
ORD000308,2024-03-09,C00021,Jack Patel,jack.patel21@example.com,Canada,Alberta,P001,Wireless Headphones,ELECTRONICS,Audio,3,77.51,0.2,186.02,149.22,36.8,Credit Card,Desktop,Mobile App,Cancelled,0
ORD000309,2026-03-25,C01712,James Thomas,missing@example.com,Uae,Abu Dhabi,P021,Desk Lamp,HOME & KITCHEN,Lighting,1,32.74,0,32.74,17.02,15.72,Cash On Delivery,Mobile,Marketplace,Delivered,5
ORD000310,2025-02-24,C00200,Amelia Wilson,amelia.wilson200@example.com,France,Occitanie,P013,Hoodie,FASHION,Apparel,5,41.82,0.25,156.82,105.25,51.57,Credit Card,Mobile,Mobile App,Delivered,5
ORD000311,2025-08-24,C00255,Mason Thomas,mason.thomas255@example.com,Germany,Berlin,P003,Smart Watch,ELECTRONICS,Wearables,1,129.42,0.15,110.01,84.52,25.49,Cash On Delivery,Desktop,Mobile App,Processing,0
ORD000312,2026-07-02,C01396,Aria Young,aria.young1396@example.com,France,Ile-de-France,P036,Puzzle 1000pc,TOYS,Games,2,21.82,0.15,37.09,19.29,17.8,Paypal,Mobile,Website,Shipped,0
ORD000313,2025-12-31,C01070,Aarav Hall,aarav.hall1070@example.com,Canada,British Columbia,P034,Building Blocks,TOYS,Educational,3,34.09,0.1,92.04,49.35,42.69,Bank Transfer,Mobile,Website,Delivered,2
ORD000314,2024-10-01,C00564,Grace Hall,grace.hall564@example.com,Canada,British Columbia,P008,Webcam HD,ELECTRONICS,Computers,2,56.88,0.1,102.38,66.94,35.44,Credit Card,Mobile,Website,Delivered,2
ORD000315,2025-12-21,C00862,Chloe Johnson,chloe.johnson862@example.com,Australia,Queensland,P035,Remote Control Car,TOYS,Vehicles,1,45.33,0.1,40.8,26.58,14.22,Cash On Delivery,Desktop,Website,Shipped,0
ORD000316,2024-03-26,C01442,Lucas Anderson,lucas.anderson1442@example.com,India,Maharashtra,P015,Backpack,FASHION,Bags,3,46.82,0,140.46,73.86,66.6,Cash On Delivery,Mobile,Mobile App,Delivered,4
ORD000317,2026-06-13,C00489,Liam Clark,liam.clark489@example.com,Canada,Quebec,P005,Laptop Stand,ELECTRONICS,Accessories,4,43.57,0.1,156.85,89.08,67.77,Credit Card,Tablet,Social Commerce,Delivered,2
ORD000318,2025-11-24,C01005,Harper Wilson,harper.wilson1005@example.com,Germany,Bavaria,P021,Desk Lamp,HOME & KITCHEN,Lighting,4,36.63,0,146.52,72.22,74.3,Paypal,Mobile,Mobile App,Delivered,4
ORD000320,2024-09-06,C01539,James King,james.king1539@example.com,India,Tamil Nadu,P015,Backpack,FASHION,Bags,2,47.11,0,94.22,49.85,44.37,Cash On Delivery,Mobile,Mobile App,Delivered,3
ORD000321,2026-07-13,C01231,Emma Patel,emma.patel1231@example.com,Australia,Western Australia,P035,Remote Control Car,TOYS,Vehicles,2,47.07,0.1,84.73,53.53,31.2,Bank Transfer,Mobile,Website,Shipped,0
ORD000322,2025-10-04,C00716,James Johnson,james.johnson716@example.com,Uk,Wales,P019,Knife Set,HOME & KITCHEN,Cookware,1,61.89,0.05,58.8,35.45,23.35,Debit Card,Desktop,Mobile App,Returned,5
ORD000323,2024-11-08,C00710,Daniel Moore,daniel.moore710@example.com,Australia,Queensland,P035,Remote Control Car,TOYS,Vehicles,1,44,0.05,41.8,24.1,17.7,Credit Card,Mobile,Website,Returned,4
ORD000324,2026-03-14,C00924,Aria King,aria.king924@example.com,Uk,England,P014,Leather Wallet,FASHION,Accessories,1,28.1,0,28.1,12.71,15.39,Debit Card,Mobile,Mobile App,Delivered,4
ORD000325,2026-03-08,C00295,Henry Smith,henry.smith295@example.com,Australia,New South Wales,P034,Building Blocks,TOYS,Educational,2,37.95,0.1,68.31,38.87,29.44,Paypal,Mobile,Social Commerce,Delivered,5
ORD000326,2025-03-07,C01028,Charlotte Clark,charlotte.clark1028@example.com,Australia,Queensland,P024,Football,SPORTS,Outdoor,1,30.22,0,30.22,14.06,16.16,Bank Transfer,Desktop,Website,Returned,4
ORD000327,2026-01-18,C00808,Ethan Patel,ethan.patel808@example.com,Uae,Sharjah,P029,Hair Dryer,BEAUTY,Hair Care,1,51.89,0.05,49.3,28,21.3,Bank Transfer,Tablet,Website,Delivered,4
ORD000328,2024-12-02,C00802,James Garcia,james.garcia802@example.com,Germany,Hesse,P022,Yoga Mat,SPORTS,Fitness,1,26.33,0.2,21.06,12.03,9.03,Debit Card,Desktop,Mobile App,Delivered,4
ORD000329,2025-01-28,C00238,Liam Smith,liam.smith238@example.com,France,Occitanie,P009,Running Shoes,FASHION,Footwear,1,71.99,0.05,68.39,40.51,27.88,Credit Card,Mobile,Marketplace,Delivered,4
ORD000330,2026-03-08,C00604,Amelia Brown,amelia.brown604@example.com,Germany,Saxony,P017,Air Fryer,HOME & KITCHEN,Appliances,5,118.32,0,591.6,395.62,195.98,Debit Card,Mobile,Website,Delivered,3
ORD000331,2026-04-28,C00782,Owen Smith,owen.smith782@example.com,India,Karnataka,P030,Perfume,BEAUTY,Fragrance,1,67.69,0,67.69,34.33,33.36,Paypal,Mobile,Marketplace,Delivered,4
ORD000332,2024-04-25,C00073,Aarav Lewis,missing@example.com,Australia,New South Wales,P004,USB-C Charger,ELECTRONICS,Accessories,4,23.74,0.15,80.72,44.71,36.01,Credit Card,Desktop,Marketplace,Delivered,4
ORD000333,2026-01-15,C01261,Noah Patel,noah.patel1261@example.com,Canada,Alberta,P036,Puzzle 1000pc,TOYS,Games,1,21.75,0,21.75,9.21,12.54,Credit Card,Mobile,Mobile App,Delivered,4
ORD000334,2024-12-16,C00702,Daniel Taylor,daniel.taylor702@example.com,Uae,Sharjah,P011,Denim Jacket,FASHION,Outerwear,6,81.64,0.25,367.38,269.62,97.76,Credit Card,Tablet,Website,Delivered,5
ORD000335,2024-06-05,C00832,Aarav Lewis,aarav.lewis832@example.com,Uk,England,P015,Backpack,FASHION,Bags,1,48.1,0.05,45.7,25.81,19.89,Credit Card,Desktop,Website,Returned,4
ORD000336,2025-04-06,C00831,Henry Walker,henry.walker831@example.com,Canada,Quebec,P026,Water Bottle,SPORTS,Accessories,1,16.79,0.25,12.59,7.49,5.1,Credit Card,Desktop,Marketplace,Cancelled,0
ORD000337,2026-05-26,C00966,Liam Brown,liam.brown966@example.com,Germany,Berlin,P015,Backpack,FASHION,Bags,1,55.41,0.15,47.1,29.28,17.82,Paypal,Mobile,Marketplace,Delivered,3
ORD000338,2025-12-18,C00403,Harper Moore,harper.moore403@example.com,Uk,Wales,P020,Storage Boxes,HOME & KITCHEN,Storage,1,30.04,0.1,27.04,14.95,12.09,Paypal,Desktop,Social Commerce,Cancelled,0
ORD000339,2024-12-29,C00947,Noah Thomas,noah.thomas947@example.com,India,Gujarat,P012,Cotton T-Shirt,FASHION,Apparel,2,21.09,0,42.18,19.14,23.04,Paypal,Mobile,Website,Delivered,4
ORD000340,2026-03-29,C00972,Amelia Wright,amelia.wright972@example.com,Canada,Quebec,P015,Backpack,FASHION,Bags,4,50.44,0,201.76,110.91,90.85,Cash On Delivery,Tablet,Mobile App,Delivered,5
ORD000341,2025-03-18,C00732,Sophia Johnson,sophia.johnson732@example.com,Canada,Quebec,P003,Smart Watch,ELECTRONICS,Wearables,1,133.78,0,133.78,92.93,40.85,Credit Card,Desktop,Marketplace,Delivered,5
ORD000342,2025-10-25,C00050,Zoe Taylor,zoe.taylor50@example.com,India,Delhi,P009,Running Shoes,FASHION,Footwear,1,71.35,0,71.35,39.69,31.66,Bank Transfer,Desktop,Mobile App,Delivered,4
ORD000343,2024-10-15,C00986,Adam Lewis,adam.lewis986@example.com,Germany,Berlin,P023,Dumbbell Set,SPORTS,Fitness,5,77.06,0.05,366.03,228.08,137.95,Cash On Delivery,Mobile,Mobile App,Delivered,4
ORD000344,2024-01-01,C00999,Liam Hall,liam.hall999@example.com,Usa,California,P003,Smart Watch,ELECTRONICS,Wearables,4,145.46,0,581.84,379.77,202.07,Bank Transfer,Tablet,Website,Delivered,4
ORD000345,2025-08-29,C00173,Owen Walker,owen.walker173@example.com,Usa,New York,P030,Perfume,BEAUTY,Fragrance,1,73.81,0.15,62.74,39.71,23.03,Debit Card,Mobile,Mobile App,Delivered,3
ORD000346,2024-12-09,C01241,Leo Lewis,leo.lewis1241@example.com,Australia,Queensland,P011,Denim Jacket,FASHION,Outerwear,5,71.33,0.15,303.15,209.43,93.72,Debit Card,Mobile,Website,Delivered,5
ORD000347,2026-06-08,C01087,Owen Brown,owen.brown1087@example.com,Usa,Texas,P007,Wireless Mouse,ELECTRONICS,Computers,5,37.58,0,187.9,95.09,92.81,Debit Card,Mobile,Marketplace,Delivered,4
ORD000348,2024-01-11,C00415,Mason Patel,mason.patel415@example.com,France,Occitanie,P017,Air Fryer,HOME & KITCHEN,Appliances,1,114.31,0,114.31,73.25,41.06,Paypal,Mobile,Website,Delivered,3
ORD000349,2026-01-09,C01329,Grace Johnson,grace.johnson1329@example.com,Usa,Texas,P014,Leather Wallet,FASHION,Accessories,3,29.2,0,87.6,40.43,47.17,Debit Card,Mobile,Marketplace,Delivered,4
ORD000350,2024-01-04,C01502,Jack Martin,jack.martin1502@example.com,Australia,Victoria,P009,Running Shoes,FASHION,Footwear,2,70.22,0.05,133.42,79.57,53.85,Paypal,Desktop,Website,Shipped,0
ORD000351,2024-11-02,C00332,Sophia Young,sophia.young332@example.com,Uae,Sharjah,P025,Cycling Helmet,SPORTS,Outdoor,1,62.55,0.05,59.42,34.89,24.53,Paypal,Mobile,Website,Shipped,0
ORD000352,2026-01-31,C00691,James Hall,missing@example.com,Canada,Alberta,P026,Water Bottle,SPORTS,Accessories,2,18.2,0,36.4,15.66,20.74,Debit Card,Mobile,Mobile App,Delivered,2
ORD000353,2025-06-01,C00344,Grace Wilson,grace.wilson344@example.com,Australia,Queensland,P015,Backpack,FASHION,Bags,2,52.35,0.1,94.23,54.27,39.96,Debit Card,Mobile,Website,Returned,4
ORD000354,2026-02-11,C01554,Henry Clark,henry.clark1554@example.com,India,Gujarat,P022,Yoga Mat,SPORTS,Fitness,2,24.99,0.1,44.98,23.51,21.47,Paypal,Mobile,Mobile App,Delivered,5
ORD000355,2024-03-16,C00493,Owen Taylor,owen.taylor493@example.com,Germany,Saxony,P020,Storage Boxes,HOME & KITCHEN,Storage,2,27.47,0,54.94,27.8,27.14,Credit Card,Desktop,Website,Shipped,0
ORD000356,2025-08-10,C00424,Aria Garcia,aria.garcia424@example.com,Canada,Ontario,P001,Wireless Headphones,ELECTRONICS,Audio,4,84.78,0,339.12,209.21,129.91,Credit Card,Mobile,Website,Delivered,5
ORD000357,2026-03-22,C01181,James Martin,james.martin1181@example.com,Uae,Sharjah,P012,Cotton T-Shirt,FASHION,Apparel,4,21.39,0,85.56,37.26,48.3,Credit Card,Mobile,Social Commerce,Delivered,5
ORD000358,2024-12-27,C01500,Henry Lee,henry.lee1500@example.com,Australia,Queensland,P010,Casual Sneakers,FASHION,Footwear,1,53.56,0.1,48.2,28.86,19.34,Debit Card,Tablet,Website,Delivered,4
ORD000359,2025-05-28,C00158,Liam Hall,liam.hall158@example.com,Germany,Saxony,P016,Coffee Maker,HOME & KITCHEN,Appliances,2,99.72,0,199.44,125.85,73.59,Credit Card,Mobile,Social Commerce,Returned,2
ORD000360,2024-04-01,C00787,Elijah Williams,elijah.williams787@example.com,India,Delhi,P018,Non-stick Pan,HOME & KITCHEN,Cookware,2,33.24,0.15,56.51,33.74,22.77,Credit Card,Desktop,Marketplace,Processing,0
ORD000361,2025-09-03,C00854,Olivia Lee,olivia.lee854@example.com,Uk,Scotland,P032,Data Analytics Book,BOOKS,Education,3,46,0.1,124.2,64.31,59.89,Credit Card,Desktop,Website,Delivered,5
ORD000362,2024-04-03,C00203,Amelia Young,amelia.young203@example.com,Usa,Illinois,P003,Smart Watch,ELECTRONICS,Wearables,2,122.82,0,245.64,168.25,77.39,Debit Card,Desktop,Website,Delivered,5
ORD000363,2025-10-09,C00508,Noah Walker,noah.walker508@example.com,Uae,Dubai,P035,Remote Control Car,TOYS,Vehicles,4,47.8,0,191.2,106.3,84.9,Credit Card,Mobile,Website,Delivered,5
ORD000364,2024-03-03,C00581,Jack Patel,jack.patel581@example.com,Uae,Sharjah,P021,Desk Lamp,HOME & KITCHEN,Lighting,2,34.58,0.05,65.7,35.34,30.36,Cash On Delivery,Mobile,Marketplace,Delivered,4
ORD000365,2026-06-22,C01579,Leo Patel,leo.patel1579@example.com,Uk,England,P030,Perfume,BEAUTY,Fragrance,1,74.56,0,74.56,38.37,36.19,Cash On Delivery,Desktop,Website,Delivered,4
ORD000366,2025-03-23,C01483,Ethan Wilson,ethan.wilson1483@example.com,Canada,British Columbia,P016,Coffee Maker,HOME & KITCHEN,Appliances,2,85.71,0,171.42,109.57,61.85,Credit Card,Mobile,Website,Delivered,4
ORD000367,2025-09-17,C00853,Lucas Clark,lucas.clark853@example.com,Uae,Sharjah,P014,Leather Wallet,FASHION,Accessories,1,31.65,0.15,26.9,14.91,11.99,Credit Card,Mobile,Mobile App,Cancelled,0
ORD000368,2024-07-09,C00775,Owen Wilson,owen.wilson775@example.com,France,Ile-de-France,P009,Running Shoes,FASHION,Footwear,1,65.22,0.25,48.91,34.94,13.97,Paypal,Tablet,Website,Delivered,5
ORD000369,2024-03-07,C00700,Aria Thomas,aria.thomas700@example.com,Uae,Sharjah,P007,Wireless Mouse,ELECTRONICS,Computers,1,35.39,0.05,33.62,17.29,16.33,Paypal,Desktop,Website,Delivered,4
ORD000370,2025-11-26,C00044,Jack Young,jack.young44@example.com,France,Occitanie,P018,Non-stick Pan,HOME & KITCHEN,Cookware,2,33.22,0,66.44,33.14,33.3,Cash On Delivery,Mobile,Website,Shipped,0
ORD000371,2026-03-25,C00978,Jack Martin,jack.martin978@example.com,India,Maharashtra,P009,Running Shoes,FASHION,Footwear,3,72.77,0,218.31,122.76,95.55,Debit Card,Mobile,Mobile App,Delivered,5
ORD000372,2025-11-09,C00130,Ava Brown,ava.brown130@example.com,India,Tamil Nadu,P027,Face Serum,BEAUTY,Skin Care,1,36.69,0,36.69,15.51,21.18,Bank Transfer,Mobile,Marketplace,Delivered,3
ORD000373,2026-02-15,C00289,Amelia Taylor,amelia.taylor289@example.com,India,Maharashtra,P031,Novel Set,BOOKS,Fiction,6,43.6,0,261.6,125.85,135.75,Debit Card,Mobile,Mobile App,Delivered,5
ORD000374,2025-03-21,C00681,Aria Martin,aria.martin681@example.com,Usa,Florida,P013,Hoodie,FASHION,Apparel,1,50.17,0.25,37.63,25.82,11.81,Debit Card,Mobile,Marketplace,Delivered,4
ORD000375,2025-05-17,C00740,Isabella Martin,isabella.martin740@example.com,France,Provence,P003,Smart Watch,ELECTRONICS,Wearables,1,127.4,0,127.4,85.13,42.27,Debit Card,Tablet,Website,Delivered,2
ORD000376,2025-02-13,C00160,Mason Lewis,mason.lewis160@example.com,Usa,New York,P035,Remote Control Car,TOYS,Vehicles,1,41.49,0,41.49,24.56,16.93,Debit Card,Mobile,Social Commerce,Delivered,5
ORD000377,2026-07-04,C00699,Grace Taylor,grace.taylor699@example.com,Uae,Abu Dhabi,P021,Desk Lamp,HOME & KITCHEN,Lighting,1,33.45,0.1,30.11,16.08,14.03,Credit Card,Desktop,Mobile App,Delivered,1
ORD000378,2024-06-04,C00746,Aarav Patel,aarav.patel746@example.com,Usa,Florida,P009,Running Shoes,FASHION,Footwear,1,74.53,0,74.53,41.34,33.19,Paypal,Mobile,Mobile App,Delivered,1
ORD000379,2024-11-09,C00386,Zoe Lewis,zoe.lewis386@example.com,Australia,Victoria,P017,Air Fryer,HOME & KITCHEN,Appliances,3,120.62,0.05,343.77,231.27,112.5,Credit Card,Desktop,Marketplace,Delivered,2
ORD000380,2026-05-28,C00367,Owen Hall,owen.hall367@example.com,Australia,New South Wales,P026,Water Bottle,SPORTS,Accessories,2,19.97,0.05,37.94,16.92,21.02,Paypal,Mobile,Mobile App,Processing,0
ORD000381,2024-05-12,C00963,Mason Lee,mason.lee963@example.com,Usa,Illinois,P028,Moisturizer,BEAUTY,Skin Care,1,26.07,0.2,20.86,10.54,10.32,Paypal,Desktop,Social Commerce,Shipped,0
ORD000382,2024-10-19,C01262,Emma Taylor,emma.taylor1262@example.com,Uae,Sharjah,P021,Desk Lamp,HOME & KITCHEN,Lighting,1,35.19,0.05,33.43,17.02,16.41,Credit Card,Desktop,Marketplace,Delivered,3
ORD000383,2025-02-26,C00896,Jack Hall,jack.hall896@example.com,Uk,Scotland,P015,Backpack,FASHION,Bags,1,51.92,0,51.92,27.43,24.49,Debit Card,Tablet,Website,Shipped,0
ORD000384,2024-02-01,C01646,Aria Clark,aria.clark1646@example.com,Uae,Abu Dhabi,P007,Wireless Mouse,ELECTRONICS,Computers,5,36.15,0.1,162.68,90.28,72.4,Debit Card,Desktop,Mobile App,Delivered,2
ORD000385,2025-09-18,C01114,Henry Hall,henry.hall1114@example.com,Canada,Ontario,P015,Backpack,FASHION,Bags,2,50.35,0.05,95.66,52,43.66,Bank Transfer,Desktop,Website,Delivered,5
ORD000386,2025-11-08,C00609,Amelia Lewis,amelia.lewis609@example.com,Australia,Victoria,P020,Storage Boxes,HOME & KITCHEN,Storage,2,25.85,0,51.7,24.45,27.25,Debit Card,Mobile,Marketplace,Delivered,5
ORD000387,2025-11-10,C00346,Noah Lewis,noah.lewis346@example.com,Uae,Sharjah,P034,Building Blocks,TOYS,Educational,1,36.51,0.1,32.86,18.82,14.04,Cash On Delivery,Tablet,Website,Delivered,4
ORD000388,2026-04-20,C00280,Harper Smith,harper.smith280@example.com,France,Normandy,P027,Face Serum,BEAUTY,Skin Care,2,36.67,0.05,69.67,31.77,37.9,Paypal,Mobile,Website,Delivered,2
ORD000389,2024-11-24,C01005,Harper Wilson,harper.wilson1005@example.com,Canada,British Columbia,P007,Wireless Mouse,ELECTRONICS,Computers,1,36.04,0,36.04,18.3,17.74,Cash On Delivery,Tablet,Mobile App,Delivered,5
ORD000390,2025-02-24,C00903,Grace Johnson,grace.johnson903@example.com,Uae,Sharjah,P011,Denim Jacket,FASHION,Outerwear,1,73.65,0.1,66.29,43.14,23.15,Paypal,Desktop,Website,Delivered,3
ORD000391,2024-03-13,C01480,Nora Lee,nora.lee1480@example.com,Canada,Quebec,P033,Cookbook,BOOKS,Lifestyle,2,31.95,0.1,57.51,29.28,28.23,Cash On Delivery,Tablet,Website,Delivered,4
ORD000392,2024-06-11,C01439,Olivia Anderson,olivia.anderson1439@example.com,France,Occitanie,P030,Perfume,BEAUTY,Fragrance,1,65.02,0,65.02,32.58,32.44,Credit Card,Desktop,Mobile App,Delivered,1
ORD000393,2024-10-01,C01742,Isabella Anderson,isabella.anderson1742@example.com,Canada,Quebec,P011,Denim Jacket,FASHION,Outerwear,2,71.9,0.15,122.23,84.58,37.65,Debit Card,Tablet,Website,Cancelled,0
ORD000394,2024-11-07,C00408,Chloe Wilson,chloe.wilson408@example.com,Germany,Saxony,P020,Storage Boxes,HOME & KITCHEN,Storage,3,27.86,0,83.58,40.91,42.67,Paypal,Mobile,Website,Delivered,2
ORD000395,2026-05-21,C01375,Ethan Patel,ethan.patel1375@example.com,France,Provence,P011,Denim Jacket,FASHION,Outerwear,1,75.93,0.05,72.13,42.36,29.77,Bank Transfer,Mobile,Website,Shipped,0
ORD000396,2024-09-05,C01488,Harper Patel,harper.patel1488@example.com,Canada,Ontario,P023,Dumbbell Set,SPORTS,Fitness,3,80.83,0.15,206.12,135.87,70.25,Credit Card,Mobile,Website,Shipped,0
ORD000397,2026-07-22,C00475,Olivia Lee,olivia.lee475@example.com,Germany,Bavaria,P017,Air Fryer,HOME & KITCHEN,Appliances,2,134.15,0.25,201.23,181.18,20.05,Paypal,Mobile,Website,Processing,0
ORD000398,2025-02-07,C00550,Harper Johnson,harper.johnson550@example.com,Uk,Scotland,P024,Football,SPORTS,Outdoor,1,31.91,0,31.91,15.33,16.58,Credit Card,Desktop,Website,Delivered,3
ORD000399,2024-08-19,C00152,Owen Lewis,owen.lewis152@example.com,Usa,Florida,P034,Building Blocks,TOYS,Educational,2,32.98,0.05,62.66,31.79,30.87,Paypal,Tablet,Mobile App,Delivered,5
ORD000400,2026-04-30,C01493,Noah Garcia,noah.garcia1493@example.com,Canada,Alberta,P025,Cycling Helmet,SPORTS,Outdoor,2,69.56,0,139.12,78.85,60.27,Paypal,Desktop,Website,Delivered,4
ORD000401,2025-10-10,C00200,Amelia Wilson,amelia.wilson200@example.com,France,Occitanie,P009,Running Shoes,FASHION,Footwear,1,65.47,0.1,58.92,35.01,23.91,Paypal,Desktop,Website,Shipped,0
ORD000402,2024-08-05,C01768,Mia Garcia,mia.garcia1768@example.com,Germany,Berlin,P028,Moisturizer,BEAUTY,Skin Care,2,25.25,0.05,47.97,20.3,27.67,Paypal,Tablet,Website,Delivered,4
ORD000403,2024-10-28,C01180,Ava Brown,ava.brown1180@example.com,Uk,Wales,P029,Hair Dryer,BEAUTY,Hair Care,1,52.35,0.05,49.73,29.15,20.58,Credit Card,Mobile,Marketplace,Delivered,1
ORD000404,2025-08-27,C00722,Evelyn Wilson,evelyn.wilson722@example.com,France,Occitanie,P029,Hair Dryer,BEAUTY,Hair Care,2,55.34,0.1,99.61,60.12,39.49,Debit Card,Desktop,Website,Delivered,5
ORD000405,2024-07-13,C01499,Ethan Lewis,ethan.lewis1499@example.com,Uk,Scotland,P010,Casual Sneakers,FASHION,Footwear,4,56.14,0,224.56,120.08,104.48,Credit Card,Mobile,Website,Shipped,0
ORD000406,2024-11-07,C00161,Evelyn Williams,evelyn.williams161@example.com,Australia,Queensland,P001,Wireless Headphones,ELECTRONICS,Audio,1,82.33,0.1,74.1,49.34,24.76,Cash On Delivery,Desktop,Marketplace,Cancelled,0
ORD000407,2025-02-14,C00450,Zoe Walker,zoe.walker450@example.com,Uk,England,P029,Hair Dryer,BEAUTY,Hair Care,3,50.62,0,151.86,86.41,65.45,Paypal,Mobile,Marketplace,Delivered,3
ORD000408,2026-01-17,C01310,Nora Wilson,nora.wilson1310@example.com,Usa,California,P032,Data Analytics Book,BOOKS,Education,4,43.45,0,173.8,78.51,95.29,Debit Card,Mobile,Website,Processing,0
ORD000409,2025-07-29,C00846,Jack Hall,jack.hall846@example.com,Usa,New York,P006,Mechanical Keyboard,ELECTRONICS,Computers,2,87.57,0.25,131.35,108.96,22.39,Credit Card,Mobile,Website,Delivered,5
ORD000410,2025-12-28,C00049,Daniel Hall,daniel.hall49@example.com,Uae,Dubai,P021,Desk Lamp,HOME & KITCHEN,Lighting,1,32.23,0.1,29.01,16.54,12.47,Credit Card,Desktop,Website,Delivered,4
ORD000411,2024-12-24,C00752,Ava Taylor,ava.taylor752@example.com,Australia,Victoria,P029,Hair Dryer,BEAUTY,Hair Care,1,53.91,0,53.91,30.73,23.18,Credit Card,Desktop,Mobile App,Delivered,5
ORD000412,2026-06-11,C00945,Elijah Lewis,elijah.lewis945@example.com,Uk,Scotland,P021,Desk Lamp,HOME & KITCHEN,Lighting,1,35.81,0.05,34.02,18.44,15.58,Credit Card,Mobile,Website,Cancelled,0
ORD000413,2026-01-16,C01514,Liam Martin,liam.martin1514@example.com,Usa,California,P007,Wireless Mouse,ELECTRONICS,Computers,3,38.78,0.1,104.71,57.15,47.56,Bank Transfer,Mobile,Marketplace,Delivered,5
ORD000414,2024-12-17,C01534,Zoe Moore,zoe.moore1534@example.com,Australia,Queensland,P020,Storage Boxes,HOME & KITCHEN,Storage,1,27.52,0,27.52,13.35,14.17,Debit Card,Mobile,Website,Delivered,5
ORD000415,2025-05-17,C00988,Charlotte Taylor,charlotte.taylor988@example.com,Australia,Queensland,P012,Cotton T-Shirt,FASHION,Apparel,1,18.43,0.25,13.82,8.56,5.26,Paypal,Desktop,Mobile App,Processing,0
ORD000416,2025-06-08,C01365,Mia Johnson,missing@example.com,India,Maharashtra,P017,Air Fryer,HOME & KITCHEN,Appliances,1,110.84,0.1,99.76,73.67,26.09,Paypal,Desktop,Website,Shipped,0
ORD000417,2025-03-05,C01640,Elijah Smith,elijah.smith1640@example.com,France,Provence,P035,Remote Control Car,TOYS,Vehicles,2,46.49,0,92.98,51.45,41.53,Credit Card,Desktop,Mobile App,Delivered,4
ORD000418,2025-04-13,C00793,Ava Clark,ava.clark793@example.com,Usa,Florida,P002,Bluetooth Speaker,ELECTRONICS,Audio,1,52.93,0.15,44.99,31.73,13.26,Debit Card,Tablet,Marketplace,Delivered,2
ORD000419,2025-04-29,C00273,Chloe Lee,chloe.lee273@example.com,Usa,Florida,P022,Yoga Mat,SPORTS,Fitness,1,23.3,0.15,19.8,10.98,8.82,Debit Card,Mobile,Marketplace,Delivered,5
ORD000420,2026-06-14,C01538,Isabella Williams,isabella.williams1538@example.com,Uae,Dubai,P012,Cotton T-Shirt,FASHION,Apparel,1,21.35,0,21.35,9.56,11.79,Credit Card,Mobile,Website,Delivered,4
ORD000421,2024-10-04,C00186,Grace Moore,grace.moore186@example.com,Usa,California,P034,Building Blocks,TOYS,Educational,2,34.24,0,68.48,33.63,34.85,Credit Card,Desktop,Marketplace,Delivered,4
ORD000422,2024-11-27,C00352,Sophia King,sophia.king352@example.com,Usa,Florida,P017,Air Fryer,HOME & KITCHEN,Appliances,3,121.71,0,365.13,230.23,134.9,Debit Card,Desktop,Website,Cancelled,0
ORD000423,2025-11-01,C00656,Ava Moore,ava.moore656@example.com,France,Ile-de-France,P030,Perfume,BEAUTY,Fragrance,3,73.59,0,220.77,112.93,107.84,Debit Card,Mobile,Mobile App,Delivered,4
ORD000424,2024-05-19,C00465,Liam Thomas,liam.thomas465@example.com,Usa,Florida,P026,Water Bottle,SPORTS,Accessories,3,20.05,0.2,48.12,25.63,22.49,Credit Card,Desktop,Social Commerce,Shipped,0
ORD000425,2026-06-03,C00983,Ava Martin,ava.martin983@example.com,India,Karnataka,P009,Running Shoes,FASHION,Footwear,1,65.46,0.1,58.91,36.45,22.46,Credit Card,Desktop,Website,Delivered,5
ORD000426,2024-12-29,C00303,Lucas Wilson,lucas.wilson303@example.com,Germany,Saxony,P033,Cookbook,BOOKS,Lifestyle,1,28.02,0,28.02,12.41,15.61,Bank Transfer,Desktop,Website,Shipped,0
ORD000427,2025-03-04,C00925,Nora Anderson,nora.anderson925@example.com,Australia,Western Australia,P001,Wireless Headphones,ELECTRONICS,Audio,1,77.13,0,77.13,48.06,29.07,Debit Card,Desktop,Mobile App,Delivered,2
ORD000428,2025-05-26,C00539,Isabella Moore,isabella.moore539@example.com,Uk,England,P035,Remote Control Car,TOYS,Vehicles,1,44.42,0.1,39.98,24.5,15.48,Credit Card,Desktop,Mobile App,Delivered,5
ORD000429,2024-10-04,C00538,Nora Anderson,nora.anderson538@example.com,France,Ile-de-France,P003,Smart Watch,ELECTRONICS,Wearables,1,132.69,0.05,126.06,89.78,36.28,Credit Card,Mobile,Website,Delivered,5
ORD000430,2025-05-10,C00355,Liam King,liam.king355@example.com,Germany,Berlin,P026,Water Bottle,SPORTS,Accessories,2,17.82,0.25,26.73,15.08,11.65,Credit Card,Mobile,Website,Delivered,4
ORD000431,2024-07-01,C01452,Leo Hall,leo.hall1452@example.com,Uae,Sharjah,P024,Football,SPORTS,Outdoor,2,33.19,0.1,59.74,31.2,28.54,Credit Card,Desktop,Website,Delivered,4
ORD000432,2026-05-22,C01387,Jack Clark,jack.clark1387@example.com,Uae,Sharjah,P015,Backpack,FASHION,Bags,3,52.53,0.05,149.71,85.47,64.24,Paypal,Desktop,Marketplace,Delivered,5
ORD000433,2026-02-28,C00464,Ava Walker,ava.walker464@example.com,Australia,New South Wales,P005,Laptop Stand,ELECTRONICS,Accessories,2,39.13,0.05,74.35,39.31,35.04,Credit Card,Desktop,Mobile App,Processing,0
ORD000434,2024-02-11,C01210,Leo Martin,leo.martin1210@example.com,Uae,Sharjah,P015,Backpack,FASHION,Bags,2,50.35,0,100.7,51.32,49.38,Credit Card,Desktop,Website,Delivered,3
ORD000435,2026-05-03,C01275,Chloe Young,chloe.young1275@example.com,Uae,Sharjah,P007,Wireless Mouse,ELECTRONICS,Computers,2,38.32,0,76.64,39.75,36.89,Debit Card,Desktop,Website,Delivered,4
ORD000436,2026-04-02,C00134,Olivia Hall,olivia.hall134@example.com,India,Maharashtra,P021,Desk Lamp,HOME & KITCHEN,Lighting,2,33.78,0.1,60.8,33.41,27.39,Credit Card,Mobile,Website,Delivered,5
ORD000437,2024-08-09,C00933,Daniel Brown,daniel.brown933@example.com,Canada,British Columbia,P030,Perfume,BEAUTY,Fragrance,1,67.69,0,67.69,34.6,33.09,Paypal,Tablet,Mobile App,Delivered,3
ORD000438,2025-10-05,C00655,Sophia Patel,sophia.patel655@example.com,Australia,Victoria,P010,Casual Sneakers,FASHION,Footwear,1,55.46,0,55.46,29.34,26.12,Debit Card,Desktop,Website,Delivered,5
ORD000439,2026-03-05,C00045,Aria Martin,aria.martin45@example.com,Canada,Alberta,P001,Wireless Headphones,ELECTRONICS,Audio,1,84.29,0,84.29,51.6,32.69,Credit Card,Mobile,Mobile App,Returned,4
ORD000440,2024-05-08,C01232,Emma Garcia,emma.garcia1232@example.com,Germany,Bavaria,P023,Dumbbell Set,SPORTS,Fitness,1,81.98,0.1,73.78,46.8,26.98,Cash On Delivery,Desktop,Mobile App,Delivered,5
ORD000441,2026-04-04,C00288,Chloe Wilson,chloe.wilson288@example.com,Germany,Saxony,P035,Remote Control Car,TOYS,Vehicles,2,46.16,0.2,73.86,54.65,19.21,Debit Card,Mobile,Website,Delivered,4
ORD000442,2025-09-27,C00263,Amelia Wright,amelia.wright263@example.com,France,Normandy,P032,Data Analytics Book,BOOKS,Education,2,48.38,0,96.76,45.25,51.51,Credit Card,Desktop,Website,Shipped,0
ORD000443,2024-06-12,C00920,Evelyn Young,evelyn.young920@example.com,India,Maharashtra,P033,Cookbook,BOOKS,Lifestyle,2,27.86,0.05,52.93,24.82,28.11,Paypal,Desktop,Mobile App,Delivered,4
ORD000444,2025-09-02,C00857,Adam Martin,adam.martin857@example.com,Germany,Saxony,P036,Puzzle 1000pc,TOYS,Games,2,19.01,0.2,30.42,16.88,13.54,Cash On Delivery,Mobile,Website,Delivered,5
ORD000445,2024-10-10,C00022,Nora King,nora.king22@example.com,Germany,Saxony,P011,Denim Jacket,FASHION,Outerwear,2,70.1,0.15,119.17,80.75,38.42,Debit Card,Mobile,Mobile App,Delivered,5
ORD000446,2025-06-28,C00233,Nora Hall,nora.hall233@example.com,India,Delhi,P021,Desk Lamp,HOME & KITCHEN,Lighting,2,36.56,0.15,62.15,36.14,26.01,Debit Card,Mobile,Website,Delivered,5
ORD000447,2024-12-18,C01042,Aarav King,aarav.king1042@example.com,France,Normandy,P033,Cookbook,BOOKS,Lifestyle,1,28.17,0.05,26.76,13.1,13.66,Debit Card,Mobile,Mobile App,Shipped,0
ORD000448,2025-11-09,C00434,Aarav Walker,aarav.walker434@example.com,Uk,England,P035,Remote Control Car,TOYS,Vehicles,2,48.4,0.25,72.6,54.67,17.93,Credit Card,Mobile,Website,Delivered,4
ORD000449,2024-07-14,C00630,Sophia Garcia,sophia.garcia630@example.com,Usa,Illinois,P030,Perfume,BEAUTY,Fragrance,1,77.1,0.05,73.24,41.31,31.93,Credit Card,Mobile,Mobile App,Delivered,5
ORD000450,2024-11-09,C00640,Nora Clark,nora.clark640@example.com,France,Provence,P031,Novel Set,BOOKS,Fiction,2,42.98,0.1,77.36,44.4,32.96,Debit Card,Tablet,Mobile App,Delivered,4
ORD000451,2025-08-09,C00667,James Williams,james.williams667@example.com,Canada,Alberta,P029,Hair Dryer,BEAUTY,Hair Care,2,53.04,0.05,100.78,59.85,40.93,Paypal,Mobile,Website,Delivered,3
ORD000452,2024-04-03,C00641,Mia Lee,mia.lee641@example.com,Uae,Sharjah,P020,Storage Boxes,HOME & KITCHEN,Storage,2,27.64,0.05,52.52,27.01,25.51,Cash On Delivery,Desktop,Website,Delivered,3
ORD000453,2024-08-01,C00540,Nora Young,nora.young540@example.com,India,Delhi,P035,Remote Control Car,TOYS,Vehicles,3,49.53,0.1,133.73,82.16,51.57,Debit Card,Mobile,Marketplace,Shipped,0
ORD000454,2026-02-19,C01105,Mia Wright,mia.wright1105@example.com,Usa,California,P022,Yoga Mat,SPORTS,Fitness,3,26.73,0.1,72.17,37.98,34.19,Debit Card,Desktop,Marketplace,Delivered,4
ORD000455,2025-01-25,C01496,Adam Brown,adam.brown1496@example.com,France,Occitanie,P031,Novel Set,BOOKS,Fiction,1,41.33,0,41.33,20.02,21.31,Debit Card,Tablet,Website,Delivered,5
ORD000456,2025-03-18,C00585,Aria Smith,aria.smith585@example.com,Germany,Saxony,P009,Running Shoes,FASHION,Footwear,1,75.05,0,75.05,42.31,32.74,Debit Card,Desktop,Social Commerce,Delivered,2
ORD000457,2024-04-30,C00158,Liam Hall,liam.hall158@example.com,India,Gujarat,P015,Backpack,FASHION,Bags,5,53.12,0.05,252.32,142.75,109.57,Debit Card,Mobile,Website,Delivered,4
ORD000458,2025-06-06,C01390,Mia Wright,mia.wright1390@example.com,Germany,Berlin,P019,Knife Set,HOME & KITCHEN,Cookware,2,61.75,0.2,98.8,70.41,28.39,Paypal,Mobile,Website,Delivered,3
ORD000459,2026-02-01,C00930,Olivia Patel,olivia.patel930@example.com,Australia,Victoria,P019,Knife Set,HOME & KITCHEN,Cookware,1,57.35,0.1,51.62,32.24,19.38,Credit Card,Mobile,Marketplace,Processing,0
ORD000460,2024-07-29,C00181,Isabella Lee,isabella.lee181@example.com,India,Delhi,P035,Remote Control Car,TOYS,Vehicles,2,46.78,0.15,79.53,53.58,25.95,Cash On Delivery,Mobile,Mobile App,Delivered,4
ORD000461,2026-02-13,C00977,Emma Garcia,emma.garcia977@example.com,France,Provence,P021,Desk Lamp,HOME & KITCHEN,Lighting,1,35.73,0,35.73,17.25,18.48,Paypal,Mobile,Mobile App,Returned,5
ORD000462,2025-12-22,C00679,Ethan King,ethan.king679@example.com,Canada,Ontario,P011,Denim Jacket,FASHION,Outerwear,2,76.09,0,152.18,90.09,62.09,Paypal,Mobile,Mobile App,Processing,0
ORD000463,2024-04-09,C00687,Sophia Walker,sophia.walker687@example.com,France,Occitanie,P024,Football,SPORTS,Outdoor,6,29.24,0.05,166.67,82.03,84.64,Debit Card,Mobile,Website,Delivered,3
ORD000464,2026-01-02,C00876,Zoe Young,zoe.young876@example.com,Australia,Queensland,P006,Mechanical Keyboard,ELECTRONICS,Computers,2,93.81,0,187.62,114.12,73.5,Credit Card,Tablet,Mobile App,Delivered,4
ORD000465,2026-01-25,C00387,Noah Taylor,noah.taylor387@example.com,Uae,Abu Dhabi,P009,Running Shoes,FASHION,Footwear,1,75.11,0.05,71.35,42.95,28.4,Cash On Delivery,Mobile,Marketplace,Delivered,1
ORD000466,2026-01-26,C00071,Emma Smith,emma.smith71@example.com,Usa,Illinois,P023,Dumbbell Set,SPORTS,Fitness,1,89.25,0.1,80.33,51.05,29.28,Debit Card,Tablet,Marketplace,Returned,5
ORD000467,2024-09-30,C00351,Harper Patel,harper.patel351@example.com,India,Tamil Nadu,P015,Backpack,FASHION,Bags,5,48.57,0,242.85,127.55,115.3,Bank Transfer,Mobile,Website,Delivered,5
ORD000468,2024-02-21,C00326,Jack Wright,jack.wright326@example.com,France,Provence,P011,Denim Jacket,FASHION,Outerwear,2,78.38,0,156.76,87.02,69.74,Debit Card,Desktop,Website,Delivered,5
ORD000469,2025-06-04,C00413,Olivia Taylor,olivia.taylor413@example.com,Canada,Ontario,P018,Non-stick Pan,HOME & KITCHEN,Cookware,1,32.43,0.1,29.19,16.83,12.36,Credit Card,Mobile,Marketplace,Delivered,3
ORD000470,2024-03-12,C01652,Daniel King,daniel.king1652@example.com,India,Maharashtra,P033,Cookbook,BOOKS,Lifestyle,1,31.46,0.1,28.31,14.22,14.09,Credit Card,Mobile,Website,Delivered,3
ORD000471,2026-01-20,C01315,Nora Wright,nora.wright1315@example.com,Germany,Berlin,P017,Air Fryer,HOME & KITCHEN,Appliances,1,120.72,0,120.72,81.09,39.63,Credit Card,Tablet,Website,Delivered,3
ORD000472,2024-07-10,C00807,Aria Walker,aria.walker807@example.com,Canada,Quebec,P001,Wireless Headphones,ELECTRONICS,Audio,1,86.09,0.05,81.79,54.2,27.59,Cash On Delivery,Mobile,Social Commerce,Cancelled,0
ORD000473,2024-05-03,C00066,Noah Garcia,noah.garcia66@example.com,Germany,Hesse,P032,Data Analytics Book,BOOKS,Education,3,42.57,0.1,114.94,57.92,57.02,Credit Card,Desktop,Social Commerce,Delivered,5
ORD000474,2024-03-14,C01524,Leo Thomas,leo.thomas1524@example.com,Australia,New South Wales,P036,Puzzle 1000pc,TOYS,Games,3,21.75,0.1,58.73,27.42,31.31,Paypal,Mobile,Website,Delivered,2
ORD000475,2026-03-16,C01088,Noah Garcia,noah.garcia1088@example.com,India,Maharashtra,P019,Knife Set,HOME & KITCHEN,Cookware,4,63.59,0.25,190.77,144.55,46.22,Cash On Delivery,Mobile,Website,Returned,5
ORD000476,2026-04-13,C01393,Aarav Williams,aarav.williams1393@example.com,France,Ile-de-France,P012,Cotton T-Shirt,FASHION,Apparel,1,21.22,0,21.22,9.17,12.05,Credit Card,Mobile,Mobile App,Delivered,3
ORD000477,2026-05-31,C00400,Charlotte Johnson,charlotte.johnson400@example.com,Uae,Dubai,P016,Coffee Maker,HOME & KITCHEN,Appliances,5,97,0.15,412.25,307.35,104.9,Debit Card,Mobile,Mobile App,Delivered,4
ORD000478,2024-02-23,C01215,Evelyn Moore,evelyn.moore1215@example.com,India,Gujarat,P024,Football,SPORTS,Outdoor,3,31.16,0,93.48,43.51,49.97,Debit Card,Desktop,Website,Delivered,5
ORD000479,2024-03-07,C00403,Harper Moore,missing@example.com,Uk,Scotland,P005,Laptop Stand,ELECTRONICS,Accessories,3,39.21,0.1,105.87,63.32,42.55,Credit Card,Mobile,Social Commerce,Delivered,5
ORD000480,2024-05-23,C01246,Ethan Thomas,ethan.thomas1246@example.com,France,Normandy,P009,Running Shoes,FASHION,Footwear,1,67.22,0.05,63.86,35.61,28.25,Paypal,Mobile,Website,Delivered,4
ORD000481,2025-10-25,C01110,Elijah Patel,elijah.patel1110@example.com,India,Tamil Nadu,P024,Football,SPORTS,Outdoor,1,30.78,0.05,29.24,15.32,13.92,Bank Transfer,Tablet,Website,Delivered,5
ORD000482,2025-12-05,C00486,Henry Clark,henry.clark486@example.com,Australia,New South Wales,P007,Wireless Mouse,ELECTRONICS,Computers,4,34.41,0.1,123.88,71.12,52.76,Credit Card,Desktop,Website,Delivered,3
ORD000483,2024-07-03,C01108,Leo Williams,leo.williams1108@example.com,Usa,Illinois,P020,Storage Boxes,HOME & KITCHEN,Storage,2,28.79,0,57.58,27.86,29.72,Credit Card,Mobile,Mobile App,Cancelled,0
ORD000484,2024-06-11,C01441,Mason Brown,mason.brown1441@example.com,India,Tamil Nadu,P004,USB-C Charger,ELECTRONICS,Accessories,1,25.66,0,25.66,12,13.66,Paypal,Mobile,Mobile App,Cancelled,0
ORD000485,2024-05-04,C01543,Olivia Young,olivia.young1543@example.com,Uk,Scotland,P003,Smart Watch,ELECTRONICS,Wearables,2,133.39,0.05,253.44,173.7,79.74,Credit Card,Mobile,Social Commerce,Delivered,1
ORD000486,2024-07-16,C01530,Ava Clark,ava.clark1530@example.com,Uk,Scotland,P002,Bluetooth Speaker,ELECTRONICS,Audio,3,51.15,0,153.45,90.58,62.87,Debit Card,Tablet,Website,Delivered,4
ORD000487,2024-03-08,C00560,Sophia Smith,sophia.smith560@example.com,Uae,Abu Dhabi,P031,Novel Set,BOOKS,Fiction,2,37.3,0.25,55.95,36.76,19.19,Credit Card,Tablet,Mobile App,Delivered,3
ORD000488,2025-07-01,C00733,Ava King,missing@example.com,India,Maharashtra,P004,USB-C Charger,ELECTRONICS,Accessories,3,24.64,0.05,70.22,34.71,35.51,Credit Card,Desktop,Mobile App,Shipped,0
ORD000489,2025-09-22,C01399,Zoe Johnson,zoe.johnson1399@example.com,Usa,Texas,P022,Yoga Mat,SPORTS,Fitness,2,26.6,0.1,47.88,25.1,22.78,Cash On Delivery,Mobile,Mobile App,Delivered,5
ORD000490,2024-06-21,C01134,Nora Moore,nora.moore1134@example.com,India,Karnataka,P015,Backpack,FASHION,Bags,1,51.34,0.1,46.21,26.39,19.82,Paypal,Mobile,Marketplace,Delivered,5
ORD000491,2025-05-03,C00275,Nora Smith,nora.smith275@example.com,Germany,Hesse,P035,Remote Control Car,TOYS,Vehicles,1,46.38,0.1,41.74,25.86,15.88,Credit Card,Mobile,Mobile App,Delivered,2
ORD000492,2024-02-16,C00897,Aria King,aria.king897@example.com,Australia,Queensland,P008,Webcam HD,ELECTRONICS,Computers,3,66.15,0.15,168.68,124.03,44.65,Bank Transfer,Mobile,Website,Delivered,5
ORD000493,2026-04-15,C00414,Amelia Wilson,amelia.wilson414@example.com,Australia,Western Australia,P001,Wireless Headphones,ELECTRONICS,Audio,1,80.11,0.25,60.08,50.89,9.19,Paypal,Desktop,Marketplace,Processing,0
ORD000494,2024-06-22,C00095,Daniel Brown,daniel.brown95@example.com,Germany,Berlin,P018,Non-stick Pan,HOME & KITCHEN,Cookware,2,37.98,0.25,56.97,39.14,17.83,Debit Card,Mobile,Website,Returned,4
ORD000495,2024-12-29,C00705,Ethan Lee,ethan.lee705@example.com,Germany,Berlin,P032,Data Analytics Book,BOOKS,Education,2,48.03,0,96.06,45.02,51.04,Credit Card,Desktop,Website,Shipped,0
ORD000496,2025-06-15,C00721,Ava Patel,ava.patel721@example.com,Canada,Ontario,P007,Wireless Mouse,ELECTRONICS,Computers,1,36,0.05,34.2,17.8,16.4,Paypal,Mobile,Marketplace,Processing,0
ORD000497,2025-06-29,C01728,Isabella Brown,isabella.brown1728@example.com,France,Occitanie,P036,Puzzle 1000pc,TOYS,Games,1,19.18,0.1,17.26,8.24,9.02,Credit Card,Desktop,Mobile App,Delivered,5
ORD000498,2025-01-09,C00481,Noah Johnson,noah.johnson481@example.com,Uae,Dubai,P009,Running Shoes,FASHION,Footwear,2,72.25,0.1,130.05,82.1,47.95,Credit Card,Desktop,Website,Delivered,5
ORD000499,2025-05-14,C00786,Nora Thomas,missing@example.com,Australia,New South Wales,P026,Water Bottle,SPORTS,Accessories,3,16.85,0.05,48.02,20.94,27.08,Paypal,Mobile,Website,Delivered,4
ORD000500,2024-11-06,C00855,Leo Wright,leo.wright855@example.com,India,Delhi,P012,Cotton T-Shirt,FASHION,Apparel,1,20.85,0.2,16.68,9.67,7.01,Credit Card,Mobile,Mobile App,Shipped,0
ORD000501,2025-01-22,C01704,Jack Hall,jack.hall1704@example.com,France,Normandy,P031,Novel Set,BOOKS,Fiction,2,42.32,0,84.64,41.07,43.57,Bank Transfer,Desktop,Marketplace,Delivered,5
ORD000502,2026-04-25,C00514,Elijah King,elijah.king514@example.com,India,Delhi,P006,Mechanical Keyboard,ELECTRONICS,Computers,2,90.41,0.1,162.74,116.35,46.39,Debit Card,Desktop,Website,Delivered,3
ORD000503,2026-05-11,C00423,Sophia Smith,sophia.smith423@example.com,Canada,Alberta,P021,Desk Lamp,HOME & KITCHEN,Lighting,2,30.49,0,60.98,30.53,30.45,Credit Card,Desktop,Marketplace,Delivered,4
ORD000504,2025-01-11,C01055,Ava Lewis,ava.lewis1055@example.com,Uae,Sharjah,P001,Wireless Headphones,ELECTRONICS,Audio,2,79.25,0,158.5,95.27,63.23,Paypal,Desktop,Mobile App,Delivered,5
ORD000505,2025-01-18,C00563,Lucas Lewis,lucas.lewis563@example.com,Australia,Western Australia,P034,Building Blocks,TOYS,Educational,1,34.12,0.05,32.41,17.23,15.18,Credit Card,Mobile,Mobile App,Delivered,4
ORD000506,2025-08-23,C01318,Olivia Taylor,olivia.taylor1318@example.com,Germany,Hesse,P016,Coffee Maker,HOME & KITCHEN,Appliances,1,89.63,0,89.63,54.52,35.11,Paypal,Desktop,Mobile App,Delivered,2
ORD000507,2025-12-22,C00347,James Wright,james.wright347@example.com,Uk,Scotland,P020,Storage Boxes,HOME & KITCHEN,Storage,1,27.03,0.15,22.98,13.59,9.39,Paypal,Desktop,Website,Delivered,3
ORD000508,2026-05-04,C01063,James Martin,james.martin1063@example.com,Uae,Sharjah,P036,Puzzle 1000pc,TOYS,Games,1,18.76,0.2,15.01,7.83,7.18,Cash On Delivery,Desktop,Website,Delivered,3
ORD000509,2026-04-03,C00013,Lucas Garcia,lucas.garcia13@example.com,Canada,Alberta,P016,Coffee Maker,HOME & KITCHEN,Appliances,2,94.91,0.05,180.33,121.24,59.09,Cash On Delivery,Mobile,Mobile App,Delivered,5
ORD000510,2024-03-12,C00415,Mason Patel,mason.patel415@example.com,Uae,Abu Dhabi,P015,Backpack,FASHION,Bags,1,47.6,0.05,45.22,24.66,20.56,Bank Transfer,Desktop,Mobile App,Delivered,5
ORD000511,2024-03-17,C01523,Zoe Brown,zoe.brown1523@example.com,Usa,California,P023,Dumbbell Set,SPORTS,Fitness,1,86.27,0,86.27,48.76,37.51,Debit Card,Desktop,Website,Delivered,1
ORD000512,2025-10-25,C00295,Henry Smith,henry.smith295@example.com,Uae,Abu Dhabi,P016,Coffee Maker,HOME & KITCHEN,Appliances,2,88.04,0,176.08,111.91,64.17,Credit Card,Mobile,Marketplace,Delivered,5
ORD000513,2025-07-28,C00918,Owen Walker,owen.walker918@example.com,Uk,Wales,P022,Yoga Mat,SPORTS,Fitness,1,23.65,0.15,20.1,11.21,8.89,Credit Card,Mobile,Website,Delivered,4
ORD000514,2026-03-14,C00950,Grace Walker,grace.walker950@example.com,Germany,Saxony,P021,Desk Lamp,HOME & KITCHEN,Lighting,2,35.34,0.1,63.61,35.77,27.84,Credit Card,Mobile,Website,Cancelled,0
ORD000515,2025-03-23,C00664,Liam Lee,liam.lee664@example.com,India,Tamil Nadu,P001,Wireless Headphones,ELECTRONICS,Audio,1,80.28,0.15,68.24,49.5,18.74,Paypal,Mobile,Website,Processing,0
ORD000516,2024-04-03,C00327,Henry Taylor,henry.taylor327@example.com,France,Ile-de-France,P035,Remote Control Car,TOYS,Vehicles,1,45.91,0.25,34.43,26.03,8.4,Credit Card,Mobile,Marketplace,Delivered,5
ORD000517,2026-07-26,C01369,Grace Patel,grace.patel1369@example.com,India,Gujarat,P029,Hair Dryer,BEAUTY,Hair Care,1,52.71,0.15,44.8,29.51,15.29,Credit Card,Desktop,Website,Delivered,3
ORD000518,2024-01-24,C00983,Ava Martin,ava.martin983@example.com,Usa,Florida,P014,Leather Wallet,FASHION,Accessories,1,29.35,0.15,24.95,14.1,10.85,Credit Card,Mobile,Website,Delivered,5
ORD000519,2024-05-01,C00186,Grace Moore,grace.moore186@example.com,Canada,Alberta,P009,Running Shoes,FASHION,Footwear,1,67.12,0.1,60.41,35.82,24.59,Paypal,Mobile,Website,Delivered,4
ORD000520,2025-10-02,C01352,Elijah Young,elijah.young1352@example.com,France,Occitanie,P036,Puzzle 1000pc,TOYS,Games,2,18.85,0,37.7,16.71,20.99,Bank Transfer,Desktop,Mobile App,Delivered,5
ORD000521,2026-01-16,C00270,Ava Smith,ava.smith270@example.com,Uae,Abu Dhabi,P030,Perfume,BEAUTY,Fragrance,3,77.68,0.25,174.78,121.31,53.47,Credit Card,Tablet,Mobile App,Delivered,4
ORD000522,2024-03-28,C00136,Ava Wright,ava.wright136@example.com,Australia,Western Australia,P033,Cookbook,BOOKS,Lifestyle,1,29.66,0,29.66,14.13,15.53,Cash On Delivery,Desktop,Mobile App,Delivered,5
ORD000523,2025-06-24,C01007,Zoe Thomas,zoe.thomas1007@example.com,Uae,Abu Dhabi,P035,Remote Control Car,TOYS,Vehicles,2,43.53,0.25,65.3,48.68,16.62,Debit Card,Desktop,Mobile App,Returned,5
ORD000524,2025-02-01,C00974,Evelyn Taylor,evelyn.taylor974@example.com,Uae,Abu Dhabi,P031,Novel Set,BOOKS,Fiction,2,38.02,0.05,72.24,37.26,34.98,Credit Card,Mobile,Marketplace,Delivered,4
ORD000525,2025-08-30,C00808,Ethan Patel,ethan.patel808@example.com,France,Ile-de-France,P003,Smart Watch,ELECTRONICS,Wearables,1,139.07,0.05,132.12,93.27,38.85,Credit Card,Mobile,Website,Delivered,4
ORD000526,2024-08-18,C01103,Aria Lee,aria.lee1103@example.com,France,Occitanie,P023,Dumbbell Set,SPORTS,Fitness,1,82.34,0,82.34,46.78,35.56,Paypal,Mobile,Mobile App,Shipped,0
ORD000527,2024-08-19,C00831,Henry Walker,henry.walker831@example.com,Uae,Dubai,P025,Cycling Helmet,SPORTS,Outdoor,1,62.36,0.1,56.12,36.32,19.8,Debit Card,Mobile,Website,Returned,5
ORD000528,2025-07-14,C01610,Mason Thomas,mason.thomas1610@example.com,Germany,Berlin,P005,Laptop Stand,ELECTRONICS,Accessories,2,43.82,0.1,78.88,45.55,33.33,Credit Card,Desktop,Website,Delivered,4
ORD000529,2025-11-07,C01603,Daniel Moore,daniel.moore1603@example.com,Uk,Wales,P007,Wireless Mouse,ELECTRONICS,Computers,5,34.03,0.05,161.64,81.94,79.7,Credit Card,Mobile,Website,Delivered,3
ORD000530,2026-02-09,C00982,Elijah Wright,elijah.wright982@example.com,France,Normandy,P008,Webcam HD,ELECTRONICS,Computers,2,56.89,0,113.78,67.89,45.89,Credit Card,Mobile,Website,Delivered,4
ORD000531,2025-02-27,C00971,Emma Smith,emma.smith971@example.com,Uae,Dubai,P026,Water Bottle,SPORTS,Accessories,6,16.66,0.15,84.97,43.5,41.47,Credit Card,Mobile,Website,Returned,5
ORD000532,2025-07-20,C01597,Evelyn Williams,evelyn.williams1597@example.com,Australia,New South Wales,P015,Backpack,FASHION,Bags,2,52.95,0.05,100.61,56.8,43.81,Debit Card,Mobile,Website,Delivered,5
ORD000533,2026-05-01,C00363,Chloe Clark,chloe.clark363@example.com,Australia,Western Australia,P026,Water Bottle,SPORTS,Accessories,1,18.45,0,18.45,8.1,10.35,Debit Card,Desktop,Website,Delivered,3
ORD000534,2025-10-30,C00353,Leo Garcia,leo.garcia353@example.com,Uae,Dubai,P025,Cycling Helmet,SPORTS,Outdoor,3,68.72,0,206.16,117.55,88.61,Debit Card,Mobile,Marketplace,Delivered,5
ORD000535,2026-07-09,C01743,Aarav Moore,aarav.moore1743@example.com,Uae,Dubai,P024,Football,SPORTS,Outdoor,1,28.54,0,28.54,13.16,15.38,Bank Transfer,Mobile,Website,Cancelled,0
ORD000536,2024-09-21,C01602,Mia Moore,mia.moore1602@example.com,India,Karnataka,P010,Casual Sneakers,FASHION,Footwear,1,58.92,0.25,44.19,31.42,12.77,Debit Card,Mobile,Website,Delivered,5
ORD000537,2024-03-08,C01371,Leo Johnson,leo.johnson1371@example.com,Uk,Scotland,P011,Denim Jacket,FASHION,Outerwear,1,75.56,0,75.56,43.85,31.71,Paypal,Tablet,Mobile App,Delivered,4
ORD000538,2026-04-17,C00745,Layla Moore,layla.moore745@example.com,Usa,New York,P009,Running Shoes,FASHION,Footwear,1,66.02,0,66.02,37.63,28.39,Credit Card,Mobile,Marketplace,Processing,0
ORD000539,2024-08-17,C01343,Aria Williams,aria.williams1343@example.com,Germany,Berlin,P024,Football,SPORTS,Outdoor,3,33.37,0.1,90.1,46.28,43.82,Credit Card,Mobile,Website,Delivered,5
ORD000540,2025-03-06,C01754,Sophia Young,sophia.young1754@example.com,Uk,Scotland,P035,Remote Control Car,TOYS,Vehicles,1,46.5,0.1,41.85,26.33,15.52,Bank Transfer,Desktop,Website,Delivered,5
ORD000541,2025-11-02,C01233,Harper Thomas,harper.thomas1233@example.com,Australia,Western Australia,P021,Desk Lamp,HOME & KITCHEN,Lighting,3,34.5,0.25,77.62,51.99,25.63,Credit Card,Mobile,Website,Delivered,3
ORD000542,2025-05-21,C00813,Layla Lee,layla.lee813@example.com,Canada,British Columbia,P036,Puzzle 1000pc,TOYS,Games,1,19.53,0.05,18.55,8.54,10.01,Paypal,Mobile,Marketplace,Shipped,0
ORD000543,2025-08-10,C01235,Jack Lee,jack.lee1235@example.com,Usa,New York,P036,Puzzle 1000pc,TOYS,Games,1,18.77,0,18.77,7.87,10.9,Paypal,Mobile,Website,Cancelled,0
ORD000544,2024-02-07,C00421,Ava Moore,ava.moore421@example.com,India,Gujarat,P032,Data Analytics Book,BOOKS,Education,6,41.95,0.1,226.53,115.81,110.72,Debit Card,Desktop,Website,Delivered,5
ORD000545,2025-08-18,C00380,Emma Walker,emma.walker380@example.com,Canada,Ontario,P017,Air Fryer,HOME & KITCHEN,Appliances,2,120.69,0.05,229.31,159.5,69.81,Cash On Delivery,Desktop,Marketplace,Delivered,5
ORD000546,2024-12-06,C01491,Sophia Taylor,missing@example.com,Usa,New York,P009,Running Shoes,FASHION,Footwear,2,69.11,0.05,131.31,77.54,53.77,Paypal,Mobile,Mobile App,Delivered,5
ORD000547,2026-04-01,C00540,Nora Young,nora.young540@example.com,Usa,California,P017,Air Fryer,HOME & KITCHEN,Appliances,3,127.22,0.05,362.58,257.42,105.16,Paypal,Desktop,Marketplace,Delivered,5
ORD000548,2026-01-06,C01075,Ethan Young,missing@example.com,Usa,Illinois,P009,Running Shoes,FASHION,Footwear,2,70.98,0,141.96,76.82,65.14,Credit Card,Mobile,Website,Shipped,0
ORD000549,2025-08-08,C01617,Liam Smith,missing@example.com,Uk,Scotland,P028,Moisturizer,BEAUTY,Skin Care,4,23.1,0.05,87.78,38.07,49.71,Cash On Delivery,Tablet,Marketplace,Delivered,5
ORD000550,2025-10-08,C00495,Jack Clark,jack.clark495@example.com,Germany,Saxony,P031,Novel Set,BOOKS,Fiction,3,44.5,0.2,106.8,66.97,39.83,Debit Card,Mobile,Mobile App,Delivered,2
ORD000551,2025-02-20,C00965,Amelia Young,amelia.young965@example.com,France,Ile-de-France,P030,Perfume,BEAUTY,Fragrance,2,71.83,0,143.66,76.59,67.07,Paypal,Desktop,Mobile App,Delivered,3
ORD000552,2024-06-01,C00038,Mason Moore,mason.moore38@example.com,Uae,Sharjah,P034,Building Blocks,TOYS,Educational,1,37.97,0.25,28.48,19.49,8.99,Cash On Delivery,Mobile,Website,Delivered,4
ORD000553,2025-04-01,C01341,James Lewis,james.lewis1341@example.com,Uk,Scotland,P036,Puzzle 1000pc,TOYS,Games,1,20.93,0.1,18.84,9.07,9.77,Credit Card,Desktop,Mobile App,Delivered,4
ORD000554,2025-07-10,C00188,Charlotte Moore,charlotte.moore188@example.com,Canada,British Columbia,P021,Desk Lamp,HOME & KITCHEN,Lighting,2,33.16,0.2,53.06,34.38,18.68,Debit Card,Tablet,Mobile App,Returned,5
ORD000555,2026-06-17,C01057,Henry Patel,henry.patel1057@example.com,Uk,Wales,P005,Laptop Stand,ELECTRONICS,Accessories,1,38.35,0.15,32.6,19.8,12.8,Debit Card,Mobile,Marketplace,Shipped,0
ORD000556,2024-12-12,C01207,Liam Thomas,liam.thomas1207@example.com,France,Ile-de-France,P025,Cycling Helmet,SPORTS,Outdoor,2,60.24,0.1,108.43,66.39,42.04,Credit Card,Mobile,Mobile App,Shipped,0
ORD000557,2026-02-12,C00058,Noah Wright,noah.wright58@example.com,Canada,British Columbia,P004,USB-C Charger,ELECTRONICS,Accessories,6,26.18,0.1,141.37,72.66,68.71,Credit Card,Mobile,Social Commerce,Delivered,2
ORD000558,2024-11-03,C01157,Zoe Lewis,zoe.lewis1157@example.com,India,Maharashtra,P019,Knife Set,HOME & KITCHEN,Cookware,2,63.38,0,126.76,70.76,56,Cash On Delivery,Mobile,Website,Shipped,0
ORD000559,2025-06-02,C01664,Adam Young,adam.young1664@example.com,Canada,Quebec,P002,Bluetooth Speaker,ELECTRONICS,Audio,1,48.92,0,48.92,29.42,19.5,Paypal,Mobile,Marketplace,Shipped,0
ORD000560,2024-04-08,C00323,Liam Young,liam.young323@example.com,Australia,New South Wales,P006,Mechanical Keyboard,ELECTRONICS,Computers,2,87.04,0,174.08,109.82,64.26,Debit Card,Mobile,Marketplace,Shipped,0
ORD000561,2025-07-17,C01190,Chloe King,chloe.king1190@example.com,Uae,Abu Dhabi,P010,Casual Sneakers,FASHION,Footwear,4,51.59,0.05,196.04,112.14,83.9,Paypal,Mobile,Social Commerce,Delivered,4
ORD000562,2026-04-16,C00152,Owen Lewis,owen.lewis152@example.com,Uk,Wales,P009,Running Shoes,FASHION,Footwear,1,64.75,0.15,55.04,36.92,18.12,Debit Card,Desktop,Website,Delivered,3
ORD000563,2025-04-04,C00934,Grace Taylor,grace.taylor934@example.com,Uk,Wales,P010,Casual Sneakers,FASHION,Footwear,1,61.2,0.15,52.02,32.53,19.49,Debit Card,Mobile,Marketplace,Shipped,0
ORD000564,2026-07-22,C01673,Liam Lee,liam.lee1673@example.com,Usa,Florida,P036,Puzzle 1000pc,TOYS,Games,2,19.77,0.15,33.61,17.64,15.97,Credit Card,Desktop,Website,Delivered,3
ORD000565,2024-02-22,C00575,Ava Thomas,ava.thomas575@example.com,Uk,Wales,P006,Mechanical Keyboard,ELECTRONICS,Computers,3,84.17,0.1,227.26,152.9,74.36,Credit Card,Desktop,Website,Delivered,1
ORD000566,2025-04-18,C00454,Zoe Taylor,zoe.taylor454@example.com,France,Normandy,P015,Backpack,FASHION,Bags,3,46.43,0.1,125.36,72.69,52.67,Debit Card,Tablet,Mobile App,Delivered,2
ORD000567,2026-01-06,C00849,Mason Wilson,mason.wilson849@example.com,Uk,Scotland,P002,Bluetooth Speaker,ELECTRONICS,Audio,2,51.45,0.05,97.75,60.18,37.57,Paypal,Mobile,Website,Delivered,5
ORD000568,2025-06-16,C00188,Charlotte Moore,charlotte.moore188@example.com,Uae,Dubai,P015,Backpack,FASHION,Bags,4,52.69,0,210.76,110.36,100.4,Debit Card,Mobile,Website,Delivered,4
ORD000569,2026-05-18,C01402,Henry Young,henry.young1402@example.com,Uk,England,P030,Perfume,BEAUTY,Fragrance,5,72.23,0.1,325.04,188.84,136.2,Cash On Delivery,Desktop,Mobile App,Processing,0
ORD000570,2025-10-29,C00046,Mia Garcia,mia.garcia46@example.com,Australia,Western Australia,P025,Cycling Helmet,SPORTS,Outdoor,1,72.47,0,72.47,42.74,29.73,Paypal,Mobile,Website,Delivered,5
ORD000571,2026-02-12,C01134,Nora Moore,nora.moore1134@example.com,Australia,New South Wales,P006,Mechanical Keyboard,ELECTRONICS,Computers,1,85.39,0,85.39,55.42,29.97,Credit Card,Desktop,Website,Delivered,5
ORD000572,2025-08-04,C00874,Daniel Moore,daniel.moore874@example.com,Australia,Victoria,P030,Perfume,BEAUTY,Fragrance,4,74.13,0.15,252.04,153.3,98.74,Debit Card,Mobile,Website,Delivered,5
ORD000573,2024-10-05,C00788,Isabella Patel,isabella.patel788@example.com,Canada,Ontario,P007,Wireless Mouse,ELECTRONICS,Computers,3,33.18,0,99.54,51.2,48.34,Bank Transfer,Desktop,Website,Delivered,3
ORD000574,2026-05-22,C01374,Aarav Brown,aarav.brown1374@example.com,Usa,Florida,P035,Remote Control Car,TOYS,Vehicles,1,41.57,0.15,35.33,23.98,11.35,Debit Card,Desktop,Mobile App,Delivered,4
ORD000575,2025-09-23,C01722,Amelia Hall,amelia.hall1722@example.com,France,Provence,P014,Leather Wallet,FASHION,Accessories,2,31.9,0.1,57.42,29.76,27.66,Credit Card,Desktop,Website,Shipped,0
ORD000576,2025-11-23,C00706,Lucas Johnson,lucas.johnson706@example.com,India,Maharashtra,P022,Yoga Mat,SPORTS,Fitness,1,25.83,0,25.83,12.03,13.8,Debit Card,Mobile,Website,Delivered,4
ORD000577,2026-06-04,C00569,Owen Martin,owen.martin569@example.com,Canada,British Columbia,P028,Moisturizer,BEAUTY,Skin Care,2,25.82,0.05,49.06,20.09,28.97,Paypal,Mobile,Website,Delivered,5
ORD000578,2026-06-25,C01531,Nora Garcia,nora.garcia1531@example.com,France,Normandy,P027,Face Serum,BEAUTY,Skin Care,1,36.43,0.25,27.32,15.16,12.16,Credit Card,Desktop,Website,Delivered,4
ORD000579,2024-09-16,C01579,Leo Patel,leo.patel1579@example.com,Uae,Dubai,P019,Knife Set,HOME & KITCHEN,Cookware,1,65.01,0.1,58.51,35.43,23.08,Credit Card,Tablet,Website,Delivered,3
ORD000580,2024-02-17,C01467,Amelia Young,amelia.young1467@example.com,Usa,California,P007,Wireless Mouse,ELECTRONICS,Computers,3,32.47,0.1,87.67,49.57,38.1,Credit Card,Mobile,Marketplace,Delivered,4
ORD000581,2024-06-14,C01640,Elijah Smith,elijah.smith1640@example.com,Usa,New York,P024,Football,SPORTS,Outdoor,1,30.33,0,30.33,15.02,15.31,Debit Card,Desktop,Website,Delivered,4
ORD000582,2026-01-15,C01725,James Anderson,james.anderson1725@example.com,India,Gujarat,P008,Webcam HD,ELECTRONICS,Computers,3,58.64,0,175.92,104.44,71.48,Debit Card,Desktop,Website,Processing,0
ORD000583,2024-02-11,C00692,Chloe Hall,chloe.hall692@example.com,Uae,Dubai,P013,Hoodie,FASHION,Apparel,2,43.88,0.05,83.37,42.63,40.74,Paypal,Mobile,Website,Delivered,4
ORD000584,2024-09-16,C00761,Liam Williams,liam.williams761@example.com,Uae,Dubai,P016,Coffee Maker,HOME & KITCHEN,Appliances,3,94.87,0.05,270.38,169.44,100.94,Debit Card,Desktop,Mobile App,Delivered,4
ORD000585,2024-10-06,C01067,Leo Anderson,leo.anderson1067@example.com,India,Maharashtra,P032,Data Analytics Book,BOOKS,Education,1,41.62,0.2,33.3,19.65,13.65,Debit Card,Mobile,Social Commerce,Delivered,4
ORD000586,2025-06-14,C01413,Sophia Wright,sophia.wright1413@example.com,India,Maharashtra,P017,Air Fryer,HOME & KITCHEN,Appliances,1,116.82,0.2,93.46,74.17,19.29,Paypal,Mobile,Mobile App,Delivered,4
ORD000587,2025-07-18,C01545,Henry Young,henry.young1545@example.com,Australia,Western Australia,P013,Hoodie,FASHION,Apparel,1,46.85,0.2,37.48,23.46,14.02,Cash On Delivery,Mobile,Website,Shipped,0
ORD000588,2024-03-15,C00084,Chloe Lee,chloe.lee84@example.com,Usa,Texas,P012,Cotton T-Shirt,FASHION,Apparel,5,21.19,0,105.95,48.91,57.04,Debit Card,Tablet,Social Commerce,Delivered,3
ORD000589,2024-02-07,C01435,Elijah Thomas,elijah.thomas1435@example.com,India,Karnataka,P003,Smart Watch,ELECTRONICS,Wearables,1,121.64,0.2,97.31,78.91,18.4,Bank Transfer,Desktop,Social Commerce,Delivered,3
ORD000590,2024-07-11,C01762,Emma King,emma.king1762@example.com,France,Normandy,P035,Remote Control Car,TOYS,Vehicles,3,48.89,0.15,124.67,80.52,44.15,Paypal,Mobile,Mobile App,Returned,5
ORD000591,2024-02-29,C01273,Daniel Hall,daniel.hall1273@example.com,Uae,Dubai,P034,Building Blocks,TOYS,Educational,6,33.45,0.1,180.63,97.95,82.68,Debit Card,Desktop,Marketplace,Delivered,4
ORD000592,2026-03-23,C00413,Olivia Taylor,olivia.taylor413@example.com,Australia,New South Wales,P022,Yoga Mat,SPORTS,Fitness,5,23.84,0,119.2,56.58,62.62,Credit Card,Tablet,Marketplace,Cancelled,0
ORD000593,2025-09-24,C01239,Mason Hall,mason.hall1239@example.com,Germany,Bavaria,P005,Laptop Stand,ELECTRONICS,Accessories,1,43.39,0.05,41.22,21.74,19.48,Credit Card,Desktop,Website,Delivered,3
ORD000594,2025-05-06,C01765,Evelyn Martin,evelyn.martin1765@example.com,Canada,Alberta,P008,Webcam HD,ELECTRONICS,Computers,3,60.47,0,181.41,107.03,74.38,Paypal,Desktop,Website,Cancelled,0
ORD000595,2025-06-30,C01765,Evelyn Martin,evelyn.martin1765@example.com,France,Ile-de-France,P030,Perfume,BEAUTY,Fragrance,1,65.54,0.1,58.99,35.44,23.55,Paypal,Tablet,Website,Delivered,5
ORD000596,2025-04-21,C01640,Elijah Smith,elijah.smith1640@example.com,Germany,Berlin,P003,Smart Watch,ELECTRONICS,Wearables,5,121.91,0.1,548.6,413.53,135.07,Credit Card,Mobile,Website,Delivered,4
ORD000597,2024-12-16,C01546,Adam Brown,missing@example.com,Usa,New York,P028,Moisturizer,BEAUTY,Skin Care,2,24.21,0,48.42,19.12,29.3,Bank Transfer,Desktop,Website,Shipped,0
ORD000598,2025-06-13,C01548,Mia Williams,mia.williams1548@example.com,France,Normandy,P024,Football,SPORTS,Outdoor,2,30.57,0,61.14,28.88,32.26,Paypal,Mobile,Mobile App,Delivered,5
ORD000599,2024-05-29,C00294,Chloe Wilson,chloe.wilson294@example.com,France,Ile-de-France,P004,USB-C Charger,ELECTRONICS,Accessories,1,24.04,0.15,20.43,11.86,8.57,Paypal,Mobile,Marketplace,Delivered,4
ORD000600,2024-02-20,C01673,Liam Lee,liam.lee1673@example.com,India,Tamil Nadu,P005,Laptop Stand,ELECTRONICS,Accessories,3,40.84,0.15,104.14,61.45,42.69,Credit Card,Mobile,Mobile App,Delivered,5
ORD000601,2025-03-16,C01773,Layla Patel,layla.patel1773@example.com,Australia,Western Australia,P017,Air Fryer,HOME & KITCHEN,Appliances,1,126.13,0.05,119.82,82.21,37.61,Cash On Delivery,Desktop,Mobile App,Delivered,4
ORD000602,2026-01-22,C01044,Ava Garcia,ava.garcia1044@example.com,Uk,England,P018,Non-stick Pan,HOME & KITCHEN,Cookware,1,36.01,0.15,30.61,17.69,12.92,Paypal,Desktop,Website,Shipped,0
ORD000603,2025-02-10,C01010,Aarav Patel,aarav.patel1010@example.com,India,Karnataka,P019,Knife Set,HOME & KITCHEN,Cookware,4,62.44,0.1,224.78,143.79,80.99,Debit Card,Mobile,Mobile App,Returned,5
ORD000604,2026-05-23,C01472,Noah Moore,noah.moore1472@example.com,Canada,Quebec,P030,Perfume,BEAUTY,Fragrance,4,66.16,0,264.64,136.03,128.61,Credit Card,Desktop,Website,Delivered,5
ORD000605,2026-06-03,C00866,Isabella Lewis,isabella.lewis866@example.com,India,Gujarat,P005,Laptop Stand,ELECTRONICS,Accessories,4,39.44,0.15,134.1,79.93,54.17,Debit Card,Desktop,Social Commerce,Delivered,3
ORD000606,2024-01-16,C00454,Zoe Taylor,zoe.taylor454@example.com,France,Ile-de-France,P032,Data Analytics Book,BOOKS,Education,1,41.43,0,41.43,18.95,22.48,Credit Card,Desktop,Social Commerce,Shipped,0
ORD000607,2026-05-07,C01714,Grace Johnson,grace.johnson1714@example.com,Germany,Hesse,P003,Smart Watch,ELECTRONICS,Wearables,1,139.14,0.05,132.18,89.73,42.45,Cash On Delivery,Mobile,Mobile App,Delivered,3
ORD000608,2025-08-20,C01088,Noah Garcia,noah.garcia1088@example.com,Usa,Texas,P016,Coffee Maker,HOME & KITCHEN,Appliances,4,97.98,0,391.92,234.69,157.23,Credit Card,Desktop,Mobile App,Delivered,4
ORD000609,2024-04-27,C00771,Ethan Patel,ethan.patel771@example.com,Uk,England,P035,Remote Control Car,TOYS,Vehicles,1,50.31,0,50.31,29.2,21.11,Paypal,Desktop,Website,Delivered,5
ORD000610,2026-07-18,C01518,Charlotte Lewis,charlotte.lewis1518@example.com,Canada,Alberta,P011,Denim Jacket,FASHION,Outerwear,1,82.85,0.2,66.28,46.38,19.9,Paypal,Desktop,Website,Delivered,5
ORD000611,2025-11-24,C00375,Owen Clark,owen.clark375@example.com,France,Ile-de-France,P006,Mechanical Keyboard,ELECTRONICS,Computers,6,86.05,0.1,464.67,324.5,140.17,Cash On Delivery,Mobile,Website,Delivered,3
ORD000612,2025-03-13,C00850,Lucas Smith,lucas.smith850@example.com,Canada,Quebec,P002,Bluetooth Speaker,ELECTRONICS,Audio,2,45.99,0,91.98,56.3,35.68,Debit Card,Desktop,Marketplace,Delivered,4
ORD000613,2024-03-02,C01165,Noah Martin,noah.martin1165@example.com,Uk,England,P028,Moisturizer,BEAUTY,Skin Care,2,23.21,0,46.42,17.94,28.48,Debit Card,Mobile,Mobile App,Delivered,5
ORD000614,2025-03-06,C01506,Charlotte Lewis,charlotte.lewis1506@example.com,Uk,Wales,P026,Water Bottle,SPORTS,Accessories,1,19.07,0.25,14.3,8.32,5.98,Credit Card,Mobile,Website,Shipped,0
ORD000615,2024-12-05,C00634,Daniel Lee,daniel.lee634@example.com,France,Ile-de-France,P028,Moisturizer,BEAUTY,Skin Care,6,25.16,0.1,135.86,60.5,75.36,Credit Card,Mobile,Website,Delivered,4
ORD000616,2025-03-26,C00131,Ava Moore,ava.moore131@example.com,India,Tamil Nadu,P004,USB-C Charger,ELECTRONICS,Accessories,1,27.38,0,27.38,13.63,13.75,Debit Card,Tablet,Website,Delivered,4
ORD000617,2026-05-09,C00271,Leo Thomas,leo.thomas271@example.com,Uk,Scotland,P009,Running Shoes,FASHION,Footwear,1,72.75,0.05,69.11,38.87,30.24,Debit Card,Desktop,Website,Processing,0
ORD000618,2026-02-19,C01731,Lucas Moore,lucas.moore1731@example.com,Uae,Dubai,P021,Desk Lamp,HOME & KITCHEN,Lighting,1,32.15,0.15,27.33,15.73,11.6,Paypal,Desktop,Marketplace,Cancelled,0
ORD000619,2025-05-19,C01326,Owen Williams,owen.williams1326@example.com,India,Tamil Nadu,P034,Building Blocks,TOYS,Educational,2,36.92,0.1,66.46,38.32,28.14,Debit Card,Desktop,Website,Delivered,5
ORD000620,2025-10-17,C00389,Charlotte Hall,charlotte.hall389@example.com,Usa,New York,P008,Webcam HD,ELECTRONICS,Computers,3,59.92,0,179.76,109.07,70.69,Credit Card,Mobile,Mobile App,Delivered,3
ORD000621,2025-01-12,C00903,Grace Johnson,grace.johnson903@example.com,Australia,New South Wales,P026,Water Bottle,SPORTS,Accessories,2,18.98,0.25,28.47,16.12,12.35,Paypal,Desktop,Marketplace,Shipped,0
ORD000622,2025-02-12,C01689,Grace Lee,grace.lee1689@example.com,Germany,Berlin,P015,Backpack,FASHION,Bags,1,49.41,0.05,46.94,25.92,21.02,Cash On Delivery,Mobile,Mobile App,Delivered,3
ORD000623,2025-08-26,C00074,Charlotte Taylor,charlotte.taylor74@example.com,Uae,Abu Dhabi,P006,Mechanical Keyboard,ELECTRONICS,Computers,1,92.9,0.1,83.61,60.26,23.35,Paypal,Mobile,Website,Shipped,0
ORD000624,2026-06-19,C01242,Liam Moore,liam.moore1242@example.com,Uae,Dubai,P019,Knife Set,HOME & KITCHEN,Cookware,2,61.88,0.1,111.38,68.93,42.45,Credit Card,Desktop,Website,Processing,0
ORD000625,2024-09-13,C00740,Isabella Martin,isabella.martin740@example.com,India,Tamil Nadu,P003,Smart Watch,ELECTRONICS,Wearables,2,138.25,0.05,262.68,190.25,72.43,Credit Card,Mobile,Mobile App,Cancelled,0
ORD000626,2025-05-23,C00741,Harper Patel,harper.patel741@example.com,Usa,Florida,P006,Mechanical Keyboard,ELECTRONICS,Computers,2,88.53,0.05,168.21,114.93,53.28,Credit Card,Desktop,Website,Delivered,5
ORD000627,2024-11-22,C01777,Layla King,layla.king1777@example.com,Germany,Saxony,P002,Bluetooth Speaker,ELECTRONICS,Audio,6,55.95,0,335.7,196.31,139.39,Credit Card,Desktop,Social Commerce,Delivered,4
ORD000628,2025-09-13,C00846,Jack Hall,jack.hall846@example.com,India,Tamil Nadu,P001,Wireless Headphones,ELECTRONICS,Audio,2,80.48,0.1,144.86,99.59,45.27,Credit Card,Mobile,Marketplace,Cancelled,0
ORD000629,2026-04-27,C01315,Nora Wright,nora.wright1315@example.com,Uae,Sharjah,P002,Bluetooth Speaker,ELECTRONICS,Audio,1,54.43,0,54.43,32.23,22.2,Debit Card,Desktop,Marketplace,Delivered,5
ORD000630,2025-12-06,C01490,Amelia Hall,amelia.hall1490@example.com,France,Normandy,P029,Hair Dryer,BEAUTY,Hair Care,1,48.89,0.05,46.45,27.95,18.5,Cash On Delivery,Desktop,Marketplace,Delivered,5
ORD000631,2026-02-20,C00318,Mia Williams,mia.williams318@example.com,Germany,Hesse,P006,Mechanical Keyboard,ELECTRONICS,Computers,4,97.16,0.15,330.34,252.15,78.19,Credit Card,Desktop,Marketplace,Delivered,1
ORD000632,2024-07-28,C01517,Aria Walker,aria.walker1517@example.com,Canada,British Columbia,P003,Smart Watch,ELECTRONICS,Wearables,2,127.94,0,255.88,174.1,81.78,Cash On Delivery,Mobile,Mobile App,Delivered,2
ORD000633,2024-10-10,C00043,Amelia Lee,amelia.lee43@example.com,Australia,New South Wales,P017,Air Fryer,HOME & KITCHEN,Appliances,1,123.64,0.2,98.91,77.69,21.22,Paypal,Desktop,Website,Delivered,1
ORD000634,2026-05-07,C00182,Adam King,adam.king182@example.com,Usa,California,P036,Puzzle 1000pc,TOYS,Games,4,20.1,0.1,72.36,35.16,37.2,Debit Card,Mobile,Mobile App,Delivered,4
ORD000635,2025-12-16,C00574,Emma Johnson,emma.johnson574@example.com,Uk,Wales,P028,Moisturizer,BEAUTY,Skin Care,1,25.94,0,25.94,10.12,15.82,Credit Card,Mobile,Mobile App,Delivered,5
ORD000636,2024-11-18,C01792,Evelyn Wright,evelyn.wright1792@example.com,France,Provence,P008,Webcam HD,ELECTRONICS,Computers,1,56.4,0,56.4,34.5,21.9,Debit Card,Desktop,Website,Processing,0
ORD000637,2024-01-17,C00643,Harper Anderson,harper.anderson643@example.com,Australia,Victoria,P006,Mechanical Keyboard,ELECTRONICS,Computers,2,97.36,0.1,175.25,118.06,57.19,Paypal,Desktop,Website,Delivered,3
ORD000638,2026-05-18,C01679,Adam Williams,adam.williams1679@example.com,France,Provence,P027,Face Serum,BEAUTY,Skin Care,1,38.47,0,38.47,16.08,22.39,Bank Transfer,Mobile,Website,Delivered,4
ORD000639,2026-07-01,C01268,Noah Anderson,noah.anderson1268@example.com,France,Occitanie,P009,Running Shoes,FASHION,Footwear,1,74.2,0,74.2,39.92,34.28,Debit Card,Mobile,Website,Delivered,4
ORD000640,2026-02-18,C00918,Owen Walker,owen.walker918@example.com,Germany,Hesse,P032,Data Analytics Book,BOOKS,Education,5,44.53,0,222.65,101.21,121.44,Credit Card,Mobile,Website,Returned,4
ORD000641,2024-09-08,C00979,Sophia Wright,sophia.wright979@example.com,Usa,California,P023,Dumbbell Set,SPORTS,Fitness,2,85.76,0.25,128.64,98.08,30.56,Credit Card,Desktop,Social Commerce,Delivered,5
ORD000642,2025-09-09,C00378,Isabella Brown,isabella.brown378@example.com,Uk,England,P003,Smart Watch,ELECTRONICS,Wearables,1,138.76,0,138.76,96.14,42.62,Debit Card,Tablet,Mobile App,Delivered,3
ORD000643,2026-02-03,C00971,Emma Smith,emma.smith971@example.com,Canada,Alberta,P006,Mechanical Keyboard,ELECTRONICS,Computers,1,100.39,0,100.39,63.61,36.78,Bank Transfer,Mobile,Mobile App,Delivered,5
ORD000644,2024-11-20,C01105,Mia Wright,mia.wright1105@example.com,Uk,England,P034,Building Blocks,TOYS,Educational,1,38.05,0,38.05,18.88,19.17,Paypal,Desktop,Social Commerce,Delivered,3
ORD000645,2024-01-02,C00442,Noah Clark,noah.clark442@example.com,Australia,New South Wales,P036,Puzzle 1000pc,TOYS,Games,2,21.55,0.1,38.79,18.07,20.72,Credit Card,Mobile,Marketplace,Delivered,5
ORD000646,2024-07-13,C00772,Aarav Walker,aarav.walker772@example.com,France,Occitanie,P008,Webcam HD,ELECTRONICS,Computers,4,57.61,0.05,218.92,139.09,79.83,Credit Card,Desktop,Marketplace,Delivered,5
ORD000647,2024-03-18,C00503,Zoe Clark,zoe.clark503@example.com,Usa,Illinois,P001,Wireless Headphones,ELECTRONICS,Audio,2,75.46,0,150.92,96.54,54.38,Debit Card,Desktop,Website,Delivered,5
ORD000648,2024-03-09,C00283,Isabella Martin,isabella.martin283@example.com,Germany,Hesse,P006,Mechanical Keyboard,ELECTRONICS,Computers,3,95.56,0,286.68,174.56,112.12,Debit Card,Desktop,Website,Delivered,2
ORD000649,2025-11-05,C01026,Nora Lee,nora.lee1026@example.com,India,Karnataka,P012,Cotton T-Shirt,FASHION,Apparel,1,21.72,0,21.72,9.85,11.87,Debit Card,Desktop,Mobile App,Delivered,5
ORD000650,2025-08-07,C01313,Nora Young,nora.young1313@example.com,Uae,Dubai,P001,Wireless Headphones,ELECTRONICS,Audio,1,74.75,0,74.75,46.57,28.18,Debit Card,Mobile,Marketplace,Cancelled,0
ORD000651,2025-05-05,C01590,Liam Taylor,liam.taylor1590@example.com,France,Occitanie,P003,Smart Watch,ELECTRONICS,Wearables,4,137.06,0,548.24,374.6,173.64,Debit Card,Mobile,Marketplace,Delivered,5
ORD000652,2026-04-17,C00681,Aria Martin,aria.martin681@example.com,Usa,Florida,P033,Cookbook,BOOKS,Lifestyle,2,29.06,0,58.12,26,32.12,Credit Card,Desktop,Website,Delivered,4
ORD000653,2025-06-30,C01643,Adam Hall,adam.hall1643@example.com,Uae,Sharjah,P031,Novel Set,BOOKS,Fiction,4,38.44,0.2,123.01,79.01,44,Credit Card,Desktop,Website,Delivered,5
ORD000654,2026-04-06,C00529,Olivia Johnson,olivia.johnson529@example.com,India,Karnataka,P024,Football,SPORTS,Outdoor,1,31.95,0,31.95,15.73,16.22,Debit Card,Mobile,Website,Delivered,1
ORD000655,2026-03-23,C00042,Leo Garcia,leo.garcia42@example.com,Uae,Abu Dhabi,P007,Wireless Mouse,ELECTRONICS,Computers,3,34.56,0,103.68,50.12,53.56,Debit Card,Mobile,Mobile App,Delivered,5
ORD000656,2025-12-23,C00932,Aarav King,aarav.king932@example.com,Australia,Western Australia,P027,Face Serum,BEAUTY,Skin Care,3,38.21,0,114.63,48.49,66.14,Paypal,Desktop,Website,Delivered,5
ORD000657,2026-06-25,C00088,Elijah Johnson,elijah.johnson88@example.com,Usa,Texas,P002,Bluetooth Speaker,ELECTRONICS,Audio,1,55.26,0.2,44.21,33.11,11.1,Credit Card,Mobile,Website,Shipped,0
ORD000658,2026-02-21,C01181,James Martin,james.martin1181@example.com,Canada,Alberta,P001,Wireless Headphones,ELECTRONICS,Audio,1,83.37,0.2,66.7,52.41,14.29,Debit Card,Mobile,Website,Delivered,5
ORD000659,2024-02-10,C00588,Isabella Patel,isabella.patel588@example.com,Canada,Ontario,P015,Backpack,FASHION,Bags,2,54.88,0.15,93.3,57.31,35.99,Bank Transfer,Desktop,Website,Shipped,0
ORD000660,2026-01-30,C01710,Amelia Taylor,amelia.taylor1710@example.com,Uae,Abu Dhabi,P027,Face Serum,BEAUTY,Skin Care,1,34.85,0.1,31.37,14.72,16.65,Paypal,Mobile,Mobile App,Delivered,4
ORD000661,2026-05-30,C00730,Elijah Brown,elijah.brown730@example.com,India,Maharashtra,P009,Running Shoes,FASHION,Footwear,1,76.41,0,76.41,43.11,33.3,Bank Transfer,Desktop,Website,Delivered,5
ORD000662,2024-07-02,C00371,Elijah Martin,elijah.martin371@example.com,India,Gujarat,P023,Dumbbell Set,SPORTS,Fitness,3,85.51,0,256.53,149.34,107.19,Debit Card,Desktop,Mobile App,Delivered,3
ORD000663,2025-11-08,C01750,Charlotte Lewis,charlotte.lewis1750@example.com,Germany,Hesse,P018,Non-stick Pan,HOME & KITCHEN,Cookware,2,39.18,0.1,70.52,39.33,31.19,Credit Card,Mobile,Website,Delivered,1
ORD000664,2026-02-23,C00044,Jack Young,jack.young44@example.com,India,Gujarat,P014,Leather Wallet,FASHION,Accessories,2,31.75,0.2,50.8,28.88,21.92,Cash On Delivery,Desktop,Mobile App,Processing,0
ORD000665,2026-02-20,C00828,Charlotte Williams,charlotte.williams828@example.com,Canada,Ontario,P009,Running Shoes,FASHION,Footwear,4,70.78,0.15,240.65,150.88,89.77,Credit Card,Desktop,Marketplace,Delivered,5
ORD000666,2025-11-10,C00902,Emma Hall,emma.hall902@example.com,Usa,Florida,P032,Data Analytics Book,BOOKS,Education,1,49.31,0.15,41.91,22.84,19.07,Paypal,Mobile,Mobile App,Delivered,2
ORD000667,2024-01-01,C01492,Aarav Thomas,aarav.thomas1492@example.com,Uae,Sharjah,P023,Dumbbell Set,SPORTS,Fitness,3,76.51,0.05,218.05,131.77,86.28,Cash On Delivery,Mobile,Mobile App,Processing,0
ORD000668,2025-02-12,C00811,Mason Moore,mason.moore811@example.com,Uae,Abu Dhabi,P031,Novel Set,BOOKS,Fiction,3,40.66,0.2,97.58,58.74,38.84,Credit Card,Mobile,Mobile App,Delivered,3
ORD000669,2025-10-28,C01302,Isabella Walker,isabella.walker1302@example.com,Germany,Bavaria,P034,Building Blocks,TOYS,Educational,1,38.95,0,38.95,19.2,19.75,Credit Card,Mobile,Mobile App,Delivered,4
ORD000670,2026-02-05,C00341,Henry Clark,henry.clark341@example.com,France,Ile-de-France,P006,Mechanical Keyboard,ELECTRONICS,Computers,2,86.32,0.1,155.38,104.69,50.69,Credit Card,Mobile,Mobile App,Shipped,0
ORD000671,2024-10-12,C00490,James Garcia,james.garcia490@example.com,Canada,Quebec,P024,Football,SPORTS,Outdoor,1,28.38,0.1,25.54,13.54,12,Debit Card,Mobile,Website,Delivered,5
ORD000672,2025-08-02,C01075,Ethan Young,ethan.young1075@example.com,Germany,Berlin,P016,Coffee Maker,HOME & KITCHEN,Appliances,1,86.21,0.05,81.9,51.42,30.48,Paypal,Desktop,Website,Delivered,3
ORD000673,2024-03-08,C01350,Evelyn Smith,evelyn.smith1350@example.com,Uae,Dubai,P015,Backpack,FASHION,Bags,2,55.03,0.1,99.05,60.18,38.87,Paypal,Tablet,Website,Delivered,5
ORD000674,2025-06-21,C00548,Amelia Taylor,amelia.taylor548@example.com,Uae,Abu Dhabi,P011,Denim Jacket,FASHION,Outerwear,5,82.92,0.05,393.87,233.28,160.59,Credit Card,Mobile,Website,Delivered,4
ORD000675,2025-02-28,C01020,Charlotte Brown,charlotte.brown1020@example.com,India,Tamil Nadu,P033,Cookbook,BOOKS,Lifestyle,1,32.83,0.2,26.26,15.14,11.12,Credit Card,Desktop,Social Commerce,Returned,5
ORD000676,2024-06-17,C00851,Lucas Lee,lucas.lee851@example.com,Germany,Berlin,P020,Storage Boxes,HOME & KITCHEN,Storage,2,26.08,0.25,39.12,26.45,12.67,Credit Card,Mobile,Website,Cancelled,0
ORD000677,2024-10-29,C00588,Isabella Patel,isabella.patel588@example.com,Germany,Hesse,P009,Running Shoes,FASHION,Footwear,5,77.5,0,387.5,206.54,180.96,Credit Card,Tablet,Website,Delivered,5
ORD000678,2026-07-20,C00403,Harper Moore,harper.moore403@example.com,Germany,Bavaria,P014,Leather Wallet,FASHION,Accessories,2,30.36,0.2,48.58,28.14,20.44,Credit Card,Mobile,Website,Delivered,4
ORD000679,2024-07-29,C01361,Olivia Young,olivia.young1361@example.com,Uk,Scotland,P021,Desk Lamp,HOME & KITCHEN,Lighting,2,32.48,0.05,61.71,31.39,30.32,Paypal,Mobile,Website,Shipped,0
ORD000680,2024-12-08,C00379,Evelyn Lee,evelyn.lee379@example.com,Uk,Scotland,P034,Building Blocks,TOYS,Educational,5,38.33,0.2,153.32,98.33,54.99,Paypal,Mobile,Website,Delivered,5
ORD000681,2026-07-20,C00586,Grace Lee,grace.lee586@example.com,Uae,Dubai,P033,Cookbook,BOOKS,Lifestyle,1,28.99,0,28.99,13.85,15.14,Cash On Delivery,Desktop,Website,Shipped,0
ORD000682,2025-01-07,C01732,Lucas Wright,lucas.wright1732@example.com,Usa,California,P026,Water Bottle,SPORTS,Accessories,4,17.2,0.05,65.36,29.43,35.93,Cash On Delivery,Mobile,Website,Delivered,4
ORD000683,2025-04-23,C00807,Aria Walker,aria.walker807@example.com,Canada,British Columbia,P031,Novel Set,BOOKS,Fiction,1,42.11,0.15,35.79,21.13,14.66,Paypal,Mobile,Website,Processing,0
ORD000684,2025-11-16,C01420,Charlotte Smith,charlotte.smith1420@example.com,Usa,Illinois,P004,USB-C Charger,ELECTRONICS,Accessories,2,23.54,0,47.08,23.19,23.89,Paypal,Desktop,Website,Delivered,4
ORD000685,2025-06-26,C00998,Leo Wilson,leo.wilson998@example.com,Usa,New York,P021,Desk Lamp,HOME & KITCHEN,Lighting,1,30.61,0.15,26.02,15.25,10.77,Credit Card,Mobile,Website,Delivered,5
ORD000686,2025-01-05,C01354,Ava Wright,ava.wright1354@example.com,Uae,Sharjah,P013,Hoodie,FASHION,Apparel,2,46,0,92,45.18,46.82,Credit Card,Desktop,Website,Delivered,4
ORD000687,2025-09-12,C00323,Liam Young,liam.young323@example.com,Australia,Queensland,P021,Desk Lamp,HOME & KITCHEN,Lighting,2,31.57,0,63.14,31.29,31.85,Bank Transfer,Tablet,Mobile App,Shipped,0
ORD000688,2025-05-18,C01477,James Walker,james.walker1477@example.com,India,Gujarat,P008,Webcam HD,ELECTRONICS,Computers,5,58.77,0.2,235.08,179.45,55.63,Debit Card,Desktop,Website,Delivered,5
ORD000689,2024-10-23,C00276,Mia Lee,mia.lee276@example.com,Usa,New York,P030,Perfume,BEAUTY,Fragrance,4,78.17,0,312.68,158.77,153.91,Credit Card,Mobile,Website,Delivered,3
ORD000690,2026-03-03,C00748,Ethan Smith,ethan.smith748@example.com,Usa,Illinois,P009,Running Shoes,FASHION,Footwear,1,72.68,0.15,61.78,39.5,22.28,Credit Card,Mobile,Website,Delivered,4
ORD000691,2024-03-06,C00340,Evelyn King,evelyn.king340@example.com,France,Ile-de-France,P027,Face Serum,BEAUTY,Skin Care,1,38.44,0,38.44,15.83,22.61,Debit Card,Tablet,Mobile App,Shipped,0
ORD000692,2024-07-10,C00220,Lucas Williams,lucas.williams220@example.com,France,Normandy,P033,Cookbook,BOOKS,Lifestyle,1,29.16,0,29.16,13.94,15.22,Cash On Delivery,Mobile,Website,Returned,3
ORD000693,2024-03-05,C00796,Charlotte Wright,charlotte.wright796@example.com,Australia,Western Australia,P003,Smart Watch,ELECTRONICS,Wearables,3,139.93,0.1,377.81,275.03,102.78,Credit Card,Tablet,Website,Delivered,5
ORD000694,2025-07-01,C00743,Grace Taylor,grace.taylor743@example.com,Canada,Ontario,P021,Desk Lamp,HOME & KITCHEN,Lighting,1,35.72,0,35.72,17.37,18.35,Debit Card,Desktop,Marketplace,Delivered,5
ORD000695,2024-12-16,C00743,Grace Taylor,grace.taylor743@example.com,Germany,Berlin,P027,Face Serum,BEAUTY,Skin Care,2,32.78,0.05,62.28,26.57,35.71,Debit Card,Desktop,Website,Delivered,3
ORD000696,2024-05-16,C00477,Owen Lee,owen.lee477@example.com,Canada,British Columbia,P003,Smart Watch,ELECTRONICS,Wearables,1,120.53,0,120.53,78.09,42.44,Paypal,Mobile,Mobile App,Delivered,4
ORD000697,2024-09-15,C00084,Chloe Lee,chloe.lee84@example.com,Canada,Quebec,P035,Remote Control Car,TOYS,Vehicles,1,41.92,0,41.92,23.78,18.14,Debit Card,Mobile,Website,Delivered,3
ORD000698,2024-05-21,C01560,Nora Williams,nora.williams1560@example.com,Germany,Berlin,P007,Wireless Mouse,ELECTRONICS,Computers,3,37.75,0.05,107.59,57.72,49.87,Credit Card,Mobile,Mobile App,Processing,0
ORD000699,2026-03-28,C00186,Grace Moore,grace.moore186@example.com,Canada,Quebec,P011,Denim Jacket,FASHION,Outerwear,3,74.11,0.2,177.86,131.79,46.07,Credit Card,Mobile,Mobile App,Delivered,4
ORD000700,2024-02-24,C01127,Grace Patel,grace.patel1127@example.com,Usa,California,P019,Knife Set,HOME & KITCHEN,Cookware,1,66.6,0.05,63.27,36.46,26.81,Credit Card,Mobile,Mobile App,Delivered,5
ORD000701,2024-06-07,C01632,Aarav Wright,aarav.wright1632@example.com,Australia,Queensland,P003,Smart Watch,ELECTRONICS,Wearables,1,142.04,0.15,120.73,95.25,25.48,Debit Card,Mobile,Social Commerce,Delivered,5
ORD000702,2025-06-01,C01792,Evelyn Wright,evelyn.wright1792@example.com,Australia,Western Australia,P004,USB-C Charger,ELECTRONICS,Accessories,5,23.78,0.2,95.12,56.98,38.14,Paypal,Mobile,Website,Delivered,4
ORD000703,2025-03-14,C01521,Henry Young,henry.young1521@example.com,India,Karnataka,P012,Cotton T-Shirt,FASHION,Apparel,2,18.58,0.15,31.59,16.59,15,Debit Card,Mobile,Mobile App,Delivered,5
ORD000704,2025-04-13,C00990,Sophia Wright,sophia.wright990@example.com,India,Delhi,P007,Wireless Mouse,ELECTRONICS,Computers,6,35.79,0,214.74,108.38,106.36,Debit Card,Mobile,Website,Shipped,0
ORD000705,2026-05-10,C00031,Jack Smith,jack.smith31@example.com,Uae,Dubai,P024,Football,SPORTS,Outdoor,5,32.06,0,160.3,78.73,81.57,Cash On Delivery,Mobile,Website,Delivered,3
ORD000706,2025-04-16,C01000,Amelia Patel,missing@example.com,India,Maharashtra,P008,Webcam HD,ELECTRONICS,Computers,1,58.29,0.1,52.46,36.76,15.7,Paypal,Desktop,Mobile App,Returned,4
ORD000707,2025-09-29,C00725,Aarav Smith,aarav.smith725@example.com,Uk,Wales,P004,USB-C Charger,ELECTRONICS,Accessories,2,24.46,0.15,41.58,23.57,18.01,Debit Card,Mobile,Mobile App,Processing,0
ORD000708,2026-04-04,C01046,Aria King,aria.king1046@example.com,Uk,England,P014,Leather Wallet,FASHION,Accessories,4,32.09,0.1,115.52,62.1,53.42,Debit Card,Desktop,Social Commerce,Processing,0
ORD000709,2024-01-12,C00708,Lucas Martin,lucas.martin708@example.com,India,Karnataka,P023,Dumbbell Set,SPORTS,Fitness,1,75.7,0,75.7,45.32,30.38,Paypal,Mobile,Website,Delivered,5
ORD000710,2025-04-17,C00959,Olivia Lee,olivia.lee959@example.com,France,Normandy,P014,Leather Wallet,FASHION,Accessories,1,33.19,0.1,29.87,15.14,14.73,Credit Card,Mobile,Social Commerce,Delivered,3
ORD000711,2025-01-27,C00829,Noah Brown,noah.brown829@example.com,Uae,Abu Dhabi,P026,Water Bottle,SPORTS,Accessories,1,17.02,0.25,12.77,7.26,5.51,Debit Card,Desktop,Website,Delivered,5
ORD000712,2025-11-18,C00858,Adam Smith,adam.smith858@example.com,India,Delhi,P035,Remote Control Car,TOYS,Vehicles,2,45.66,0.1,82.19,52.9,29.29,Cash On Delivery,Desktop,Marketplace,Delivered,5
ORD000713,2025-03-19,C00996,Layla Moore,layla.moore996@example.com,Uk,England,P032,Data Analytics Book,BOOKS,Education,2,43.55,0.2,69.68,42.14,27.54,Bank Transfer,Mobile,Website,Processing,0
ORD000714,2025-10-28,C00582,Sophia Patel,sophia.patel582@example.com,Uae,Sharjah,P009,Running Shoes,FASHION,Footwear,1,67.66,0.2,54.13,38.62,15.51,Cash On Delivery,Desktop,Mobile App,Cancelled,0
ORD000715,2025-01-11,C00877,Harper Walker,harper.walker877@example.com,Usa,Florida,P008,Webcam HD,ELECTRONICS,Computers,1,60,0.05,57,37.62,19.38,Bank Transfer,Desktop,Website,Delivered,4
ORD000716,2026-02-15,C01340,Mason Anderson,mason.anderson1340@example.com,Usa,Florida,P012,Cotton T-Shirt,FASHION,Apparel,1,20.65,0.2,16.52,9.01,7.51,Bank Transfer,Desktop,Website,Delivered,4
ORD000717,2026-02-10,C01508,Emma Wright,emma.wright1508@example.com,Usa,Florida,P014,Leather Wallet,FASHION,Accessories,1,32.96,0.15,28.02,15.54,12.48,Credit Card,Mobile,Social Commerce,Delivered,3
ORD000718,2024-04-05,C00656,Ava Moore,ava.moore656@example.com,India,Tamil Nadu,P029,Hair Dryer,BEAUTY,Hair Care,2,53.34,0.15,90.68,57.32,33.36,Paypal,Desktop,Marketplace,Shipped,0
ORD000719,2025-03-31,C00420,Emma Clark,emma.clark420@example.com,India,Delhi,P036,Puzzle 1000pc,TOYS,Games,2,21.83,0.1,39.29,18.37,20.92,Credit Card,Mobile,Mobile App,Shipped,0
ORD000720,2024-05-03,C01303,Owen Brown,owen.brown1303@example.com,Canada,Ontario,P003,Smart Watch,ELECTRONICS,Wearables,1,131.38,0.05,124.81,87.63,37.18,Debit Card,Tablet,Website,Delivered,5
ORD000721,2024-10-29,C00530,Olivia Williams,olivia.williams530@example.com,Usa,California,P026,Water Bottle,SPORTS,Accessories,2,19.42,0,38.84,16.14,22.7,Debit Card,Mobile,Mobile App,Delivered,4
ORD000722,2024-09-01,C01034,Lucas Clark,lucas.clark1034@example.com,India,Karnataka,P019,Knife Set,HOME & KITCHEN,Cookware,2,57.17,0,114.34,62.3,52.04,Paypal,Desktop,Marketplace,Delivered,4
ORD000723,2024-06-21,C00307,Harper Martin,harper.martin307@example.com,Canada,Alberta,P036,Puzzle 1000pc,TOYS,Games,1,21.94,0,21.94,9.44,12.5,Debit Card,Desktop,Website,Delivered,4
ORD000724,2024-12-18,C00935,Leo Brown,leo.brown935@example.com,Germany,Saxony,P029,Hair Dryer,BEAUTY,Hair Care,1,50.04,0.1,45.04,26.77,18.27,Credit Card,Mobile,Social Commerce,Processing,0
ORD000725,2024-09-23,C01346,Adam Patel,missing@example.com,Uk,Scotland,P031,Novel Set,BOOKS,Fiction,1,42.2,0,42.2,21.48,20.72,Paypal,Mobile,Marketplace,Delivered,4
ORD000726,2024-10-16,C00566,Chloe Moore,chloe.moore566@example.com,India,Tamil Nadu,P019,Knife Set,HOME & KITCHEN,Cookware,1,61.84,0,61.84,33.5,28.34,Credit Card,Desktop,Website,Delivered,3
ORD000727,2025-08-19,C00151,Mia Lewis,mia.lewis151@example.com,Uae,Sharjah,P036,Puzzle 1000pc,TOYS,Games,1,19.54,0,19.54,8.37,11.17,Credit Card,Desktop,Website,Delivered,3
ORD000728,2024-10-02,C00255,Mason Thomas,mason.thomas255@example.com,Usa,Florida,P008,Webcam HD,ELECTRONICS,Computers,2,64.31,0.15,109.33,79.55,29.78,Credit Card,Desktop,Mobile App,Delivered,3
ORD000729,2024-06-18,C01762,Emma King,emma.king1762@example.com,Australia,New South Wales,P034,Building Blocks,TOYS,Educational,2,37.72,0.1,67.9,36.24,31.66,Credit Card,Desktop,Mobile App,Returned,5
ORD000730,2026-02-08,C01633,Sophia Garcia,sophia.garcia1633@example.com,Germany,Berlin,P013,Hoodie,FASHION,Apparel,2,48.44,0.2,77.5,48.28,29.22,Bank Transfer,Desktop,Website,Delivered,1
ORD000731,2024-05-23,C00121,Nora Taylor,nora.taylor121@example.com,Uae,Sharjah,P013,Hoodie,FASHION,Apparel,1,41.61,0,41.61,20.36,21.25,Credit Card,Tablet,Mobile App,Delivered,4
ORD000732,2025-06-11,C00687,Sophia Walker,sophia.walker687@example.com,Uk,Wales,P003,Smart Watch,ELECTRONICS,Wearables,1,125.28,0,125.28,80.91,44.37,Cash On Delivery,Tablet,Website,Processing,0
ORD000733,2025-02-11,C00799,Sophia Williams,sophia.williams799@example.com,Usa,New York,P032,Data Analytics Book,BOOKS,Education,1,47.41,0.05,45.04,21.96,23.08,Credit Card,Tablet,Website,Delivered,4
ORD000734,2024-12-28,C00560,Sophia Smith,sophia.smith560@example.com,Uae,Sharjah,P024,Football,SPORTS,Outdoor,2,30.78,0.25,46.17,29.77,16.4,Credit Card,Mobile,Website,Shipped,0
ORD000735,2026-05-12,C00896,Jack Hall,jack.hall896@example.com,India,Karnataka,P027,Face Serum,BEAUTY,Skin Care,2,34.21,0,68.42,29.64,38.78,Debit Card,Tablet,Mobile App,Delivered,5
ORD000736,2024-07-11,C00198,Owen Smith,owen.smith198@example.com,India,Delhi,P036,Puzzle 1000pc,TOYS,Games,4,21.23,0.05,80.67,36.93,43.74,Paypal,Tablet,Website,Delivered,5
ORD000737,2024-12-29,C00241,Chloe Smith,chloe.smith241@example.com,Germany,Saxony,P005,Laptop Stand,ELECTRONICS,Accessories,2,43.06,0,86.12,46.26,39.86,Bank Transfer,Mobile,Mobile App,Cancelled,0
ORD000738,2024-05-28,C01254,Liam Wilson,liam.wilson1254@example.com,Germany,Saxony,P033,Cookbook,BOOKS,Lifestyle,4,29.39,0,117.56,54.35,63.21,Credit Card,Mobile,Website,Delivered,3
ORD000739,2026-01-21,C00545,Olivia Williams,olivia.williams545@example.com,Uae,Sharjah,P022,Yoga Mat,SPORTS,Fitness,1,26.66,0.15,22.66,11.82,10.84,Credit Card,Desktop,Website,Shipped,0
ORD000740,2024-03-28,C01618,Owen Wilson,owen.wilson1618@example.com,Germany,Saxony,P028,Moisturizer,BEAUTY,Skin Care,5,27.7,0.1,124.65,53.93,70.72,Credit Card,Desktop,Mobile App,Delivered,5
ORD000741,2025-03-24,C00047,Mason Young,mason.young47@example.com,Canada,British Columbia,P011,Denim Jacket,FASHION,Outerwear,3,74.03,0.1,199.88,130,69.88,Paypal,Desktop,Website,Delivered,3
ORD000742,2024-10-31,C01403,Emma Brown,emma.brown1403@example.com,India,Karnataka,P010,Casual Sneakers,FASHION,Footwear,2,55.98,0,111.96,61.68,50.28,Credit Card,Desktop,Website,Shipped,0
ORD000743,2025-01-21,C00364,Ava Moore,ava.moore364@example.com,Usa,Texas,P032,Data Analytics Book,BOOKS,Education,1,49.75,0.05,47.26,22.78,24.48,Paypal,Tablet,Website,Delivered,5
ORD000744,2024-05-02,C00960,Olivia Garcia,olivia.garcia960@example.com,India,Maharashtra,P008,Webcam HD,ELECTRONICS,Computers,1,57.29,0.05,54.43,35.12,19.31,Cash On Delivery,Mobile,Mobile App,Processing,0
ORD000745,2024-05-01,C01504,James Johnson,james.johnson1504@example.com,Uk,England,P004,USB-C Charger,ELECTRONICS,Accessories,1,26.38,0,26.38,12.93,13.45,Debit Card,Mobile,Website,Delivered,3
ORD000746,2024-12-20,C01423,Ava Martin,ava.martin1423@example.com,Germany,Saxony,P028,Moisturizer,BEAUTY,Skin Care,3,25.44,0.05,72.5,29.4,43.1,Debit Card,Tablet,Social Commerce,Delivered,5
ORD000747,2024-08-22,C01086,James Thomas,james.thomas1086@example.com,Usa,Illinois,P005,Laptop Stand,ELECTRONICS,Accessories,2,41.73,0.1,75.11,43.88,31.23,Credit Card,Tablet,Website,Delivered,4
ORD000748,2025-05-23,C01681,Nora Garcia,nora.garcia1681@example.com,Uae,Dubai,P015,Backpack,FASHION,Bags,1,52.81,0.15,44.89,28.66,16.23,Paypal,Mobile,Mobile App,Delivered,5
ORD000749,2025-05-30,C00278,Sophia Young,sophia.young278@example.com,India,Delhi,P036,Puzzle 1000pc,TOYS,Games,1,21.69,0.1,19.52,9.13,10.39,Credit Card,Mobile,Mobile App,Delivered,3
ORD000750,2026-07-23,C00181,Isabella Lee,isabella.lee181@example.com,Australia,Western Australia,P028,Moisturizer,BEAUTY,Skin Care,2,26.5,0.05,50.35,20.35,30,Debit Card,Mobile,Marketplace,Processing,0
ORD000751,2026-02-04,C01755,Ava Williams,ava.williams1755@example.com,Canada,Ontario,P005,Laptop Stand,ELECTRONICS,Accessories,1,39.63,0.05,37.65,20.83,16.82,Debit Card,Mobile,Mobile App,Shipped,0
ORD000752,2026-07-26,C00010,Mason Moore,mason.moore10@example.com,France,Ile-de-France,P028,Moisturizer,BEAUTY,Skin Care,5,23.98,0.15,101.92,49.09,52.83,Cash On Delivery,Mobile,Website,Processing,0
ORD000753,2024-09-25,C01771,Lucas Smith,lucas.smith1771@example.com,France,Occitanie,P034,Building Blocks,TOYS,Educational,1,38.55,0,38.55,19.37,19.18,Credit Card,Mobile,Marketplace,Delivered,5
ORD000754,2025-09-15,C01596,Evelyn Hall,evelyn.hall1596@example.com,India,Gujarat,P021,Desk Lamp,HOME & KITCHEN,Lighting,2,32.49,0,64.98,32.54,32.44,Credit Card,Desktop,Mobile App,Delivered,4
ORD000755,2026-01-04,C00724,Jack Lewis,jack.lewis724@example.com,France,Normandy,P001,Wireless Headphones,ELECTRONICS,Audio,3,85.28,0.15,217.46,158.86,58.6,Paypal,Mobile,Mobile App,Delivered,5
ORD000756,2024-07-23,C01267,Amelia Moore,amelia.moore1267@example.com,Usa,California,P024,Football,SPORTS,Outdoor,1,28.93,0.1,26.04,13.48,12.56,Credit Card,Desktop,Mobile App,Delivered,3
ORD000757,2026-02-16,C00445,Ethan Wright,ethan.wright445@example.com,India,Karnataka,P004,USB-C Charger,ELECTRONICS,Accessories,1,24.13,0.15,20.51,11.86,8.65,Credit Card,Mobile,Mobile App,Delivered,4
ORD000758,2024-01-01,C00364,Ava Moore,ava.moore364@example.com,Uae,Abu Dhabi,P005,Laptop Stand,ELECTRONICS,Accessories,1,40.75,0.05,38.71,21.95,16.76,Credit Card,Desktop,Website,Delivered,4
ORD000759,2025-09-25,C00692,Chloe Hall,chloe.hall692@example.com,Usa,New York,P014,Leather Wallet,FASHION,Accessories,6,29.6,0,177.6,82.23,95.37,Credit Card,Mobile,Marketplace,Shipped,0
ORD000760,2026-05-24,C01659,Mason Lee,mason.lee1659@example.com,France,Provence,P005,Laptop Stand,ELECTRONICS,Accessories,1,38.23,0.15,32.5,20.54,11.96,Debit Card,Mobile,Website,Delivered,3
ORD000761,2024-06-11,C01744,Evelyn Anderson,evelyn.anderson1744@example.com,Germany,Berlin,P031,Novel Set,BOOKS,Fiction,1,38.84,0.25,29.13,19.78,9.35,Paypal,Mobile,Website,Delivered,4
ORD000762,2024-10-31,C01454,Liam Moore,liam.moore1454@example.com,Usa,California,P032,Data Analytics Book,BOOKS,Education,2,44.31,0.2,70.9,40.31,30.59,Debit Card,Desktop,Website,Delivered,4
ORD000763,2026-01-02,C01567,Mia Clark,mia.clark1567@example.com,Canada,Ontario,P012,Cotton T-Shirt,FASHION,Apparel,1,19.76,0.1,17.78,8.55,9.23,Cash On Delivery,Desktop,Website,Delivered,2
ORD000764,2025-12-19,C00785,Daniel Garcia,daniel.garcia785@example.com,France,Provence,P020,Storage Boxes,HOME & KITCHEN,Storage,3,30.86,0.1,83.32,45.94,37.38,Paypal,Desktop,Marketplace,Delivered,5
ORD000765,2025-07-01,C01367,Liam Walker,liam.walker1367@example.com,Germany,Berlin,P012,Cotton T-Shirt,FASHION,Apparel,2,18.58,0,37.16,16.08,21.08,Credit Card,Desktop,Mobile App,Delivered,5
ORD000766,2025-02-20,C00255,Mason Thomas,mason.thomas255@example.com,Germany,Bavaria,P025,Cycling Helmet,SPORTS,Outdoor,1,61.19,0.15,52.01,35.3,16.71,Cash On Delivery,Mobile,Marketplace,Delivered,4
ORD000767,2024-07-28,C00071,Emma Smith,emma.smith71@example.com,India,Maharashtra,P018,Non-stick Pan,HOME & KITCHEN,Cookware,2,35.75,0,71.5,37.78,33.72,Credit Card,Mobile,Mobile App,Processing,0
ORD000768,2026-07-15,C00430,Mia King,mia.king430@example.com,Canada,Quebec,P031,Novel Set,BOOKS,Fiction,2,43.29,0,86.58,44.14,42.44,Credit Card,Mobile,Mobile App,Delivered,1
ORD000769,2025-03-03,C00006,Elijah Young,elijah.young6@example.com,Germany,Bavaria,P017,Air Fryer,HOME & KITCHEN,Appliances,1,111.95,0.05,106.35,72.46,33.89,Paypal,Mobile,Website,Delivered,4
ORD000770,2026-06-07,C01338,Mia Anderson,mia.anderson1338@example.com,Australia,Queensland,P007,Wireless Mouse,ELECTRONICS,Computers,1,35.23,0.1,31.71,17.4,14.31,Credit Card,Desktop,Social Commerce,Cancelled,0
ORD000771,2025-12-04,C00422,Lucas Taylor,lucas.taylor422@example.com,France,Normandy,P028,Moisturizer,BEAUTY,Skin Care,2,24.66,0.05,46.85,20.3,26.55,Credit Card,Mobile,Website,Delivered,5
ORD000772,2026-01-10,C01163,Nora Anderson,nora.anderson1163@example.com,France,Provence,P035,Remote Control Car,TOYS,Vehicles,1,46.75,0,46.75,27.02,19.73,Credit Card,Desktop,Website,Delivered,5
ORD000773,2026-01-02,C01182,Henry Johnson,henry.johnson1182@example.com,Australia,Queensland,P004,USB-C Charger,ELECTRONICS,Accessories,1,23.72,0.05,22.53,11.19,11.34,Credit Card,Desktop,Website,Delivered,5
ORD000774,2025-03-27,C00453,Liam Moore,liam.moore453@example.com,Usa,Texas,P034,Building Blocks,TOYS,Educational,1,32.76,0,32.76,16.84,15.92,Debit Card,Tablet,Website,Cancelled,0
ORD000775,2024-09-06,C00070,Chloe Walker,chloe.walker70@example.com,Germany,Saxony,P008,Webcam HD,ELECTRONICS,Computers,3,63.01,0.1,170.13,112.89,57.24,Credit Card,Tablet,Website,Delivered,1
ORD000776,2024-10-14,C01482,Lucas Johnson,lucas.johnson1482@example.com,Uk,Scotland,P031,Novel Set,BOOKS,Fiction,2,38.95,0.15,66.22,40.06,26.16,Bank Transfer,Mobile,Marketplace,Delivered,4
ORD000777,2024-03-30,C00910,Layla Lewis,missing@example.com,Australia,Western Australia,P028,Moisturizer,BEAUTY,Skin Care,2,26.67,0.05,50.67,21.63,29.04,Debit Card,Mobile,Mobile App,Shipped,0
ORD000778,2026-05-20,C01613,Grace Moore,grace.moore1613@example.com,Australia,Western Australia,P013,Hoodie,FASHION,Apparel,5,49.99,0.15,212.46,124.47,87.99,Cash On Delivery,Mobile,Website,Delivered,5
ORD000779,2025-06-20,C01584,Aria Moore,aria.moore1584@example.com,Germany,Berlin,P013,Hoodie,FASHION,Apparel,3,46.88,0,140.64,72.88,67.76,Debit Card,Tablet,Website,Delivered,5
ORD000780,2026-07-22,C00083,Noah Brown,noah.brown83@example.com,France,Normandy,P021,Desk Lamp,HOME & KITCHEN,Lighting,2,31.29,0.05,59.45,30.38,29.07,Credit Card,Mobile,Website,Delivered,4
ORD000781,2024-07-30,C01004,Isabella Lee,isabella.lee1004@example.com,Uae,Dubai,P021,Desk Lamp,HOME & KITCHEN,Lighting,1,35.06,0.05,33.31,17.75,15.56,Cash On Delivery,Mobile,Website,Delivered,5
ORD000782,2026-05-09,C00095,Daniel Brown,daniel.brown95@example.com,Usa,Illinois,P010,Casual Sneakers,FASHION,Footwear,2,57.68,0.15,98.06,61.1,36.96,Debit Card,Desktop,Mobile App,Delivered,4
ORD000783,2024-04-09,C01635,Emma Thomas,emma.thomas1635@example.com,Uk,England,P003,Smart Watch,ELECTRONICS,Wearables,1,144.81,0.15,123.09,94.09,29,Paypal,Desktop,Mobile App,Delivered,2
ORD000784,2024-04-22,C00658,Aarav Wilson,aarav.wilson658@example.com,Uk,Wales,P003,Smart Watch,ELECTRONICS,Wearables,2,136.63,0,273.26,188.61,84.65,Paypal,Mobile,Mobile App,Delivered,4
ORD000785,2026-05-24,C00931,Chloe Wright,chloe.wright931@example.com,Usa,New York,P011,Denim Jacket,FASHION,Outerwear,2,81.92,0,163.84,95.91,67.93,Cash On Delivery,Mobile,Website,Delivered,5
ORD000786,2025-12-01,C00086,Chloe Martin,chloe.martin86@example.com,India,Gujarat,P010,Casual Sneakers,FASHION,Footwear,2,58.03,0.25,87.05,62.91,24.14,Debit Card,Desktop,Website,Delivered,5
ORD000787,2024-03-17,C00441,Emma Clark,emma.clark441@example.com,Germany,Saxony,P035,Remote Control Car,TOYS,Vehicles,1,49.76,0,49.76,27.68,22.08,Paypal,Desktop,Mobile App,Delivered,5
ORD000788,2025-09-02,C01385,Olivia Taylor,olivia.taylor1385@example.com,Uae,Sharjah,P021,Desk Lamp,HOME & KITCHEN,Lighting,4,35.79,0,143.16,71.86,71.3,Paypal,Desktop,Mobile App,Delivered,1
ORD000789,2025-12-17,C00804,Leo Lewis,leo.lewis804@example.com,Uae,Sharjah,P034,Building Blocks,TOYS,Educational,1,35.96,0,35.96,17.26,18.7,Credit Card,Desktop,Mobile App,Delivered,5
ORD000790,2025-10-19,C00698,Isabella Lee,isabella.lee698@example.com,Uae,Dubai,P035,Remote Control Car,TOYS,Vehicles,1,47.87,0.1,43.08,26.72,16.36,Paypal,Mobile,Mobile App,Delivered,5
ORD000791,2024-02-22,C00724,Jack Lewis,jack.lewis724@example.com,Usa,Illinois,P009,Running Shoes,FASHION,Footwear,1,72.91,0.05,69.26,40.4,28.86,Cash On Delivery,Mobile,Website,Cancelled,0
ORD000792,2025-07-30,C01141,Aarav Johnson,aarav.johnson1141@example.com,France,Normandy,P033,Cookbook,BOOKS,Lifestyle,1,33.33,0.15,28.33,15.73,12.6,Cash On Delivery,Mobile,Website,Cancelled,0
ORD000793,2025-05-12,C00963,Mason Lee,mason.lee963@example.com,Australia,Victoria,P010,Casual Sneakers,FASHION,Footwear,4,54.09,0.2,173.09,117.69,55.4,Debit Card,Mobile,Website,Delivered,5
ORD000794,2026-04-27,C00875,Nora Hall,nora.hall875@example.com,India,Gujarat,P014,Leather Wallet,FASHION,Accessories,2,33.21,0,66.42,30.15,36.27,Debit Card,Mobile,Website,Delivered,2
ORD000795,2024-05-08,C00304,Sophia Taylor,sophia.taylor304@example.com,Canada,Alberta,P025,Cycling Helmet,SPORTS,Outdoor,1,69.42,0,69.42,38.36,31.06,Cash On Delivery,Mobile,Website,Returned,5
ORD000796,2025-09-03,C01083,Liam King,liam.king1083@example.com,Australia,New South Wales,P027,Face Serum,BEAUTY,Skin Care,3,38.94,0,116.82,50.55,66.27,Paypal,Desktop,Website,Cancelled,0
ORD000797,2024-11-27,C00663,Aarav Wright,aarav.wright663@example.com,Germany,Berlin,P005,Laptop Stand,ELECTRONICS,Accessories,2,40.61,0.05,77.16,43.83,33.33,Debit Card,Tablet,Website,Delivered,5
ORD000798,2024-11-13,C00309,Emma Lewis,emma.lewis309@example.com,Australia,Queensland,P001,Wireless Headphones,ELECTRONICS,Audio,2,81.15,0.05,154.19,97.74,56.45,Cash On Delivery,Mobile,Website,Delivered,5
ORD000799,2024-12-12,C01685,Noah Martin,noah.martin1685@example.com,Germany,Bavaria,P021,Desk Lamp,HOME & KITCHEN,Lighting,2,32.36,0.05,61.48,31.96,29.52,Credit Card,Mobile,Social Commerce,Delivered,5
ORD000800,2026-06-04,C01052,Nora King,nora.king1052@example.com,Canada,Ontario,P014,Leather Wallet,FASHION,Accessories,2,29.36,0,58.72,28.62,30.1,Bank Transfer,Mobile,Website,Shipped,0
ORD000801,2024-07-29,C01300,Daniel Wilson,daniel.wilson1300@example.com,India,Maharashtra,P005,Laptop Stand,ELECTRONICS,Accessories,1,39.82,0.1,35.84,21.52,14.32,Debit Card,Desktop,Mobile App,Shipped,0
ORD000802,2024-02-11,C01661,Harper Hall,missing@example.com,Canada,Alberta,P034,Building Blocks,TOYS,Educational,2,34.88,0,69.76,34.54,35.22,Bank Transfer,Desktop,Website,Returned,4
ORD000803,2025-09-27,C01075,Ethan Young,ethan.young1075@example.com,Uae,Sharjah,P030,Perfume,BEAUTY,Fragrance,3,67.62,0.15,172.43,105.47,66.96,Debit Card,Desktop,Website,Delivered,4
ORD000804,2026-04-28,C00389,Charlotte Hall,charlotte.hall389@example.com,Uk,Scotland,P003,Smart Watch,ELECTRONICS,Wearables,3,141.12,0,423.36,288.43,134.93,Paypal,Desktop,Website,Delivered,5
ORD000805,2024-08-07,C00872,James Anderson,james.anderson872@example.com,India,Delhi,P029,Hair Dryer,BEAUTY,Hair Care,2,54.95,0.05,104.41,61.48,42.93,Debit Card,Desktop,Website,Delivered,5
ORD000806,2025-09-12,C01128,Jack Young,jack.young1128@example.com,India,Tamil Nadu,P033,Cookbook,BOOKS,Lifestyle,2,31,0,62,28.54,33.46,Debit Card,Desktop,Website,Processing,0
ORD000807,2025-06-26,C01032,Ethan Patel,ethan.patel1032@example.com,India,Tamil Nadu,P011,Denim Jacket,FASHION,Outerwear,6,72.4,0.05,412.68,241.47,171.21,Credit Card,Desktop,Marketplace,Delivered,4
ORD000808,2025-11-27,C00888,Noah Lee,noah.lee888@example.com,France,Ile-de-France,P011,Denim Jacket,FASHION,Outerwear,5,75.54,0,377.7,222.04,155.66,Paypal,Desktop,Website,Delivered,5
ORD000809,2025-10-08,C01099,Daniel Wright,daniel.wright1099@example.com,Uae,Sharjah,P011,Denim Jacket,FASHION,Outerwear,1,80.15,0,80.15,44.3,35.85,Cash On Delivery,Mobile,Social Commerce,Delivered,4
ORD000810,2026-02-22,C01603,Daniel Moore,daniel.moore1603@example.com,Usa,Florida,P024,Football,SPORTS,Outdoor,2,28.1,0.05,53.39,27.5,25.89,Credit Card,Mobile,Website,Shipped,0
ORD000811,2024-05-08,C00289,Amelia Taylor,amelia.taylor289@example.com,France,Ile-de-France,P025,Cycling Helmet,SPORTS,Outdoor,1,62.57,0,62.57,34.46,28.11,Bank Transfer,Tablet,Social Commerce,Delivered,5
ORD000812,2024-12-23,C00967,Evelyn Lewis,evelyn.lewis967@example.com,Germany,Saxony,P019,Knife Set,HOME & KITCHEN,Cookware,1,60.88,0.15,51.75,34.39,17.36,Credit Card,Desktop,Website,Delivered,5
ORD000813,2025-07-26,C00765,Emma Wilson,emma.wilson765@example.com,Usa,New York,P028,Moisturizer,BEAUTY,Skin Care,2,23.73,0.2,37.97,19.63,18.34,Credit Card,Desktop,Website,Delivered,4
ORD000814,2025-11-24,C01681,Nora Garcia,nora.garcia1681@example.com,Australia,Victoria,P001,Wireless Headphones,ELECTRONICS,Audio,1,75.96,0.2,60.77,48.64,12.13,Paypal,Desktop,Marketplace,Shipped,0
ORD000815,2025-06-08,C01549,Adam Garcia,adam.garcia1549@example.com,Uae,Abu Dhabi,P027,Face Serum,BEAUTY,Skin Care,2,33.76,0.05,64.14,27.35,36.79,Credit Card,Tablet,Marketplace,Delivered,5
ORD000816,2025-11-20,C00153,Adam Patel,adam.patel153@example.com,Australia,New South Wales,P034,Building Blocks,TOYS,Educational,5,39,0,195,99.44,95.56,Paypal,Desktop,Website,Delivered,3
ORD000817,2026-03-08,C01264,Aria Martin,aria.martin1264@example.com,Australia,Victoria,P007,Wireless Mouse,ELECTRONICS,Computers,1,36.9,0.15,31.36,18.11,13.25,Paypal,Mobile,Website,Delivered,5
ORD000818,2025-12-13,C00536,Liam Patel,liam.patel536@example.com,France,Occitanie,P034,Building Blocks,TOYS,Educational,3,35.27,0.15,89.94,52.03,37.91,Debit Card,Desktop,Website,Processing,0
ORD000819,2025-03-24,C01535,Liam Clark,liam.clark1535@example.com,India,Gujarat,P032,Data Analytics Book,BOOKS,Education,2,46.4,0.1,83.52,45.13,38.39,Debit Card,Desktop,Website,Delivered,4
ORD000820,2024-11-23,C00202,Jack Wright,jack.wright202@example.com,Germany,Berlin,P014,Leather Wallet,FASHION,Accessories,1,29.56,0.05,28.08,13.44,14.64,Paypal,Mobile,Marketplace,Delivered,1
ORD000821,2024-01-26,C00103,Leo Clark,leo.clark103@example.com,Uk,Scotland,P028,Moisturizer,BEAUTY,Skin Care,1,25.02,0.1,22.52,9.75,12.77,Credit Card,Tablet,Marketplace,Processing,0
ORD000822,2025-04-19,C00738,Layla Garcia,layla.garcia738@example.com,Usa,Illinois,P012,Cotton T-Shirt,FASHION,Apparel,1,21.2,0.15,18.02,9.82,8.2,Credit Card,Tablet,Website,Delivered,5
ORD000823,2024-05-11,C00251,Liam Walker,liam.walker251@example.com,Canada,Alberta,P029,Hair Dryer,BEAUTY,Hair Care,2,54.74,0.15,93.06,62.35,30.71,Debit Card,Mobile,Mobile App,Delivered,5
ORD000824,2024-01-15,C01359,Amelia Williams,amelia.williams1359@example.com,Canada,Ontario,P030,Perfume,BEAUTY,Fragrance,2,77.53,0,155.06,81.78,73.28,Cash On Delivery,Mobile,Website,Delivered,5
ORD000825,2025-10-20,C01096,Evelyn Lewis,evelyn.lewis1096@example.com,Australia,New South Wales,P005,Laptop Stand,ELECTRONICS,Accessories,1,40.56,0.25,30.42,20.25,10.17,Debit Card,Tablet,Marketplace,Returned,4
ORD000826,2025-07-10,C00991,Jack Lewis,jack.lewis991@example.com,Usa,Texas,P010,Casual Sneakers,FASHION,Footwear,2,57.84,0.1,104.11,62.46,41.65,Credit Card,Mobile,Website,Delivered,4
ORD000827,2025-07-08,C00680,Chloe King,chloe.king680@example.com,Germany,Hesse,P028,Moisturizer,BEAUTY,Skin Care,1,25.6,0,25.6,10.44,15.16,Debit Card,Mobile,Marketplace,Delivered,5
ORD000828,2026-02-27,C01787,Noah Wilson,noah.wilson1787@example.com,Usa,Texas,P008,Webcam HD,ELECTRONICS,Computers,1,58.1,0.15,49.38,34.99,14.39,Paypal,Mobile,Mobile App,Delivered,4
ORD000829,2026-04-06,C01764,Mia Williams,mia.williams1764@example.com,Uk,Wales,P030,Perfume,BEAUTY,Fragrance,3,75.74,0,227.22,122.42,104.8,Bank Transfer,Tablet,Website,Delivered,3
ORD000830,2025-01-01,C00350,Aria Martin,aria.martin350@example.com,Uae,Sharjah,P024,Football,SPORTS,Outdoor,3,28.49,0.15,72.65,42.29,30.36,Debit Card,Desktop,Mobile App,Delivered,4
ORD000831,2025-02-03,C00939,Zoe Williams,zoe.williams939@example.com,Usa,New York,P026,Water Bottle,SPORTS,Accessories,1,18.91,0.1,17.02,7.89,9.13,Credit Card,Mobile,Mobile App,Delivered,4
ORD000832,2026-04-08,C00610,Mia Martin,mia.martin610@example.com,Germany,Bavaria,P029,Hair Dryer,BEAUTY,Hair Care,1,46.01,0.15,39.11,26.27,12.84,Credit Card,Mobile,Mobile App,Delivered,3
ORD000833,2024-07-30,C00374,Liam Anderson,liam.anderson374@example.com,Canada,Alberta,P004,USB-C Charger,ELECTRONICS,Accessories,1,25.5,0.05,24.22,12.46,11.76,Credit Card,Desktop,Mobile App,Delivered,5
ORD000834,2026-03-31,C00101,Lucas Moore,lucas.moore101@example.com,Usa,Illinois,P016,Coffee Maker,HOME & KITCHEN,Appliances,2,99.52,0.1,179.14,122.92,56.22,Debit Card,Mobile,Website,Cancelled,0
ORD000835,2026-01-23,C00287,Zoe Garcia,zoe.garcia287@example.com,Uk,Scotland,P009,Running Shoes,FASHION,Footwear,3,65.59,0,196.77,109.25,87.52,Credit Card,Mobile,Marketplace,Delivered,4
ORD000836,2025-02-01,C00039,Elijah Brown,elijah.brown39@example.com,Germany,Bavaria,P026,Water Bottle,SPORTS,Accessories,3,19.78,0.1,53.41,24.84,28.57,Credit Card,Desktop,Mobile App,Cancelled,0
ORD000837,2025-10-15,C01777,Layla King,layla.king1777@example.com,Australia,Queensland,P005,Laptop Stand,ELECTRONICS,Accessories,1,37.49,0.1,33.74,19.52,14.22,Debit Card,Desktop,Mobile App,Delivered,5
ORD000838,2024-08-24,C00519,Mason Moore,mason.moore519@example.com,Germany,Hesse,P016,Coffee Maker,HOME & KITCHEN,Appliances,1,99.18,0.25,74.39,61.09,13.3,Credit Card,Desktop,Website,Delivered,5
ORD000839,2025-06-23,C00932,Aarav King,aarav.king932@example.com,Germany,Bavaria,P003,Smart Watch,ELECTRONICS,Wearables,2,123.18,0,246.36,167.48,78.88,Bank Transfer,Mobile,Mobile App,Delivered,2
ORD000840,2025-07-15,C00359,Evelyn Thomas,evelyn.thomas359@example.com,India,Karnataka,P017,Air Fryer,HOME & KITCHEN,Appliances,2,133.97,0.1,241.15,173.5,67.65,Credit Card,Desktop,Mobile App,Delivered,5
ORD000841,2024-01-23,C01791,Ava Taylor,ava.taylor1791@example.com,Uk,England,P017,Air Fryer,HOME & KITCHEN,Appliances,1,114.98,0.15,97.73,74.97,22.76,Credit Card,Mobile,Marketplace,Cancelled,0
ORD000842,2025-03-01,C00177,Lucas Johnson,lucas.johnson177@example.com,India,Gujarat,P010,Casual Sneakers,FASHION,Footwear,2,52.45,0.15,89.17,54.67,34.5,Paypal,Mobile,Website,Delivered,5
ORD000843,2025-09-06,C01717,James Wright,james.wright1717@example.com,India,Karnataka,P012,Cotton T-Shirt,FASHION,Apparel,1,19.76,0,19.76,8.95,10.81,Credit Card,Mobile,Marketplace,Delivered,5
ORD000844,2025-06-01,C01082,James Garcia,james.garcia1082@example.com,Usa,New York,P001,Wireless Headphones,ELECTRONICS,Audio,2,85.63,0,171.26,107.01,64.25,Credit Card,Mobile,Mobile App,Delivered,3
ORD000845,2026-02-26,C00479,Amelia Johnson,amelia.johnson479@example.com,Uk,Scotland,P033,Cookbook,BOOKS,Lifestyle,1,27.83,0.05,26.44,12.74,13.7,Debit Card,Mobile,Website,Delivered,5
ORD000846,2025-11-07,C01275,Chloe Young,chloe.young1275@example.com,Usa,New York,P031,Novel Set,BOOKS,Fiction,1,44.41,0.1,39.97,22.49,17.48,Credit Card,Mobile,Website,Delivered,4
ORD000847,2025-12-10,C00370,Lucas Anderson,lucas.anderson370@example.com,Canada,Alberta,P036,Puzzle 1000pc,TOYS,Games,6,21.76,0.1,117.5,57.45,60.05,Debit Card,Desktop,Mobile App,Delivered,5
ORD000848,2025-08-13,C01101,Owen Thomas,owen.thomas1101@example.com,India,Tamil Nadu,P034,Building Blocks,TOYS,Educational,2,38.53,0,77.06,37.97,39.09,Credit Card,Tablet,Website,Delivered,5
ORD000849,2025-05-16,C01440,Lucas Wright,lucas.wright1440@example.com,Germany,Bavaria,P016,Coffee Maker,HOME & KITCHEN,Appliances,2,86.26,0,172.52,106.26,66.26,Paypal,Desktop,Marketplace,Shipped,0
ORD000850,2024-03-25,C00212,Mia Lewis,mia.lewis212@example.com,Canada,Ontario,P016,Coffee Maker,HOME & KITCHEN,Appliances,4,85.37,0.15,290.26,212.99,77.27,Bank Transfer,Mobile,Mobile App,Delivered,4
ORD000851,2025-07-22,C01036,Nora Johnson,nora.johnson1036@example.com,France,Occitanie,P034,Building Blocks,TOYS,Educational,2,37.49,0.05,71.23,37.55,33.68,Debit Card,Desktop,Website,Cancelled,0
ORD000852,2024-09-20,C01192,Jack Thomas,jack.thomas1192@example.com,Uae,Dubai,P016,Coffee Maker,HOME & KITCHEN,Appliances,1,99.77,0,99.77,60.54,39.23,Credit Card,Mobile,Website,Delivered,3
ORD000853,2025-05-31,C01415,Owen Anderson,owen.anderson1415@example.com,Usa,New York,P021,Desk Lamp,HOME & KITCHEN,Lighting,3,32.77,0.15,83.56,48.47,35.09,Debit Card,Tablet,Mobile App,Delivered,5
ORD000854,2026-04-20,C01271,Layla Martin,layla.martin1271@example.com,India,Delhi,P033,Cookbook,BOOKS,Lifestyle,2,32.27,0.1,58.09,30.69,27.4,Paypal,Desktop,Mobile App,Delivered,1
ORD000855,2026-04-24,C00763,Ethan Johnson,ethan.johnson763@example.com,India,Maharashtra,P003,Smart Watch,ELECTRONICS,Wearables,3,120.41,0,361.23,246.37,114.86,Credit Card,Mobile,Marketplace,Delivered,5
ORD000856,2024-12-10,C00736,Evelyn Moore,evelyn.moore736@example.com,France,Normandy,P004,USB-C Charger,ELECTRONICS,Accessories,1,26.79,0.2,21.43,12.96,8.47,Debit Card,Mobile,Mobile App,Delivered,5
ORD000857,2025-03-18,C00636,Zoe Wright,zoe.wright636@example.com,France,Normandy,P023,Dumbbell Set,SPORTS,Fitness,1,86.72,0,86.72,48.96,37.76,Cash On Delivery,Mobile,Mobile App,Delivered,4
ORD000858,2025-02-03,C01556,Amelia Patel,amelia.patel1556@example.com,Australia,Queensland,P020,Storage Boxes,HOME & KITCHEN,Storage,2,27.52,0,55.04,26.92,28.12,Paypal,Desktop,Mobile App,Delivered,5
ORD000859,2024-09-13,C00364,Ava Moore,ava.moore364@example.com,Australia,New South Wales,P016,Coffee Maker,HOME & KITCHEN,Appliances,1,93.95,0.05,89.25,58.91,30.34,Cash On Delivery,Mobile,Marketplace,Delivered,5
ORD000860,2024-05-22,C00298,Zoe Hall,zoe.hall298@example.com,Australia,Victoria,P017,Air Fryer,HOME & KITCHEN,Appliances,1,130.93,0.2,104.74,87.1,17.64,Paypal,Desktop,Website,Delivered,5
ORD000861,2024-02-06,C00816,Evelyn Taylor,evelyn.taylor816@example.com,Uae,Sharjah,P011,Denim Jacket,FASHION,Outerwear,2,70.21,0.2,112.34,82.57,29.77,Cash On Delivery,Desktop,Mobile App,Delivered,5
ORD000862,2024-09-23,C01565,Grace Young,grace.young1565@example.com,Germany,Berlin,P023,Dumbbell Set,SPORTS,Fitness,1,88.38,0,88.38,50.05,38.33,Paypal,Mobile,Website,Delivered,3
ORD000863,2025-10-15,C01290,Nora Garcia,nora.garcia1290@example.com,France,Normandy,P004,USB-C Charger,ELECTRONICS,Accessories,2,27.69,0.1,49.84,27.08,22.76,Debit Card,Mobile,Website,Shipped,0
ORD000864,2025-09-21,C00325,Noah Moore,noah.moore325@example.com,Germany,Hesse,P018,Non-stick Pan,HOME & KITCHEN,Cookware,3,38.02,0,114.06,59.1,54.96,Debit Card,Desktop,Website,Delivered,5
ORD000865,2025-02-21,C00288,Chloe Wilson,chloe.wilson288@example.com,Uae,Dubai,P013,Hoodie,FASHION,Apparel,2,46.93,0.15,79.78,46.73,33.05,Credit Card,Mobile,Mobile App,Delivered,2
ORD000866,2025-09-21,C01171,Aria Lee,aria.lee1171@example.com,Germany,Saxony,P023,Dumbbell Set,SPORTS,Fitness,6,75.28,0.05,429.1,253.21,175.89,Cash On Delivery,Mobile,Marketplace,Delivered,5
ORD000867,2025-05-18,C01097,Owen Walker,owen.walker1097@example.com,Australia,Victoria,P006,Mechanical Keyboard,ELECTRONICS,Computers,5,83.47,0,417.35,260.45,156.9,Debit Card,Mobile,Mobile App,Delivered,5
ORD000868,2025-08-05,C01379,Charlotte Lee,charlotte.lee1379@example.com,Uk,Wales,P014,Leather Wallet,FASHION,Accessories,1,28.5,0,28.5,13.48,15.02,Debit Card,Mobile,Social Commerce,Delivered,4
ORD000869,2026-03-10,C01454,Liam Moore,liam.moore1454@example.com,India,Gujarat,P026,Water Bottle,SPORTS,Accessories,1,16.84,0.05,16,7.37,8.63,Paypal,Mobile,Mobile App,Delivered,4
ORD000870,2026-02-13,C00167,Leo Lee,leo.lee167@example.com,Australia,Queensland,P023,Dumbbell Set,SPORTS,Fitness,4,80.51,0.1,289.84,186.94,102.9,Paypal,Desktop,Website,Delivered,4
ORD000871,2025-10-05,C01617,Liam Smith,liam.smith1617@example.com,Usa,New York,P022,Yoga Mat,SPORTS,Fitness,2,26.89,0.1,48.4,23.9,24.5,Credit Card,Mobile,Social Commerce,Delivered,1
ORD000872,2025-10-15,C01547,Isabella Lee,isabella.lee1547@example.com,Uae,Sharjah,P007,Wireless Mouse,ELECTRONICS,Computers,1,33.88,0.2,27.1,16.87,10.23,Cash On Delivery,Mobile,Website,Delivered,5
ORD000873,2025-11-28,C01245,Ethan Hall,ethan.hall1245@example.com,France,Occitanie,P021,Desk Lamp,HOME & KITCHEN,Lighting,5,35.37,0.2,141.48,91.71,49.77,Credit Card,Desktop,Website,Processing,0
ORD000874,2025-10-23,C00080,Amelia Wright,amelia.wright80@example.com,Canada,Quebec,P031,Novel Set,BOOKS,Fiction,2,39.8,0,79.6,39.85,39.75,Paypal,Mobile,Website,Delivered,3
ORD000875,2025-01-27,C01688,Grace Wright,grace.wright1688@example.com,Germany,Saxony,P030,Perfume,BEAUTY,Fragrance,2,71.49,0.15,121.53,75.85,45.68,Cash On Delivery,Mobile,Marketplace,Delivered,5
ORD000876,2024-09-13,C00469,Lucas Young,lucas.young469@example.com,France,Normandy,P016,Coffee Maker,HOME & KITCHEN,Appliances,3,86.8,0,260.4,156.67,103.73,Paypal,Mobile,Website,Processing,0
ORD000877,2026-07-24,C00889,Liam Williams,liam.williams889@example.com,France,Ile-de-France,P012,Cotton T-Shirt,FASHION,Apparel,2,18.52,0.05,35.19,16.2,18.99,Cash On Delivery,Desktop,Website,Delivered,5
ORD000878,2024-12-03,C01407,Zoe Walker,zoe.walker1407@example.com,Usa,California,P023,Dumbbell Set,SPORTS,Fitness,1,83.57,0,83.57,48.51,35.06,Credit Card,Desktop,Website,Delivered,3
ORD000879,2026-01-04,C00442,Noah Clark,missing@example.com,France,Occitanie,P002,Bluetooth Speaker,ELECTRONICS,Audio,2,52.98,0.1,95.36,64.21,31.15,Credit Card,Mobile,Website,Delivered,3
ORD000880,2024-10-13,C00957,Liam Smith,liam.smith957@example.com,Uae,Dubai,P029,Hair Dryer,BEAUTY,Hair Care,1,50.96,0,50.96,27.27,23.69,Credit Card,Desktop,Mobile App,Delivered,4
ORD000881,2024-05-31,C01378,Emma Brown,emma.brown1378@example.com,India,Maharashtra,P027,Face Serum,BEAUTY,Skin Care,3,32.51,0.1,87.78,41.01,46.77,Paypal,Mobile,Social Commerce,Delivered,4
ORD000882,2024-04-29,C00070,Chloe Walker,chloe.walker70@example.com,Uae,Sharjah,P022,Yoga Mat,SPORTS,Fitness,1,23.45,0.05,22.28,10.39,11.89,Cash On Delivery,Desktop,Marketplace,Delivered,3
ORD000883,2025-07-03,C01202,Isabella Thomas,isabella.thomas1202@example.com,Uae,Dubai,P010,Casual Sneakers,FASHION,Footwear,1,61.07,0,61.07,31.79,29.28,Paypal,Mobile,Website,Processing,0
ORD000884,2026-03-07,C01662,Aarav Garcia,aarav.garcia1662@example.com,Germany,Saxony,P012,Cotton T-Shirt,FASHION,Apparel,1,22.19,0,22.19,10.21,11.98,Credit Card,Mobile,Website,Returned,3
ORD000885,2025-07-10,C01727,Liam Johnson,liam.johnson1727@example.com,India,Tamil Nadu,P035,Remote Control Car,TOYS,Vehicles,1,48.39,0.2,38.71,27.62,11.09,Credit Card,Desktop,Mobile App,Delivered,1
ORD000886,2024-10-10,C00423,Sophia Smith,sophia.smith423@example.com,Germany,Saxony,P035,Remote Control Car,TOYS,Vehicles,2,47.84,0.1,86.11,55.4,30.71,Credit Card,Desktop,Website,Processing,0
ORD000887,2025-12-01,C01526,Mason Thomas,mason.thomas1526@example.com,Uae,Sharjah,P027,Face Serum,BEAUTY,Skin Care,2,34.26,0.05,65.09,29.43,35.66,Paypal,Desktop,Marketplace,Delivered,5
ORD000888,2024-08-10,C00961,Elijah Johnson,elijah.johnson961@example.com,Uae,Sharjah,P005,Laptop Stand,ELECTRONICS,Accessories,1,43.08,0.25,32.31,22.57,9.74,Debit Card,Desktop,Marketplace,Shipped,0
ORD000889,2026-03-29,C01631,Liam Clark,liam.clark1631@example.com,Germany,Saxony,P001,Wireless Headphones,ELECTRONICS,Audio,2,85.23,0.15,144.89,105.64,39.25,Credit Card,Mobile,Mobile App,Delivered,3
ORD000890,2025-06-14,C01004,Isabella Lee,isabella.lee1004@example.com,Uk,Scotland,P026,Water Bottle,SPORTS,Accessories,2,19.37,0.15,32.93,16.39,16.54,Credit Card,Mobile,Website,Shipped,0
ORD000891,2024-12-19,C00239,Chloe Smith,chloe.smith239@example.com,Uk,Wales,P015,Backpack,FASHION,Bags,1,49.73,0.2,39.78,27.22,12.56,Paypal,Desktop,Website,Processing,0
ORD000892,2025-12-22,C00963,Mason Lee,mason.lee963@example.com,Usa,New York,P004,USB-C Charger,ELECTRONICS,Accessories,1,25.2,0,25.2,12.17,13.03,Bank Transfer,Mobile,Website,Delivered,5
ORD000893,2024-11-14,C00042,Leo Garcia,leo.garcia42@example.com,Uae,Abu Dhabi,P023,Dumbbell Set,SPORTS,Fitness,1,84.75,0,84.75,49.06,35.69,Paypal,Mobile,Mobile App,Processing,0
ORD000894,2025-03-28,C01370,Leo Lewis,leo.lewis1370@example.com,Usa,California,P028,Moisturizer,BEAUTY,Skin Care,3,26.72,0.2,64.13,31.92,32.21,Credit Card,Desktop,Marketplace,Shipped,0
ORD000895,2025-11-12,C01766,Liam Lee,liam.lee1766@example.com,Uk,Wales,P028,Moisturizer,BEAUTY,Skin Care,4,24.82,0.2,79.42,40.51,38.91,Paypal,Desktop,Mobile App,Delivered,4
ORD000896,2024-12-12,C00505,Aarav Brown,aarav.brown505@example.com,Uk,Wales,P035,Remote Control Car,TOYS,Vehicles,4,46.77,0.05,177.73,107.79,69.94,Cash On Delivery,Mobile,Mobile App,Processing,0
ORD000897,2024-04-25,C00144,Jack King,jack.king144@example.com,Canada,Quebec,P027,Face Serum,BEAUTY,Skin Care,1,34.53,0.05,32.8,14.7,18.1,Paypal,Tablet,Website,Delivered,4
ORD000898,2026-02-16,C00648,Emma Hall,emma.hall648@example.com,India,Delhi,P028,Moisturizer,BEAUTY,Skin Care,2,26.57,0,53.14,21.29,31.85,Paypal,Mobile,Mobile App,Processing,0
ORD000899,2026-07-22,C01330,Ava Hall,ava.hall1330@example.com,Usa,Illinois,P028,Moisturizer,BEAUTY,Skin Care,1,25.85,0.25,19.39,10.01,9.38,Credit Card,Mobile,Mobile App,Delivered,5
ORD000900,2024-09-10,C00061,Harper Martin,harper.martin61@example.com,Uae,Abu Dhabi,P004,USB-C Charger,ELECTRONICS,Accessories,4,23.39,0,93.56,45.82,47.74,Debit Card,Mobile,Mobile App,Delivered,4
ORD000901,2026-05-14,C00439,Chloe Moore,chloe.moore439@example.com,France,Normandy,P009,Running Shoes,FASHION,Footwear,3,76.47,0.1,206.47,127.37,79.1,Credit Card,Mobile,Website,Delivered,3
ORD000902,2025-06-15,C00679,Ethan King,ethan.king679@example.com,India,Karnataka,P019,Knife Set,HOME & KITCHEN,Cookware,1,65.41,0,65.41,37.79,27.62,Paypal,Mobile,Mobile App,Processing,0
ORD000903,2026-04-24,C01462,Daniel Wright,daniel.wright1462@example.com,France,Ile-de-France,P023,Dumbbell Set,SPORTS,Fitness,1,87.99,0,87.99,51.57,36.42,Credit Card,Tablet,Website,Delivered,3
ORD000904,2024-12-21,C00144,Jack King,jack.king144@example.com,Australia,Western Australia,P009,Running Shoes,FASHION,Footwear,3,74.61,0.25,167.87,119.16,48.71,Debit Card,Desktop,Social Commerce,Shipped,0
ORD000905,2024-02-10,C00739,Aria Lee,aria.lee739@example.com,Australia,Queensland,P024,Football,SPORTS,Outdoor,1,30.25,0.25,22.69,13.98,8.71,Debit Card,Desktop,Website,Delivered,3
ORD000906,2026-02-26,C00353,Leo Garcia,leo.garcia353@example.com,India,Delhi,P007,Wireless Mouse,ELECTRONICS,Computers,2,37.59,0.05,71.42,38.64,32.78,Credit Card,Mobile,Marketplace,Delivered,5
ORD000907,2024-01-22,C01014,Aria Patel,aria.patel1014@example.com,Australia,Victoria,P023,Dumbbell Set,SPORTS,Fitness,1,74.62,0.05,70.89,42.04,28.85,Cash On Delivery,Desktop,Website,Delivered,4
ORD000908,2026-06-30,C01761,Evelyn Walker,evelyn.walker1761@example.com,Australia,Victoria,P028,Moisturizer,BEAUTY,Skin Care,2,23.11,0.25,34.66,18.89,15.77,Paypal,Mobile,Mobile App,Shipped,0
ORD000909,2025-08-07,C01513,Ethan King,ethan.king1513@example.com,India,Gujarat,P014,Leather Wallet,FASHION,Accessories,1,27.92,0,27.92,13.21,14.71,Debit Card,Mobile,Mobile App,Delivered,4
ORD000910,2026-06-26,C00358,Owen Wilson,owen.wilson358@example.com,India,Karnataka,P029,Hair Dryer,BEAUTY,Hair Care,1,53.03,0.1,47.73,29.59,18.14,Debit Card,Desktop,Social Commerce,Delivered,3
ORD000911,2026-03-16,C01675,Charlotte Wilson,charlotte.wilson1675@example.com,Canada,Alberta,P036,Puzzle 1000pc,TOYS,Games,3,21.86,0.05,62.3,28.44,33.86,Credit Card,Mobile,Mobile App,Delivered,5
ORD000912,2024-12-10,C01015,Zoe Smith,zoe.smith1015@example.com,Australia,Western Australia,P027,Face Serum,BEAUTY,Skin Care,1,33.4,0.1,30.06,13.66,16.4,Debit Card,Mobile,Website,Delivered,4
ORD000913,2024-11-13,C00374,Liam Anderson,liam.anderson374@example.com,Canada,British Columbia,P004,USB-C Charger,ELECTRONICS,Accessories,4,24.88,0.2,79.62,45.89,33.73,Cash On Delivery,Mobile,Website,Delivered,4
ORD000914,2024-10-23,C01191,Chloe Hall,chloe.hall1191@example.com,Uk,Wales,P019,Knife Set,HOME & KITCHEN,Cookware,3,64.02,0.05,182.46,110.64,71.82,Bank Transfer,Desktop,Mobile App,Delivered,4
ORD000915,2024-05-14,C01070,Aarav Hall,aarav.hall1070@example.com,Germany,Bavaria,P012,Cotton T-Shirt,FASHION,Apparel,5,19.4,0.15,82.45,44.9,37.55,Paypal,Mobile,Website,Delivered,2
ORD000916,2026-07-29,C00271,Leo Thomas,leo.thomas271@example.com,France,Occitanie,P027,Face Serum,BEAUTY,Skin Care,1,38.42,0.1,34.58,15.7,18.88,Debit Card,Desktop,Mobile App,Delivered,2
ORD000917,2024-10-26,C01201,Noah Smith,noah.smith1201@example.com,India,Tamil Nadu,P006,Mechanical Keyboard,ELECTRONICS,Computers,1,86.51,0.15,73.53,52.78,20.75,Cash On Delivery,Desktop,Website,Delivered,2
ORD000918,2024-03-12,C00261,Mia Lewis,mia.lewis261@example.com,India,Tamil Nadu,P002,Bluetooth Speaker,ELECTRONICS,Audio,1,50.52,0,50.52,30.33,20.19,Debit Card,Mobile,Mobile App,Delivered,4
ORD000919,2025-12-23,C00944,Owen Wright,owen.wright944@example.com,Australia,Western Australia,P017,Air Fryer,HOME & KITCHEN,Appliances,3,129.41,0.2,310.58,261.41,49.17,Credit Card,Tablet,Mobile App,Processing,0
ORD000920,2025-11-27,C01428,Noah Clark,noah.clark1428@example.com,Uae,Sharjah,P002,Bluetooth Speaker,ELECTRONICS,Audio,4,49.18,0.15,167.21,121.43,45.78,Debit Card,Desktop,Website,Returned,4
ORD000921,2025-02-16,C01489,Nora Johnson,nora.johnson1489@example.com,Australia,Victoria,P030,Perfume,BEAUTY,Fragrance,2,64.74,0.1,116.53,68.64,47.89,Paypal,Mobile,Website,Delivered,1
ORD000922,2025-12-29,C01666,Grace Johnson,grace.johnson1666@example.com,Canada,Quebec,P019,Knife Set,HOME & KITCHEN,Cookware,3,59.45,0.2,142.68,95.93,46.75,Debit Card,Mobile,Website,Delivered,4
ORD000923,2025-12-22,C01276,Daniel Thomas,daniel.thomas1276@example.com,India,Tamil Nadu,P030,Perfume,BEAUTY,Fragrance,1,75.82,0.05,72.03,40.98,31.05,Bank Transfer,Desktop,Website,Delivered,3
ORD000924,2024-12-17,C01099,Daniel Wright,daniel.wright1099@example.com,Uk,Scotland,P027,Face Serum,BEAUTY,Skin Care,1,36.28,0.1,32.65,14.87,17.78,Debit Card,Mobile,Marketplace,Cancelled,0
ORD000925,2024-06-14,C01056,Mia Johnson,mia.johnson1056@example.com,Usa,California,P017,Air Fryer,HOME & KITCHEN,Appliances,2,132.52,0.05,251.79,172.2,79.59,Debit Card,Desktop,Mobile App,Processing,0
ORD000926,2025-05-11,C00822,Charlotte Taylor,charlotte.taylor822@example.com,Germany,Berlin,P036,Puzzle 1000pc,TOYS,Games,1,19.86,0,19.86,8.5,11.36,Debit Card,Tablet,Social Commerce,Delivered,5
ORD000927,2026-03-02,C00258,Owen Brown,owen.brown258@example.com,France,Occitanie,P023,Dumbbell Set,SPORTS,Fitness,2,88.87,0,177.74,103.95,73.79,Credit Card,Mobile,Website,Delivered,5
ORD000928,2024-07-04,C00358,Owen Wilson,owen.wilson358@example.com,Australia,Queensland,P027,Face Serum,BEAUTY,Skin Care,2,34.52,0,69.04,28.14,40.9,Credit Card,Desktop,Website,Returned,4
ORD000929,2024-06-07,C00847,Leo King,leo.king847@example.com,France,Normandy,P031,Novel Set,BOOKS,Fiction,2,36.97,0,73.94,36.57,37.37,Credit Card,Desktop,Website,Delivered,4
ORD000930,2026-06-17,C01002,Layla Wilson,layla.wilson1002@example.com,Usa,Texas,P027,Face Serum,BEAUTY,Skin Care,5,37.5,0.1,168.75,80.42,88.33,Credit Card,Desktop,Website,Delivered,5
ORD000931,2024-09-21,C00625,Lucas Clark,lucas.clark625@example.com,Germany,Bavaria,P030,Perfume,BEAUTY,Fragrance,3,73.58,0.15,187.63,118.25,69.38,Debit Card,Desktop,Mobile App,Shipped,0
ORD000932,2026-07-26,C01225,Leo Anderson,leo.anderson1225@example.com,Germany,Saxony,P006,Mechanical Keyboard,ELECTRONICS,Computers,2,83.3,0,166.6,101.18,65.42,Paypal,Tablet,Website,Delivered,3
ORD000933,2024-02-25,C01182,Henry Johnson,henry.johnson1182@example.com,Uae,Sharjah,P021,Desk Lamp,HOME & KITCHEN,Lighting,1,34.75,0,34.75,17.67,17.08,Credit Card,Desktop,Marketplace,Returned,4
ORD000934,2025-05-20,C00061,Harper Martin,harper.martin61@example.com,Uae,Abu Dhabi,P008,Webcam HD,ELECTRONICS,Computers,2,62.81,0.05,119.34,76.32,43.02,Credit Card,Mobile,Mobile App,Delivered,1
ORD000935,2025-08-18,C00398,Sophia Lewis,sophia.lewis398@example.com,Germany,Hesse,P034,Building Blocks,TOYS,Educational,1,35.47,0.15,30.15,17.88,12.27,Bank Transfer,Mobile,Website,Cancelled,0
ORD000936,2026-03-23,C01569,Nora Patel,nora.patel1569@example.com,Uk,England,P026,Water Bottle,SPORTS,Accessories,1,18.97,0.1,17.07,8.17,8.9,Cash On Delivery,Tablet,Website,Delivered,5
ORD000937,2024-07-16,C00876,Zoe Young,zoe.young876@example.com,India,Karnataka,P016,Coffee Maker,HOME & KITCHEN,Appliances,1,93.51,0.1,84.16,59.76,24.4,Credit Card,Tablet,Mobile App,Delivered,5
ORD000938,2025-11-04,C00906,Aria Johnson,aria.johnson906@example.com,France,Occitanie,P015,Backpack,FASHION,Bags,1,46.67,0,46.67,25.4,21.27,Bank Transfer,Desktop,Mobile App,Shipped,0
ORD000939,2025-07-04,C01093,Nora Taylor,nora.taylor1093@example.com,Uae,Abu Dhabi,P012,Cotton T-Shirt,FASHION,Apparel,1,18.84,0.2,15.07,8.23,6.84,Credit Card,Desktop,Website,Shipped,0
ORD000940,2025-05-30,C01311,Grace Williams,grace.williams1311@example.com,Uae,Abu Dhabi,P019,Knife Set,HOME & KITCHEN,Cookware,3,59.51,0.1,160.68,98.14,62.54,Paypal,Mobile,Mobile App,Shipped,0
ORD000941,2024-11-03,C00381,Ava Young,ava.young381@example.com,Uk,Wales,P029,Hair Dryer,BEAUTY,Hair Care,2,49.58,0.15,84.29,55.21,29.08,Credit Card,Desktop,Website,Delivered,4
ORD000942,2024-11-11,C00805,Aria Martin,aria.martin805@example.com,Germany,Berlin,P020,Storage Boxes,HOME & KITCHEN,Storage,2,29.35,0.1,52.83,28.88,23.95,Credit Card,Mobile,Website,Delivered,5
ORD000943,2024-07-28,C01174,Sophia Anderson,sophia.anderson1174@example.com,France,Ile-de-France,P020,Storage Boxes,HOME & KITCHEN,Storage,3,26.37,0.05,75.15,37.41,37.74,Credit Card,Mobile,Marketplace,Processing,0
ORD000944,2025-02-26,C00953,Liam Garcia,liam.garcia953@example.com,Uae,Dubai,P017,Air Fryer,HOME & KITCHEN,Appliances,1,115.37,0.05,109.6,77.36,32.24,Bank Transfer,Mobile,Website,Shipped,0
ORD000945,2024-06-20,C01157,Zoe Lewis,zoe.lewis1157@example.com,Uae,Abu Dhabi,P018,Non-stick Pan,HOME & KITCHEN,Cookware,2,37.23,0,74.46,39.06,35.4,Cash On Delivery,Mobile,Website,Delivered,3
ORD000946,2025-08-30,C00758,Charlotte Lee,charlotte.lee758@example.com,Usa,Texas,P028,Moisturizer,BEAUTY,Skin Care,1,24.69,0.15,20.99,9.75,11.24,Credit Card,Desktop,Website,Delivered,4
ORD000947,2024-12-01,C00570,Jack Lewis,jack.lewis570@example.com,India,Maharashtra,P035,Remote Control Car,TOYS,Vehicles,1,47.46,0.1,42.71,27.14,15.57,Paypal,Desktop,Social Commerce,Cancelled,0
ORD000948,2024-06-02,C00206,Liam King,liam.king206@example.com,India,Delhi,P022,Yoga Mat,SPORTS,Fitness,3,24.05,0.1,64.94,33.4,31.54,Credit Card,Mobile,Website,Delivered,5
ORD000949,2024-08-25,C00965,Amelia Young,amelia.young965@example.com,Uae,Dubai,P034,Building Blocks,TOYS,Educational,1,36.26,0,36.26,17.8,18.46,Credit Card,Desktop,Website,Delivered,1
ORD000950,2025-07-08,C00500,Adam Young,adam.young500@example.com,Uae,Dubai,P017,Air Fryer,HOME & KITCHEN,Appliances,1,120.85,0.05,114.81,77.72,37.09,Paypal,Mobile,Mobile App,Cancelled,0
ORD000951,2025-12-15,C00704,Layla Taylor,layla.taylor704@example.com,France,Normandy,P036,Puzzle 1000pc,TOYS,Games,1,19.82,0.05,18.83,8.73,10.1,Credit Card,Tablet,Website,Delivered,5
ORD000952,2026-01-12,C01754,Sophia Young,sophia.young1754@example.com,Uae,Abu Dhabi,P001,Wireless Headphones,ELECTRONICS,Audio,5,75.17,0,375.85,231.93,143.92,Credit Card,Mobile,Website,Delivered,5
ORD000953,2024-03-13,C00361,Adam Thomas,adam.thomas361@example.com,Usa,Texas,P016,Coffee Maker,HOME & KITCHEN,Appliances,3,95.53,0,286.59,176.41,110.18,Debit Card,Mobile,Marketplace,Delivered,1
ORD000954,2026-02-20,C00134,Olivia Hall,olivia.hall134@example.com,India,Maharashtra,P010,Casual Sneakers,FASHION,Footwear,1,60.01,0.15,51.01,32.16,18.85,Credit Card,Desktop,Website,Processing,0
ORD000955,2024-08-14,C00182,Adam King,adam.king182@example.com,Australia,New South Wales,P035,Remote Control Car,TOYS,Vehicles,2,44.85,0.15,76.25,51.81,24.44,Credit Card,Desktop,Website,Delivered,3
ORD000956,2025-12-03,C00374,Liam Anderson,liam.anderson374@example.com,Uk,Scotland,P006,Mechanical Keyboard,ELECTRONICS,Computers,5,93.36,0.05,443.46,299.55,143.91,Credit Card,Mobile,Mobile App,Returned,3
ORD000957,2026-01-08,C00876,Zoe Young,zoe.young876@example.com,Australia,Queensland,P015,Backpack,FASHION,Bags,2,46.38,0,92.76,47.81,44.95,Cash On Delivery,Tablet,Website,Shipped,0
ORD000958,2024-03-11,C01674,Amelia Williams,amelia.williams1674@example.com,India,Maharashtra,P026,Water Bottle,SPORTS,Accessories,5,19.17,0.05,91.06,42.63,48.43,Paypal,Mobile,Website,Delivered,4
ORD000959,2026-07-20,C01507,Adam Walker,adam.walker1507@example.com,Usa,Texas,P011,Denim Jacket,FASHION,Outerwear,2,73.01,0.15,124.12,84.37,39.75,Debit Card,Mobile,Mobile App,Delivered,5
ORD000960,2024-02-26,C01515,Nora Patel,nora.patel1515@example.com,France,Ile-de-France,P020,Storage Boxes,HOME & KITCHEN,Storage,3,30.7,0.1,82.89,45.19,37.7,Debit Card,Mobile,Website,Delivered,5
ORD000961,2025-08-04,C01008,Mason Hall,mason.hall1008@example.com,France,Provence,P009,Running Shoes,FASHION,Footwear,1,76.46,0.1,68.81,41.73,27.08,Paypal,Desktop,Website,Delivered,5
ORD000962,2024-10-19,C00274,Charlotte Taylor,charlotte.taylor274@example.com,Canada,Ontario,P003,Smart Watch,ELECTRONICS,Wearables,1,129.06,0,129.06,85.64,43.42,Credit Card,Desktop,Website,Shipped,0
ORD000963,2024-02-27,C00861,Henry Wilson,missing@example.com,Uk,England,P017,Air Fryer,HOME & KITCHEN,Appliances,3,129.21,0.2,310.1,249.75,60.35,Cash On Delivery,Mobile,Mobile App,Delivered,4
ORD000964,2024-08-18,C00772,Aarav Walker,aarav.walker772@example.com,Uae,Abu Dhabi,P002,Bluetooth Speaker,ELECTRONICS,Audio,2,52.21,0.05,99.2,63.9,35.3,Credit Card,Mobile,Marketplace,Delivered,5
ORD000965,2025-09-21,C00356,Emma Anderson,emma.anderson356@example.com,Canada,Quebec,P033,Cookbook,BOOKS,Lifestyle,1,32.07,0,32.07,14.68,17.39,Credit Card,Mobile,Website,Delivered,3
ORD000966,2025-02-25,C00969,Aria Taylor,aria.taylor969@example.com,Uae,Sharjah,P026,Water Bottle,SPORTS,Accessories,2,17.88,0.05,33.97,15.63,18.34,Paypal,Mobile,Mobile App,Delivered,4
ORD000967,2026-06-03,C01638,Noah Hall,noah.hall1638@example.com,Australia,New South Wales,P021,Desk Lamp,HOME & KITCHEN,Lighting,2,30.69,0.05,58.31,30.3,28.01,Debit Card,Desktop,Mobile App,Delivered,1
ORD000968,2025-10-28,C00102,Liam Wright,liam.wright102@example.com,Germany,Berlin,P030,Perfume,BEAUTY,Fragrance,2,69.82,0,139.64,71.98,67.66,Credit Card,Mobile,Social Commerce,Delivered,1
ORD000970,2025-12-21,C00902,Emma Hall,emma.hall902@example.com,Uae,Abu Dhabi,P018,Non-stick Pan,HOME & KITCHEN,Cookware,5,35.84,0.15,152.32,94.3,58.02,Debit Card,Desktop,Website,Delivered,5
ORD000971,2025-09-17,C00451,Amelia Moore,amelia.moore451@example.com,Usa,Texas,P027,Face Serum,BEAUTY,Skin Care,3,33.42,0.05,95.25,41.18,54.07,Credit Card,Tablet,Website,Delivered,4
ORD000972,2024-03-28,C00195,Jack Brown,jack.brown195@example.com,India,Gujarat,P036,Puzzle 1000pc,TOYS,Games,1,18.72,0.2,14.98,7.96,7.02,Bank Transfer,Mobile,Marketplace,Cancelled,0
ORD000973,2024-05-02,C01443,Grace Smith,grace.smith1443@example.com,Uk,Scotland,P018,Non-stick Pan,HOME & KITCHEN,Cookware,6,38.17,0.25,171.77,116.99,54.78,Credit Card,Desktop,Website,Delivered,5
ORD000974,2024-06-21,C00893,Lucas Taylor,lucas.taylor893@example.com,Uae,Abu Dhabi,P002,Bluetooth Speaker,ELECTRONICS,Audio,2,50.83,0.05,96.58,60.94,35.64,Credit Card,Mobile,Social Commerce,Delivered,3
ORD000975,2026-02-20,C01096,Evelyn Lewis,evelyn.lewis1096@example.com,Usa,California,P028,Moisturizer,BEAUTY,Skin Care,1,24.59,0.1,22.13,9.77,12.36,Bank Transfer,Mobile,Social Commerce,Delivered,4
ORD000976,2026-01-19,C00716,James Johnson,james.johnson716@example.com,Canada,Ontario,P025,Cycling Helmet,SPORTS,Outdoor,1,63.03,0,63.03,34.94,28.09,Debit Card,Desktop,Mobile App,Delivered,4
ORD000977,2026-04-22,C00954,Nora Williams,nora.williams954@example.com,Uae,Dubai,P021,Desk Lamp,HOME & KITCHEN,Lighting,2,35.67,0.15,60.64,35.62,25.02,Paypal,Mobile,Website,Shipped,0
ORD000978,2024-11-28,C01736,Emma Anderson,emma.anderson1736@example.com,Uae,Abu Dhabi,P022,Yoga Mat,SPORTS,Fitness,1,23.21,0.15,19.73,10.98,8.75,Cash On Delivery,Desktop,Website,Delivered,5
ORD000979,2024-11-06,C01115,Chloe Lee,chloe.lee1115@example.com,Germany,Hesse,P020,Storage Boxes,HOME & KITCHEN,Storage,1,26.31,0.2,21.05,13.04,8.01,Cash On Delivery,Desktop,Website,Delivered,5
ORD000980,2024-09-03,C00023,Mason Wilson,mason.wilson23@example.com,Australia,Western Australia,P002,Bluetooth Speaker,ELECTRONICS,Audio,2,47.58,0.15,80.89,58.92,21.97,Debit Card,Mobile,Website,Delivered,5
ORD000981,2025-10-28,C01326,Owen Williams,owen.williams1326@example.com,Australia,Queensland,P015,Backpack,FASHION,Bags,3,52.14,0,156.42,83,73.42,Debit Card,Tablet,Mobile App,Shipped,0
ORD000982,2025-10-29,C00731,Aarav Brown,aarav.brown731@example.com,Canada,Ontario,P006,Mechanical Keyboard,ELECTRONICS,Computers,2,90.54,0,181.08,118.29,62.79,Debit Card,Mobile,Website,Delivered,5
ORD000983,2025-03-25,C00758,Charlotte Lee,charlotte.lee758@example.com,Uk,Scotland,P036,Puzzle 1000pc,TOYS,Games,1,19.81,0.15,16.84,8.57,8.27,Credit Card,Tablet,Website,Delivered,3
ORD000984,2025-03-08,C00327,Henry Taylor,henry.taylor327@example.com,Usa,Florida,P012,Cotton T-Shirt,FASHION,Apparel,1,21.18,0.05,20.12,9.6,10.52,Credit Card,Mobile,Mobile App,Delivered,2
ORD000985,2025-04-01,C00957,Liam Smith,liam.smith957@example.com,Canada,British Columbia,P010,Casual Sneakers,FASHION,Footwear,1,54.54,0.15,46.36,28.76,17.6,Bank Transfer,Mobile,Mobile App,Processing,0
ORD000986,2024-01-02,C00572,Noah Smith,noah.smith572@example.com,Germany,Saxony,P005,Laptop Stand,ELECTRONICS,Accessories,6,42.55,0,255.3,133.49,121.81,Credit Card,Mobile,Mobile App,Delivered,5
ORD000987,2026-02-22,C01403,Emma Brown,emma.brown1403@example.com,Usa,Florida,P021,Desk Lamp,HOME & KITCHEN,Lighting,3,34.56,0.05,98.5,50.13,48.37,Credit Card,Mobile,Marketplace,Delivered,2
ORD000988,2025-12-18,C00346,Noah Lewis,noah.lewis346@example.com,Australia,Queensland,P026,Water Bottle,SPORTS,Accessories,1,17.68,0.05,16.8,7.88,8.92,Credit Card,Desktop,Mobile App,Delivered,2
ORD000989,2025-01-03,C01792,Evelyn Wright,evelyn.wright1792@example.com,India,Karnataka,P013,Hoodie,FASHION,Apparel,1,48.61,0,48.61,23.6,25.01,Debit Card,Mobile,Website,Delivered,2
ORD000990,2025-03-06,C01058,Ava Young,ava.young1058@example.com,Australia,Victoria,P033,Cookbook,BOOKS,Lifestyle,3,33.25,0.1,89.78,46.35,43.43,Credit Card,Desktop,Mobile App,Delivered,4
ORD000991,2025-11-29,C00819,Daniel Anderson,daniel.anderson819@example.com,Uk,Scotland,P011,Denim Jacket,FASHION,Outerwear,1,81.1,0.1,72.99,45.81,27.18,Debit Card,Mobile,Website,Delivered,2
ORD000992,2024-04-21,C01159,Harper Lee,harper.lee1159@example.com,Germany,Bavaria,P029,Hair Dryer,BEAUTY,Hair Care,4,51.42,0.05,195.4,112.4,83,Credit Card,Mobile,Mobile App,Delivered,2
ORD000993,2026-02-08,C01112,Jack Young,jack.young1112@example.com,Uae,Dubai,P003,Smart Watch,ELECTRONICS,Wearables,1,140.54,0.25,105.41,93.42,11.99,Cash On Delivery,Mobile,Mobile App,Delivered,5
ORD000994,2024-01-05,C00854,Olivia Lee,olivia.lee854@example.com,Uae,Sharjah,P018,Non-stick Pan,HOME & KITCHEN,Cookware,2,33.61,0,67.22,34.72,32.5,Credit Card,Desktop,Marketplace,Delivered,5
ORD000995,2025-08-17,C00005,Leo King,leo.king5@example.com,France,Provence,P003,Smart Watch,ELECTRONICS,Wearables,5,133.19,0.2,532.76,460.41,72.35,Debit Card,Desktop,Marketplace,Delivered,3
ORD000996,2025-04-20,C01015,Zoe Smith,zoe.smith1015@example.com,India,Karnataka,P001,Wireless Headphones,ELECTRONICS,Audio,2,78.64,0.1,141.55,93.64,47.91,Debit Card,Desktop,Mobile App,Delivered,4
ORD000997,2024-03-10,C01452,Leo Hall,leo.hall1452@example.com,Usa,New York,P022,Yoga Mat,SPORTS,Fitness,1,27.6,0.15,23.46,12.19,11.27,Debit Card,Desktop,Mobile App,Delivered,5
ORD000998,2025-12-20,C00426,Noah Taylor,noah.taylor426@example.com,France,Ile-de-France,P027,Face Serum,BEAUTY,Skin Care,1,34.63,0.05,32.9,14.06,18.84,Credit Card,Desktop,Mobile App,Delivered,4
ORD000999,2025-09-13,C00856,Zoe Wilson,zoe.wilson856@example.com,Uae,Dubai,P013,Hoodie,FASHION,Apparel,1,46.21,0.05,43.9,22.45,21.45,Credit Card,Mobile,Website,Shipped,0
ORD001000,2025-02-20,C00607,Isabella Young,isabella.young607@example.com,Germany,Bavaria,P005,Laptop Stand,ELECTRONICS,Accessories,2,40.23,0.2,64.37,40.19,24.18,Credit Card,Mobile,Website,Delivered,5
ORD001001,2024-03-08,C01221,Aria Young,missing@example.com,Uae,Sharjah,P030,Perfume,BEAUTY,Fragrance,2,65.56,0.05,124.56,67.8,56.76,Credit Card,Desktop,Website,Delivered,4
ORD001002,2024-08-07,C00872,James Anderson,james.anderson872@example.com,Australia,Western Australia,P003,Smart Watch,ELECTRONICS,Wearables,2,141.15,0,282.3,184.8,97.5,Cash On Delivery,Mobile,Website,Delivered,4
ORD001003,2025-01-01,C00733,Ava King,ava.king733@example.com,Germany,Berlin,P013,Hoodie,FASHION,Apparel,2,43.98,0,87.96,43.68,44.28,Debit Card,Desktop,Website,Cancelled,0
ORD001004,2025-05-23,C00688,Owen Anderson,owen.anderson688@example.com,Germany,Saxony,P033,Cookbook,BOOKS,Lifestyle,2,29.58,0,59.16,26.65,32.51,Debit Card,Tablet,Website,Delivered,3
ORD001005,2024-09-15,C00841,Leo Brown,leo.brown841@example.com,Uk,England,P003,Smart Watch,ELECTRONICS,Wearables,1,139.86,0.15,118.88,96.11,22.77,Debit Card,Desktop,Website,Delivered,5
ORD001006,2024-10-26,C00564,Grace Hall,grace.hall564@example.com,Usa,Florida,P024,Football,SPORTS,Outdoor,1,30.44,0.1,27.4,14.92,12.48,Credit Card,Mobile,Mobile App,Delivered,5
ORD001007,2024-06-27,C01217,Henry Wilson,henry.wilson1217@example.com,Uae,Abu Dhabi,P016,Coffee Maker,HOME & KITCHEN,Appliances,2,93.29,0,186.58,118.67,67.91,Credit Card,Tablet,Mobile App,Delivered,3
ORD001008,2024-11-03,C00662,James Young,james.young662@example.com,India,Tamil Nadu,P030,Perfume,BEAUTY,Fragrance,2,66.87,0.15,113.68,69.35,44.33,Credit Card,Desktop,Mobile App,Delivered,3
ORD001009,2024-11-12,C01186,Jack Moore,jack.moore1186@example.com,Australia,Western Australia,P014,Leather Wallet,FASHION,Accessories,2,30.41,0,60.82,29.42,31.4,Credit Card,Mobile,Website,Delivered,5
ORD001010,2024-03-27,C00115,Chloe Garcia,chloe.garcia115@example.com,Germany,Bavaria,P024,Football,SPORTS,Outdoor,2,29.83,0.2,47.73,28.22,19.51,Paypal,Tablet,Mobile App,Delivered,5
ORD001011,2025-12-12,C01510,Zoe Young,zoe.young1510@example.com,India,Maharashtra,P029,Hair Dryer,BEAUTY,Hair Care,1,49.85,0.25,37.39,27.95,9.44,Debit Card,Mobile,Website,Delivered,5
ORD001012,2024-06-16,C00660,Henry Lewis,henry.lewis660@example.com,India,Karnataka,P019,Knife Set,HOME & KITCHEN,Cookware,2,64,0,128,72.45,55.55,Debit Card,Desktop,Mobile App,Delivered,3
ORD001013,2026-06-25,C00611,Ethan Williams,ethan.williams611@example.com,Uae,Abu Dhabi,P028,Moisturizer,BEAUTY,Skin Care,2,27.8,0.2,44.48,21.59,22.89,Credit Card,Desktop,Social Commerce,Shipped,0
ORD001014,2026-06-27,C00903,Grace Johnson,grace.johnson903@example.com,Germany,Saxony,P004,USB-C Charger,ELECTRONICS,Accessories,1,25.82,0.05,24.53,12.69,11.84,Credit Card,Mobile,Mobile App,Processing,0
ORD001015,2025-02-24,C00298,Zoe Hall,zoe.hall298@example.com,Canada,British Columbia,P006,Mechanical Keyboard,ELECTRONICS,Computers,1,89.65,0.05,85.17,58.01,27.16,Cash On Delivery,Mobile,Website,Delivered,4
ORD001016,2024-01-08,C01262,Emma Taylor,emma.taylor1262@example.com,Uk,England,P030,Perfume,BEAUTY,Fragrance,2,74.29,0.05,141.15,77.82,63.33,Bank Transfer,Mobile,Mobile App,Delivered,3
ORD001017,2025-09-20,C00074,Charlotte Taylor,charlotte.taylor74@example.com,India,Karnataka,P010,Casual Sneakers,FASHION,Footwear,2,53.65,0.25,80.47,56.28,24.19,Credit Card,Mobile,Website,Returned,5
ORD001018,2025-12-17,C01688,Grace Wright,grace.wright1688@example.com,Uae,Dubai,P014,Leather Wallet,FASHION,Accessories,2,33.13,0.2,53.01,30,23.01,Bank Transfer,Tablet,Social Commerce,Delivered,5
ORD001019,2024-05-05,C01589,Noah Young,noah.young1589@example.com,Usa,Florida,P004,USB-C Charger,ELECTRONICS,Accessories,3,25.61,0,76.83,38.35,38.48,Credit Card,Desktop,Mobile App,Delivered,5
ORD001020,2024-01-27,C01108,Leo Williams,leo.williams1108@example.com,Uae,Dubai,P014,Leather Wallet,FASHION,Accessories,1,32.59,0.05,30.96,15.88,15.08,Credit Card,Desktop,Mobile App,Delivered,3
ORD001021,2026-06-04,C01348,Olivia Johnson,olivia.johnson1348@example.com,Canada,British Columbia,P025,Cycling Helmet,SPORTS,Outdoor,2,64.14,0.2,102.62,70.28,32.34,Paypal,Tablet,Website,Delivered,4
ORD001022,2026-02-08,C01183,James Wilson,james.wilson1183@example.com,Germany,Bavaria,P029,Hair Dryer,BEAUTY,Hair Care,1,47.81,0.05,45.42,25.46,19.96,Credit Card,Mobile,Website,Delivered,3
ORD001023,2025-03-15,C00678,Chloe Taylor,chloe.taylor678@example.com,India,Delhi,P001,Wireless Headphones,ELECTRONICS,Audio,1,89.53,0,89.53,57.2,32.33,Credit Card,Mobile,Website,Delivered,5
ORD001024,2025-12-04,C01462,Daniel Wright,daniel.wright1462@example.com,India,Delhi,P015,Backpack,FASHION,Bags,4,50.91,0,203.64,104.35,99.29,Credit Card,Tablet,Social Commerce,Delivered,4
ORD001025,2025-01-26,C00169,Mia Thomas,mia.thomas169@example.com,Germany,Hesse,P029,Hair Dryer,BEAUTY,Hair Care,5,46.78,0.2,187.12,127,60.12,Debit Card,Mobile,Website,Shipped,0
ORD001026,2026-03-09,C00735,Lucas Patel,lucas.patel735@example.com,India,Tamil Nadu,P018,Non-stick Pan,HOME & KITCHEN,Cookware,1,35.08,0.05,33.33,18.04,15.29,Credit Card,Mobile,Mobile App,Delivered,5
ORD001027,2024-09-01,C01270,Chloe Moore,chloe.moore1270@example.com,Canada,British Columbia,P007,Wireless Mouse,ELECTRONICS,Computers,1,39.17,0.15,33.29,19.89,13.4,Credit Card,Mobile,Mobile App,Delivered,5
ORD001028,2024-04-14,C01454,Liam Moore,liam.moore1454@example.com,Uk,Wales,P005,Laptop Stand,ELECTRONICS,Accessories,1,42.91,0.2,34.33,21.98,12.35,Cash On Delivery,Mobile,Mobile App,Processing,0
ORD001029,2024-02-02,C01051,Olivia Garcia,olivia.garcia1051@example.com,Canada,Alberta,P024,Football,SPORTS,Outdoor,3,27.73,0.1,74.87,39.87,35,Bank Transfer,Tablet,Website,Delivered,4
ORD001030,2025-01-10,C01459,Mia King,mia.king1459@example.com,Australia,Victoria,P010,Casual Sneakers,FASHION,Footwear,1,60.67,0.05,57.64,32.31,25.33,Debit Card,Desktop,Marketplace,Delivered,3
ORD001031,2024-04-29,C00837,Ava Wright,ava.wright837@example.com,Uk,England,P025,Cycling Helmet,SPORTS,Outdoor,1,66.05,0,66.05,38.75,27.3,Cash On Delivery,Desktop,Mobile App,Delivered,4
ORD001032,2025-04-18,C00830,James Johnson,james.johnson830@example.com,Usa,New York,P027,Face Serum,BEAUTY,Skin Care,1,37.94,0,37.94,15.42,22.52,Credit Card,Tablet,Social Commerce,Delivered,5
ORD001033,2025-08-01,C00238,Liam Smith,liam.smith238@example.com,Uk,Wales,P012,Cotton T-Shirt,FASHION,Apparel,1,19.42,0.15,16.51,8.67,7.84,Credit Card,Desktop,Mobile App,Delivered,5
ORD001034,2026-04-03,C01274,Leo Wilson,leo.wilson1274@example.com,Germany,Hesse,P035,Remote Control Car,TOYS,Vehicles,2,41.59,0.15,70.7,45.59,25.11,Credit Card,Mobile,Mobile App,Delivered,5
ORD001035,2025-03-20,C01686,Aria Williams,aria.williams1686@example.com,Usa,California,P012,Cotton T-Shirt,FASHION,Apparel,4,21.28,0.1,76.61,38.59,38.02,Paypal,Mobile,Website,Delivered,3
ORD001036,2025-08-28,C01200,Liam Taylor,liam.taylor1200@example.com,Australia,Queensland,P010,Casual Sneakers,FASHION,Footwear,1,53.47,0.1,48.12,29.63,18.49,Credit Card,Mobile,Website,Delivered,4
ORD001037,2025-10-09,C01539,James King,james.king1539@example.com,Uk,England,P007,Wireless Mouse,ELECTRONICS,Computers,1,36.52,0.2,29.22,17.64,11.58,Debit Card,Mobile,Marketplace,Delivered,5
ORD001038,2026-04-13,C01247,Isabella Garcia,isabella.garcia1247@example.com,Uk,Scotland,P014,Leather Wallet,FASHION,Accessories,1,27.93,0.05,26.53,13.31,13.22,Credit Card,Desktop,Website,Delivered,4
ORD001039,2025-02-10,C01602,Mia Moore,mia.moore1602@example.com,Usa,Florida,P008,Webcam HD,ELECTRONICS,Computers,3,63.62,0,190.86,117.32,73.54,Paypal,Desktop,Website,Delivered,5
ORD001040,2024-01-22,C01451,Chloe Martin,chloe.martin1451@example.com,Uk,Wales,P019,Knife Set,HOME & KITCHEN,Cookware,3,66.92,0.05,190.72,112.02,78.7,Debit Card,Desktop,Website,Processing,0
ORD001041,2025-02-20,C00840,Noah Wright,noah.wright840@example.com,Usa,Illinois,P034,Building Blocks,TOYS,Educational,3,37.55,0,112.65,57.72,54.93,Paypal,Desktop,Website,Shipped,0
ORD001042,2025-05-04,C00519,Mason Moore,mason.moore519@example.com,Germany,Berlin,P014,Leather Wallet,FASHION,Accessories,1,32.19,0.1,28.97,15.22,13.75,Credit Card,Desktop,Website,Delivered,5
ORD001043,2024-06-18,C01067,Leo Anderson,leo.anderson1067@example.com,India,Karnataka,P007,Wireless Mouse,ELECTRONICS,Computers,1,36.62,0,36.62,17.97,18.65,Paypal,Desktop,Mobile App,Delivered,3
ORD001044,2024-04-11,C00691,James Hall,james.hall691@example.com,Uae,Abu Dhabi,P032,Data Analytics Book,BOOKS,Education,5,45.2,0,226,106.57,119.43,Debit Card,Desktop,Marketplace,Delivered,3
ORD001045,2025-04-27,C01594,Emma Lee,emma.lee1594@example.com,Uk,Wales,P008,Webcam HD,ELECTRONICS,Computers,2,57.05,0.05,108.39,70.26,38.13,Paypal,Desktop,Mobile App,Delivered,5
ORD001046,2026-07-16,C00956,Sophia Johnson,sophia.johnson956@example.com,Canada,Quebec,P012,Cotton T-Shirt,FASHION,Apparel,1,19.54,0,19.54,9.11,10.43,Credit Card,Mobile,Mobile App,Delivered,3
ORD001047,2025-04-30,C00970,Ava Johnson,ava.johnson970@example.com,Uae,Abu Dhabi,P015,Backpack,FASHION,Bags,2,47.6,0.05,90.44,51.89,38.55,Paypal,Mobile,Mobile App,Shipped,0
ORD001048,2025-12-03,C01414,James Martin,james.martin1414@example.com,India,Gujarat,P031,Novel Set,BOOKS,Fiction,5,42.37,0.2,169.48,105.63,63.85,Credit Card,Mobile,Marketplace,Delivered,5
ORD001049,2024-09-28,C00570,Jack Lewis,jack.lewis570@example.com,France,Ile-de-France,P032,Data Analytics Book,BOOKS,Education,2,44.62,0,89.24,40.88,48.36,Bank Transfer,Mobile,Website,Processing,0
ORD001050,2026-06-05,C00938,Sophia Martin,sophia.martin938@example.com,France,Provence,P018,Non-stick Pan,HOME & KITCHEN,Cookware,1,36.2,0,36.2,18.71,17.49,Paypal,Mobile,Marketplace,Delivered,5
ORD001051,2026-05-20,C00893,Lucas Taylor,lucas.taylor893@example.com,Uae,Abu Dhabi,P006,Mechanical Keyboard,ELECTRONICS,Computers,1,94.01,0.2,75.21,57.11,18.1,Credit Card,Desktop,Social Commerce,Shipped,0
ORD001052,2025-02-12,C01001,Mia Smith,mia.smith1001@example.com,Canada,Quebec,P019,Knife Set,HOME & KITCHEN,Cookware,4,66.43,0,265.72,151.11,114.61,Credit Card,Tablet,Website,Delivered,3
ORD001053,2025-07-21,C01371,Leo Johnson,leo.johnson1371@example.com,Germany,Berlin,P003,Smart Watch,ELECTRONICS,Wearables,1,127.67,0.1,114.9,82.73,32.17,Bank Transfer,Desktop,Marketplace,Delivered,5
ORD001054,2026-07-15,C01045,Amelia Young,missing@example.com,France,Provence,P006,Mechanical Keyboard,ELECTRONICS,Computers,6,96.9,0,581.4,380.67,200.73,Debit Card,Desktop,Website,Delivered,5
ORD001055,2026-01-29,C01760,Isabella Wilson,isabella.wilson1760@example.com,Uk,Scotland,P023,Dumbbell Set,SPORTS,Fitness,1,82.97,0.05,78.82,46.66,32.16,Credit Card,Mobile,Mobile App,Delivered,3
ORD001056,2024-08-18,C01337,Sophia Lee,sophia.lee1337@example.com,Uae,Dubai,P020,Storage Boxes,HOME & KITCHEN,Storage,2,29.88,0.1,53.78,30.01,23.77,Paypal,Mobile,Website,Delivered,5
ORD001057,2025-03-03,C00887,Lucas Brown,lucas.brown887@example.com,India,Karnataka,P025,Cycling Helmet,SPORTS,Outdoor,2,61.61,0.15,104.74,72.66,32.08,Bank Transfer,Mobile,Mobile App,Delivered,5
ORD001058,2026-07-13,C00223,Elijah Smith,elijah.smith223@example.com,Uk,Scotland,P015,Backpack,FASHION,Bags,1,50.36,0.05,47.84,26.83,21.01,Paypal,Desktop,Website,Processing,0
ORD001059,2026-01-23,C01570,Jack Taylor,jack.taylor1570@example.com,Canada,British Columbia,P031,Novel Set,BOOKS,Fiction,4,42.19,0.05,160.32,87.46,72.86,Debit Card,Mobile,Website,Shipped,0
ORD001060,2024-05-08,C01770,Evelyn Patel,evelyn.patel1770@example.com,Usa,California,P024,Football,SPORTS,Outdoor,2,32.75,0.05,62.22,30.33,31.89,Bank Transfer,Mobile,Website,Delivered,3
ORD001061,2025-08-01,C01119,Charlotte King,charlotte.king1119@example.com,India,Gujarat,P015,Backpack,FASHION,Bags,3,52.08,0,156.24,84.85,71.39,Debit Card,Desktop,Website,Delivered,5
ORD001062,2025-02-07,C01738,Mia Garcia,mia.garcia1738@example.com,Canada,British Columbia,P026,Water Bottle,SPORTS,Accessories,1,16.83,0.05,15.99,7.4,8.59,Paypal,Desktop,Website,Delivered,5
ORD001063,2025-11-13,C01729,Grace Taylor,grace.taylor1729@example.com,Germany,Saxony,P016,Coffee Maker,HOME & KITCHEN,Appliances,1,84.48,0.15,71.81,53.91,17.9,Credit Card,Mobile,Website,Cancelled,0
ORD001064,2025-06-24,C01224,Layla Hall,layla.hall1224@example.com,Germany,Berlin,P003,Smart Watch,ELECTRONICS,Wearables,3,139.3,0.1,376.11,280.56,95.55,Credit Card,Mobile,Website,Delivered,3
ORD001065,2025-09-21,C00910,Layla Lewis,layla.lewis910@example.com,France,Provence,P017,Air Fryer,HOME & KITCHEN,Appliances,2,115.43,0,230.86,144.93,85.93,Credit Card,Tablet,Website,Delivered,4
ORD001066,2024-08-25,C00984,Noah Johnson,noah.johnson984@example.com,Germany,Hesse,P004,USB-C Charger,ELECTRONICS,Accessories,1,25.46,0,25.46,12.38,13.08,Credit Card,Mobile,Mobile App,Delivered,3
ORD001067,2025-04-18,C01611,Jack Moore,jack.moore1611@example.com,Germany,Berlin,P010,Casual Sneakers,FASHION,Footwear,5,52.97,0.05,251.61,140.11,111.5,Credit Card,Desktop,Mobile App,Delivered,5
ORD001068,2026-02-22,C01457,James Taylor,james.taylor1457@example.com,France,Ile-de-France,P009,Running Shoes,FASHION,Footwear,1,65.43,0.1,58.89,36.9,21.99,Debit Card,Mobile,Mobile App,Delivered,4
ORD001069,2024-12-30,C01041,Isabella Clark,isabella.clark1041@example.com,Canada,British Columbia,P023,Dumbbell Set,SPORTS,Fitness,1,86.32,0,86.32,49.93,36.39,Paypal,Mobile,Website,Delivered,3
ORD001070,2025-01-02,C00003,Amelia Williams,amelia.williams3@example.com,Usa,Florida,P024,Football,SPORTS,Outdoor,2,28.5,0,57,27.9,29.1,Paypal,Desktop,Website,Shipped,0
ORD001071,2025-11-29,C00651,Aarav Patel,aarav.patel651@example.com,Uk,England,P023,Dumbbell Set,SPORTS,Fitness,1,79.39,0.1,71.45,45.76,25.69,Credit Card,Desktop,Mobile App,Delivered,3
ORD001072,2024-12-10,C01721,Amelia Lewis,amelia.lewis1721@example.com,India,Delhi,P026,Water Bottle,SPORTS,Accessories,2,16.67,0.15,28.34,14.2,14.14,Credit Card,Mobile,Website,Shipped,0
ORD001073,2024-06-12,C00694,Leo Lewis,leo.lewis694@example.com,France,Ile-de-France,P004,USB-C Charger,ELECTRONICS,Accessories,1,26.57,0.15,22.58,13.23,9.35,Bank Transfer,Desktop,Website,Delivered,5
ORD001074,2024-07-15,C00579,Lucas Patel,lucas.patel579@example.com,Australia,New South Wales,P005,Laptop Stand,ELECTRONICS,Accessories,1,42.52,0,42.52,22.53,19.99,Debit Card,Desktop,Mobile App,Delivered,2
ORD001075,2025-02-12,C00693,Daniel Martin,daniel.martin693@example.com,Australia,Victoria,P016,Coffee Maker,HOME & KITCHEN,Appliances,1,88.5,0.1,79.65,55.24,24.41,Bank Transfer,Desktop,Mobile App,Delivered,2
ORD001076,2024-03-18,C00662,James Young,james.young662@example.com,Germany,Berlin,P002,Bluetooth Speaker,ELECTRONICS,Audio,1,51.1,0.25,38.33,31.71,6.62,Credit Card,Mobile,Mobile App,Delivered,4
ORD001077,2025-01-14,C01138,Noah King,noah.king1138@example.com,Uk,England,P020,Storage Boxes,HOME & KITCHEN,Storage,2,29,0.2,46.4,28.59,17.81,Credit Card,Mobile,Mobile App,Delivered,5
ORD001078,2025-09-17,C01392,Daniel Moore,daniel.moore1392@example.com,Uk,England,P018,Non-stick Pan,HOME & KITCHEN,Cookware,3,35.67,0.05,101.66,54.79,46.87,Paypal,Mobile,Website,Shipped,0
ORD001079,2025-03-02,C01689,Grace Lee,grace.lee1689@example.com,India,Maharashtra,P033,Cookbook,BOOKS,Lifestyle,1,32.12,0.2,25.7,14.96,10.74,Credit Card,Mobile,Website,Delivered,4
ORD001080,2025-06-21,C00040,Aarav King,aarav.king40@example.com,India,Maharashtra,P032,Data Analytics Book,BOOKS,Education,1,43.32,0.15,36.82,20.78,16.04,Credit Card,Desktop,Mobile App,Returned,4
ORD001081,2025-11-19,C00717,Henry Young,henry.young717@example.com,France,Provence,P026,Water Bottle,SPORTS,Accessories,1,17.6,0.05,16.72,7.45,9.27,Credit Card,Mobile,Website,Delivered,2
ORD001082,2026-04-03,C01174,Sophia Anderson,sophia.anderson1174@example.com,Canada,Alberta,P011,Denim Jacket,FASHION,Outerwear,1,78.61,0.05,74.68,46.38,28.3,Debit Card,Tablet,Website,Returned,4
ORD001083,2024-05-09,C01070,Aarav Hall,aarav.hall1070@example.com,India,Gujarat,P001,Wireless Headphones,ELECTRONICS,Audio,1,75.78,0.05,71.99,47.26,24.73,Debit Card,Mobile,Mobile App,Shipped,0
ORD001084,2025-06-17,C00208,Leo Anderson,leo.anderson208@example.com,Usa,Florida,P021,Desk Lamp,HOME & KITCHEN,Lighting,2,33.03,0.15,56.15,32.34,23.81,Debit Card,Desktop,Website,Delivered,4
ORD001085,2026-03-10,C01718,Harper Hall,harper.hall1718@example.com,Canada,Ontario,P024,Football,SPORTS,Outdoor,2,27.9,0.1,50.22,25.82,24.4,Credit Card,Mobile,Marketplace,Delivered,1
ORD001086,2024-05-30,C01600,Mason Wright,mason.wright1600@example.com,Uk,Scotland,P034,Building Blocks,TOYS,Educational,1,32.31,0.15,27.46,16.5,10.96,Debit Card,Mobile,Website,Delivered,5
ORD001087,2026-03-12,C00669,Aarav Garcia,aarav.garcia669@example.com,Australia,Western Australia,P032,Data Analytics Book,BOOKS,Education,2,42.27,0,84.54,40.34,44.2,Credit Card,Desktop,Website,Returned,5
ORD001088,2026-04-22,C00771,Ethan Patel,ethan.patel771@example.com,Canada,British Columbia,P028,Moisturizer,BEAUTY,Skin Care,1,24.86,0.25,18.64,10.22,8.42,Paypal,Desktop,Website,Delivered,4
ORD001089,2025-08-19,C00698,Isabella Lee,isabella.lee698@example.com,France,Normandy,P036,Puzzle 1000pc,TOYS,Games,1,20.74,0,20.74,8.91,11.83,Bank Transfer,Mobile,Mobile App,Delivered,3
ORD001090,2026-02-26,C00433,Chloe Martin,chloe.martin433@example.com,Germany,Berlin,P004,USB-C Charger,ELECTRONICS,Accessories,2,25.48,0.15,43.32,24.23,19.09,Debit Card,Mobile,Mobile App,Delivered,4
ORD001091,2024-03-12,C00099,Grace Wilson,grace.wilson99@example.com,Usa,New York,P023,Dumbbell Set,SPORTS,Fitness,1,89.33,0.05,84.86,49.94,34.92,Credit Card,Mobile,Mobile App,Delivered,4
ORD001092,2024-09-01,C01044,Ava Garcia,ava.garcia1044@example.com,Uk,Wales,P002,Bluetooth Speaker,ELECTRONICS,Audio,1,53.84,0.05,51.15,32.34,18.81,Paypal,Desktop,Website,Delivered,5
ORD001093,2024-11-15,C01084,Sophia Wilson,missing@example.com,India,Gujarat,P020,Storage Boxes,HOME & KITCHEN,Storage,1,28.39,0,28.39,14.37,14.02,Bank Transfer,Desktop,Website,Delivered,4
ORD001094,2025-06-14,C00361,Adam Thomas,adam.thomas361@example.com,Uk,England,P027,Face Serum,BEAUTY,Skin Care,4,37.08,0,148.32,60.86,87.46,Credit Card,Mobile,Website,Delivered,5
ORD001095,2025-08-02,C01641,Chloe Brown,chloe.brown1641@example.com,Australia,New South Wales,P022,Yoga Mat,SPORTS,Fitness,1,23.98,0.2,19.18,10.67,8.51,Credit Card,Mobile,Marketplace,Delivered,4
ORD001096,2025-12-23,C00477,Owen Lee,owen.lee477@example.com,Uk,England,P014,Leather Wallet,FASHION,Accessories,2,33.28,0.1,59.9,30.13,29.77,Paypal,Mobile,Mobile App,Delivered,3
ORD001097,2024-04-20,C01066,Leo Martin,leo.martin1066@example.com,Australia,Queensland,P001,Wireless Headphones,ELECTRONICS,Audio,2,88.56,0.15,150.55,111.63,38.92,Credit Card,Mobile,Mobile App,Delivered,1
ORD001098,2024-02-05,C01073,Ethan Johnson,ethan.johnson1073@example.com,Usa,California,P024,Football,SPORTS,Outdoor,2,29.38,0.05,55.82,27.56,28.26,Bank Transfer,Desktop,Website,Delivered,5
ORD001099,2025-06-23,C01185,Mason King,mason.king1185@example.com,Uk,Wales,P031,Novel Set,BOOKS,Fiction,1,39.91,0.05,37.91,20.58,17.33,Cash On Delivery,Tablet,Marketplace,Delivered,4
ORD001100,2026-07-14,C00482,Mason Clark,mason.clark482@example.com,Uk,England,P036,Puzzle 1000pc,TOYS,Games,1,20.5,0.1,18.45,8.6,9.85,Cash On Delivery,Desktop,Website,Delivered,5
ORD001101,2024-05-30,C01632,Aarav Wright,aarav.wright1632@example.com,Canada,Ontario,P013,Hoodie,FASHION,Apparel,1,47.07,0.15,40.01,22.62,17.39,Debit Card,Tablet,Marketplace,Delivered,4
ORD001102,2024-06-11,C01639,Grace Young,grace.young1639@example.com,Germany,Hesse,P017,Air Fryer,HOME & KITCHEN,Appliances,3,115.45,0.25,259.76,224.89,34.87,Cash On Delivery,Mobile,Website,Delivered,3
ORD001103,2024-03-29,C01445,Aarav Johnson,aarav.johnson1445@example.com,Australia,Western Australia,P003,Smart Watch,ELECTRONICS,Wearables,1,139.51,0.15,118.58,93.34,25.24,Cash On Delivery,Desktop,Website,Delivered,3
ORD001104,2025-10-15,C01361,Olivia Young,olivia.young1361@example.com,Usa,New York,P020,Storage Boxes,HOME & KITCHEN,Storage,4,30.33,0.2,97.06,58.18,38.88,Paypal,Desktop,Website,Delivered,4
ORD001105,2024-08-30,C01650,Nora Anderson,nora.anderson1650@example.com,Uae,Abu Dhabi,P017,Air Fryer,HOME & KITCHEN,Appliances,3,133.33,0.05,379.99,260.07,119.92,Credit Card,Mobile,Website,Delivered,5
ORD001106,2026-04-27,C01594,Emma Lee,emma.lee1594@example.com,Germany,Berlin,P033,Cookbook,BOOKS,Lifestyle,1,32.39,0,32.39,15.45,16.94,Cash On Delivery,Mobile,Mobile App,Delivered,3
ORD001107,2026-05-11,C01559,Sophia Patel,sophia.patel1559@example.com,Usa,Texas,P022,Yoga Mat,SPORTS,Fitness,1,26.17,0,26.17,12.21,13.96,Bank Transfer,Desktop,Marketplace,Delivered,4
ORD001108,2025-10-31,C00538,Nora Anderson,nora.anderson538@example.com,France,Ile-de-France,P024,Football,SPORTS,Outdoor,2,28.27,0.05,53.71,27.36,26.35,Bank Transfer,Mobile,Mobile App,Delivered,1
ORD001109,2025-02-22,C00088,Elijah Johnson,elijah.johnson88@example.com,Uk,Wales,P020,Storage Boxes,HOME & KITCHEN,Storage,2,29.76,0.05,56.54,29.66,26.88,Paypal,Desktop,Website,Delivered,2
ORD001110,2025-10-12,C00651,Aarav Patel,aarav.patel651@example.com,Uk,Wales,P020,Storage Boxes,HOME & KITCHEN,Storage,3,25.78,0.05,73.47,36.98,36.49,Paypal,Mobile,Website,Cancelled,0
ORD001111,2025-03-23,C00668,Elijah Walker,elijah.walker668@example.com,Usa,Florida,P010,Casual Sneakers,FASHION,Footwear,1,55.18,0.1,49.66,28.7,20.96,Paypal,Desktop,Mobile App,Delivered,5
ORD001112,2025-08-02,C01663,Amelia Martin,amelia.martin1663@example.com,Uae,Abu Dhabi,P004,USB-C Charger,ELECTRONICS,Accessories,1,23.31,0.1,20.98,11.59,9.39,Credit Card,Mobile,Website,Delivered,3
ORD001113,2026-07-16,C00299,Zoe Lee,zoe.lee299@example.com,Germany,Saxony,P021,Desk Lamp,HOME & KITCHEN,Lighting,1,33.01,0.1,29.71,15.97,13.74,Credit Card,Desktop,Mobile App,Delivered,4
ORD001114,2025-05-27,C01612,Emma Wilson,emma.wilson1612@example.com,Usa,Illinois,P006,Mechanical Keyboard,ELECTRONICS,Computers,1,88.07,0.15,74.86,57.19,17.67,Credit Card,Mobile,Marketplace,Delivered,5
ORD001115,2024-10-04,C00229,Ava Smith,ava.smith229@example.com,France,Provence,P021,Desk Lamp,HOME & KITCHEN,Lighting,4,35.82,0.05,136.12,71.39,64.73,Debit Card,Desktop,Website,Delivered,3
ORD001116,2025-02-14,C01335,Charlotte Anderson,charlotte.anderson1335@example.com,India,Gujarat,P025,Cycling Helmet,SPORTS,Outdoor,1,72.65,0.1,65.39,43.02,22.37,Debit Card,Mobile,Mobile App,Delivered,3
ORD001117,2025-03-23,C01298,Amelia Taylor,amelia.taylor1298@example.com,Australia,Victoria,P021,Desk Lamp,HOME & KITCHEN,Lighting,1,35.23,0,35.23,18.27,16.96,Debit Card,Mobile,Website,Delivered,3
ORD001118,2026-07-22,C00194,Mason Patel,mason.patel194@example.com,Australia,Queensland,P035,Remote Control Car,TOYS,Vehicles,2,46.65,0.1,83.97,53.29,30.68,Credit Card,Desktop,Mobile App,Cancelled,0
ORD001119,2025-10-31,C01122,Chloe Martin,chloe.martin1122@example.com,Australia,Victoria,P001,Wireless Headphones,ELECTRONICS,Audio,2,81.23,0.2,129.97,103.27,26.7,Bank Transfer,Mobile,Marketplace,Delivered,3
ORD001120,2025-12-02,C01427,Nora Garcia,nora.garcia1427@example.com,Uk,Scotland,P021,Desk Lamp,HOME & KITCHEN,Lighting,3,35.83,0.1,96.74,55.19,41.55,Debit Card,Desktop,Website,Delivered,4
ORD001121,2026-05-24,C00536,Liam Patel,liam.patel536@example.com,Germany,Bavaria,P004,USB-C Charger,ELECTRONICS,Accessories,2,26.39,0,52.78,26.07,26.71,Credit Card,Desktop,Website,Delivered,5
ORD001122,2025-09-15,C01647,Amelia Clark,amelia.clark1647@example.com,India,Maharashtra,P017,Air Fryer,HOME & KITCHEN,Appliances,1,129.77,0,129.77,84.89,44.88,Paypal,Mobile,Social Commerce,Delivered,1
ORD001123,2024-03-01,C00181,Isabella Lee,isabella.lee181@example.com,Germany,Saxony,P002,Bluetooth Speaker,ELECTRONICS,Audio,2,52.39,0.15,89.06,63.12,25.94,Cash On Delivery,Mobile,Marketplace,Delivered,5
ORD001124,2026-02-20,C01734,Nora Taylor,nora.taylor1734@example.com,Australia,New South Wales,P035,Remote Control Car,TOYS,Vehicles,2,49.99,0,99.98,58.19,41.79,Paypal,Mobile,Website,Processing,0
ORD001125,2024-03-29,C01539,James King,james.king1539@example.com,France,Normandy,P017,Air Fryer,HOME & KITCHEN,Appliances,2,128.27,0,256.54,170.78,85.76,Credit Card,Mobile,Website,Shipped,0
ORD001126,2025-08-18,C01306,Grace Martin,grace.martin1306@example.com,Usa,California,P015,Backpack,FASHION,Bags,3,51,0.05,145.35,80.25,65.1,Credit Card,Mobile,Website,Delivered,5
ORD001127,2024-02-20,C01168,Owen Young,owen.young1168@example.com,Australia,Western Australia,P010,Casual Sneakers,FASHION,Footwear,5,61.51,0,307.55,169.7,137.85,Credit Card,Desktop,Website,Delivered,3
ORD001128,2024-01-04,C00373,Grace Moore,grace.moore373@example.com,Australia,Queensland,P009,Running Shoes,FASHION,Footwear,3,71.47,0,214.41,119.47,94.94,Credit Card,Mobile,Mobile App,Delivered,4
ORD001129,2025-07-24,C01497,Adam Young,adam.young1497@example.com,Germany,Berlin,P003,Smart Watch,ELECTRONICS,Wearables,2,119.86,0.15,203.76,163.77,39.99,Credit Card,Mobile,Mobile App,Delivered,5
ORD001130,2025-11-15,C01657,Noah King,noah.king1657@example.com,Australia,New South Wales,P022,Yoga Mat,SPORTS,Fitness,2,25.19,0,50.38,23.82,26.56,Credit Card,Mobile,Mobile App,Cancelled,0
ORD001131,2024-09-23,C00949,Adam Hall,adam.hall949@example.com,Australia,Victoria,P026,Water Bottle,SPORTS,Accessories,2,16.59,0.15,28.2,14.68,13.52,Debit Card,Mobile,Website,Delivered,5
ORD001132,2024-01-21,C00982,Elijah Wright,elijah.wright982@example.com,Canada,Ontario,P036,Puzzle 1000pc,TOYS,Games,2,20.2,0,40.4,17.54,22.86,Paypal,Mobile,Mobile App,Delivered,2
ORD001133,2025-04-30,C00489,Liam Clark,liam.clark489@example.com,Australia,Queensland,P028,Moisturizer,BEAUTY,Skin Care,1,23.72,0.15,20.16,9.85,10.31,Paypal,Mobile,Marketplace,Delivered,2
ORD001134,2026-02-14,C00004,Ethan Johnson,ethan.johnson4@example.com,Usa,California,P032,Data Analytics Book,BOOKS,Education,3,42.67,0.15,108.81,59.59,49.22,Cash On Delivery,Desktop,Website,Delivered,5
ORD001135,2025-07-11,C01272,Sophia Smith,sophia.smith1272@example.com,Usa,Illinois,P002,Bluetooth Speaker,ELECTRONICS,Audio,2,53.01,0.05,100.72,61.25,39.47,Bank Transfer,Desktop,Mobile App,Delivered,5
ORD001136,2025-10-13,C01084,Sophia Wilson,sophia.wilson1084@example.com,Usa,Florida,P019,Knife Set,HOME & KITCHEN,Cookware,3,59.94,0.1,161.84,98.01,63.83,Debit Card,Mobile,Mobile App,Shipped,0
ORD001137,2025-11-30,C01642,Grace Walker,grace.walker1642@example.com,Uae,Dubai,P010,Casual Sneakers,FASHION,Footwear,1,55.95,0.05,53.15,30.18,22.97,Credit Card,Desktop,Website,Returned,5
ORD001138,2026-01-06,C00808,Ethan Patel,ethan.patel808@example.com,France,Ile-de-France,P026,Water Bottle,SPORTS,Accessories,3,17.44,0.15,44.47,22.83,21.64,Credit Card,Mobile,Website,Delivered,3
ORD001139,2024-07-07,C01747,Lucas Martin,lucas.martin1747@example.com,France,Normandy,P017,Air Fryer,HOME & KITCHEN,Appliances,1,115.03,0.05,109.28,75.64,33.64,Debit Card,Desktop,Mobile App,Delivered,5
ORD001140,2025-02-03,C01522,Lucas Wilson,lucas.wilson1522@example.com,Canada,Alberta,P023,Dumbbell Set,SPORTS,Fitness,4,82.83,0.05,314.75,199.56,115.19,Credit Card,Desktop,Marketplace,Processing,0
ORD001141,2024-09-13,C00185,Charlotte Wilson,charlotte.wilson185@example.com,India,Tamil Nadu,P024,Football,SPORTS,Outdoor,1,28.1,0.1,25.29,13.76,11.53,Debit Card,Mobile,Mobile App,Delivered,5
ORD001142,2024-09-10,C01283,Nora Lewis,nora.lewis1283@example.com,Canada,Ontario,P013,Hoodie,FASHION,Apparel,1,41.91,0.2,33.53,20.16,13.37,Bank Transfer,Mobile,Website,Returned,5
ORD001143,2025-10-20,C01463,Noah Smith,noah.smith1463@example.com,France,Normandy,P002,Bluetooth Speaker,ELECTRONICS,Audio,1,54.72,0.15,46.51,33.02,13.49,Credit Card,Mobile,Mobile App,Delivered,2
ORD001144,2024-03-25,C00710,Daniel Moore,daniel.moore710@example.com,Uae,Dubai,P009,Running Shoes,FASHION,Footwear,1,70.36,0.1,63.32,38.09,25.23,Credit Card,Mobile,Website,Delivered,5
ORD001145,2026-04-29,C01123,Grace Smith,grace.smith1123@example.com,Uk,Wales,P005,Laptop Stand,ELECTRONICS,Accessories,1,41.31,0.05,39.24,22.12,17.12,Credit Card,Desktop,Website,Delivered,4
ORD001146,2024-08-08,C00526,Henry Garcia,henry.garcia526@example.com,France,Provence,P022,Yoga Mat,SPORTS,Fitness,3,26.67,0.1,72.01,35.76,36.25,Debit Card,Mobile,Website,Delivered,1
ORD001147,2024-08-24,C01708,Layla Smith,layla.smith1708@example.com,Australia,New South Wales,P006,Mechanical Keyboard,ELECTRONICS,Computers,1,93.15,0.1,83.84,59.67,24.17,Credit Card,Mobile,Marketplace,Processing,0
ORD001148,2025-11-23,C00585,Aria Smith,aria.smith585@example.com,Uk,Scotland,P023,Dumbbell Set,SPORTS,Fitness,1,85.85,0.1,77.27,50.43,26.84,Cash On Delivery,Mobile,Website,Delivered,4
ORD001149,2024-08-13,C00953,Liam Garcia,liam.garcia953@example.com,Canada,Alberta,P029,Hair Dryer,BEAUTY,Hair Care,2,54.45,0.05,103.45,58.99,44.46,Cash On Delivery,Desktop,Mobile App,Delivered,5
ORD001150,2024-02-13,C01623,Lucas Lee,lucas.lee1623@example.com,Australia,Victoria,P022,Yoga Mat,SPORTS,Fitness,3,24.33,0.15,62.04,33.88,28.16,Paypal,Mobile,Website,Delivered,5
ORD001151,2025-02-28,C00095,Daniel Brown,daniel.brown95@example.com,Canada,Quebec,P027,Face Serum,BEAUTY,Skin Care,2,34.77,0.05,66.06,29.68,36.38,Debit Card,Mobile,Mobile App,Delivered,3
ORD001152,2025-07-13,C01598,Nora Moore,nora.moore1598@example.com,Canada,Alberta,P002,Bluetooth Speaker,ELECTRONICS,Audio,1,49.78,0,49.78,29.16,20.62,Credit Card,Mobile,Marketplace,Delivered,4
ORD001153,2025-07-27,C00470,Mia Wilson,mia.wilson470@example.com,France,Ile-de-France,P015,Backpack,FASHION,Bags,2,46.85,0.05,89.02,48.14,40.88,Credit Card,Mobile,Website,Delivered,5
ORD001154,2024-08-24,C00692,Chloe Hall,chloe.hall692@example.com,France,Normandy,P012,Cotton T-Shirt,FASHION,Apparel,1,22.14,0.05,21.03,10.02,11.01,Credit Card,Mobile,Website,Delivered,2
ORD001155,2025-04-26,C00957,Liam Smith,liam.smith957@example.com,Usa,New York,P017,Air Fryer,HOME & KITCHEN,Appliances,3,112.81,0.1,304.59,228.57,76.02,Paypal,Mobile,Mobile App,Delivered,3
ORD001156,2024-03-12,C00362,Adam Johnson,adam.johnson362@example.com,Uae,Dubai,P011,Denim Jacket,FASHION,Outerwear,4,72.26,0,289.04,160.16,128.88,Debit Card,Mobile,Mobile App,Delivered,4
ORD001157,2026-03-27,C01643,Adam Hall,adam.hall1643@example.com,India,Karnataka,P035,Remote Control Car,TOYS,Vehicles,2,47.52,0,95.04,52.6,42.44,Paypal,Mobile,Marketplace,Delivered,5
ORD001158,2024-03-04,C00258,Owen Brown,owen.brown258@example.com,Usa,New York,P032,Data Analytics Book,BOOKS,Education,3,46.95,0,140.85,67.75,73.1,Credit Card,Desktop,Website,Delivered,2
ORD001159,2024-08-19,C00580,Evelyn Patel,evelyn.patel580@example.com,Uae,Sharjah,P026,Water Bottle,SPORTS,Accessories,2,16.64,0,33.28,14.61,18.67,Paypal,Mobile,Marketplace,Delivered,2
ORD001160,2025-02-02,C00673,Zoe Martin,zoe.martin673@example.com,Canada,British Columbia,P013,Hoodie,FASHION,Apparel,2,46.77,0.2,74.83,46.51,28.32,Paypal,Mobile,Website,Shipped,0
ORD001161,2024-08-22,C00827,Mia Brown,mia.brown827@example.com,Uk,Scotland,P013,Hoodie,FASHION,Apparel,2,47.08,0.1,84.74,47.62,37.12,Debit Card,Mobile,Website,Delivered,2
ORD001162,2024-04-24,C01223,Ethan Garcia,ethan.garcia1223@example.com,Canada,Quebec,P008,Webcam HD,ELECTRONICS,Computers,1,62.94,0.1,56.65,36.95,19.7,Credit Card,Desktop,Marketplace,Delivered,2
ORD001163,2024-01-26,C01610,Mason Thomas,mason.thomas1610@example.com,Uae,Sharjah,P032,Data Analytics Book,BOOKS,Education,3,47.44,0.05,135.2,65,70.2,Credit Card,Desktop,Mobile App,Cancelled,0
ORD001164,2025-10-06,C00192,Grace Wilson,grace.wilson192@example.com,France,Provence,P002,Bluetooth Speaker,ELECTRONICS,Audio,1,47.28,0,47.28,28.18,19.1,Credit Card,Tablet,Website,Delivered,5
ORD001165,2025-11-03,C00037,Aarav Johnson,aarav.johnson37@example.com,Uae,Sharjah,P016,Coffee Maker,HOME & KITCHEN,Appliances,1,96.68,0.1,87.01,58.2,28.81,Credit Card,Mobile,Mobile App,Delivered,5
ORD001166,2024-12-15,C00162,Aarav Johnson,aarav.johnson162@example.com,Uae,Sharjah,P027,Face Serum,BEAUTY,Skin Care,3,33.61,0.1,90.75,41.37,49.38,Paypal,Mobile,Social Commerce,Delivered,5
ORD001167,2024-10-12,C00435,Lucas King,lucas.king435@example.com,Uk,Scotland,P003,Smart Watch,ELECTRONICS,Wearables,1,131.15,0.1,118.04,84.36,33.68,Bank Transfer,Mobile,Website,Delivered,5
ORD001168,2025-03-03,C01740,Olivia Wilson,olivia.wilson1740@example.com,India,Maharashtra,P008,Webcam HD,ELECTRONICS,Computers,1,66.81,0,66.81,40.86,25.95,Paypal,Mobile,Marketplace,Shipped,0
ORD001169,2025-07-28,C00428,Harper Patel,harper.patel428@example.com,France,Normandy,P017,Air Fryer,HOME & KITCHEN,Appliances,1,113.67,0.1,102.3,71.16,31.14,Paypal,Mobile,Mobile App,Delivered,5
ORD001170,2025-03-24,C00799,Sophia Williams,sophia.williams799@example.com,Germany,Hesse,P027,Face Serum,BEAUTY,Skin Care,1,34.65,0.1,31.18,14.68,16.5,Debit Card,Tablet,Website,Delivered,4
ORD001171,2024-11-29,C00800,Isabella Walker,isabella.walker800@example.com,Canada,Quebec,P001,Wireless Headphones,ELECTRONICS,Audio,1,78.42,0.05,74.5,47.21,27.29,Debit Card,Mobile,Marketplace,Delivered,5
ORD001172,2025-10-28,C01765,Evelyn Martin,evelyn.martin1765@example.com,Australia,New South Wales,P016,Coffee Maker,HOME & KITCHEN,Appliances,2,94.94,0.15,161.4,121.12,40.28,Credit Card,Tablet,Website,Delivered,5
ORD001173,2025-07-22,C01289,Elijah Lewis,elijah.lewis1289@example.com,Australia,New South Wales,P024,Football,SPORTS,Outdoor,3,29.53,0.1,79.73,44.11,35.62,Debit Card,Desktop,Social Commerce,Delivered,5
ORD001174,2026-04-03,C00909,Lucas Wilson,lucas.wilson909@example.com,Usa,Florida,P018,Non-stick Pan,HOME & KITCHEN,Cookware,2,34.71,0,69.42,34.97,34.45,Bank Transfer,Desktop,Website,Processing,0
ORD001175,2024-01-13,C00966,Liam Brown,liam.brown966@example.com,Australia,Victoria,P007,Wireless Mouse,ELECTRONICS,Computers,1,32.43,0.05,30.81,15.65,15.16,Credit Card,Desktop,Website,Delivered,5
ORD001176,2024-12-01,C00879,Noah Thomas,noah.thomas879@example.com,Usa,New York,P029,Hair Dryer,BEAUTY,Hair Care,1,48.85,0.1,43.97,25.91,18.06,Bank Transfer,Desktop,Website,Delivered,5
ORD001177,2024-09-29,C01138,Noah King,missing@example.com,Australia,New South Wales,P011,Denim Jacket,FASHION,Outerwear,5,70.07,0.2,280.28,192.96,87.32,Debit Card,Desktop,Mobile App,Returned,5
ORD001178,2026-02-01,C01340,Mason Anderson,mason.anderson1340@example.com,France,Ile-de-France,P027,Face Serum,BEAUTY,Skin Care,1,34.89,0.25,26.17,15.22,10.95,Credit Card,Desktop,Website,Delivered,1
ORD001179,2026-03-27,C00679,Ethan King,ethan.king679@example.com,France,Provence,P028,Moisturizer,BEAUTY,Skin Care,1,26.31,0.2,21.05,10.68,10.37,Cash On Delivery,Mobile,Website,Shipped,0
ORD001180,2024-08-15,C00018,Daniel Williams,daniel.williams18@example.com,France,Normandy,P029,Hair Dryer,BEAUTY,Hair Care,4,46.56,0.1,167.62,103.97,63.65,Paypal,Desktop,Social Commerce,Shipped,0
ORD001181,2026-03-30,C00134,Olivia Hall,olivia.hall134@example.com,Canada,Quebec,P033,Cookbook,BOOKS,Lifestyle,1,30.78,0.2,24.62,14.01,10.61,Paypal,Mobile,Mobile App,Cancelled,0
ORD001182,2024-12-19,C00041,Mia Garcia,mia.garcia41@example.com,Germany,Bavaria,P019,Knife Set,HOME & KITCHEN,Cookware,3,55.39,0,166.17,96.77,69.4,Cash On Delivery,Tablet,Mobile App,Delivered,3
ORD001183,2025-04-25,C00474,Daniel Johnson,daniel.johnson474@example.com,Germany,Saxony,P005,Laptop Stand,ELECTRONICS,Accessories,1,38.64,0.05,36.71,19.46,17.25,Debit Card,Tablet,Website,Processing,0
ORD001184,2025-10-16,C00464,Ava Walker,ava.walker464@example.com,Uk,Wales,P029,Hair Dryer,BEAUTY,Hair Care,1,49.38,0,49.38,27.43,21.95,Debit Card,Mobile,Website,Shipped,0
ORD001185,2025-11-17,C00746,Aarav Patel,aarav.patel746@example.com,France,Occitanie,P015,Backpack,FASHION,Bags,1,55.32,0,55.32,29.41,25.91,Credit Card,Tablet,Website,Delivered,3
ORD001186,2025-09-07,C01788,Ava Hall,ava.hall1788@example.com,Uae,Dubai,P018,Non-stick Pan,HOME & KITCHEN,Cookware,1,36.29,0,36.29,19.05,17.24,Cash On Delivery,Mobile,Website,Delivered,3
ORD001187,2025-12-12,C01239,Mason Hall,mason.hall1239@example.com,Uk,Scotland,P026,Water Bottle,SPORTS,Accessories,1,20.13,0,20.13,8.84,11.29,Cash On Delivery,Mobile,Website,Delivered,1
ORD001188,2025-01-11,C01423,Ava Martin,ava.martin1423@example.com,Germany,Hesse,P031,Novel Set,BOOKS,Fiction,1,39.21,0.25,29.41,19.12,10.29,Credit Card,Mobile,Mobile App,Delivered,5
ORD001189,2025-05-31,C00980,Lucas Lee,lucas.lee980@example.com,France,Normandy,P033,Cookbook,BOOKS,Lifestyle,1,32.62,0,32.62,14.42,18.2,Credit Card,Mobile,Mobile App,Shipped,0
ORD001190,2026-02-20,C01239,Mason Hall,mason.hall1239@example.com,Usa,Texas,P026,Water Bottle,SPORTS,Accessories,2,19.98,0.15,33.97,17.01,16.96,Paypal,Tablet,Website,Delivered,3
ORD001191,2026-03-09,C00635,Isabella Thomas,isabella.thomas635@example.com,India,Maharashtra,P021,Desk Lamp,HOME & KITCHEN,Lighting,1,31.33,0.05,29.76,15.66,14.1,Cash On Delivery,Mobile,Website,Delivered,2
ORD001192,2025-06-17,C01287,Lucas Hall,lucas.hall1287@example.com,Usa,New York,P025,Cycling Helmet,SPORTS,Outdoor,1,66.87,0,66.87,38,28.87,Credit Card,Tablet,Website,Delivered,5
ORD001193,2026-01-02,C01719,Emma Clark,emma.clark1719@example.com,India,Tamil Nadu,P024,Football,SPORTS,Outdoor,1,29.46,0.1,26.51,14.23,12.28,Credit Card,Desktop,Marketplace,Delivered,5
ORD001194,2024-07-10,C00278,Sophia Young,sophia.young278@example.com,Australia,Victoria,P022,Yoga Mat,SPORTS,Fitness,4,24.27,0.05,92.23,46.05,46.18,Paypal,Mobile,Mobile App,Shipped,0
ORD001195,2024-03-10,C00024,Daniel Brown,daniel.brown24@example.com,France,Occitanie,P020,Storage Boxes,HOME & KITCHEN,Storage,1,30.45,0.1,27.41,15.42,11.99,Credit Card,Desktop,Website,Delivered,5
ORD001196,2026-03-19,C01181,James Martin,james.martin1181@example.com,Usa,Florida,P008,Webcam HD,ELECTRONICS,Computers,4,62.35,0.05,236.93,149.01,87.92,Credit Card,Desktop,Social Commerce,Delivered,5
ORD001197,2025-05-08,C00066,Noah Garcia,noah.garcia66@example.com,Uk,England,P027,Face Serum,BEAUTY,Skin Care,2,38.55,0.1,69.39,31.59,37.8,Cash On Delivery,Mobile,Website,Delivered,4
ORD001198,2026-06-29,C00622,Lucas Clark,lucas.clark622@example.com,India,Tamil Nadu,P034,Building Blocks,TOYS,Educational,4,35,0.1,126,70.23,55.77,Credit Card,Mobile,Website,Delivered,4
ORD001199,2025-08-30,C01665,James Patel,james.patel1665@example.com,Usa,New York,P033,Cookbook,BOOKS,Lifestyle,2,29.78,0.1,53.6,27.77,25.83,Credit Card,Desktop,Social Commerce,Shipped,0
ORD001200,2024-01-09,C00985,Lucas Wright,lucas.wright985@example.com,Usa,California,P032,Data Analytics Book,BOOKS,Education,1,45.18,0.15,38.4,20.76,17.64,Bank Transfer,Mobile,Website,Returned,3
ORD001201,2024-06-17,C00051,Leo Moore,leo.moore51@example.com,India,Gujarat,P027,Face Serum,BEAUTY,Skin Care,2,34.04,0.1,61.27,27.77,33.5,Debit Card,Desktop,Website,Delivered,4
ORD001202,2024-08-12,C00326,Jack Wright,jack.wright326@example.com,Usa,Illinois,P010,Casual Sneakers,FASHION,Footwear,2,52.57,0,105.14,54.52,50.62,Credit Card,Mobile,Website,Delivered,3
ORD001203,2026-03-27,C01405,Noah Lewis,noah.lewis1405@example.com,Usa,Illinois,P009,Running Shoes,FASHION,Footwear,1,66.46,0,66.46,37.38,29.08,Credit Card,Mobile,Website,Delivered,4
ORD001204,2024-04-27,C01423,Ava Martin,ava.martin1423@example.com,India,Karnataka,P012,Cotton T-Shirt,FASHION,Apparel,1,20.26,0.2,16.21,9.03,7.18,Credit Card,Desktop,Website,Returned,2
ORD001205,2024-04-30,C00667,James Williams,missing@example.com,Uae,Dubai,P031,Novel Set,BOOKS,Fiction,3,44.69,0.25,100.55,66.89,33.66,Credit Card,Mobile,Marketplace,Delivered,5
ORD001206,2024-04-24,C01249,Mason Smith,mason.smith1249@example.com,Canada,Quebec,P027,Face Serum,BEAUTY,Skin Care,3,37.13,0,111.39,47.86,63.53,Paypal,Tablet,Website,Delivered,3
ORD001207,2026-01-04,C01654,Grace Wilson,grace.wilson1654@example.com,Germany,Bavaria,P023,Dumbbell Set,SPORTS,Fitness,1,83.94,0.15,71.35,49.05,22.3,Cash On Delivery,Mobile,Mobile App,Delivered,4
ORD001208,2024-10-20,C00353,Leo Garcia,leo.garcia353@example.com,Uae,Abu Dhabi,P036,Puzzle 1000pc,TOYS,Games,1,20.07,0.15,17.06,8.38,8.68,Credit Card,Mobile,Mobile App,Delivered,5
ORD001209,2024-12-28,C01330,Ava Hall,ava.hall1330@example.com,India,Maharashtra,P014,Leather Wallet,FASHION,Accessories,1,33.17,0.15,28.19,15.66,12.53,Debit Card,Mobile,Mobile App,Delivered,3
ORD001210,2024-12-17,C00069,Emma Brown,emma.brown69@example.com,Usa,New York,P010,Casual Sneakers,FASHION,Footwear,2,53.22,0.2,85.15,55.52,29.63,Cash On Delivery,Desktop,Website,Delivered,3
ORD001211,2024-01-22,C00830,James Johnson,james.johnson830@example.com,Uae,Sharjah,P023,Dumbbell Set,SPORTS,Fitness,2,79.47,0.1,143.05,92.21,50.84,Credit Card,Tablet,Marketplace,Delivered,5
ORD001212,2024-12-19,C00051,Leo Moore,leo.moore51@example.com,India,Tamil Nadu,P032,Data Analytics Book,BOOKS,Education,1,44.97,0.1,40.47,21.06,19.41,Bank Transfer,Mobile,Mobile App,Delivered,5
ORD001213,2024-07-27,C00395,Evelyn Clark,evelyn.clark395@example.com,India,Tamil Nadu,P033,Cookbook,BOOKS,Lifestyle,1,29.36,0,29.36,13.69,15.67,Paypal,Desktop,Marketplace,Delivered,4
ORD001214,2025-12-22,C00750,Grace Walker,grace.walker750@example.com,Usa,California,P029,Hair Dryer,BEAUTY,Hair Care,1,50.97,0.1,45.87,28.22,17.65,Debit Card,Mobile,Mobile App,Returned,4
ORD001215,2025-02-22,C00268,Olivia Hall,olivia.hall268@example.com,Usa,Florida,P013,Hoodie,FASHION,Apparel,4,44.11,0.1,158.8,89.26,69.54,Bank Transfer,Mobile,Website,Cancelled,0
ORD001216,2024-12-08,C00946,Elijah Moore,elijah.moore946@example.com,Uk,Scotland,P007,Wireless Mouse,ELECTRONICS,Computers,2,34.16,0.1,61.49,34.37,27.12,Credit Card,Mobile,Social Commerce,Delivered,2
ORD001217,2026-07-14,C00112,Mason Martin,mason.martin112@example.com,Uae,Dubai,P020,Storage Boxes,HOME & KITCHEN,Storage,4,27.16,0.15,92.34,53.86,38.48,Cash On Delivery,Desktop,Website,Delivered,5
ORD001218,2024-10-26,C00091,Layla Martin,layla.martin91@example.com,India,Delhi,P001,Wireless Headphones,ELECTRONICS,Audio,1,82.8,0.05,78.66,49.77,28.89,Credit Card,Mobile,Mobile App,Delivered,4
ORD001219,2025-03-31,C00821,Olivia Smith,olivia.smith821@example.com,Germany,Saxony,P022,Yoga Mat,SPORTS,Fitness,3,24.69,0,74.07,34.95,39.12,Credit Card,Mobile,Website,Delivered,4
ORD001220,2025-07-28,C01449,Zoe Garcia,zoe.garcia1449@example.com,Uae,Sharjah,P028,Moisturizer,BEAUTY,Skin Care,2,24.36,0,48.72,19.05,29.67,Paypal,Desktop,Website,Shipped,0
ORD001221,2025-05-31,C00839,Chloe Hall,chloe.hall839@example.com,Uk,Wales,P028,Moisturizer,BEAUTY,Skin Care,4,24.72,0.05,93.94,39.01,54.93,Bank Transfer,Mobile,Mobile App,Delivered,5
ORD001222,2025-02-19,C00829,Noah Brown,noah.brown829@example.com,Australia,New South Wales,P003,Smart Watch,ELECTRONICS,Wearables,1,137.43,0.1,123.69,94.92,28.77,Credit Card,Mobile,Social Commerce,Delivered,5
ORD001223,2024-01-29,C00495,Jack Clark,jack.clark495@example.com,Australia,New South Wales,P018,Non-stick Pan,HOME & KITCHEN,Cookware,1,34.03,0.05,32.33,16.7,15.63,Paypal,Desktop,Website,Delivered,5
ORD001224,2025-12-13,C01378,Emma Brown,emma.brown1378@example.com,Germany,Bavaria,P009,Running Shoes,FASHION,Footwear,1,68.61,0.1,61.75,36.87,24.88,Debit Card,Tablet,Marketplace,Delivered,5
ORD001225,2025-03-10,C00012,Owen Patel,owen.patel12@example.com,France,Ile-de-France,P018,Non-stick Pan,HOME & KITCHEN,Cookware,3,37.13,0,111.39,56.19,55.2,Paypal,Desktop,Marketplace,Delivered,2
ORD001226,2025-05-13,C01179,Ava Johnson,ava.johnson1179@example.com,France,Normandy,P006,Mechanical Keyboard,ELECTRONICS,Computers,2,98.22,0.05,186.62,128.17,58.45,Credit Card,Mobile,Mobile App,Delivered,4
ORD001227,2026-06-01,C00143,Charlotte Thomas,charlotte.thomas143@example.com,Australia,Victoria,P014,Leather Wallet,FASHION,Accessories,2,32.12,0.05,61.03,30.16,30.87,Credit Card,Mobile,Website,Delivered,5
ORD001228,2024-12-15,C00838,Ethan Thomas,ethan.thomas838@example.com,Usa,Illinois,P002,Bluetooth Speaker,ELECTRONICS,Audio,2,52.64,0.05,100.02,63.3,36.72,Bank Transfer,Tablet,Website,Delivered,4
ORD001229,2025-10-20,C00733,Ava King,ava.king733@example.com,India,Delhi,P029,Hair Dryer,BEAUTY,Hair Care,3,51.47,0.05,146.69,85.12,61.57,Paypal,Mobile,Social Commerce,Delivered,4
ORD001230,2025-04-13,C00796,Charlotte Wright,charlotte.wright796@example.com,Usa,California,P004,USB-C Charger,ELECTRONICS,Accessories,1,23.6,0.15,20.06,11.62,8.44,Paypal,Tablet,Website,Delivered,4
ORD001231,2024-06-26,C00895,Liam Walker,liam.walker895@example.com,Uk,Scotland,P003,Smart Watch,ELECTRONICS,Wearables,2,120.24,0.05,228.46,156.8,71.66,Credit Card,Mobile,Mobile App,Delivered,3
ORD001232,2025-11-30,C01305,Aria Anderson,aria.anderson1305@example.com,Australia,Queensland,P033,Cookbook,BOOKS,Lifestyle,2,33.22,0,66.44,30.91,35.53,Debit Card,Mobile,Website,Delivered,2
ORD001233,2024-01-04,C01034,Lucas Clark,lucas.clark1034@example.com,Australia,Queensland,P009,Running Shoes,FASHION,Footwear,4,76.94,0,307.76,169.21,138.55,Paypal,Desktop,Website,Delivered,3
ORD001234,2024-05-04,C00519,Mason Moore,mason.moore519@example.com,Usa,New York,P032,Data Analytics Book,BOOKS,Education,2,47.48,0.15,80.72,46.28,34.44,Debit Card,Desktop,Mobile App,Shipped,0
ORD001235,2026-02-23,C00207,Grace Johnson,grace.johnson207@example.com,India,Karnataka,P029,Hair Dryer,BEAUTY,Hair Care,4,54.2,0,216.8,120.99,95.81,Debit Card,Mobile,Website,Delivered,4
ORD001236,2025-11-27,C01286,Olivia Johnson,olivia.johnson1286@example.com,Uk,Wales,P032,Data Analytics Book,BOOKS,Education,1,43.56,0,43.56,20.9,22.66,Debit Card,Mobile,Mobile App,Cancelled,0
ORD001237,2026-04-05,C00353,Leo Garcia,leo.garcia353@example.com,Germany,Hesse,P004,USB-C Charger,ELECTRONICS,Accessories,4,26.75,0,107,52,55,Cash On Delivery,Mobile,Website,Delivered,2
ORD001238,2024-06-10,C00339,Mia Johnson,mia.johnson339@example.com,Australia,Queensland,P008,Webcam HD,ELECTRONICS,Computers,4,58.48,0,233.92,140.03,93.89,Paypal,Tablet,Website,Processing,0
ORD001239,2026-01-28,C01766,Liam Lee,missing@example.com,France,Normandy,P009,Running Shoes,FASHION,Footwear,4,75.19,0,300.76,161.38,139.38,Credit Card,Mobile,Website,Delivered,5
ORD001240,2024-12-18,C01754,Sophia Young,sophia.young1754@example.com,Canada,Quebec,P002,Bluetooth Speaker,ELECTRONICS,Audio,1,53.9,0.05,51.2,32.34,18.86,Credit Card,Tablet,Mobile App,Delivered,4
ORD001241,2025-06-03,C00565,James Garcia,james.garcia565@example.com,Germany,Saxony,P028,Moisturizer,BEAUTY,Skin Care,2,24.62,0.1,44.32,19.18,25.14,Credit Card,Desktop,Marketplace,Delivered,4
ORD001242,2024-11-03,C00551,Elijah Brown,elijah.brown551@example.com,Uk,Wales,P014,Leather Wallet,FASHION,Accessories,2,31.96,0.05,60.72,29.71,31.01,Credit Card,Mobile,Website,Delivered,4
ORD001243,2024-04-04,C00748,Ethan Smith,ethan.smith748@example.com,Australia,Queensland,P030,Perfume,BEAUTY,Fragrance,2,70.92,0,141.84,73.36,68.48,Debit Card,Mobile,Mobile App,Delivered,5
ORD001244,2025-04-15,C00037,Aarav Johnson,aarav.johnson37@example.com,India,Maharashtra,P023,Dumbbell Set,SPORTS,Fitness,1,74.43,0.05,70.71,42.17,28.54,Paypal,Mobile,Website,Delivered,3
ORD001245,2026-03-09,C00796,Charlotte Wright,charlotte.wright796@example.com,Germany,Saxony,P022,Yoga Mat,SPORTS,Fitness,4,27.9,0.05,106.02,52.53,53.49,Credit Card,Mobile,Website,Delivered,4
ORD001246,2025-05-31,C01632,Aarav Wright,aarav.wright1632@example.com,France,Ile-de-France,P012,Cotton T-Shirt,FASHION,Apparel,4,19.14,0.05,72.73,34.55,38.18,Debit Card,Desktop,Website,Delivered,5
ORD001247,2024-09-06,C00856,Zoe Wilson,zoe.wilson856@example.com,India,Delhi,P004,USB-C Charger,ELECTRONICS,Accessories,1,24.7,0.1,22.23,11.5,10.73,Debit Card,Desktop,Website,Delivered,1
ORD001248,2024-12-27,C00646,Zoe Thomas,missing@example.com,Uae,Abu Dhabi,P035,Remote Control Car,TOYS,Vehicles,1,48.92,0.1,44.03,28.72,15.31,Paypal,Desktop,Website,Shipped,0
ORD001249,2025-02-13,C00421,Ava Moore,ava.moore421@example.com,Australia,New South Wales,P032,Data Analytics Book,BOOKS,Education,1,42.57,0.05,40.44,20.29,20.15,Debit Card,Mobile,Website,Returned,3
ORD001250,2024-06-05,C01246,Ethan Thomas,missing@example.com,Uk,Scotland,P004,USB-C Charger,ELECTRONICS,Accessories,3,25.47,0.15,64.95,36.13,28.82,Debit Card,Desktop,Website,Delivered,4
ORD001251,2025-12-21,C00024,Daniel Brown,daniel.brown24@example.com,India,Delhi,P018,Non-stick Pan,HOME & KITCHEN,Cookware,1,32.89,0.25,24.67,17.24,7.43,Credit Card,Desktop,Marketplace,Delivered,4
ORD001252,2026-04-25,C00227,Emma Taylor,emma.taylor227@example.com,Canada,British Columbia,P004,USB-C Charger,ELECTRONICS,Accessories,4,23.63,0.05,89.79,46.95,42.84,Debit Card,Desktop,Website,Delivered,4
ORD001253,2025-12-19,C00762,Evelyn Patel,evelyn.patel762@example.com,France,Occitanie,P017,Air Fryer,HOME & KITCHEN,Appliances,1,121.66,0,121.66,76.76,44.9,Credit Card,Mobile,Website,Delivered,3
ORD001254,2024-01-31,C00581,Jack Patel,jack.patel581@example.com,Canada,British Columbia,P022,Yoga Mat,SPORTS,Fitness,3,25.92,0,77.76,34.52,43.24,Bank Transfer,Desktop,Website,Delivered,3
ORD001255,2024-01-27,C01449,Zoe Garcia,zoe.garcia1449@example.com,Canada,Ontario,P001,Wireless Headphones,ELECTRONICS,Audio,3,79.04,0.1,213.41,151.99,61.42,Paypal,Mobile,Website,Delivered,3
ORD001256,2025-05-18,C00810,Harper Lewis,harper.lewis810@example.com,Canada,Ontario,P029,Hair Dryer,BEAUTY,Hair Care,1,52.03,0.05,49.43,28.17,21.26,Credit Card,Desktop,Mobile App,Delivered,5
ORD001257,2025-04-06,C00557,Daniel Thomas,daniel.thomas557@example.com,Germany,Hesse,P034,Building Blocks,TOYS,Educational,2,34.62,0.25,51.93,34,17.93,Bank Transfer,Desktop,Website,Delivered,4
ORD001258,2025-01-23,C01742,Isabella Anderson,isabella.anderson1742@example.com,Uae,Dubai,P020,Storage Boxes,HOME & KITCHEN,Storage,1,29.87,0,29.87,14.97,14.9,Credit Card,Mobile,Mobile App,Returned,5
ORD001259,2025-12-10,C01129,Lucas Brown,lucas.brown1129@example.com,Uk,Wales,P018,Non-stick Pan,HOME & KITCHEN,Cookware,2,33.77,0.05,64.16,33.42,30.74,Debit Card,Tablet,Mobile App,Delivered,3
ORD001260,2025-10-29,C00638,Chloe Williams,chloe.williams638@example.com,Uk,Scotland,P026,Water Bottle,SPORTS,Accessories,3,17.98,0.1,48.55,24.09,24.46,Debit Card,Tablet,Website,Delivered,5
ORD001261,2024-12-24,C00619,Jack Wright,jack.wright619@example.com,India,Gujarat,P010,Casual Sneakers,FASHION,Footwear,1,59.9,0.15,50.91,31.56,19.35,Credit Card,Mobile,Mobile App,Shipped,0
ORD001262,2026-01-01,C01493,Noah Garcia,missing@example.com,Canada,Alberta,P025,Cycling Helmet,SPORTS,Outdoor,1,70.79,0.1,63.71,39.72,23.99,Paypal,Mobile,Website,Delivered,2
ORD001263,2024-12-14,C01800,Noah Moore,noah.moore1800@example.com,Uae,Sharjah,P032,Data Analytics Book,BOOKS,Education,6,44.63,0.1,241,129.61,111.39,Credit Card,Tablet,Mobile App,Delivered,3
ORD001265,2024-12-13,C00594,Emma Wilson,emma.wilson594@example.com,India,Karnataka,P011,Denim Jacket,FASHION,Outerwear,1,79.61,0.15,67.67,46.07,21.6,Credit Card,Mobile,Website,Delivered,3
ORD001266,2024-12-20,C00175,Jack Martin,jack.martin175@example.com,Uae,Abu Dhabi,P026,Water Bottle,SPORTS,Accessories,1,18.17,0,18.17,7.62,10.55,Debit Card,Mobile,Website,Delivered,5
ORD001267,2025-05-01,C01254,Liam Wilson,liam.wilson1254@example.com,Canada,British Columbia,P007,Wireless Mouse,ELECTRONICS,Computers,1,32.84,0.05,31.2,16.63,14.57,Credit Card,Mobile,Website,Processing,0
ORD001268,2024-02-23,C00068,Evelyn Lewis,evelyn.lewis68@example.com,Uae,Abu Dhabi,P001,Wireless Headphones,ELECTRONICS,Audio,2,82.53,0.05,156.81,101.99,54.82,Debit Card,Desktop,Mobile App,Delivered,2
ORD001269,2024-06-26,C00248,Harper Wilson,harper.wilson248@example.com,Canada,British Columbia,P022,Yoga Mat,SPORTS,Fitness,6,26.53,0.1,143.26,75.86,67.4,Debit Card,Desktop,Website,Delivered,5
ORD001270,2025-04-21,C00518,Aarav Wright,aarav.wright518@example.com,Germany,Bavaria,P036,Puzzle 1000pc,TOYS,Games,3,19.79,0,59.37,24.93,34.44,Credit Card,Mobile,Website,Delivered,2
ORD001271,2024-12-03,C01110,Elijah Patel,elijah.patel1110@example.com,Germany,Bavaria,P014,Leather Wallet,FASHION,Accessories,2,31.37,0.15,53.33,28.65,24.68,Cash On Delivery,Desktop,Website,Delivered,4
ORD001272,2025-05-09,C01230,Aria Lewis,aria.lewis1230@example.com,France,Normandy,P007,Wireless Mouse,ELECTRONICS,Computers,1,37.83,0,37.83,19.48,18.35,Debit Card,Mobile,Marketplace,Delivered,5
ORD001273,2026-04-06,C00516,Mason Hall,mason.hall516@example.com,Uae,Abu Dhabi,P002,Bluetooth Speaker,ELECTRONICS,Audio,1,51.03,0.25,38.27,31.31,6.96,Credit Card,Mobile,Mobile App,Returned,4
ORD001274,2025-01-14,C00448,Jack Taylor,jack.taylor448@example.com,India,Karnataka,P001,Wireless Headphones,ELECTRONICS,Audio,1,85.57,0.1,77.01,52.87,24.14,Debit Card,Mobile,Website,Delivered,5
ORD001275,2024-09-16,C00299,Zoe Lee,zoe.lee299@example.com,India,Maharashtra,P004,USB-C Charger,ELECTRONICS,Accessories,2,27.48,0,54.96,27.19,27.77,Debit Card,Mobile,Mobile App,Delivered,3
ORD001276,2025-08-18,C01311,Grace Williams,grace.williams1311@example.com,India,Maharashtra,P029,Hair Dryer,BEAUTY,Hair Care,1,48.34,0.1,43.51,25.95,17.56,Credit Card,Mobile,Website,Shipped,0
ORD001277,2026-07-13,C01354,Ava Wright,ava.wright1354@example.com,Germany,Berlin,P034,Building Blocks,TOYS,Educational,2,38.67,0,77.34,37.36,39.98,Debit Card,Mobile,Marketplace,Delivered,4
ORD001278,2024-11-02,C00504,Zoe Walker,zoe.walker504@example.com,Germany,Berlin,P011,Denim Jacket,FASHION,Outerwear,1,75.58,0.2,60.46,44.44,16.02,Debit Card,Mobile,Website,Delivered,3
ORD001279,2026-03-01,C00180,Aarav Walker,aarav.walker180@example.com,Germany,Berlin,P024,Football,SPORTS,Outdoor,4,32.42,0.1,116.71,63.78,52.93,Debit Card,Mobile,Website,Delivered,2
ORD001280,2025-11-08,C00631,Isabella Lewis,isabella.lewis631@example.com,Australia,Victoria,P035,Remote Control Car,TOYS,Vehicles,1,44.97,0,44.97,24.72,20.25,Paypal,Mobile,Social Commerce,Shipped,0
ORD001281,2024-01-11,C00829,Noah Brown,noah.brown829@example.com,France,Normandy,P029,Hair Dryer,BEAUTY,Hair Care,1,48.75,0.2,39,26.37,12.63,Cash On Delivery,Desktop,Social Commerce,Delivered,5
ORD001282,2025-10-07,C00422,Lucas Taylor,lucas.taylor422@example.com,Canada,Alberta,P031,Novel Set,BOOKS,Fiction,2,37.48,0,74.96,36.3,38.66,Credit Card,Mobile,Website,Processing,0
ORD001283,2025-05-14,C00586,Grace Lee,grace.lee586@example.com,Usa,New York,P007,Wireless Mouse,ELECTRONICS,Computers,1,35.98,0.05,34.18,18.02,16.16,Credit Card,Mobile,Mobile App,Delivered,3
ORD001284,2025-05-06,C01027,James Moore,james.moore1027@example.com,Uae,Abu Dhabi,P013,Hoodie,FASHION,Apparel,1,47.1,0,47.1,23.17,23.93,Paypal,Desktop,Mobile App,Delivered,1
ORD001285,2026-02-27,C00277,Ava Anderson,ava.anderson277@example.com,Uae,Sharjah,P009,Running Shoes,FASHION,Footwear,2,77.43,0.1,139.37,84.2,55.17,Credit Card,Tablet,Mobile App,Delivered,3
ORD001286,2024-07-03,C01117,Owen Moore,owen.moore1117@example.com,Canada,Ontario,P028,Moisturizer,BEAUTY,Skin Care,3,27.48,0,82.44,33.12,49.32,Paypal,Mobile,Website,Delivered,5
ORD001287,2024-05-11,C00685,Emma Smith,emma.smith685@example.com,Uk,England,P029,Hair Dryer,BEAUTY,Hair Care,1,55.09,0.25,41.32,29.8,11.52,Credit Card,Mobile,Marketplace,Delivered,4
ORD001288,2025-08-07,C00334,Aria Garcia,aria.garcia334@example.com,Australia,New South Wales,P026,Water Bottle,SPORTS,Accessories,1,17.03,0,17.03,7.09,9.94,Cash On Delivery,Tablet,Mobile App,Returned,2
ORD001289,2024-05-27,C00266,Jack Thomas,jack.thomas266@example.com,France,Provence,P020,Storage Boxes,HOME & KITCHEN,Storage,2,26.35,0,52.7,26.65,26.05,Debit Card,Mobile,Website,Delivered,4
ORD001290,2026-03-04,C00611,Ethan Williams,ethan.williams611@example.com,Germany,Hesse,P021,Desk Lamp,HOME & KITCHEN,Lighting,2,30.86,0.05,58.63,30.39,28.24,Paypal,Mobile,Mobile App,Delivered,4
ORD001291,2026-01-24,C00998,Leo Wilson,leo.wilson998@example.com,France,Ile-de-France,P016,Coffee Maker,HOME & KITCHEN,Appliances,1,89.66,0.05,85.18,57.22,27.96,Credit Card,Mobile,Website,Delivered,4
ORD001292,2024-12-07,C01343,Aria Williams,aria.williams1343@example.com,Germany,Berlin,P022,Yoga Mat,SPORTS,Fitness,1,23.08,0,23.08,10.95,12.13,Debit Card,Mobile,Mobile App,Delivered,2
ORD001293,2025-10-05,C01657,Noah King,noah.king1657@example.com,France,Normandy,P034,Building Blocks,TOYS,Educational,1,37.88,0.25,28.41,18.2,10.21,Bank Transfer,Mobile,Website,Processing,0
ORD001294,2025-07-30,C00983,Ava Martin,ava.martin983@example.com,Germany,Saxony,P022,Yoga Mat,SPORTS,Fitness,1,26.04,0,26.04,11.5,14.54,Debit Card,Desktop,Website,Delivered,4
ORD001295,2024-05-16,C00466,Sophia King,missing@example.com,France,Ile-de-France,P011,Denim Jacket,FASHION,Outerwear,3,80.02,0.05,228.06,137.46,90.6,Paypal,Desktop,Social Commerce,Delivered,5
ORD001296,2026-07-22,C01734,Nora Taylor,nora.taylor1734@example.com,Australia,Victoria,P026,Water Bottle,SPORTS,Accessories,3,16.93,0.1,45.71,22.32,23.39,Debit Card,Mobile,Marketplace,Delivered,4
ORD001297,2025-02-13,C00555,Daniel Brown,daniel.brown555@example.com,Uae,Abu Dhabi,P013,Hoodie,FASHION,Apparel,2,47.52,0.05,90.29,46.98,43.31,Cash On Delivery,Mobile,Website,Delivered,4
ORD001298,2025-05-12,C01052,Nora King,nora.king1052@example.com,Canada,Ontario,P029,Hair Dryer,BEAUTY,Hair Care,1,55.07,0.15,46.81,30.46,16.35,Credit Card,Mobile,Marketplace,Shipped,0
ORD001299,2024-01-24,C00678,Chloe Taylor,chloe.taylor678@example.com,Uae,Abu Dhabi,P007,Wireless Mouse,ELECTRONICS,Computers,2,37.49,0,74.98,37.83,37.15,Paypal,Mobile,Mobile App,Delivered,4
ORD001300,2025-03-16,C00717,Henry Young,henry.young717@example.com,Uk,Wales,P016,Coffee Maker,HOME & KITCHEN,Appliances,1,99.07,0,99.07,61.16,37.91,Credit Card,Desktop,Mobile App,Delivered,3
ORD001301,2024-01-23,C00913,Sophia Clark,sophia.clark913@example.com,Uae,Sharjah,P020,Storage Boxes,HOME & KITCHEN,Storage,4,27.44,0.05,104.27,51.92,52.35,Credit Card,Desktop,Website,Delivered,4
ORD001302,2026-02-18,C01039,Layla Clark,layla.clark1039@example.com,Uae,Sharjah,P022,Yoga Mat,SPORTS,Fitness,2,23.34,0,46.68,21.9,24.78,Credit Card,Tablet,Website,Delivered,5
ORD001303,2024-01-21,C01632,Aarav Wright,aarav.wright1632@example.com,Usa,New York,P027,Face Serum,BEAUTY,Skin Care,4,34.39,0.15,116.93,56.9,60.03,Debit Card,Desktop,Website,Cancelled,0
ORD001304,2026-04-06,C00004,Ethan Johnson,ethan.johnson4@example.com,Usa,Florida,P003,Smart Watch,ELECTRONICS,Wearables,1,132.03,0.05,125.43,87.4,38.03,Credit Card,Mobile,Social Commerce,Delivered,5
ORD001305,2025-08-27,C01345,Owen Patel,owen.patel1345@example.com,Australia,Queensland,P017,Air Fryer,HOME & KITCHEN,Appliances,1,133.55,0.1,120.2,86.04,34.16,Cash On Delivery,Tablet,Website,Delivered,5
ORD001306,2025-06-06,C00216,Layla Young,layla.young216@example.com,Uk,England,P006,Mechanical Keyboard,ELECTRONICS,Computers,1,99.64,0,99.64,61.52,38.12,Paypal,Desktop,Mobile App,Delivered,4
ORD001307,2024-04-21,C01159,Harper Lee,harper.lee1159@example.com,Canada,Quebec,P001,Wireless Headphones,ELECTRONICS,Audio,3,77.55,0.05,221.02,142.42,78.6,Paypal,Desktop,Mobile App,Delivered,4
ORD001308,2024-06-27,C00565,James Garcia,james.garcia565@example.com,Germany,Hesse,P025,Cycling Helmet,SPORTS,Outdoor,4,65.38,0.15,222.29,146.28,76.01,Paypal,Mobile,Mobile App,Delivered,4
ORD001309,2026-03-28,C01100,Mason Young,mason.young1100@example.com,Uk,England,P030,Perfume,BEAUTY,Fragrance,2,67.63,0.05,128.5,68.8,59.7,Paypal,Desktop,Mobile App,Delivered,4
ORD001310,2025-08-09,C00622,Lucas Clark,lucas.clark622@example.com,France,Ile-de-France,P013,Hoodie,FASHION,Apparel,1,47.17,0.05,44.81,23.1,21.71,Debit Card,Tablet,Mobile App,Returned,5
ORD001311,2024-05-02,C00441,Emma Clark,emma.clark441@example.com,Uae,Sharjah,P003,Smart Watch,ELECTRONICS,Wearables,2,120.93,0.15,205.58,158.77,46.81,Credit Card,Mobile,Website,Delivered,5
ORD001312,2025-12-25,C00904,Olivia Garcia,olivia.garcia904@example.com,Uk,Wales,P023,Dumbbell Set,SPORTS,Fitness,1,82.21,0,82.21,47.85,34.36,Credit Card,Desktop,Mobile App,Cancelled,0
ORD001313,2024-11-10,C00563,Lucas Lewis,lucas.lewis563@example.com,France,Occitanie,P005,Laptop Stand,ELECTRONICS,Accessories,2,42.44,0,84.88,44.62,40.26,Credit Card,Mobile,Website,Returned,4
ORD001314,2025-02-20,C00258,Owen Brown,owen.brown258@example.com,Australia,Queensland,P004,USB-C Charger,ELECTRONICS,Accessories,2,24.51,0.15,41.67,24.42,17.25,Debit Card,Mobile,Website,Delivered,5
ORD001315,2024-12-30,C00552,Noah Martin,noah.martin552@example.com,Germany,Hesse,P033,Cookbook,BOOKS,Lifestyle,1,27.61,0.05,26.23,12.89,13.34,Credit Card,Desktop,Website,Cancelled,0
ORD001316,2026-03-28,C00625,Lucas Clark,lucas.clark625@example.com,Usa,Florida,P019,Knife Set,HOME & KITCHEN,Cookware,1,61.14,0,61.14,35.09,26.05,Credit Card,Mobile,Marketplace,Delivered,5
ORD001318,2025-12-14,C00366,James Moore,james.moore366@example.com,Uk,Wales,P033,Cookbook,BOOKS,Lifestyle,1,30.54,0.1,27.49,13.68,13.81,Debit Card,Mobile,Mobile App,Shipped,0
ORD001319,2026-06-29,C00984,Noah Johnson,noah.johnson984@example.com,Germany,Berlin,P028,Moisturizer,BEAUTY,Skin Care,3,27.73,0,83.19,32.97,50.22,Paypal,Desktop,Mobile App,Delivered,5
ORD001320,2026-07-08,C01324,Evelyn Patel,evelyn.patel1324@example.com,India,Maharashtra,P026,Water Bottle,SPORTS,Accessories,2,17.51,0.15,29.77,15.2,14.57,Paypal,Desktop,Website,Delivered,5
ORD001321,2025-08-01,C00175,Jack Martin,jack.martin175@example.com,Uk,Wales,P001,Wireless Headphones,ELECTRONICS,Audio,1,73.78,0.1,66.4,47.13,19.27,Paypal,Mobile,Marketplace,Delivered,4
ORD001322,2026-02-03,C00210,Owen Brown,owen.brown210@example.com,Germany,Berlin,P035,Remote Control Car,TOYS,Vehicles,1,44.92,0.05,42.67,25.05,17.62,Debit Card,Desktop,Website,Delivered,4
ORD001323,2024-05-17,C01336,Isabella Taylor,isabella.taylor1336@example.com,Canada,British Columbia,P020,Storage Boxes,HOME & KITCHEN,Storage,2,29.27,0.1,52.69,28.54,24.15,Bank Transfer,Desktop,Website,Delivered,4
ORD001324,2024-01-04,C00851,Lucas Lee,lucas.lee851@example.com,France,Occitanie,P009,Running Shoes,FASHION,Footwear,2,75.31,0.2,120.5,82.89,37.61,Debit Card,Desktop,Mobile App,Processing,0
ORD001325,2024-02-15,C00374,Liam Anderson,liam.anderson374@example.com,Australia,Victoria,P027,Face Serum,BEAUTY,Skin Care,1,33.72,0.15,28.66,14.14,14.52,Credit Card,Desktop,Mobile App,Delivered,4
ORD001326,2024-09-06,C00157,Leo Anderson,leo.anderson157@example.com,Canada,British Columbia,P024,Football,SPORTS,Outdoor,1,31.82,0.05,30.23,15.51,14.72,Debit Card,Tablet,Website,Shipped,0
ORD001327,2025-07-17,C01029,Nora Smith,nora.smith1029@example.com,Uk,Scotland,P005,Laptop Stand,ELECTRONICS,Accessories,1,39.25,0.05,37.29,21.05,16.24,Credit Card,Mobile,Website,Delivered,5
ORD001328,2025-02-13,C01429,Amelia Moore,amelia.moore1429@example.com,Australia,New South Wales,P014,Leather Wallet,FASHION,Accessories,2,27.8,0.1,50.04,26.11,23.93,Credit Card,Mobile,Website,Delivered,5
ORD001329,2025-08-14,C01322,James Patel,james.patel1322@example.com,Canada,Alberta,P005,Laptop Stand,ELECTRONICS,Accessories,2,38.02,0,76.04,38.97,37.07,Debit Card,Desktop,Website,Shipped,0
ORD001330,2024-09-05,C00305,Emma Moore,emma.moore305@example.com,France,Normandy,P010,Casual Sneakers,FASHION,Footwear,1,57.53,0,57.53,30.31,27.22,Debit Card,Desktop,Website,Delivered,5
ORD001331,2026-04-30,C01692,Layla Hall,layla.hall1692@example.com,Canada,Alberta,P030,Perfume,BEAUTY,Fragrance,2,78.15,0.25,117.23,78.65,38.58,Debit Card,Mobile,Website,Delivered,5
ORD001332,2026-03-01,C01131,Lucas Lee,lucas.lee1131@example.com,Uae,Sharjah,P030,Perfume,BEAUTY,Fragrance,3,68.95,0.15,175.82,104.23,71.59,Credit Card,Mobile,Mobile App,Delivered,5
ORD001333,2024-12-24,C00485,James Moore,james.moore485@example.com,Usa,New York,P008,Webcam HD,ELECTRONICS,Computers,1,65,0.1,58.5,39.13,19.37,Credit Card,Mobile,Social Commerce,Delivered,3
ORD001334,2026-05-31,C00856,Zoe Wilson,missing@example.com,Canada,Ontario,P013,Hoodie,FASHION,Apparel,5,41.84,0,209.2,100.96,108.24,Credit Card,Desktop,Website,Delivered,4
ORD001335,2026-07-08,C00015,Liam Clark,liam.clark15@example.com,Uae,Dubai,P024,Football,SPORTS,Outdoor,2,31.09,0.1,55.96,29.86,26.1,Debit Card,Mobile,Website,Delivered,3
ORD001336,2024-07-20,C01639,Grace Young,grace.young1639@example.com,Uk,Scotland,P018,Non-stick Pan,HOME & KITCHEN,Cookware,3,37.4,0.15,95.37,55.91,39.46,Cash On Delivery,Desktop,Website,Delivered,5
ORD001337,2024-02-12,C01329,Grace Johnson,grace.johnson1329@example.com,Germany,Berlin,P022,Yoga Mat,SPORTS,Fitness,2,23.82,0.1,42.88,21.51,21.37,Debit Card,Tablet,Mobile App,Delivered,4
ORD001338,2024-02-20,C01799,Jack Clark,jack.clark1799@example.com,Usa,Illinois,P009,Running Shoes,FASHION,Footwear,3,70.67,0.1,190.81,120.4,70.41,Cash On Delivery,Mobile,Mobile App,Delivered,3
ORD001339,2024-02-06,C00130,Ava Brown,ava.brown130@example.com,Australia,Queensland,P011,Denim Jacket,FASHION,Outerwear,1,75.49,0,75.49,44.21,31.28,Bank Transfer,Desktop,Website,Delivered,5
ORD001340,2026-02-10,C00041,Mia Garcia,mia.garcia41@example.com,Australia,New South Wales,P033,Cookbook,BOOKS,Lifestyle,2,32.07,0.05,60.93,30.21,30.72,Debit Card,Desktop,Website,Delivered,3
ORD001341,2026-05-08,C00742,Adam Wright,adam.wright742@example.com,Usa,Florida,P011,Denim Jacket,FASHION,Outerwear,1,70.49,0.1,63.44,41.22,22.22,Debit Card,Desktop,Website,Processing,0
ORD001342,2025-09-14,C00544,Grace Martin,grace.martin544@example.com,Canada,Quebec,P002,Bluetooth Speaker,ELECTRONICS,Audio,3,50.99,0.15,130.02,89.97,40.05,Paypal,Mobile,Mobile App,Delivered,4
ORD001343,2026-01-21,C00039,Elijah Brown,elijah.brown39@example.com,Germany,Berlin,P029,Hair Dryer,BEAUTY,Hair Care,1,46.06,0,46.06,25.83,20.23,Credit Card,Desktop,Mobile App,Delivered,3
ORD001344,2025-01-03,C00636,Zoe Wright,zoe.wright636@example.com,India,Delhi,P028,Moisturizer,BEAUTY,Skin Care,1,24.3,0,24.3,9.72,14.58,Paypal,Mobile,Website,Delivered,2
ORD001345,2025-11-17,C01015,Zoe Smith,zoe.smith1015@example.com,Uk,England,P024,Football,SPORTS,Outdoor,2,29.8,0.2,47.68,28.08,19.6,Credit Card,Desktop,Website,Delivered,5
ORD001346,2026-03-06,C00946,Elijah Moore,elijah.moore946@example.com,India,Karnataka,P004,USB-C Charger,ELECTRONICS,Accessories,1,25.47,0.1,22.92,12.64,10.28,Paypal,Desktop,Website,Cancelled,0
ORD001347,2025-07-15,C00772,Aarav Walker,aarav.walker772@example.com,Canada,Quebec,P032,Data Analytics Book,BOOKS,Education,1,44.31,0.15,37.66,21.11,16.55,Paypal,Mobile,Mobile App,Delivered,4
ORD001348,2025-04-20,C01294,Mason Moore,mason.moore1294@example.com,Canada,Quebec,P035,Remote Control Car,TOYS,Vehicles,1,43.76,0,43.76,24.75,19.01,Debit Card,Mobile,Website,Delivered,4
ORD001349,2026-05-05,C01704,Jack Hall,jack.hall1704@example.com,France,Provence,P014,Leather Wallet,FASHION,Accessories,1,31.27,0.2,25.02,14.16,10.86,Bank Transfer,Mobile,Website,Cancelled,0
ORD001350,2024-05-10,C01540,Aarav Wilson,aarav.wilson1540@example.com,Uk,England,P007,Wireless Mouse,ELECTRONICS,Computers,1,32.73,0.15,27.82,16.58,11.24,Credit Card,Mobile,Website,Delivered,3
ORD001351,2025-08-15,C01153,Harper Williams,harper.williams1153@example.com,Canada,Ontario,P005,Laptop Stand,ELECTRONICS,Accessories,1,42.1,0,42.1,22.2,19.9,Paypal,Tablet,Website,Delivered,4
ORD001352,2024-07-07,C01681,Nora Garcia,nora.garcia1681@example.com,France,Normandy,P034,Building Blocks,TOYS,Educational,2,32.64,0,65.28,33.54,31.74,Credit Card,Tablet,Website,Delivered,5
ORD001353,2024-08-06,C00977,Emma Garcia,emma.garcia977@example.com,India,Karnataka,P006,Mechanical Keyboard,ELECTRONICS,Computers,2,91.1,0.05,173.09,115.06,58.03,Credit Card,Mobile,Mobile App,Delivered,4
ORD001354,2025-12-22,C01201,Noah Smith,noah.smith1201@example.com,Uae,Dubai,P029,Hair Dryer,BEAUTY,Hair Care,1,53.17,0.05,50.51,28.65,21.86,Paypal,Mobile,Mobile App,Delivered,3
ORD001355,2024-08-14,C01360,Mason Patel,mason.patel1360@example.com,Germany,Hesse,P003,Smart Watch,ELECTRONICS,Wearables,1,145.27,0.2,116.22,100.23,15.99,Paypal,Tablet,Mobile App,Delivered,1
ORD001356,2025-06-05,C01401,Charlotte Smith,charlotte.smith1401@example.com,Australia,New South Wales,P001,Wireless Headphones,ELECTRONICS,Audio,2,80.02,0,160.04,96.69,63.35,Credit Card,Desktop,Mobile App,Delivered,5
ORD001357,2024-06-29,C00812,Zoe Brown,zoe.brown812@example.com,Usa,Texas,P007,Wireless Mouse,ELECTRONICS,Computers,2,33.21,0,66.42,34.46,31.96,Credit Card,Desktop,Website,Delivered,4
ORD001358,2026-07-08,C01569,Nora Patel,nora.patel1569@example.com,India,Tamil Nadu,P030,Perfume,BEAUTY,Fragrance,1,67.08,0,67.08,33.76,33.32,Paypal,Mobile,Mobile App,Returned,4
ORD001359,2025-10-24,C01766,Liam Lee,liam.lee1766@example.com,France,Provence,P035,Remote Control Car,TOYS,Vehicles,4,45.82,0,183.28,107.79,75.49,Paypal,Mobile,Website,Delivered,5
ORD001360,2025-05-20,C01245,Ethan Hall,ethan.hall1245@example.com,France,Provence,P014,Leather Wallet,FASHION,Accessories,1,31.49,0.15,26.77,15.22,11.55,Debit Card,Tablet,Website,Delivered,5
ORD001361,2024-04-08,C00181,Isabella Lee,isabella.lee181@example.com,Uae,Dubai,P013,Hoodie,FASHION,Apparel,6,50.38,0.2,241.82,154.01,87.81,Paypal,Desktop,Website,Delivered,4
ORD001362,2024-01-29,C01608,Leo Wright,leo.wright1608@example.com,Canada,Ontario,P014,Leather Wallet,FASHION,Accessories,1,33.21,0.1,29.89,15.79,14.1,Paypal,Mobile,Website,Cancelled,0
ORD001363,2024-05-04,C00791,Charlotte King,charlotte.king791@example.com,Uae,Sharjah,P024,Football,SPORTS,Outdoor,1,31.62,0.2,25.3,15.44,9.86,Debit Card,Mobile,Website,Returned,5
ORD001364,2024-03-13,C00384,Zoe Thomas,zoe.thomas384@example.com,Canada,British Columbia,P030,Perfume,BEAUTY,Fragrance,1,75.95,0.15,64.56,41.04,23.52,Debit Card,Mobile,Marketplace,Delivered,3
ORD001365,2025-11-06,C00476,Henry Wright,henry.wright476@example.com,Germany,Hesse,P006,Mechanical Keyboard,ELECTRONICS,Computers,2,93.34,0,186.68,115.9,70.78,Credit Card,Mobile,Website,Processing,0
ORD001366,2025-08-17,C00907,Jack Clark,jack.clark907@example.com,Canada,British Columbia,P014,Leather Wallet,FASHION,Accessories,1,28.52,0.1,25.67,13.71,11.96,Bank Transfer,Desktop,Mobile App,Delivered,5
ORD001367,2026-02-03,C01386,Liam Wilson,liam.wilson1386@example.com,Germany,Bavaria,P024,Football,SPORTS,Outdoor,1,29.75,0.25,22.31,14,8.31,Paypal,Mobile,Mobile App,Delivered,4
ORD001368,2026-07-01,C00522,Noah King,noah.king522@example.com,Uk,England,P012,Cotton T-Shirt,FASHION,Apparel,3,21.84,0,65.52,30.31,35.21,Bank Transfer,Desktop,Mobile App,Delivered,3
ORD001369,2024-11-03,C01623,Lucas Lee,lucas.lee1623@example.com,Germany,Berlin,P029,Hair Dryer,BEAUTY,Hair Care,2,54.16,0,108.32,60.94,47.38,Credit Card,Mobile,Website,Delivered,2
ORD001370,2024-04-21,C01125,Jack Martin,jack.martin1125@example.com,Usa,California,P028,Moisturizer,BEAUTY,Skin Care,2,27.27,0.15,46.36,21.37,24.99,Bank Transfer,Mobile,Marketplace,Delivered,4
ORD001371,2025-02-02,C01014,Aria Patel,aria.patel1014@example.com,Uae,Dubai,P013,Hoodie,FASHION,Apparel,1,45.64,0.15,38.79,22,16.79,Credit Card,Mobile,Website,Processing,0
ORD001372,2024-04-20,C00244,Owen Smith,owen.smith244@example.com,France,Ile-de-France,P009,Running Shoes,FASHION,Footwear,1,75.78,0.15,64.41,42.76,21.65,Debit Card,Mobile,Marketplace,Shipped,0
ORD001373,2024-01-12,C01556,Amelia Patel,amelia.patel1556@example.com,India,Delhi,P033,Cookbook,BOOKS,Lifestyle,1,28.7,0,28.7,13.15,15.55,Cash On Delivery,Tablet,Mobile App,Delivered,4
ORD001374,2025-09-20,C01149,Zoe Taylor,zoe.taylor1149@example.com,France,Ile-de-France,P018,Non-stick Pan,HOME & KITCHEN,Cookware,1,32.89,0.15,27.96,17.08,10.88,Credit Card,Mobile,Mobile App,Delivered,3
ORD001375,2026-01-01,C00527,Leo Hall,leo.hall527@example.com,Uk,England,P031,Novel Set,BOOKS,Fiction,5,37.81,0.2,151.24,95.72,55.52,Credit Card,Mobile,Mobile App,Delivered,4
ORD001376,2025-03-23,C01751,Harper Johnson,harper.johnson1751@example.com,Uae,Sharjah,P015,Backpack,FASHION,Bags,1,52.05,0.05,49.45,26.77,22.68,Cash On Delivery,Desktop,Website,Delivered,4
ORD001377,2024-08-30,C01088,Noah Garcia,noah.garcia1088@example.com,Canada,Quebec,P003,Smart Watch,ELECTRONICS,Wearables,2,124.74,0.1,224.53,172.51,52.02,Credit Card,Mobile,Mobile App,Delivered,5
ORD001378,2024-04-23,C01665,James Patel,james.patel1665@example.com,Canada,British Columbia,P028,Moisturizer,BEAUTY,Skin Care,1,27.33,0.1,24.6,11.27,13.33,Paypal,Desktop,Website,Delivered,4
ORD001379,2024-05-07,C01111,Mason Anderson,mason.anderson1111@example.com,France,Ile-de-France,P029,Hair Dryer,BEAUTY,Hair Care,1,49.07,0,49.07,26,23.07,Bank Transfer,Mobile,Mobile App,Processing,0
ORD001380,2025-07-02,C01313,Nora Young,nora.young1313@example.com,Germany,Saxony,P011,Denim Jacket,FASHION,Outerwear,5,77.07,0.15,327.55,222.7,104.85,Bank Transfer,Desktop,Marketplace,Shipped,0
ORD001381,2024-07-22,C00919,Evelyn Moore,evelyn.moore919@example.com,France,Occitanie,P029,Hair Dryer,BEAUTY,Hair Care,2,47.41,0.15,80.6,52.57,28.03,Paypal,Desktop,Mobile App,Shipped,0
ORD001382,2024-01-04,C01087,Owen Brown,owen.brown1087@example.com,Uae,Dubai,P014,Leather Wallet,FASHION,Accessories,2,31.05,0,62.1,29.76,32.34,Credit Card,Desktop,Website,Delivered,5
ORD001383,2026-04-17,C00245,Leo Garcia,leo.garcia245@example.com,Uae,Abu Dhabi,P002,Bluetooth Speaker,ELECTRONICS,Audio,1,53.71,0.1,48.34,33.04,15.3,Credit Card,Mobile,Social Commerce,Delivered,3
ORD001384,2026-03-05,C01574,Isabella Wilson,isabella.wilson1574@example.com,France,Occitanie,P025,Cycling Helmet,SPORTS,Outdoor,3,71.81,0,215.43,124.17,91.26,Credit Card,Mobile,Mobile App,Processing,0
ORD001385,2025-07-21,C01714,Grace Johnson,grace.johnson1714@example.com,France,Occitanie,P008,Webcam HD,ELECTRONICS,Computers,2,60.94,0,121.88,75.3,46.58,Debit Card,Desktop,Marketplace,Delivered,4
ORD001386,2025-04-13,C01757,Emma Thomas,emma.thomas1757@example.com,Usa,Florida,P009,Running Shoes,FASHION,Footwear,2,78.01,0,156.02,83.58,72.44,Paypal,Mobile,Website,Processing,0
ORD001387,2025-05-06,C01232,Emma Garcia,emma.garcia1232@example.com,Usa,California,P007,Wireless Mouse,ELECTRONICS,Computers,2,34.55,0.1,62.19,35.36,26.83,Paypal,Mobile,Website,Delivered,4
ORD001388,2025-07-01,C01188,Charlotte Smith,charlotte.smith1188@example.com,Canada,British Columbia,P016,Coffee Maker,HOME & KITCHEN,Appliances,1,100.46,0.25,75.34,64.09,11.25,Debit Card,Desktop,Mobile App,Delivered,2
ORD001389,2025-10-10,C01673,Liam Lee,liam.lee1673@example.com,France,Provence,P009,Running Shoes,FASHION,Footwear,1,71.39,0.05,67.82,38.83,28.99,Credit Card,Mobile,Social Commerce,Delivered,5
ORD001390,2025-07-15,C01355,Lucas Walker,lucas.walker1355@example.com,India,Karnataka,P002,Bluetooth Speaker,ELECTRONICS,Audio,2,51.17,0.05,97.22,59.08,38.14,Credit Card,Mobile,Mobile App,Delivered,4
ORD001391,2024-06-16,C00560,Sophia Smith,sophia.smith560@example.com,Uae,Abu Dhabi,P031,Novel Set,BOOKS,Fiction,1,38.36,0.05,36.44,19.19,17.25,Paypal,Mobile,Website,Delivered,5
ORD001392,2025-10-01,C00289,Amelia Taylor,amelia.taylor289@example.com,Germany,Bavaria,P025,Cycling Helmet,SPORTS,Outdoor,2,65.06,0.05,123.61,76.23,47.38,Bank Transfer,Desktop,Marketplace,Delivered,5
ORD001393,2025-03-04,C00530,Olivia Williams,olivia.williams530@example.com,Usa,Texas,P020,Storage Boxes,HOME & KITCHEN,Storage,2,27.89,0.05,52.99,27.96,25.03,Paypal,Desktop,Marketplace,Delivered,4
ORD001394,2024-10-12,C01616,Amelia Brown,amelia.brown1616@example.com,Usa,California,P034,Building Blocks,TOYS,Educational,1,33.51,0,33.51,16.87,16.64,Debit Card,Desktop,Website,Shipped,0
ORD001395,2025-01-22,C00657,Daniel Wilson,daniel.wilson657@example.com,Uk,England,P001,Wireless Headphones,ELECTRONICS,Audio,1,83.79,0,83.79,51.4,32.39,Debit Card,Desktop,Website,Delivered,3
ORD001396,2026-04-02,C01453,Evelyn Clark,evelyn.clark1453@example.com,Usa,Texas,P029,Hair Dryer,BEAUTY,Hair Care,1,48.71,0.15,41.4,27.2,14.2,Debit Card,Mobile,Website,Delivered,1
ORD001397,2024-07-22,C00562,Henry Wilson,henry.wilson562@example.com,India,Gujarat,P022,Yoga Mat,SPORTS,Fitness,2,25.08,0.15,42.64,22.4,20.24,Credit Card,Tablet,Website,Delivered,5
ORD001398,2025-05-23,C01090,Zoe Taylor,zoe.taylor1090@example.com,Uk,England,P006,Mechanical Keyboard,ELECTRONICS,Computers,5,82.81,0.05,393.35,257.58,135.77,Debit Card,Desktop,Marketplace,Delivered,5
ORD001399,2026-02-07,C01760,Isabella Wilson,isabella.wilson1760@example.com,Uae,Abu Dhabi,P004,USB-C Charger,ELECTRONICS,Accessories,1,23.11,0.05,21.95,10.75,11.2,Credit Card,Mobile,Mobile App,Delivered,5
ORD001400,2024-02-14,C01178,Mason Lewis,mason.lewis1178@example.com,Canada,Quebec,P012,Cotton T-Shirt,FASHION,Apparel,1,19.01,0.05,18.06,8.51,9.55,Credit Card,Mobile,Website,Shipped,0
ORD001401,2026-06-01,C00937,Ethan Martin,ethan.martin937@example.com,India,Karnataka,P016,Coffee Maker,HOME & KITCHEN,Appliances,1,89.19,0.25,66.89,57.22,9.67,Credit Card,Mobile,Website,Cancelled,0
ORD001402,2024-10-14,C00141,Liam Lee,liam.lee141@example.com,France,Occitanie,P012,Cotton T-Shirt,FASHION,Apparel,1,20.69,0.2,16.55,9.68,6.87,Bank Transfer,Desktop,Marketplace,Delivered,4
ORD001403,2025-09-23,C00177,Lucas Johnson,lucas.johnson177@example.com,Usa,Illinois,P005,Laptop Stand,ELECTRONICS,Accessories,4,41.21,0,164.84,87.63,77.21,Paypal,Mobile,Marketplace,Delivered,4
ORD001404,2024-09-08,C01687,Isabella Thomas,isabella.thomas1687@example.com,Australia,New South Wales,P035,Remote Control Car,TOYS,Vehicles,2,41.72,0,83.44,47.73,35.71,Credit Card,Mobile,Mobile App,Delivered,4
ORD001405,2025-11-15,C01714,Grace Johnson,grace.johnson1714@example.com,Usa,Texas,P027,Face Serum,BEAUTY,Skin Care,2,38.73,0.15,65.84,31.33,34.51,Paypal,Mobile,Website,Delivered,1
ORD001406,2025-08-26,C00838,Ethan Thomas,ethan.thomas838@example.com,France,Occitanie,P011,Denim Jacket,FASHION,Outerwear,4,70.74,0,282.96,164.65,118.31,Paypal,Mobile,Mobile App,Delivered,5
ORD001407,2025-07-28,C00399,Chloe Williams,chloe.williams399@example.com,Canada,British Columbia,P031,Novel Set,BOOKS,Fiction,2,39.78,0.05,75.58,38.27,37.31,Paypal,Mobile,Mobile App,Delivered,3
ORD001408,2025-12-06,C00707,Olivia Lewis,olivia.lewis707@example.com,Usa,Texas,P001,Wireless Headphones,ELECTRONICS,Audio,4,74.95,0,299.8,188.57,111.23,Paypal,Mobile,Marketplace,Delivered,3
ORD001409,2024-11-29,C01536,Leo King,leo.king1536@example.com,France,Normandy,P009,Running Shoes,FASHION,Footwear,1,68.81,0.1,61.93,39.17,22.76,Credit Card,Desktop,Marketplace,Delivered,4
ORD001410,2024-06-08,C00791,Charlotte King,charlotte.king791@example.com,Germany,Berlin,P004,USB-C Charger,ELECTRONICS,Accessories,1,26.48,0.1,23.83,12.26,11.57,Credit Card,Mobile,Mobile App,Cancelled,0
ORD001411,2026-03-12,C00691,James Hall,james.hall691@example.com,India,Karnataka,P018,Non-stick Pan,HOME & KITCHEN,Cookware,1,34.55,0.2,27.64,17.86,9.78,Cash On Delivery,Mobile,Website,Delivered,5
ORD001412,2024-05-19,C00991,Jack Lewis,jack.lewis991@example.com,Germany,Hesse,P008,Webcam HD,ELECTRONICS,Computers,2,55.21,0.1,99.38,70.03,29.35,Bank Transfer,Mobile,Website,Delivered,5
ORD001413,2024-09-11,C00364,Ava Moore,ava.moore364@example.com,India,Delhi,P020,Storage Boxes,HOME & KITCHEN,Storage,1,30.43,0.05,28.91,14.72,14.19,Credit Card,Mobile,Website,Delivered,2
ORD001414,2025-05-06,C01380,Henry Walker,henry.walker1380@example.com,Usa,Illinois,P035,Remote Control Car,TOYS,Vehicles,1,50.34,0,50.34,28.41,21.93,Paypal,Mobile,Marketplace,Delivered,4
ORD001415,2025-05-03,C00863,Henry Lee,henry.lee863@example.com,Australia,Western Australia,P013,Hoodie,FASHION,Apparel,3,45.68,0.2,109.63,68.13,41.5,Paypal,Desktop,Mobile App,Cancelled,0
ORD001416,2024-10-09,C00500,Adam Young,adam.young500@example.com,Australia,New South Wales,P005,Laptop Stand,ELECTRONICS,Accessories,3,40.62,0,121.86,63.6,58.26,Credit Card,Mobile,Marketplace,Processing,0
ORD001417,2026-01-21,C00827,Mia Brown,mia.brown827@example.com,Uae,Abu Dhabi,P026,Water Bottle,SPORTS,Accessories,2,19.32,0.15,32.84,16.35,16.49,Debit Card,Mobile,Website,Delivered,4
ORD001418,2024-09-05,C00001,Emma Martin,emma.martin1@example.com,Usa,Florida,P034,Building Blocks,TOYS,Educational,4,33.81,0,135.24,70.31,64.93,Credit Card,Tablet,Website,Delivered,1
ORD001419,2025-08-06,C01275,Chloe Young,chloe.young1275@example.com,Australia,Western Australia,P004,USB-C Charger,ELECTRONICS,Accessories,1,26.37,0,26.37,12.65,13.72,Debit Card,Mobile,Mobile App,Delivered,4
ORD001420,2024-12-28,C01705,Aria Wright,aria.wright1705@example.com,India,Maharashtra,P017,Air Fryer,HOME & KITCHEN,Appliances,1,134.29,0,134.29,87.55,46.74,Credit Card,Desktop,Website,Shipped,0
ORD001421,2024-05-23,C01484,Aarav Walker,aarav.walker1484@example.com,Germany,Hesse,P029,Hair Dryer,BEAUTY,Hair Care,1,51.91,0.25,38.93,29.5,9.43,Credit Card,Desktop,Website,Delivered,5
ORD001422,2024-05-25,C01346,Adam Patel,adam.patel1346@example.com,Canada,British Columbia,P035,Remote Control Car,TOYS,Vehicles,1,48.02,0.05,45.62,26.59,19.03,Credit Card,Mobile,Website,Delivered,4
ORD001423,2024-11-29,C01013,Henry Lewis,henry.lewis1013@example.com,Australia,Victoria,P031,Novel Set,BOOKS,Fiction,2,40.73,0.05,77.39,41.63,35.76,Debit Card,Mobile,Mobile App,Delivered,4
ORD001424,2026-06-02,C01146,Harper Garcia,harper.garcia1146@example.com,Uae,Sharjah,P008,Webcam HD,ELECTRONICS,Computers,1,65.75,0,65.75,39.82,25.93,Debit Card,Mobile,Website,Delivered,5
ORD001425,2025-07-03,C00113,Leo Hall,leo.hall113@example.com,Germany,Bavaria,P010,Casual Sneakers,FASHION,Footwear,2,56.04,0.05,106.48,62.19,44.29,Credit Card,Desktop,Website,Delivered,4
ORD001426,2025-05-16,C01430,James Anderson,james.anderson1430@example.com,Usa,New York,P019,Knife Set,HOME & KITCHEN,Cookware,3,61.11,0.05,174.16,106.16,68,Credit Card,Tablet,Mobile App,Delivered,5
ORD001427,2026-05-14,C01153,Harper Williams,harper.williams1153@example.com,India,Tamil Nadu,P019,Knife Set,HOME & KITCHEN,Cookware,6,58.7,0.25,264.15,192.77,71.38,Debit Card,Mobile,Website,Delivered,4
ORD001428,2025-12-15,C00595,Leo Clark,leo.clark595@example.com,Uk,England,P018,Non-stick Pan,HOME & KITCHEN,Cookware,1,37.99,0.1,34.19,19.84,14.35,Credit Card,Mobile,Mobile App,Delivered,5
ORD001429,2024-02-29,C00970,Ava Johnson,ava.johnson970@example.com,Uk,England,P008,Webcam HD,ELECTRONICS,Computers,2,60.74,0,121.48,74.13,47.35,Paypal,Mobile,Marketplace,Delivered,4
ORD001430,2024-10-21,C01415,Owen Anderson,owen.anderson1415@example.com,Australia,Queensland,P011,Denim Jacket,FASHION,Outerwear,1,74.22,0,74.22,42.21,32.01,Debit Card,Tablet,Social Commerce,Cancelled,0
ORD001431,2026-04-04,C01636,Leo Garcia,leo.garcia1636@example.com,France,Provence,P034,Building Blocks,TOYS,Educational,3,34.66,0.2,83.18,52.1,31.08,Cash On Delivery,Mobile,Social Commerce,Delivered,4
ORD001432,2024-09-17,C01489,Nora Johnson,nora.johnson1489@example.com,France,Normandy,P001,Wireless Headphones,ELECTRONICS,Audio,1,86.62,0.05,82.29,53.29,29,Paypal,Mobile,Social Commerce,Delivered,3
ORD001433,2024-04-27,C00960,Olivia Garcia,olivia.garcia960@example.com,Uk,England,P010,Casual Sneakers,FASHION,Footwear,1,50.96,0,50.96,27.51,23.45,Credit Card,Desktop,Marketplace,Delivered,3
ORD001434,2024-07-02,C01360,Mason Patel,mason.patel1360@example.com,France,Ile-de-France,P006,Mechanical Keyboard,ELECTRONICS,Computers,1,86.58,0,86.58,56.21,30.37,Bank Transfer,Mobile,Social Commerce,Delivered,5
ORD001435,2025-12-29,C01376,Aarav Garcia,aarav.garcia1376@example.com,France,Occitanie,P019,Knife Set,HOME & KITCHEN,Cookware,2,61.17,0.15,103.99,67.6,36.39,Paypal,Tablet,Marketplace,Delivered,3
ORD001436,2024-01-11,C00126,Leo Garcia,leo.garcia126@example.com,Uae,Abu Dhabi,P030,Perfume,BEAUTY,Fragrance,1,72.83,0.05,69.19,38.79,30.4,Bank Transfer,Desktop,Marketplace,Delivered,2
ORD001437,2024-11-13,C00154,Leo Moore,leo.moore154@example.com,Usa,Illinois,P032,Data Analytics Book,BOOKS,Education,2,46.52,0,93.04,42.4,50.64,Credit Card,Desktop,Mobile App,Delivered,4
ORD001438,2026-04-24,C00868,Isabella Walker,isabella.walker868@example.com,Germany,Bavaria,P032,Data Analytics Book,BOOKS,Education,4,49.67,0.1,178.81,96.06,82.75,Paypal,Mobile,Mobile App,Processing,0
ORD001439,2026-03-13,C01481,Adam Smith,adam.smith1481@example.com,India,Gujarat,P017,Air Fryer,HOME & KITCHEN,Appliances,1,132.94,0.2,106.35,87.41,18.94,Credit Card,Tablet,Marketplace,Cancelled,0
ORD001440,2024-01-19,C01173,Layla Brown,layla.brown1173@example.com,Canada,Ontario,P018,Non-stick Pan,HOME & KITCHEN,Cookware,1,32.75,0,32.75,16.37,16.38,Credit Card,Desktop,Mobile App,Shipped,0
ORD001441,2024-09-26,C00526,Henry Garcia,henry.garcia526@example.com,Canada,Quebec,P018,Non-stick Pan,HOME & KITCHEN,Cookware,2,36.64,0.2,58.62,38.52,20.1,Credit Card,Mobile,Mobile App,Returned,3
ORD001442,2024-05-28,C00335,Noah Young,noah.young335@example.com,India,Delhi,P010,Casual Sneakers,FASHION,Footwear,6,50.84,0.1,274.54,164.41,110.13,Debit Card,Desktop,Mobile App,Shipped,0
ORD001443,2024-06-29,C00957,Liam Smith,liam.smith957@example.com,Australia,Victoria,P013,Hoodie,FASHION,Apparel,3,48.22,0,144.66,72.08,72.58,Debit Card,Tablet,Website,Delivered,4
ORD001444,2024-06-09,C01532,Chloe Wright,chloe.wright1532@example.com,Uk,Wales,P028,Moisturizer,BEAUTY,Skin Care,6,27.36,0.25,123.12,63.85,59.27,Bank Transfer,Desktop,Mobile App,Delivered,5
ORD001445,2025-12-14,C01331,Isabella Williams,isabella.williams1331@example.com,France,Ile-de-France,P033,Cookbook,BOOKS,Lifestyle,1,32.16,0.1,28.94,15.16,13.78,Paypal,Desktop,Website,Delivered,5
ORD001446,2025-08-10,C00558,Sophia Wright,sophia.wright558@example.com,Uae,Abu Dhabi,P006,Mechanical Keyboard,ELECTRONICS,Computers,1,91.18,0.05,86.62,58.02,28.6,Paypal,Mobile,Mobile App,Cancelled,0
ORD001447,2024-02-05,C01202,Isabella Thomas,isabella.thomas1202@example.com,Uae,Abu Dhabi,P016,Coffee Maker,HOME & KITCHEN,Appliances,1,95.84,0.2,76.67,57.5,19.17,Debit Card,Mobile,Website,Delivered,4
ORD001448,2025-09-07,C01315,Nora Wright,nora.wright1315@example.com,Uae,Dubai,P021,Desk Lamp,HOME & KITCHEN,Lighting,2,36.94,0,73.88,37.35,36.53,Debit Card,Tablet,Marketplace,Delivered,3
ORD001449,2025-03-21,C01446,Mia Lee,mia.lee1446@example.com,India,Gujarat,P014,Leather Wallet,FASHION,Accessories,5,28.93,0.1,130.19,69.64,60.55,Paypal,Desktop,Marketplace,Delivered,5
ORD001450,2025-07-11,C01575,Aarav Brown,aarav.brown1575@example.com,Uae,Sharjah,P020,Storage Boxes,HOME & KITCHEN,Storage,1,30.83,0,30.83,14.99,15.84,Credit Card,Desktop,Website,Shipped,0
ORD001451,2024-06-30,C01678,Ava Wright,ava.wright1678@example.com,Australia,New South Wales,P036,Puzzle 1000pc,TOYS,Games,1,21.75,0.25,16.31,9.57,6.74,Debit Card,Tablet,Mobile App,Delivered,5
ORD001452,2025-03-19,C00523,Mason Walker,mason.walker523@example.com,Usa,California,P035,Remote Control Car,TOYS,Vehicles,4,48.89,0,195.56,109.35,86.21,Credit Card,Tablet,Website,Delivered,4
ORD001453,2024-11-16,C01393,Aarav Williams,aarav.williams1393@example.com,Australia,Victoria,P028,Moisturizer,BEAUTY,Skin Care,5,26.68,0.15,113.39,55.18,58.21,Credit Card,Desktop,Social Commerce,Delivered,5
ORD001454,2024-11-04,C01337,Sophia Lee,sophia.lee1337@example.com,Uae,Dubai,P024,Football,SPORTS,Outdoor,3,31.64,0.25,71.19,43.91,27.28,Credit Card,Mobile,Website,Shipped,0
ORD001455,2026-03-13,C00289,Amelia Taylor,amelia.taylor289@example.com,Australia,Western Australia,P010,Casual Sneakers,FASHION,Footwear,2,50.78,0,101.56,53.62,47.94,Debit Card,Desktop,Social Commerce,Delivered,5
ORD001456,2026-05-31,C01025,Noah King,noah.king1025@example.com,Canada,British Columbia,P006,Mechanical Keyboard,ELECTRONICS,Computers,2,89.33,0,178.66,109.73,68.93,Credit Card,Desktop,Website,Delivered,3
ORD001457,2026-02-23,C00616,Mason Anderson,mason.anderson616@example.com,Germany,Saxony,P008,Webcam HD,ELECTRONICS,Computers,1,56.92,0.1,51.23,33.59,17.64,Paypal,Tablet,Website,Delivered,5
ORD001458,2024-01-25,C00788,Isabella Patel,isabella.patel788@example.com,Uk,Wales,P014,Leather Wallet,FASHION,Accessories,2,30.03,0.15,51.05,27.3,23.75,Credit Card,Mobile,Social Commerce,Delivered,3
ORD001459,2026-06-05,C00309,Emma Lewis,emma.lewis309@example.com,France,Occitanie,P029,Hair Dryer,BEAUTY,Hair Care,1,53.6,0,53.6,30.56,23.04,Debit Card,Desktop,Website,Delivered,5
ORD001460,2024-08-09,C01397,Emma Moore,emma.moore1397@example.com,France,Ile-de-France,P029,Hair Dryer,BEAUTY,Hair Care,1,50.9,0.2,40.72,28.94,11.78,Credit Card,Mobile,Website,Delivered,4
ORD001461,2026-06-14,C00868,Isabella Walker,isabella.walker868@example.com,India,Gujarat,P033,Cookbook,BOOKS,Lifestyle,1,28.78,0.05,27.34,13.49,13.85,Cash On Delivery,Mobile,Website,Shipped,0
ORD001462,2024-12-30,C01772,Sophia Taylor,sophia.taylor1772@example.com,India,Delhi,P022,Yoga Mat,SPORTS,Fitness,2,24.83,0.1,44.69,23.67,21.02,Cash On Delivery,Desktop,Marketplace,Delivered,2
ORD001463,2024-11-25,C00748,Ethan Smith,ethan.smith748@example.com,Germany,Saxony,P003,Smart Watch,ELECTRONICS,Wearables,2,120.31,0,240.62,166.78,73.84,Credit Card,Mobile,Mobile App,Delivered,5
ORD001464,2024-07-20,C00003,Amelia Williams,amelia.williams3@example.com,France,Ile-de-France,P034,Building Blocks,TOYS,Educational,1,38.25,0.05,36.34,18.87,17.47,Credit Card,Desktop,Mobile App,Delivered,4
ORD001465,2025-10-22,C00786,Nora Thomas,nora.thomas786@example.com,Germany,Hesse,P003,Smart Watch,ELECTRONICS,Wearables,1,120.81,0.05,114.77,80.35,34.42,Cash On Delivery,Mobile,Mobile App,Delivered,5
ORD001466,2026-06-07,C01371,Leo Johnson,leo.johnson1371@example.com,Uk,Wales,P015,Backpack,FASHION,Bags,1,51.49,0,51.49,27.56,23.93,Credit Card,Mobile,Mobile App,Delivered,4
ORD001467,2024-11-17,C00755,Mia Williams,mia.williams755@example.com,France,Occitanie,P024,Football,SPORTS,Outdoor,1,27.98,0,27.98,13.77,14.21,Cash On Delivery,Desktop,Mobile App,Delivered,4
ORD001468,2026-05-24,C01416,Emma Moore,emma.moore1416@example.com,Germany,Hesse,P011,Denim Jacket,FASHION,Outerwear,1,81.47,0.1,73.32,45.92,27.4,Credit Card,Mobile,Website,Delivered,5
ORD001469,2024-06-14,C00506,Lucas Smith,lucas.smith506@example.com,Usa,Illinois,P020,Storage Boxes,HOME & KITCHEN,Storage,4,26.75,0,107,52.8,54.2,Cash On Delivery,Mobile,Mobile App,Delivered,4
ORD001470,2025-11-28,C00798,Jack Wilson,jack.wilson798@example.com,Australia,Victoria,P025,Cycling Helmet,SPORTS,Outdoor,1,65.13,0,65.13,37.43,27.7,Paypal,Desktop,Mobile App,Shipped,0
ORD001471,2024-03-01,C00422,Lucas Taylor,lucas.taylor422@example.com,Canada,Ontario,P025,Cycling Helmet,SPORTS,Outdoor,1,65.27,0.05,62.01,38.25,23.76,Credit Card,Mobile,Marketplace,Cancelled,0
ORD001472,2025-10-24,C00248,Harper Wilson,harper.wilson248@example.com,Canada,Ontario,P029,Hair Dryer,BEAUTY,Hair Care,3,53.62,0.05,152.82,91.55,61.27,Cash On Delivery,Mobile,Mobile App,Delivered,4
ORD001473,2024-09-07,C01207,Liam Thomas,liam.thomas1207@example.com,France,Provence,P008,Webcam HD,ELECTRONICS,Computers,2,58.41,0,116.82,71.49,45.33,Cash On Delivery,Mobile,Marketplace,Delivered,4
ORD001474,2024-02-09,C00789,Ethan Johnson,ethan.johnson789@example.com,Usa,California,P005,Laptop Stand,ELECTRONICS,Accessories,1,43.84,0,43.84,23.07,20.77,Credit Card,Mobile,Marketplace,Delivered,3
ORD001475,2026-05-08,C01132,Aarav Johnson,aarav.johnson1132@example.com,Australia,Victoria,P021,Desk Lamp,HOME & KITCHEN,Lighting,1,35.5,0,35.5,17.86,17.64,Bank Transfer,Mobile,Marketplace,Delivered,5
ORD001476,2024-01-30,C00275,Nora Smith,nora.smith275@example.com,India,Gujarat,P008,Webcam HD,ELECTRONICS,Computers,2,66.11,0.1,119,80.65,38.35,Paypal,Mobile,Website,Returned,5
ORD001477,2026-01-11,C01169,Leo Moore,leo.moore1169@example.com,Usa,Texas,P033,Cookbook,BOOKS,Lifestyle,3,29,0.05,82.65,40.94,41.71,Credit Card,Tablet,Website,Shipped,0
ORD001478,2024-03-13,C00182,Adam King,adam.king182@example.com,Uk,England,P024,Football,SPORTS,Outdoor,2,30.62,0.1,55.12,29,26.12,Bank Transfer,Desktop,Website,Delivered,3
ORD001479,2025-09-17,C00643,Harper Anderson,harper.anderson643@example.com,Uae,Abu Dhabi,P022,Yoga Mat,SPORTS,Fitness,1,23.81,0,23.81,11.26,12.55,Paypal,Desktop,Mobile App,Delivered,4
ORD001480,2024-01-30,C00173,Owen Walker,owen.walker173@example.com,Uk,Scotland,P019,Knife Set,HOME & KITCHEN,Cookware,3,58.25,0.1,157.28,96.12,61.16,Paypal,Desktop,Social Commerce,Delivered,1
ORD001481,2026-07-24,C00642,Amelia Taylor,amelia.taylor642@example.com,India,Tamil Nadu,P016,Coffee Maker,HOME & KITCHEN,Appliances,1,96.21,0.15,81.78,59.56,22.22,Credit Card,Mobile,Website,Shipped,0
ORD001482,2024-10-27,C00426,Noah Taylor,noah.taylor426@example.com,Uae,Abu Dhabi,P024,Football,SPORTS,Outdoor,2,33.18,0,66.36,32.07,34.29,Debit Card,Mobile,Website,Processing,0
ORD001483,2024-04-29,C01531,Nora Garcia,missing@example.com,India,Delhi,P010,Casual Sneakers,FASHION,Footwear,1,52.1,0.2,41.68,28.97,12.71,Paypal,Mobile,Marketplace,Processing,0
ORD001484,2026-05-07,C00846,Jack Hall,jack.hall846@example.com,Uae,Sharjah,P015,Backpack,FASHION,Bags,2,53.49,0,106.98,58.39,48.59,Bank Transfer,Mobile,Social Commerce,Delivered,4
ORD001485,2026-05-31,C01027,James Moore,james.moore1027@example.com,Canada,Ontario,P015,Backpack,FASHION,Bags,3,52.29,0.05,149.03,81.21,67.82,Cash On Delivery,Desktop,Marketplace,Delivered,5
ORD001486,2024-01-01,C00834,Layla Smith,layla.smith834@example.com,Uae,Sharjah,P012,Cotton T-Shirt,FASHION,Apparel,3,19.4,0,58.2,25.92,32.28,Credit Card,Desktop,Mobile App,Delivered,4
ORD001487,2025-09-29,C01337,Sophia Lee,sophia.lee1337@example.com,Usa,California,P010,Casual Sneakers,FASHION,Footwear,1,50.8,0.1,45.72,28.26,17.46,Credit Card,Desktop,Website,Delivered,5
ORD001488,2025-09-08,C01645,Jack Thomas,jack.thomas1645@example.com,India,Gujarat,P009,Running Shoes,FASHION,Footwear,5,66.95,0.1,301.28,185.76,115.52,Credit Card,Desktop,Website,Cancelled,0
ORD001489,2025-04-16,C01650,Nora Anderson,nora.anderson1650@example.com,Usa,Illinois,P020,Storage Boxes,HOME & KITCHEN,Storage,3,26.15,0,78.45,38.2,40.25,Debit Card,Mobile,Website,Delivered,4
ORD001490,2025-08-02,C01667,Emma Thomas,emma.thomas1667@example.com,Uae,Dubai,P022,Yoga Mat,SPORTS,Fitness,3,27.5,0,82.5,38.56,43.94,Cash On Delivery,Mobile,Mobile App,Shipped,0
ORD001491,2024-12-01,C01444,Harper Young,harper.young1444@example.com,Australia,Western Australia,P024,Football,SPORTS,Outdoor,2,32.4,0.2,51.84,31.56,20.28,Credit Card,Desktop,Mobile App,Delivered,4
ORD001492,2024-04-09,C00598,Henry Walker,henry.walker598@example.com,Germany,Berlin,P003,Smart Watch,ELECTRONICS,Wearables,3,121.91,0.1,329.16,242.13,87.03,Debit Card,Mobile,Mobile App,Delivered,5
ORD001493,2024-08-28,C00481,Noah Johnson,noah.johnson481@example.com,India,Karnataka,P013,Hoodie,FASHION,Apparel,3,43.19,0,129.57,67,62.57,Credit Card,Mobile,Mobile App,Delivered,2
ORD001494,2024-12-28,C00911,Elijah Garcia,elijah.garcia911@example.com,India,Gujarat,P023,Dumbbell Set,SPORTS,Fitness,2,80.61,0.1,145.1,93.54,51.56,Paypal,Mobile,Website,Processing,0
ORD001495,2026-07-29,C01364,Charlotte Wright,charlotte.wright1364@example.com,Germany,Hesse,P023,Dumbbell Set,SPORTS,Fitness,5,76.95,0,384.75,231.68,153.07,Credit Card,Mobile,Website,Delivered,3
ORD001496,2026-02-12,C01780,Mia Young,mia.young1780@example.com,India,Gujarat,P002,Bluetooth Speaker,ELECTRONICS,Audio,2,46.98,0.1,84.56,54.31,30.25,Cash On Delivery,Mobile,Website,Delivered,4
ORD001497,2025-07-05,C01510,Zoe Young,zoe.young1510@example.com,Uae,Sharjah,P032,Data Analytics Book,BOOKS,Education,2,46.39,0.05,88.14,43.05,45.09,Credit Card,Mobile,Social Commerce,Delivered,4
ORD001498,2024-02-20,C00796,Charlotte Wright,charlotte.wright796@example.com,Uk,England,P021,Desk Lamp,HOME & KITCHEN,Lighting,1,34.4,0,34.4,16.73,17.67,Paypal,Mobile,Website,Delivered,4
ORD001499,2025-01-13,C01574,Isabella Wilson,isabella.wilson1574@example.com,Australia,Queensland,P033,Cookbook,BOOKS,Lifestyle,5,30.73,0.05,145.97,73.21,72.76,Debit Card,Desktop,Website,Returned,4
ORD001500,2025-12-13,C01370,Leo Lewis,leo.lewis1370@example.com,Australia,Queensland,P010,Casual Sneakers,FASHION,Footwear,6,55.3,0.1,298.62,172.17,126.45,Debit Card,Mobile,Mobile App,Delivered,3
ORD001501,2024-08-20,C00779,Aria Lee,aria.lee779@example.com,Uae,Dubai,P005,Laptop Stand,ELECTRONICS,Accessories,6,38.57,0.15,196.71,118.49,78.22,Paypal,Mobile,Website,Delivered,3
ORD001502,2026-04-19,C01256,Layla Moore,layla.moore1256@example.com,Uk,Wales,P032,Data Analytics Book,BOOKS,Education,2,42.56,0.1,76.61,39.32,37.29,Debit Card,Mobile,Website,Cancelled,0
ORD001503,2025-07-01,C01522,Lucas Wilson,lucas.wilson1522@example.com,Usa,Texas,P016,Coffee Maker,HOME & KITCHEN,Appliances,1,88,0.1,79.2,52.55,26.65,Paypal,Desktop,Website,Delivered,3
ORD001504,2025-03-19,C01531,Nora Garcia,nora.garcia1531@example.com,India,Maharashtra,P021,Desk Lamp,HOME & KITCHEN,Lighting,3,36.85,0.05,105.02,57.44,47.58,Credit Card,Mobile,Social Commerce,Delivered,4
ORD001505,2025-02-07,C00940,Charlotte Anderson,charlotte.anderson940@example.com,Germany,Bavaria,P028,Moisturizer,BEAUTY,Skin Care,3,25.41,0.05,72.42,30.74,41.68,Debit Card,Tablet,Marketplace,Delivered,2
ORD001506,2025-09-20,C01244,Chloe Johnson,chloe.johnson1244@example.com,Usa,New York,P033,Cookbook,BOOKS,Lifestyle,1,32.74,0,32.74,14.95,17.79,Credit Card,Mobile,Mobile App,Shipped,0
ORD001507,2026-05-18,C00767,Elijah King,elijah.king767@example.com,Canada,Alberta,P030,Perfume,BEAUTY,Fragrance,1,71.65,0.15,60.9,36.44,24.46,Cash On Delivery,Tablet,Website,Delivered,3
ORD001508,2025-03-10,C00629,Emma Young,emma.young629@example.com,Uae,Dubai,P033,Cookbook,BOOKS,Lifestyle,1,31.22,0.1,28.1,14.37,13.73,Paypal,Mobile,Website,Delivered,4
ORD001509,2024-02-06,C00614,Henry Williams,henry.williams614@example.com,France,Occitanie,P012,Cotton T-Shirt,FASHION,Apparel,2,19.47,0,38.94,17.66,21.28,Paypal,Desktop,Marketplace,Shipped,0
ORD001510,2024-10-02,C01742,Isabella Anderson,isabella.anderson1742@example.com,Germany,Bavaria,P035,Remote Control Car,TOYS,Vehicles,1,43.2,0,43.2,23.67,19.53,Debit Card,Tablet,Mobile App,Delivered,4
ORD001511,2025-01-24,C01770,Evelyn Patel,evelyn.patel1770@example.com,France,Occitanie,P004,USB-C Charger,ELECTRONICS,Accessories,4,25.21,0.15,85.71,47.22,38.49,Paypal,Desktop,Website,Delivered,5
ORD001512,2024-04-05,C00237,Charlotte Lee,charlotte.lee237@example.com,Canada,Quebec,P021,Desk Lamp,HOME & KITCHEN,Lighting,1,32.18,0,32.18,16.28,15.9,Credit Card,Desktop,Mobile App,Returned,5
ORD001513,2024-07-07,C00263,Amelia Wright,amelia.wright263@example.com,France,Normandy,P013,Hoodie,FASHION,Apparel,1,43.6,0.25,32.7,20.95,11.75,Debit Card,Mobile,Website,Shipped,0
ORD001514,2024-10-10,C01470,Harper Clark,harper.clark1470@example.com,Australia,New South Wales,P026,Water Bottle,SPORTS,Accessories,1,19.99,0.1,17.99,8.42,9.57,Credit Card,Mobile,Website,Delivered,3
ORD001515,2025-11-18,C01457,James Taylor,james.taylor1457@example.com,France,Ile-de-France,P008,Webcam HD,ELECTRONICS,Computers,2,63.7,0.1,114.66,74.71,39.95,Credit Card,Mobile,Social Commerce,Delivered,4
ORD001516,2025-01-20,C01272,Sophia Smith,sophia.smith1272@example.com,Usa,Florida,P028,Moisturizer,BEAUTY,Skin Care,3,27.4,0,82.2,34.09,48.11,Debit Card,Mobile,Website,Delivered,5
ORD001517,2024-06-05,C01189,Liam Wilson,liam.wilson1189@example.com,Uk,England,P009,Running Shoes,FASHION,Footwear,1,73.21,0.1,65.89,39.08,26.81,Credit Card,Tablet,Website,Delivered,3
ORD001518,2025-05-30,C01448,Evelyn Moore,evelyn.moore1448@example.com,Uae,Dubai,P035,Remote Control Car,TOYS,Vehicles,2,41.94,0.05,79.69,48.17,31.52,Debit Card,Tablet,Mobile App,Shipped,0
ORD001519,2025-03-01,C00945,Elijah Lewis,elijah.lewis945@example.com,Canada,Ontario,P022,Yoga Mat,SPORTS,Fitness,1,24.83,0,24.83,11.26,13.57,Credit Card,Mobile,Website,Delivered,4
ORD001520,2025-01-16,C01391,Olivia Moore,olivia.moore1391@example.com,Usa,California,P004,USB-C Charger,ELECTRONICS,Accessories,4,24.96,0,99.84,48.93,50.91,Credit Card,Mobile,Mobile App,Processing,0
ORD001521,2024-02-16,C01571,Daniel Lee,daniel.lee1571@example.com,Australia,Victoria,P023,Dumbbell Set,SPORTS,Fitness,4,81.26,0.05,308.79,190.4,118.39,Credit Card,Mobile,Website,Delivered,5
ORD001522,2024-09-26,C01776,Liam Smith,liam.smith1776@example.com,Uae,Sharjah,P027,Face Serum,BEAUTY,Skin Care,1,37.55,0.05,35.67,16.2,19.47,Credit Card,Desktop,Mobile App,Delivered,5
ORD001523,2025-06-08,C00564,Grace Hall,grace.hall564@example.com,Germany,Saxony,P003,Smart Watch,ELECTRONICS,Wearables,1,121.7,0,121.7,83.01,38.69,Credit Card,Desktop,Social Commerce,Returned,5
ORD001524,2025-07-07,C00199,Henry Martin,henry.martin199@example.com,Germany,Hesse,P019,Knife Set,HOME & KITCHEN,Cookware,1,60.74,0.1,54.67,33.58,21.09,Paypal,Mobile,Mobile App,Shipped,0
ORD001525,2026-01-26,C01233,Harper Thomas,harper.thomas1233@example.com,Canada,Alberta,P025,Cycling Helmet,SPORTS,Outdoor,2,67.78,0,135.56,77,58.56,Credit Card,Tablet,Website,Delivered,4
ORD001526,2024-12-17,C01328,Ethan Young,ethan.young1328@example.com,Australia,Queensland,P013,Hoodie,FASHION,Apparel,1,42.53,0.05,40.4,20.89,19.51,Paypal,Desktop,Mobile App,Delivered,1
ORD001527,2024-05-21,C01761,Evelyn Walker,evelyn.walker1761@example.com,Uk,Wales,P013,Hoodie,FASHION,Apparel,1,48.08,0.1,43.27,23.99,19.28,Debit Card,Mobile,Marketplace,Returned,4
ORD001528,2025-10-16,C00985,Lucas Wright,lucas.wright985@example.com,Germany,Bavaria,P025,Cycling Helmet,SPORTS,Outdoor,3,65.26,0.1,176.2,110.74,65.46,Debit Card,Desktop,Mobile App,Cancelled,0
ORD001529,2025-06-17,C00248,Harper Wilson,harper.wilson248@example.com,Germany,Saxony,P002,Bluetooth Speaker,ELECTRONICS,Audio,2,49.91,0,99.82,62.08,37.74,Credit Card,Mobile,Mobile App,Delivered,5
ORD001530,2025-08-07,C01289,Elijah Lewis,elijah.lewis1289@example.com,Usa,New York,P027,Face Serum,BEAUTY,Skin Care,1,34.67,0.15,29.47,14.15,15.32,Debit Card,Desktop,Website,Delivered,4
ORD001531,2024-05-01,C00949,Adam Hall,adam.hall949@example.com,France,Occitanie,P015,Backpack,FASHION,Bags,1,48.71,0,48.71,25.85,22.86,Credit Card,Desktop,Marketplace,Delivered,5
ORD001532,2025-02-09,C00896,Jack Hall,jack.hall896@example.com,France,Ile-de-France,P003,Smart Watch,ELECTRONICS,Wearables,2,123.08,0.05,233.85,169.94,63.91,Paypal,Mobile,Mobile App,Delivered,5
ORD001533,2026-01-28,C01128,Jack Young,jack.young1128@example.com,India,Tamil Nadu,P033,Cookbook,BOOKS,Lifestyle,5,28.94,0,144.7,68.45,76.25,Credit Card,Mobile,Mobile App,Delivered,5
ORD001534,2025-01-22,C01446,Mia Lee,mia.lee1446@example.com,India,Maharashtra,P006,Mechanical Keyboard,ELECTRONICS,Computers,3,90.79,0,272.37,169.25,103.12,Paypal,Mobile,Website,Delivered,3
ORD001535,2024-03-23,C00923,Ethan Anderson,ethan.anderson923@example.com,Uk,England,P008,Webcam HD,ELECTRONICS,Computers,1,62.57,0.1,56.31,38.15,18.16,Credit Card,Mobile,Social Commerce,Delivered,2
ORD001536,2025-04-25,C01794,Liam Smith,liam.smith1794@example.com,France,Provence,P029,Hair Dryer,BEAUTY,Hair Care,1,46.51,0.05,44.18,26.15,18.03,Debit Card,Mobile,Website,Shipped,0
ORD001537,2026-03-24,C00052,Lucas Young,lucas.young52@example.com,Usa,Illinois,P036,Puzzle 1000pc,TOYS,Games,1,20.09,0,20.09,8.95,11.14,Credit Card,Mobile,Mobile App,Delivered,4
ORD001538,2025-03-28,C01126,James Lee,james.lee1126@example.com,India,Maharashtra,P023,Dumbbell Set,SPORTS,Fitness,2,77.44,0,154.88,89.92,64.96,Credit Card,Desktop,Mobile App,Delivered,3
ORD001539,2025-08-07,C01417,Jack Lewis,jack.lewis1417@example.com,Uae,Abu Dhabi,P036,Puzzle 1000pc,TOYS,Games,3,20.53,0,61.59,26.31,35.28,Credit Card,Mobile,Marketplace,Delivered,3
ORD001540,2024-09-23,C01088,Noah Garcia,noah.garcia1088@example.com,Uk,Wales,P036,Puzzle 1000pc,TOYS,Games,3,19.15,0.15,48.83,24.37,24.46,Debit Card,Mobile,Marketplace,Delivered,4
ORD001541,2025-02-26,C01035,Leo Taylor,leo.taylor1035@example.com,Australia,New South Wales,P005,Laptop Stand,ELECTRONICS,Accessories,1,39.42,0.15,33.51,20.22,13.29,Bank Transfer,Tablet,Social Commerce,Delivered,5
ORD001542,2024-02-19,C00803,Henry Walker,henry.walker803@example.com,Usa,Florida,P022,Yoga Mat,SPORTS,Fitness,1,25.38,0,25.38,11.92,13.46,Paypal,Mobile,Social Commerce,Delivered,3
ORD001543,2024-08-10,C00803,Henry Walker,henry.walker803@example.com,France,Ile-de-France,P032,Data Analytics Book,BOOKS,Education,1,50.32,0,50.32,24.35,25.97,Cash On Delivery,Desktop,Mobile App,Delivered,4
ORD001544,2025-06-23,C01663,Amelia Martin,amelia.martin1663@example.com,Australia,Queensland,P030,Perfume,BEAUTY,Fragrance,1,65.25,0.1,58.73,33.3,25.43,Paypal,Mobile,Mobile App,Delivered,4
ORD001545,2024-10-22,C01015,Zoe Smith,zoe.smith1015@example.com,Uk,England,P015,Backpack,FASHION,Bags,2,46.84,0.15,79.63,49.94,29.69,Debit Card,Mobile,Website,Delivered,5
ORD001546,2024-08-28,C00067,Mia Patel,mia.patel67@example.com,Australia,Western Australia,P018,Non-stick Pan,HOME & KITCHEN,Cookware,2,36.52,0.15,62.08,36.43,25.65,Debit Card,Mobile,Marketplace,Delivered,5
ORD001547,2025-10-29,C01233,Harper Thomas,harper.thomas1233@example.com,France,Occitanie,P010,Casual Sneakers,FASHION,Footwear,2,56.89,0.05,108.09,59.03,49.06,Debit Card,Mobile,Website,Delivered,5
ORD001548,2025-02-26,C00883,Evelyn Wilson,evelyn.wilson883@example.com,India,Karnataka,P035,Remote Control Car,TOYS,Vehicles,6,48.99,0,293.94,172.37,121.57,Paypal,Desktop,Website,Delivered,4
ORD001549,2024-07-12,C00346,Noah Lewis,noah.lewis346@example.com,Uk,Scotland,P027,Face Serum,BEAUTY,Skin Care,1,32.77,0.1,29.49,14.13,15.36,Credit Card,Mobile,Mobile App,Delivered,3
ORD001550,2025-02-12,C01383,Aria Wright,aria.wright1383@example.com,Usa,New York,P020,Storage Boxes,HOME & KITCHEN,Storage,1,29.73,0.05,28.24,14.79,13.45,Credit Card,Mobile,Social Commerce,Processing,0
ORD001551,2024-06-23,C00796,Charlotte Wright,charlotte.wright796@example.com,Usa,Florida,P003,Smart Watch,ELECTRONICS,Wearables,1,132.83,0.05,126.19,89.25,36.94,Paypal,Desktop,Marketplace,Delivered,5
ORD001552,2025-10-29,C00812,Zoe Brown,zoe.brown812@example.com,Usa,New York,P033,Cookbook,BOOKS,Lifestyle,1,32.53,0.15,27.65,15.05,12.6,Credit Card,Mobile,Website,Delivered,5
ORD001553,2025-05-04,C01163,Nora Anderson,nora.anderson1163@example.com,Usa,Texas,P034,Building Blocks,TOYS,Educational,2,36.49,0.05,69.33,36.28,33.05,Cash On Delivery,Tablet,Website,Delivered,3
ORD001554,2025-08-06,C01657,Noah King,noah.king1657@example.com,Usa,Florida,P029,Hair Dryer,BEAUTY,Hair Care,1,46.74,0,46.74,25.05,21.69,Debit Card,Mobile,Website,Delivered,4
ORD001555,2025-08-20,C00337,Daniel King,daniel.king337@example.com,Canada,Quebec,P034,Building Blocks,TOYS,Educational,3,39.19,0,117.57,56.55,61.02,Credit Card,Mobile,Website,Cancelled,0
ORD001556,2026-05-30,C01425,Mia Martin,mia.martin1425@example.com,Uk,Wales,P003,Smart Watch,ELECTRONICS,Wearables,1,120.87,0.2,96.7,78.23,18.47,Credit Card,Desktop,Mobile App,Delivered,5
ORD001557,2025-11-29,C00587,Noah Wilson,noah.wilson587@example.com,France,Provence,P020,Storage Boxes,HOME & KITCHEN,Storage,3,28.92,0.1,78.08,41.21,36.87,Debit Card,Mobile,Website,Delivered,5
ORD001558,2025-12-22,C00456,James Wright,james.wright456@example.com,Germany,Saxony,P021,Desk Lamp,HOME & KITCHEN,Lighting,1,31.73,0,31.73,16.08,15.65,Paypal,Desktop,Website,Processing,0
ORD001559,2025-03-06,C00066,Noah Garcia,noah.garcia66@example.com,Uk,Scotland,P027,Face Serum,BEAUTY,Skin Care,1,33.47,0,33.47,14.18,19.29,Credit Card,Mobile,Social Commerce,Cancelled,0
ORD001560,2025-06-30,C01511,Adam Smith,adam.smith1511@example.com,Usa,Florida,P007,Wireless Mouse,ELECTRONICS,Computers,2,39.03,0.15,66.35,38.42,27.93,Debit Card,Mobile,Website,Shipped,0
ORD001561,2024-09-26,C01246,Ethan Thomas,ethan.thomas1246@example.com,Usa,Florida,P014,Leather Wallet,FASHION,Accessories,1,31.98,0,31.98,15.35,16.63,Bank Transfer,Tablet,Mobile App,Shipped,0
ORD001562,2024-12-29,C00693,Daniel Martin,daniel.martin693@example.com,France,Provence,P014,Leather Wallet,FASHION,Accessories,3,29.35,0,88.05,41.41,46.64,Credit Card,Mobile,Website,Delivered,4
ORD001563,2024-12-13,C00733,Ava King,ava.king733@example.com,France,Normandy,P024,Football,SPORTS,Outdoor,2,28.54,0.05,54.23,28.24,25.99,Credit Card,Desktop,Website,Delivered,3
ORD001565,2025-09-14,C00202,Jack Wright,jack.wright202@example.com,Uk,Scotland,P009,Running Shoes,FASHION,Footwear,3,76.66,0.05,218.48,122.89,95.59,Credit Card,Mobile,Mobile App,Delivered,4
ORD001566,2026-06-29,C01460,Olivia Lewis,olivia.lewis1460@example.com,Germany,Hesse,P023,Dumbbell Set,SPORTS,Fitness,1,74.81,0.05,71.07,44.71,26.36,Credit Card,Desktop,Mobile App,Delivered,5
ORD001567,2024-11-08,C01551,Evelyn Walker,evelyn.walker1551@example.com,Uk,England,P005,Laptop Stand,ELECTRONICS,Accessories,1,44.46,0.2,35.57,22.65,12.92,Paypal,Mobile,Mobile App,Delivered,4
ORD001568,2026-06-18,C01003,Henry Williams,henry.williams1003@example.com,France,Ile-de-France,P009,Running Shoes,FASHION,Footwear,4,69.81,0.2,223.39,152.63,70.76,Debit Card,Tablet,Website,Shipped,0
ORD001569,2025-01-03,C01259,Isabella Taylor,isabella.taylor1259@example.com,Germany,Bavaria,P023,Dumbbell Set,SPORTS,Fitness,2,78.29,0,156.58,91.63,64.95,Paypal,Desktop,Website,Delivered,4
ORD001570,2024-12-01,C00335,Noah Young,noah.young335@example.com,Usa,California,P011,Denim Jacket,FASHION,Outerwear,2,78.93,0.1,142.07,92.07,50,Credit Card,Mobile,Website,Delivered,5
ORD001571,2024-01-29,C01404,Adam King,adam.king1404@example.com,Uk,Wales,P023,Dumbbell Set,SPORTS,Fitness,4,85.94,0,343.76,195.06,148.7,Cash On Delivery,Desktop,Mobile App,Delivered,3
ORD001572,2026-03-06,C01173,Layla Brown,layla.brown1173@example.com,Uae,Abu Dhabi,P016,Coffee Maker,HOME & KITCHEN,Appliances,1,85.79,0.1,77.21,51.25,25.96,Cash On Delivery,Mobile,Website,Delivered,4
ORD001573,2025-06-06,C00817,Grace Young,grace.young817@example.com,India,Gujarat,P011,Denim Jacket,FASHION,Outerwear,2,75.64,0.05,143.72,85.36,58.36,Credit Card,Mobile,Website,Delivered,5
ORD001574,2026-03-18,C00013,Lucas Garcia,lucas.garcia13@example.com,Uk,England,P019,Knife Set,HOME & KITCHEN,Cookware,6,64.21,0.2,308.21,223.5,84.71,Credit Card,Desktop,Website,Delivered,4
ORD001575,2024-06-23,C01733,Nora Walker,nora.walker1733@example.com,Australia,Queensland,P020,Storage Boxes,HOME & KITCHEN,Storage,5,30.76,0.1,138.42,75.8,62.62,Paypal,Mobile,Social Commerce,Delivered,3
ORD001576,2024-05-11,C01696,Liam Anderson,missing@example.com,France,Occitanie,P003,Smart Watch,ELECTRONICS,Wearables,1,141.54,0,141.54,93.24,48.3,Paypal,Mobile,Mobile App,Delivered,5
ORD001577,2025-12-16,C01231,Emma Patel,emma.patel1231@example.com,Australia,New South Wales,P014,Leather Wallet,FASHION,Accessories,3,32.28,0.1,87.16,46.49,40.67,Paypal,Desktop,Website,Delivered,5
ORD001578,2025-07-25,C00401,Layla Brown,layla.brown401@example.com,Usa,California,P003,Smart Watch,ELECTRONICS,Wearables,1,120.49,0,120.49,83.26,37.23,Paypal,Mobile,Marketplace,Delivered,3
ORD001579,2025-12-07,C01101,Owen Thomas,owen.thomas1101@example.com,Usa,Texas,P021,Desk Lamp,HOME & KITCHEN,Lighting,1,35.08,0.1,31.57,17.27,14.3,Debit Card,Desktop,Marketplace,Delivered,1
ORD001580,2026-04-07,C00092,Layla Wright,layla.wright92@example.com,Uk,Wales,P003,Smart Watch,ELECTRONICS,Wearables,2,125.28,0.05,238.03,167.57,70.46,Credit Card,Mobile,Marketplace,Delivered,3
ORD001581,2025-06-24,C00959,Olivia Lee,olivia.lee959@example.com,Uae,Abu Dhabi,P014,Leather Wallet,FASHION,Accessories,5,31.03,0.2,124.12,75.81,48.31,Credit Card,Mobile,Marketplace,Delivered,3
ORD001582,2024-05-31,C00376,Owen Hall,owen.hall376@example.com,Usa,Florida,P016,Coffee Maker,HOME & KITCHEN,Appliances,3,98.16,0.15,250.31,178.45,71.86,Paypal,Mobile,Website,Delivered,1
ORD001583,2024-07-26,C01150,Henry Wright,henry.wright1150@example.com,Australia,Victoria,P009,Running Shoes,FASHION,Footwear,1,77.06,0,77.06,40.76,36.3,Credit Card,Tablet,Website,Delivered,5
ORD001584,2024-11-21,C00850,Lucas Smith,lucas.smith850@example.com,Uae,Dubai,P009,Running Shoes,FASHION,Footwear,3,77.97,0.1,210.52,125.3,85.22,Credit Card,Desktop,Mobile App,Processing,0
ORD001585,2026-01-08,C01587,Aarav Johnson,aarav.johnson1587@example.com,France,Ile-de-France,P010,Casual Sneakers,FASHION,Footwear,1,53.78,0.15,45.71,28.64,17.07,Paypal,Mobile,Mobile App,Delivered,1
ORD001586,2025-09-08,C01460,Olivia Lewis,olivia.lewis1460@example.com,Australia,Victoria,P015,Backpack,FASHION,Bags,1,50.04,0,50.04,25.68,24.36,Cash On Delivery,Mobile,Mobile App,Cancelled,0
ORD001587,2026-04-10,C00361,Adam Thomas,adam.thomas361@example.com,Usa,New York,P006,Mechanical Keyboard,ELECTRONICS,Computers,1,84.84,0.1,76.36,51.94,24.42,Debit Card,Mobile,Mobile App,Delivered,4
ORD001589,2025-04-08,C01211,Chloe Thomas,chloe.thomas1211@example.com,India,Tamil Nadu,P033,Cookbook,BOOKS,Lifestyle,2,28.53,0.05,54.21,26.55,27.66,Bank Transfer,Desktop,Mobile App,Shipped,0
ORD001590,2025-03-14,C01648,Leo Clark,leo.clark1648@example.com,Uae,Abu Dhabi,P024,Football,SPORTS,Outdoor,4,27.65,0,110.6,55.14,55.46,Credit Card,Desktop,Mobile App,Delivered,2
ORD001591,2026-03-31,C00802,James Garcia,james.garcia802@example.com,Usa,Texas,P018,Non-stick Pan,HOME & KITCHEN,Cookware,2,37.54,0,75.08,38.77,36.31,Paypal,Mobile,Marketplace,Returned,4
ORD001592,2025-05-29,C01161,Zoe King,zoe.king1161@example.com,Uk,Wales,P015,Backpack,FASHION,Bags,2,55.47,0,110.94,58.12,52.82,Credit Card,Mobile,Website,Delivered,4
ORD001593,2024-04-06,C00232,Ava Clark,ava.clark232@example.com,Usa,California,P020,Storage Boxes,HOME & KITCHEN,Storage,3,26.82,0,80.46,39.34,41.12,Paypal,Mobile,Website,Delivered,4
ORD001594,2024-07-04,C01229,Noah King,noah.king1229@example.com,Australia,New South Wales,P014,Leather Wallet,FASHION,Accessories,3,33.04,0.2,79.3,46.99,32.31,Debit Card,Mobile,Marketplace,Shipped,0
ORD001595,2026-06-10,C01593,Harper Brown,harper.brown1593@example.com,Germany,Bavaria,P006,Mechanical Keyboard,ELECTRONICS,Computers,5,97.52,0.05,463.22,308.83,154.39,Credit Card,Desktop,Mobile App,Shipped,0
ORD001596,2025-11-25,C00738,Layla Garcia,layla.garcia738@example.com,Germany,Saxony,P022,Yoga Mat,SPORTS,Fitness,3,23.32,0,69.96,32.31,37.65,Debit Card,Tablet,Website,Delivered,5
ORD001597,2025-08-27,C01749,Ava Williams,ava.williams1749@example.com,Uae,Sharjah,P036,Puzzle 1000pc,TOYS,Games,1,21.94,0.1,19.75,9.76,9.99,Credit Card,Mobile,Website,Delivered,5
ORD001598,2025-07-02,C00038,Mason Moore,mason.moore38@example.com,France,Normandy,P029,Hair Dryer,BEAUTY,Hair Care,1,48.24,0,48.24,25.55,22.69,Cash On Delivery,Mobile,Website,Delivered,1
ORD001599,2024-03-15,C01055,Ava Lewis,ava.lewis1055@example.com,France,Provence,P014,Leather Wallet,FASHION,Accessories,1,30.17,0.05,28.66,14.3,14.36,Bank Transfer,Desktop,Website,Delivered,5
ORD001600,2025-05-09,C00154,Leo Moore,leo.moore154@example.com,Germany,Bavaria,P002,Bluetooth Speaker,ELECTRONICS,Audio,4,48.93,0.05,185.93,114.56,71.37,Credit Card,Desktop,Mobile App,Delivered,3
ORD001601,2024-10-16,C00482,Mason Clark,mason.clark482@example.com,Australia,Victoria,P032,Data Analytics Book,BOOKS,Education,4,46.95,0.1,169.02,91.2,77.82,Credit Card,Desktop,Mobile App,Delivered,4
ORD001602,2025-04-20,C01399,Zoe Johnson,zoe.johnson1399@example.com,Uk,Scotland,P009,Running Shoes,FASHION,Footwear,1,73.03,0,73.03,38.96,34.07,Debit Card,Tablet,Website,Shipped,0
ORD001603,2026-06-13,C00199,Henry Martin,henry.martin199@example.com,India,Maharashtra,P021,Desk Lamp,HOME & KITCHEN,Lighting,1,34.98,0,34.98,16.81,18.17,Cash On Delivery,Mobile,Website,Cancelled,0
ORD001604,2026-04-24,C01695,Nora Smith,nora.smith1695@example.com,Usa,New York,P027,Face Serum,BEAUTY,Skin Care,1,37.24,0.15,31.65,15.57,16.08,Cash On Delivery,Tablet,Website,Processing,0
ORD001605,2026-07-21,C00281,Ethan Clark,ethan.clark281@example.com,Canada,Quebec,P015,Backpack,FASHION,Bags,1,46.87,0,46.87,24.64,22.23,Credit Card,Mobile,Website,Delivered,5
ORD001606,2025-03-25,C01246,Ethan Thomas,ethan.thomas1246@example.com,Canada,Ontario,P030,Perfume,BEAUTY,Fragrance,3,76.65,0.1,206.96,118.39,88.57,Debit Card,Desktop,Marketplace,Shipped,0
ORD001607,2025-09-27,C01474,Ethan Wright,ethan.wright1474@example.com,Uk,Wales,P023,Dumbbell Set,SPORTS,Fitness,1,74.8,0.15,63.58,43.7,19.88,Paypal,Tablet,Mobile App,Delivered,5
ORD001608,2025-03-30,C00766,Chloe Taylor,chloe.taylor766@example.com,Uk,England,P017,Air Fryer,HOME & KITCHEN,Appliances,5,111.18,0.05,528.11,359.98,168.13,Credit Card,Mobile,Mobile App,Delivered,4
ORD001609,2026-05-06,C00935,Leo Brown,leo.brown935@example.com,Australia,Queensland,P008,Webcam HD,ELECTRONICS,Computers,4,59.75,0,239,145.61,93.39,Debit Card,Desktop,Marketplace,Shipped,0
ORD001610,2024-07-22,C00596,Emma Wright,emma.wright596@example.com,France,Provence,P024,Football,SPORTS,Outdoor,3,28.9,0.1,78.03,43.14,34.89,Credit Card,Mobile,Marketplace,Delivered,5
ORD001611,2025-05-21,C00199,Henry Martin,henry.martin199@example.com,Germany,Saxony,P002,Bluetooth Speaker,ELECTRONICS,Audio,1,51.56,0,51.56,31.7,19.86,Paypal,Mobile,Website,Delivered,4
ORD001612,2024-01-23,C00700,Aria Thomas,aria.thomas700@example.com,India,Gujarat,P021,Desk Lamp,HOME & KITCHEN,Lighting,1,35.8,0,35.8,17.97,17.83,Credit Card,Desktop,Social Commerce,Delivered,5
ORD001613,2024-02-25,C00575,Ava Thomas,ava.thomas575@example.com,Australia,Western Australia,P008,Webcam HD,ELECTRONICS,Computers,1,61.54,0.05,58.46,36.34,22.12,Debit Card,Mobile,Marketplace,Delivered,4
ORD001614,2024-08-23,C01206,Isabella Hall,isabella.hall1206@example.com,France,Ile-de-France,P006,Mechanical Keyboard,ELECTRONICS,Computers,6,98.44,0.1,531.58,366.9,164.68,Cash On Delivery,Tablet,Website,Delivered,3
ORD001615,2024-09-09,C01215,Evelyn Moore,evelyn.moore1215@example.com,Usa,Texas,P017,Air Fryer,HOME & KITCHEN,Appliances,2,125.94,0,251.88,165.89,85.99,Bank Transfer,Desktop,Marketplace,Shipped,0
ORD001616,2025-04-21,C01401,Charlotte Smith,charlotte.smith1401@example.com,Germany,Bavaria,P017,Air Fryer,HOME & KITCHEN,Appliances,2,117.51,0.2,188.02,154.71,33.31,Credit Card,Mobile,Website,Delivered,2
ORD001617,2024-01-23,C01218,Sophia Brown,sophia.brown1218@example.com,Uk,Wales,P007,Wireless Mouse,ELECTRONICS,Computers,1,32.29,0.1,29.06,16.55,12.51,Debit Card,Desktop,Website,Delivered,4
ORD001618,2025-01-29,C01209,Ava Moore,ava.moore1209@example.com,Uae,Dubai,P010,Casual Sneakers,FASHION,Footwear,3,57.14,0.15,145.71,91.65,54.06,Cash On Delivery,Tablet,Website,Processing,0
ORD001619,2024-12-25,C01354,Ava Wright,ava.wright1354@example.com,Uk,England,P012,Cotton T-Shirt,FASHION,Apparel,1,21.74,0,21.74,9.66,12.08,Debit Card,Mobile,Website,Delivered,4
ORD001620,2025-02-14,C00357,Henry Thomas,henry.thomas357@example.com,Australia,Victoria,P008,Webcam HD,ELECTRONICS,Computers,1,56.88,0,56.88,33.94,22.94,Debit Card,Mobile,Mobile App,Delivered,5
ORD001621,2025-07-31,C01094,Sophia Lewis,sophia.lewis1094@example.com,Usa,Illinois,P013,Hoodie,FASHION,Apparel,2,48.94,0.15,83.2,50.56,32.64,Paypal,Mobile,Social Commerce,Delivered,4
ORD001622,2025-10-12,C00297,Jack Young,jack.young297@example.com,India,Delhi,P007,Wireless Mouse,ELECTRONICS,Computers,2,37.33,0,74.66,37.9,36.76,Paypal,Desktop,Mobile App,Delivered,4
ORD001623,2025-11-11,C01672,Chloe Williams,chloe.williams1672@example.com,India,Karnataka,P018,Non-stick Pan,HOME & KITCHEN,Cookware,6,32.85,0.2,157.68,99.6,58.08,Credit Card,Tablet,Marketplace,Delivered,3
ORD001624,2026-03-28,C00060,James Lee,james.lee60@example.com,France,Provence,P009,Running Shoes,FASHION,Footwear,1,71.7,0,71.7,38.16,33.54,Debit Card,Mobile,Website,Processing,0
ORD001625,2026-03-24,C00142,Liam Lee,liam.lee142@example.com,France,Ile-de-France,P005,Laptop Stand,ELECTRONICS,Accessories,4,38.58,0.05,146.6,77.38,69.22,Credit Card,Desktop,Social Commerce,Delivered,2
ORD001626,2026-07-20,C00489,Liam Clark,liam.clark489@example.com,Germany,Hesse,P023,Dumbbell Set,SPORTS,Fitness,1,73.69,0,73.69,42.25,31.44,Paypal,Desktop,Mobile App,Delivered,5
ORD001627,2026-03-22,C00816,Evelyn Taylor,evelyn.taylor816@example.com,Uae,Abu Dhabi,P034,Building Blocks,TOYS,Educational,1,36.91,0.15,31.37,18.47,12.9,Credit Card,Mobile,Website,Delivered,5
ORD001628,2024-12-01,C01460,Olivia Lewis,olivia.lewis1460@example.com,Uk,England,P027,Face Serum,BEAUTY,Skin Care,1,38.67,0.1,34.8,16.2,18.6,Debit Card,Desktop,Marketplace,Delivered,3
ORD001629,2024-05-18,C00994,Grace Patel,grace.patel994@example.com,Uk,Scotland,P022,Yoga Mat,SPORTS,Fitness,2,26.3,0,52.6,24,28.6,Cash On Delivery,Desktop,Website,Delivered,5
ORD001630,2025-02-25,C01572,Mason Thomas,mason.thomas1572@example.com,Australia,Queensland,P018,Non-stick Pan,HOME & KITCHEN,Cookware,1,33.69,0.1,30.32,17.76,12.56,Credit Card,Mobile,Mobile App,Delivered,3
ORD001631,2024-10-12,C00927,Jack King,jack.king927@example.com,Canada,Alberta,P023,Dumbbell Set,SPORTS,Fitness,1,84.88,0.05,80.64,48.8,31.84,Debit Card,Desktop,Website,Delivered,4
ORD001632,2025-08-21,C01067,Leo Anderson,leo.anderson1067@example.com,Uk,England,P035,Remote Control Car,TOYS,Vehicles,4,45.28,0,181.12,101.19,79.93,Credit Card,Mobile,Mobile App,Delivered,5
ORD001633,2024-03-24,C01397,Emma Moore,emma.moore1397@example.com,Canada,British Columbia,P004,USB-C Charger,ELECTRONICS,Accessories,2,27.56,0.15,46.85,25.98,20.87,Credit Card,Mobile,Mobile App,Shipped,0
ORD001634,2024-04-04,C01709,James Patel,james.patel1709@example.com,Uae,Abu Dhabi,P035,Remote Control Car,TOYS,Vehicles,1,45.21,0,45.21,24.97,20.24,Cash On Delivery,Desktop,Website,Delivered,4
ORD001635,2025-07-05,C01033,Leo Smith,leo.smith1033@example.com,Usa,California,P036,Puzzle 1000pc,TOYS,Games,2,18.87,0.05,35.85,16.24,19.61,Debit Card,Mobile,Website,Returned,4
ORD001636,2024-03-13,C00751,James Patel,james.patel751@example.com,Australia,New South Wales,P014,Leather Wallet,FASHION,Accessories,3,33.28,0.1,89.86,47.09,42.77,Credit Card,Mobile,Website,Delivered,5
ORD001637,2024-01-01,C01158,Lucas Clark,lucas.clark1158@example.com,Australia,New South Wales,P014,Leather Wallet,FASHION,Accessories,1,29.89,0.1,26.9,14.1,12.8,Debit Card,Mobile,Social Commerce,Returned,3
ORD001638,2024-11-04,C00919,Evelyn Moore,evelyn.moore919@example.com,Uae,Sharjah,P023,Dumbbell Set,SPORTS,Fitness,1,82.9,0.05,78.75,47.53,31.22,Debit Card,Desktop,Marketplace,Delivered,5
ORD001639,2025-02-22,C00288,Chloe Wilson,chloe.wilson288@example.com,Usa,Illinois,P022,Yoga Mat,SPORTS,Fitness,1,24.84,0.05,23.6,11.22,12.38,Credit Card,Mobile,Website,Processing,0
ORD001640,2024-03-09,C00667,James Williams,james.williams667@example.com,Germany,Hesse,P010,Casual Sneakers,FASHION,Footwear,1,52.43,0,52.43,27.34,25.09,Paypal,Mobile,Website,Delivered,1
ORD001641,2025-12-08,C00484,Grace Lewis,grace.lewis484@example.com,India,Maharashtra,P035,Remote Control Car,TOYS,Vehicles,5,42.61,0.05,202.4,119.54,82.86,Credit Card,Mobile,Website,Delivered,2
ORD001642,2024-05-19,C00409,Ethan Young,ethan.young409@example.com,India,Maharashtra,P005,Laptop Stand,ELECTRONICS,Accessories,2,44.66,0.1,80.39,45.91,34.48,Debit Card,Mobile,Social Commerce,Shipped,0
ORD001643,2024-06-06,C01199,Zoe Young,zoe.young1199@example.com,Australia,Western Australia,P012,Cotton T-Shirt,FASHION,Apparel,1,21.67,0.25,16.25,9.49,6.76,Credit Card,Tablet,Mobile App,Delivered,2
ORD001644,2025-08-27,C01180,Ava Brown,ava.brown1180@example.com,Germany,Saxony,P035,Remote Control Car,TOYS,Vehicles,1,41.73,0,41.73,23.01,18.72,Cash On Delivery,Tablet,Mobile App,Delivered,3
ORD001645,2025-08-27,C01629,Owen Smith,owen.smith1629@example.com,Canada,Quebec,P016,Coffee Maker,HOME & KITCHEN,Appliances,1,96.34,0,96.34,60.58,35.76,Bank Transfer,Mobile,Mobile App,Delivered,4
ORD001646,2024-07-31,C01733,Nora Walker,nora.walker1733@example.com,Usa,Florida,P032,Data Analytics Book,BOOKS,Education,2,44.41,0.15,75.5,42.78,32.72,Credit Card,Mobile,Website,Delivered,5
ORD001647,2024-03-05,C00605,Amelia Walker,amelia.walker605@example.com,Uae,Dubai,P006,Mechanical Keyboard,ELECTRONICS,Computers,1,83.65,0.1,75.29,53.66,21.63,Paypal,Mobile,Marketplace,Delivered,5
ORD001648,2025-07-23,C01285,Noah Smith,noah.smith1285@example.com,Uk,Scotland,P020,Storage Boxes,HOME & KITCHEN,Storage,1,27.2,0.25,20.4,12.85,7.55,Credit Card,Desktop,Mobile App,Delivered,5
ORD001649,2024-06-04,C00079,Isabella Smith,isabella.smith79@example.com,India,Delhi,P031,Novel Set,BOOKS,Fiction,5,39.8,0.05,189.05,97.21,91.84,Credit Card,Mobile,Mobile App,Delivered,5
ORD001650,2024-12-29,C01459,Mia King,mia.king1459@example.com,France,Provence,P013,Hoodie,FASHION,Apparel,3,45.3,0.05,129.1,67.73,61.37,Credit Card,Desktop,Social Commerce,Returned,5
ORD001651,2024-01-08,C00248,Harper Wilson,harper.wilson248@example.com,India,Gujarat,P029,Hair Dryer,BEAUTY,Hair Care,1,49.59,0.15,42.15,27.54,14.61,Paypal,Desktop,Mobile App,Delivered,4
ORD001652,2025-06-16,C00589,Sophia Patel,sophia.patel589@example.com,Uk,Scotland,P019,Knife Set,HOME & KITCHEN,Cookware,1,65.28,0,65.28,36.98,28.3,Debit Card,Desktop,Website,Delivered,1
ORD001653,2026-03-12,C00758,Charlotte Lee,charlotte.lee758@example.com,France,Normandy,P017,Air Fryer,HOME & KITCHEN,Appliances,1,118.75,0.05,112.81,78.84,33.97,Debit Card,Mobile,Mobile App,Delivered,4
ORD001654,2026-02-06,C01681,Nora Garcia,nora.garcia1681@example.com,Uae,Abu Dhabi,P017,Air Fryer,HOME & KITCHEN,Appliances,2,123.51,0.2,197.62,160.68,36.94,Debit Card,Mobile,Mobile App,Delivered,3
ORD001655,2025-04-11,C00493,Owen Taylor,owen.taylor493@example.com,Australia,Queensland,P016,Coffee Maker,HOME & KITCHEN,Appliances,1,86.9,0.1,78.21,54.27,23.94,Debit Card,Mobile,Mobile App,Delivered,4
ORD001656,2026-05-16,C01563,Grace Martin,missing@example.com,Uae,Dubai,P034,Building Blocks,TOYS,Educational,1,37.92,0.1,34.13,18.99,15.14,Paypal,Mobile,Website,Cancelled,0
ORD001657,2025-09-05,C00151,Mia Lewis,mia.lewis151@example.com,Uae,Abu Dhabi,P014,Leather Wallet,FASHION,Accessories,2,30.73,0,61.46,28.84,32.62,Paypal,Desktop,Mobile App,Returned,5
ORD001658,2026-06-19,C01187,Grace Lee,grace.lee1187@example.com,Canada,British Columbia,P018,Non-stick Pan,HOME & KITCHEN,Cookware,1,38.57,0,38.57,19.49,19.08,Credit Card,Desktop,Marketplace,Delivered,5
ORD001659,2024-01-11,C00276,Mia Lee,mia.lee276@example.com,France,Normandy,P033,Cookbook,BOOKS,Lifestyle,2,30.94,0.2,49.5,28.16,21.34,Bank Transfer,Mobile,Website,Returned,3
ORD001661,2025-01-10,C00512,Layla Thomas,layla.thomas512@example.com,Uae,Dubai,P003,Smart Watch,ELECTRONICS,Wearables,2,142.64,0.05,271.02,185.78,85.24,Debit Card,Mobile,Marketplace,Delivered,4
ORD001662,2026-07-25,C00861,Henry Wilson,henry.wilson861@example.com,Germany,Berlin,P030,Perfume,BEAUTY,Fragrance,2,73.45,0,146.9,77.64,69.26,Credit Card,Mobile,Mobile App,Cancelled,0
ORD001663,2024-11-10,C00554,Jack Williams,jack.williams554@example.com,Usa,New York,P033,Cookbook,BOOKS,Lifestyle,4,29.19,0.1,105.08,55.07,50.01,Paypal,Desktop,Website,Returned,5
ORD001664,2025-04-05,C01359,Amelia Williams,amelia.williams1359@example.com,Australia,New South Wales,P031,Novel Set,BOOKS,Fiction,1,38.52,0.1,34.67,19.16,15.51,Paypal,Mobile,Website,Returned,4
ORD001665,2026-03-20,C01744,Evelyn Anderson,evelyn.anderson1744@example.com,Usa,New York,P002,Bluetooth Speaker,ELECTRONICS,Audio,3,53.36,0,160.08,98.01,62.07,Bank Transfer,Mobile,Mobile App,Delivered,4
ORD001666,2025-07-29,C01111,Mason Anderson,mason.anderson1111@example.com,France,Normandy,P020,Storage Boxes,HOME & KITCHEN,Storage,1,29.28,0.05,27.82,14.12,13.7,Credit Card,Mobile,Mobile App,Delivered,5
ORD001667,2025-12-19,C00439,Chloe Moore,chloe.moore439@example.com,Germany,Bavaria,P023,Dumbbell Set,SPORTS,Fitness,4,73.75,0.25,221.25,174.74,46.51,Credit Card,Desktop,Marketplace,Delivered,4
ORD001668,2026-07-09,C01608,Leo Wright,leo.wright1608@example.com,Canada,Quebec,P026,Water Bottle,SPORTS,Accessories,1,19.25,0.15,16.36,8.39,7.97,Paypal,Mobile,Mobile App,Processing,0
ORD001669,2024-09-23,C00801,Henry Young,henry.young801@example.com,France,Occitanie,P009,Running Shoes,FASHION,Footwear,1,74.94,0,74.94,40.57,34.37,Paypal,Desktop,Website,Returned,3
ORD001670,2024-03-23,C00061,Harper Martin,harper.martin61@example.com,Uk,Wales,P028,Moisturizer,BEAUTY,Skin Care,1,27.95,0,27.95,11.5,16.45,Cash On Delivery,Mobile,Mobile App,Delivered,4
ORD001671,2024-03-16,C00074,Charlotte Taylor,charlotte.taylor74@example.com,Uk,England,P030,Perfume,BEAUTY,Fragrance,2,71.38,0.2,114.21,71.6,42.61,Credit Card,Mobile,Website,Delivered,4
ORD001672,2024-01-04,C01413,Sophia Wright,sophia.wright1413@example.com,Germany,Berlin,P031,Novel Set,BOOKS,Fiction,4,37.7,0,150.8,72.91,77.89,Credit Card,Desktop,Website,Delivered,5
ORD001673,2025-05-16,C01177,Jack Wright,jack.wright1177@example.com,Uae,Dubai,P014,Leather Wallet,FASHION,Accessories,1,28.97,0,28.97,14.15,14.82,Credit Card,Mobile,Website,Delivered,4
ORD001674,2024-03-23,C00793,Ava Clark,ava.clark793@example.com,Uae,Abu Dhabi,P019,Knife Set,HOME & KITCHEN,Cookware,1,59.42,0,59.42,33.57,25.85,Credit Card,Desktop,Mobile App,Delivered,4
ORD001675,2025-09-01,C00085,Ethan Garcia,ethan.garcia85@example.com,Germany,Bavaria,P034,Building Blocks,TOYS,Educational,1,34.03,0,34.03,17.48,16.55,Debit Card,Mobile,Website,Delivered,3
ORD001676,2024-01-20,C00050,Zoe Taylor,zoe.taylor50@example.com,Canada,Quebec,P015,Backpack,FASHION,Bags,5,51.01,0,255.05,134.15,120.9,Paypal,Tablet,Social Commerce,Delivered,2
ORD001677,2024-02-01,C01172,James Brown,james.brown1172@example.com,Canada,Alberta,P034,Building Blocks,TOYS,Educational,1,33.71,0.25,25.28,16.85,8.43,Paypal,Mobile,Website,Delivered,5
ORD001678,2026-03-09,C01706,Mason Thomas,mason.thomas1706@example.com,Uk,Scotland,P024,Football,SPORTS,Outdoor,2,27.84,0,55.68,26.81,28.87,Paypal,Mobile,Website,Delivered,5
ORD001679,2024-03-22,C01577,Harper Garcia,harper.garcia1577@example.com,Uae,Abu Dhabi,P011,Denim Jacket,FASHION,Outerwear,3,77.86,0,233.58,131.64,101.94,Paypal,Desktop,Marketplace,Delivered,2
ORD001680,2026-06-05,C00684,James Brown,james.brown684@example.com,Germany,Berlin,P015,Backpack,FASHION,Bags,2,54.49,0.2,87.18,56.67,30.51,Paypal,Desktop,Social Commerce,Returned,5
ORD001681,2024-10-29,C00015,Liam Clark,liam.clark15@example.com,Uk,England,P017,Air Fryer,HOME & KITCHEN,Appliances,1,116.38,0,116.38,77.87,38.51,Debit Card,Desktop,Marketplace,Delivered,3
ORD001682,2024-05-16,C00478,Layla Lee,layla.lee478@example.com,Uae,Sharjah,P031,Novel Set,BOOKS,Fiction,1,37.81,0,37.81,18.5,19.31,Debit Card,Desktop,Mobile App,Cancelled,0
ORD001683,2025-08-13,C01592,Ava King,ava.king1592@example.com,Usa,Florida,P002,Bluetooth Speaker,ELECTRONICS,Audio,6,55.58,0.15,283.46,204.79,78.67,Paypal,Mobile,Website,Delivered,5
ORD001684,2024-01-21,C01437,Zoe Wilson,zoe.wilson1437@example.com,India,Maharashtra,P026,Water Bottle,SPORTS,Accessories,1,18.18,0.25,13.63,7.83,5.8,Cash On Delivery,Mobile,Social Commerce,Delivered,4
ORD001685,2025-08-19,C00598,Henry Walker,henry.walker598@example.com,Uae,Dubai,P008,Webcam HD,ELECTRONICS,Computers,1,56.7,0.25,42.53,35.08,7.45,Credit Card,Mobile,Mobile App,Returned,5
ORD001686,2025-11-30,C00468,Emma Young,emma.young468@example.com,Usa,California,P028,Moisturizer,BEAUTY,Skin Care,1,23.91,0.15,20.32,9.18,11.14,Credit Card,Mobile,Website,Delivered,4
ORD001687,2025-02-25,C00504,Zoe Walker,zoe.walker504@example.com,Usa,Texas,P006,Mechanical Keyboard,ELECTRONICS,Computers,2,90.06,0.2,144.1,112.55,31.55,Debit Card,Mobile,Website,Delivered,5
ORD001688,2026-04-11,C01407,Zoe Walker,zoe.walker1407@example.com,India,Gujarat,P015,Backpack,FASHION,Bags,1,50.68,0.1,45.61,27.05,18.56,Credit Card,Tablet,Mobile App,Delivered,3
ORD001689,2024-08-11,C00701,Olivia King,olivia.king701@example.com,Australia,Queensland,P025,Cycling Helmet,SPORTS,Outdoor,5,67.46,0.15,286.7,197.33,89.37,Credit Card,Desktop,Mobile App,Processing,0
ORD001690,2024-11-04,C01584,Aria Moore,aria.moore1584@example.com,Germany,Berlin,P015,Backpack,FASHION,Bags,2,49.68,0,99.36,51.06,48.3,Debit Card,Desktop,Website,Shipped,0
ORD001691,2025-07-15,C01600,Mason Wright,mason.wright1600@example.com,France,Ile-de-France,P002,Bluetooth Speaker,ELECTRONICS,Audio,1,52,0.05,49.4,32.19,17.21,Debit Card,Mobile,Website,Delivered,3
ORD001692,2025-04-29,C01519,Ava Clark,ava.clark1519@example.com,Uk,Scotland,P024,Football,SPORTS,Outdoor,1,30.38,0,30.38,15.15,15.23,Paypal,Mobile,Marketplace,Delivered,5
ORD001693,2025-08-20,C01156,Mia Moore,mia.moore1156@example.com,Usa,Illinois,P036,Puzzle 1000pc,TOYS,Games,3,20.21,0.15,51.54,25.19,26.35,Credit Card,Mobile,Mobile App,Processing,0
ORD001694,2024-11-29,C01248,Mason King,mason.king1248@example.com,Usa,Florida,P031,Novel Set,BOOKS,Fiction,3,44.24,0,132.72,68.39,64.33,Debit Card,Desktop,Website,Returned,4
ORD001695,2024-07-16,C01227,Zoe King,zoe.king1227@example.com,Usa,New York,P017,Air Fryer,HOME & KITCHEN,Appliances,1,112.34,0.1,101.11,75.23,25.88,Debit Card,Desktop,Website,Delivered,5
ORD001696,2024-06-04,C00833,Charlotte Brown,charlotte.brown833@example.com,Australia,Victoria,P009,Running Shoes,FASHION,Footwear,1,70.5,0.2,56.4,39.99,16.41,Credit Card,Tablet,Marketplace,Delivered,4
ORD001697,2025-09-30,C00913,Sophia Clark,sophia.clark913@example.com,Australia,Victoria,P021,Desk Lamp,HOME & KITCHEN,Lighting,1,30.73,0,30.73,15.83,14.9,Paypal,Tablet,Website,Delivered,5
ORD001698,2024-02-04,C00875,Nora Hall,nora.hall875@example.com,Uae,Sharjah,P007,Wireless Mouse,ELECTRONICS,Computers,2,34.92,0.25,52.38,36.14,16.24,Credit Card,Desktop,Mobile App,Delivered,1
ORD001699,2024-07-09,C01471,Jack Thomas,jack.thomas1471@example.com,Canada,Alberta,P002,Bluetooth Speaker,ELECTRONICS,Audio,3,52.69,0.1,142.26,91.73,50.53,Debit Card,Mobile,Website,Delivered,5
ORD001700,2025-05-28,C01308,Nora King,nora.king1308@example.com,France,Occitanie,P001,Wireless Headphones,ELECTRONICS,Audio,6,76.32,0.05,435.02,283.61,151.41,Paypal,Mobile,Mobile App,Delivered,5
ORD001701,2024-06-22,C00657,Daniel Wilson,daniel.wilson657@example.com,Uk,Wales,P005,Laptop Stand,ELECTRONICS,Accessories,1,40.75,0.1,36.68,21.12,15.56,Debit Card,Mobile,Mobile App,Delivered,3
ORD001702,2025-08-13,C00723,Harper Lee,harper.lee723@example.com,Canada,British Columbia,P027,Face Serum,BEAUTY,Skin Care,1,32.24,0.05,30.63,13.4,17.23,Credit Card,Desktop,Social Commerce,Delivered,5
ORD001703,2024-03-03,C00251,Liam Walker,liam.walker251@example.com,Uae,Sharjah,P012,Cotton T-Shirt,FASHION,Apparel,5,20.27,0.2,81.08,44.74,36.34,Bank Transfer,Mobile,Mobile App,Processing,0
ORD001704,2024-06-17,C00205,Aarav Patel,aarav.patel205@example.com,Uae,Dubai,P001,Wireless Headphones,ELECTRONICS,Audio,3,87.56,0,262.68,169.27,93.41,Credit Card,Desktop,Marketplace,Delivered,5
ORD001705,2024-01-30,C01733,Nora Walker,nora.walker1733@example.com,Usa,California,P003,Smart Watch,ELECTRONICS,Wearables,2,139.98,0,279.96,187.14,92.82,Debit Card,Mobile,Website,Delivered,3
ORD001706,2026-01-13,C00749,Evelyn Martin,evelyn.martin749@example.com,Usa,Florida,P024,Football,SPORTS,Outdoor,4,30.93,0,123.72,59.87,63.85,Debit Card,Desktop,Marketplace,Delivered,4
ORD001707,2025-08-01,C01499,Ethan Lewis,ethan.lewis1499@example.com,Usa,Illinois,P018,Non-stick Pan,HOME & KITCHEN,Cookware,2,37.15,0.15,63.15,37.3,25.85,Credit Card,Mobile,Website,Returned,5
ORD001708,2026-05-28,C00671,Charlotte Wright,charlotte.wright671@example.com,Uae,Dubai,P033,Cookbook,BOOKS,Lifestyle,2,33.13,0.05,62.95,29.86,33.09,Credit Card,Desktop,Mobile App,Delivered,3
ORD001709,2025-11-04,C00621,Charlotte Hall,charlotte.hall621@example.com,Uk,England,P007,Wireless Mouse,ELECTRONICS,Computers,3,34.31,0.15,87.49,52.65,34.84,Paypal,Desktop,Social Commerce,Shipped,0
ORD001710,2024-08-13,C00382,Elijah Garcia,elijah.garcia382@example.com,Uae,Sharjah,P004,USB-C Charger,ELECTRONICS,Accessories,5,24.24,0,121.2,58.26,62.94,Paypal,Desktop,Website,Delivered,4
ORD001711,2025-05-29,C00005,Leo King,leo.king5@example.com,Usa,New York,P010,Casual Sneakers,FASHION,Footwear,3,51.3,0.05,146.2,85.12,61.08,Credit Card,Mobile,Website,Delivered,4
ORD001712,2024-03-20,C01701,Chloe Smith,chloe.smith1701@example.com,Uae,Sharjah,P002,Bluetooth Speaker,ELECTRONICS,Audio,1,48.45,0.05,46.03,28.02,18.01,Credit Card,Mobile,Website,Processing,0
ORD001713,2025-06-14,C01503,Adam Lewis,adam.lewis1503@example.com,Usa,Illinois,P008,Webcam HD,ELECTRONICS,Computers,1,58.89,0.15,50.06,36.28,13.78,Credit Card,Mobile,Mobile App,Processing,0
ORD001714,2025-03-30,C00485,James Moore,james.moore485@example.com,Uk,Wales,P002,Bluetooth Speaker,ELECTRONICS,Audio,2,49.59,0,99.18,57.26,41.92,Bank Transfer,Mobile,Marketplace,Delivered,4
ORD001715,2026-06-06,C00111,Isabella Patel,isabella.patel111@example.com,France,Provence,P015,Backpack,FASHION,Bags,1,54.67,0,54.67,28.45,26.22,Credit Card,Mobile,Website,Delivered,4
ORD001716,2024-03-21,C01134,Nora Moore,nora.moore1134@example.com,Australia,Queensland,P020,Storage Boxes,HOME & KITCHEN,Storage,3,30.34,0.1,81.92,42.95,38.97,Cash On Delivery,Desktop,Website,Delivered,5
ORD001717,2024-05-01,C01687,Isabella Thomas,isabella.thomas1687@example.com,Usa,Texas,P014,Leather Wallet,FASHION,Accessories,1,28.35,0,28.35,13.06,15.29,Paypal,Mobile,Website,Delivered,4
ORD001718,2025-07-02,C00411,Liam Martin,liam.martin411@example.com,Australia,Victoria,P017,Air Fryer,HOME & KITCHEN,Appliances,2,128.42,0.1,231.16,164.94,66.22,Credit Card,Desktop,Website,Delivered,4
ORD001719,2026-01-05,C01583,Leo Wilson,leo.wilson1583@example.com,Usa,Texas,P031,Novel Set,BOOKS,Fiction,4,38.32,0,153.28,74.56,78.72,Debit Card,Mobile,Marketplace,Returned,4
ORD001720,2025-07-05,C00165,Adam Walker,adam.walker165@example.com,India,Tamil Nadu,P033,Cookbook,BOOKS,Lifestyle,1,30.2,0.15,25.67,14.39,11.28,Cash On Delivery,Desktop,Mobile App,Delivered,4
ORD001721,2024-06-15,C00480,Olivia Lee,olivia.lee480@example.com,Uae,Dubai,P030,Perfume,BEAUTY,Fragrance,1,65.43,0,65.43,34.61,30.82,Credit Card,Mobile,Marketplace,Delivered,4
ORD001722,2024-03-08,C00882,Zoe Thomas,zoe.thomas882@example.com,Canada,Quebec,P034,Building Blocks,TOYS,Educational,4,37.31,0.05,141.78,73.4,68.38,Debit Card,Tablet,Mobile App,Delivered,3
ORD001723,2026-07-19,C00910,Layla Lewis,layla.lewis910@example.com,India,Maharashtra,P033,Cookbook,BOOKS,Lifestyle,1,29.71,0.1,26.74,14.01,12.73,Paypal,Desktop,Website,Delivered,2
ORD001724,2025-04-19,C00051,Leo Moore,leo.moore51@example.com,Uae,Abu Dhabi,P030,Perfume,BEAUTY,Fragrance,1,68.61,0,68.61,35.61,33,Bank Transfer,Mobile,Website,Shipped,0
ORD001725,2025-06-21,C01779,Harper Lee,harper.lee1779@example.com,Australia,New South Wales,P026,Water Bottle,SPORTS,Accessories,1,19.41,0.1,17.47,8.17,9.3,Paypal,Desktop,Mobile App,Delivered,4
ORD001726,2025-12-20,C00228,Olivia Lewis,olivia.lewis228@example.com,Australia,Victoria,P030,Perfume,BEAUTY,Fragrance,4,75.39,0.15,256.33,158.29,98.04,Paypal,Mobile,Website,Delivered,5
ORD001727,2025-10-04,C01175,Henry Patel,henry.patel1175@example.com,Australia,New South Wales,P009,Running Shoes,FASHION,Footwear,1,73.88,0.15,62.8,39.72,23.08,Credit Card,Tablet,Mobile App,Delivered,3
ORD001728,2025-06-11,C00242,Daniel King,daniel.king242@example.com,France,Normandy,P036,Puzzle 1000pc,TOYS,Games,3,19.69,0.15,50.21,24.79,25.42,Debit Card,Mobile,Website,Delivered,4
ORD001729,2025-02-03,C01152,Isabella Williams,isabella.williams1152@example.com,Usa,New York,P035,Remote Control Car,TOYS,Vehicles,1,47.41,0.15,40.3,26.25,14.05,Debit Card,Desktop,Website,Delivered,5
ORD001730,2026-03-29,C00361,Adam Thomas,adam.thomas361@example.com,Uk,Scotland,P027,Face Serum,BEAUTY,Skin Care,2,34.52,0,69.04,28.09,40.95,Paypal,Desktop,Website,Shipped,0
ORD001731,2025-10-05,C01723,Lucas Williams,lucas.williams1723@example.com,Usa,Florida,P019,Knife Set,HOME & KITCHEN,Cookware,2,58.05,0.05,110.29,62.75,47.54,Debit Card,Mobile,Marketplace,Delivered,2
ORD001732,2026-01-01,C00836,Adam Wilson,adam.wilson836@example.com,India,Delhi,P034,Building Blocks,TOYS,Educational,1,37.76,0.1,33.98,19.21,14.77,Debit Card,Mobile,Mobile App,Shipped,0
ORD001733,2024-09-02,C01730,Layla Wright,layla.wright1730@example.com,Germany,Saxony,P028,Moisturizer,BEAUTY,Skin Care,1,26.74,0.15,22.73,10.29,12.44,Bank Transfer,Mobile,Mobile App,Shipped,0
ORD001734,2024-03-24,C01496,Adam Brown,adam.brown1496@example.com,France,Occitanie,P009,Running Shoes,FASHION,Footwear,1,68.87,0,68.87,38.41,30.46,Bank Transfer,Mobile,Mobile App,Delivered,2
ORD001735,2024-09-29,C01233,Harper Thomas,harper.thomas1233@example.com,Uae,Sharjah,P004,USB-C Charger,ELECTRONICS,Accessories,1,27.31,0.15,23.21,12.99,10.22,Credit Card,Mobile,Website,Cancelled,0
ORD001736,2025-06-22,C00097,Leo Hall,leo.hall97@example.com,Usa,Texas,P016,Coffee Maker,HOME & KITCHEN,Appliances,1,94.75,0.1,85.28,60.9,24.38,Paypal,Mobile,Marketplace,Delivered,5
ORD001737,2025-04-18,C01024,Emma Young,emma.young1024@example.com,Canada,Alberta,P023,Dumbbell Set,SPORTS,Fitness,1,78.51,0,78.51,45.3,33.21,Credit Card,Mobile,Mobile App,Shipped,0
ORD001738,2024-10-31,C00413,Olivia Taylor,olivia.taylor413@example.com,Uk,Scotland,P011,Denim Jacket,FASHION,Outerwear,1,69.05,0.05,65.6,40.31,25.29,Paypal,Mobile,Website,Delivered,3
ORD001739,2026-06-22,C01347,Noah Walker,noah.walker1347@example.com,Australia,Victoria,P024,Football,SPORTS,Outdoor,5,31.59,0.15,134.26,77.42,56.84,Cash On Delivery,Desktop,Marketplace,Delivered,4
ORD001740,2025-02-09,C00293,Chloe Wright,chloe.wright293@example.com,Canada,Ontario,P018,Non-stick Pan,HOME & KITCHEN,Cookware,2,32.45,0,64.9,31.78,33.12,Credit Card,Mobile,Mobile App,Delivered,4
ORD001741,2025-06-30,C00471,Mason Martin,mason.martin471@example.com,Usa,Florida,P002,Bluetooth Speaker,ELECTRONICS,Audio,1,55.67,0.1,50.1,34.08,16.02,Credit Card,Tablet,Website,Processing,0
ORD001742,2024-08-15,C00200,Amelia Wilson,amelia.wilson200@example.com,Australia,Western Australia,P026,Water Bottle,SPORTS,Accessories,1,19.72,0,19.72,8.79,10.93,Credit Card,Desktop,Website,Delivered,2
ORD001743,2026-07-15,C00157,Leo Anderson,leo.anderson157@example.com,Germany,Berlin,P007,Wireless Mouse,ELECTRONICS,Computers,1,34.12,0.1,30.71,16.44,14.27,Cash On Delivery,Desktop,Mobile App,Delivered,5
ORD001744,2026-03-10,C00130,Ava Brown,ava.brown130@example.com,Canada,Alberta,P029,Hair Dryer,BEAUTY,Hair Care,3,46.25,0.1,124.88,76.74,48.14,Paypal,Mobile,Website,Delivered,4
ORD001745,2026-06-25,C00952,Charlotte Clark,charlotte.clark952@example.com,Usa,Florida,P017,Air Fryer,HOME & KITCHEN,Appliances,1,134.23,0.05,127.52,88.63,38.89,Credit Card,Desktop,Website,Processing,0
ORD001746,2025-07-09,C00726,Sophia Wilson,sophia.wilson726@example.com,France,Ile-de-France,P032,Data Analytics Book,BOOKS,Education,1,45.7,0,45.7,20.87,24.83,Debit Card,Mobile,Mobile App,Delivered,5
ORD001747,2026-07-22,C00508,Noah Walker,noah.walker508@example.com,Canada,Alberta,P030,Perfume,BEAUTY,Fragrance,3,64.44,0.1,173.99,97.61,76.38,Bank Transfer,Desktop,Marketplace,Delivered,3
ORD001748,2024-05-07,C01267,Amelia Moore,amelia.moore1267@example.com,Germany,Berlin,P033,Cookbook,BOOKS,Lifestyle,3,33.32,0.1,89.96,46.71,43.25,Paypal,Mobile,Mobile App,Delivered,5
ORD001749,2024-03-12,C00118,Jack Lewis,jack.lewis118@example.com,France,Ile-de-France,P002,Bluetooth Speaker,ELECTRONICS,Audio,1,51.67,0,51.67,31.24,20.43,Debit Card,Desktop,Website,Delivered,5
ORD001750,2025-06-28,C00251,Liam Walker,liam.walker251@example.com,Germany,Bavaria,P022,Yoga Mat,SPORTS,Fitness,1,25.91,0,25.91,11.93,13.98,Debit Card,Desktop,Marketplace,Delivered,5
ORD001751,2025-12-02,C00800,Isabella Walker,isabella.walker800@example.com,France,Ile-de-France,P022,Yoga Mat,SPORTS,Fitness,3,24.24,0,72.72,33.66,39.06,Cash On Delivery,Desktop,Website,Shipped,0
ORD001752,2025-03-22,C00285,Lucas Garcia,lucas.garcia285@example.com,Usa,Florida,P035,Remote Control Car,TOYS,Vehicles,5,50.15,0,250.75,141.43,109.32,Bank Transfer,Desktop,Mobile App,Delivered,5
ORD001753,2025-07-04,C00055,Aarav Thomas,aarav.thomas55@example.com,Germany,Berlin,P022,Yoga Mat,SPORTS,Fitness,2,25.01,0.15,42.52,23.83,18.69,Credit Card,Tablet,Mobile App,Delivered,3
ORD001754,2025-03-18,C00696,Adam Anderson,adam.anderson696@example.com,Germany,Bavaria,P006,Mechanical Keyboard,ELECTRONICS,Computers,2,84.02,0.05,159.64,104.69,54.95,Paypal,Mobile,Website,Delivered,4
ORD001755,2026-01-23,C00747,Liam Hall,liam.hall747@example.com,France,Normandy,P034,Building Blocks,TOYS,Educational,4,34.07,0.05,129.47,65.67,63.8,Credit Card,Mobile,Mobile App,Delivered,4
ORD001756,2024-10-28,C00233,Nora Hall,nora.hall233@example.com,India,Karnataka,P018,Non-stick Pan,HOME & KITCHEN,Cookware,2,36.85,0.05,70.02,38.52,31.5,Debit Card,Desktop,Website,Delivered,4
ORD001757,2024-08-21,C00812,Zoe Brown,zoe.brown812@example.com,Uk,Wales,P003,Smart Watch,ELECTRONICS,Wearables,4,141.66,0.2,453.31,369.65,83.66,Paypal,Mobile,Website,Delivered,5
ORD001758,2025-07-17,C01179,Ava Johnson,ava.johnson1179@example.com,France,Occitanie,P001,Wireless Headphones,ELECTRONICS,Audio,4,89.11,0.2,285.15,214.9,70.25,Credit Card,Mobile,Website,Delivered,5
ORD001759,2025-08-13,C01218,Sophia Brown,sophia.brown1218@example.com,Germany,Hesse,P026,Water Bottle,SPORTS,Accessories,2,17.62,0.1,31.72,14.81,16.91,Credit Card,Desktop,Marketplace,Delivered,2
ORD001760,2024-09-01,C01386,Liam Wilson,liam.wilson1386@example.com,India,Tamil Nadu,P034,Building Blocks,TOYS,Educational,2,33.93,0.2,54.29,34.45,19.84,Bank Transfer,Desktop,Website,Processing,0
ORD001761,2025-04-06,C01568,James Taylor,james.taylor1568@example.com,Australia,Western Australia,P022,Yoga Mat,SPORTS,Fitness,1,27.74,0.05,26.35,12.42,13.93,Credit Card,Mobile,Mobile App,Delivered,5
ORD001762,2024-02-25,C00144,Jack King,jack.king144@example.com,India,Karnataka,P012,Cotton T-Shirt,FASHION,Apparel,3,21.02,0.2,50.45,29.35,21.1,Credit Card,Mobile,Mobile App,Delivered,5
ORD001763,2025-02-20,C01402,Henry Young,missing@example.com,France,Occitanie,P018,Non-stick Pan,HOME & KITCHEN,Cookware,1,38.33,0.2,30.66,19.82,10.84,Cash On Delivery,Desktop,Marketplace,Processing,0
ORD001764,2025-06-07,C01035,Leo Taylor,leo.taylor1035@example.com,Canada,Ontario,P036,Puzzle 1000pc,TOYS,Games,2,18.87,0.1,33.97,16.82,17.15,Paypal,Mobile,Mobile App,Returned,5
ORD001765,2025-01-31,C01521,Henry Young,henry.young1521@example.com,France,Ile-de-France,P022,Yoga Mat,SPORTS,Fitness,1,23.2,0.1,20.88,10.88,10,Credit Card,Desktop,Website,Delivered,5
ORD001766,2025-12-18,C01535,Liam Clark,missing@example.com,India,Delhi,P005,Laptop Stand,ELECTRONICS,Accessories,1,37.74,0,37.74,20.27,17.47,Cash On Delivery,Mobile,Mobile App,Delivered,4
ORD001767,2025-07-01,C00167,Leo Lee,leo.lee167@example.com,Uae,Dubai,P002,Bluetooth Speaker,ELECTRONICS,Audio,4,47.32,0.15,160.89,111.47,49.42,Paypal,Desktop,Website,Delivered,5
ORD001768,2024-05-06,C01523,Zoe Brown,zoe.brown1523@example.com,Usa,California,P002,Bluetooth Speaker,ELECTRONICS,Audio,3,49.61,0,148.83,86.79,62.04,Debit Card,Mobile,Website,Cancelled,0
ORD001769,2025-02-08,C00090,Leo King,leo.king90@example.com,Usa,Florida,P031,Novel Set,BOOKS,Fiction,2,37.68,0,75.36,39.05,36.31,Cash On Delivery,Mobile,Website,Delivered,5
ORD001770,2024-06-28,C00184,Harper Williams,harper.williams184@example.com,Usa,California,P025,Cycling Helmet,SPORTS,Outdoor,1,62.89,0.2,50.31,37.11,13.2,Credit Card,Mobile,Social Commerce,Delivered,1
ORD001771,2026-07-30,C00933,Daniel Brown,daniel.brown933@example.com,Usa,Florida,P012,Cotton T-Shirt,FASHION,Apparel,2,20.2,0,40.4,18.73,21.67,Cash On Delivery,Desktop,Website,Delivered,5
ORD001772,2025-08-01,C00486,Henry Clark,henry.clark486@example.com,Uae,Abu Dhabi,P032,Data Analytics Book,BOOKS,Education,2,48.62,0,97.24,47.14,50.1,Debit Card,Desktop,Mobile App,Delivered,4
ORD001773,2024-05-26,C00632,Amelia Walker,amelia.walker632@example.com,France,Provence,P022,Yoga Mat,SPORTS,Fitness,1,26.13,0.25,19.6,12.1,7.5,Credit Card,Desktop,Social Commerce,Delivered,4
ORD001774,2024-04-25,C01417,Jack Lewis,jack.lewis1417@example.com,France,Occitanie,P009,Running Shoes,FASHION,Footwear,1,70.42,0.1,63.38,38.91,24.47,Credit Card,Mobile,Marketplace,Delivered,1
ORD001775,2024-01-20,C00939,Zoe Williams,zoe.williams939@example.com,Uk,England,P036,Puzzle 1000pc,TOYS,Games,1,18.59,0.15,15.8,8.3,7.5,Debit Card,Desktop,Website,Returned,3
ORD001776,2025-05-13,C01792,Evelyn Wright,evelyn.wright1792@example.com,Usa,New York,P016,Coffee Maker,HOME & KITCHEN,Appliances,2,88.77,0,177.54,108.89,68.65,Credit Card,Desktop,Mobile App,Shipped,0
ORD001777,2024-03-25,C00125,Nora Martin,nora.martin125@example.com,Germany,Berlin,P035,Remote Control Car,TOYS,Vehicles,2,47.16,0.15,80.17,54.49,25.68,Bank Transfer,Desktop,Website,Delivered,4
ORD001778,2025-01-30,C01403,Emma Brown,emma.brown1403@example.com,Australia,Victoria,P009,Running Shoes,FASHION,Footwear,1,64.55,0.1,58.09,34.18,23.91,Paypal,Mobile,Mobile App,Delivered,4
ORD001779,2024-04-08,C00689,Harper Smith,harper.smith689@example.com,Uk,England,P011,Denim Jacket,FASHION,Outerwear,4,76.1,0,304.4,176.91,127.49,Credit Card,Mobile,Marketplace,Delivered,2
ORD001780,2025-07-06,C00634,Daniel Lee,daniel.lee634@example.com,Uae,Dubai,P022,Yoga Mat,SPORTS,Fitness,1,27.9,0.15,23.71,12.86,10.85,Credit Card,Desktop,Website,Returned,5
ORD001781,2025-10-15,C01601,Zoe Anderson,zoe.anderson1601@example.com,Australia,Western Australia,P019,Knife Set,HOME & KITCHEN,Cookware,1,63.47,0.1,57.12,35.2,21.92,Credit Card,Mobile,Website,Delivered,5
ORD001782,2024-11-16,C00657,Daniel Wilson,daniel.wilson657@example.com,Usa,California,P016,Coffee Maker,HOME & KITCHEN,Appliances,1,88.35,0.25,66.26,55.35,10.91,Credit Card,Mobile,Marketplace,Returned,5
ORD001783,2025-11-13,C01745,Amelia Clark,amelia.clark1745@example.com,France,Provence,P012,Cotton T-Shirt,FASHION,Apparel,1,21.68,0.15,18.43,10.02,8.41,Paypal,Desktop,Social Commerce,Delivered,5
ORD001784,2026-05-11,C00428,Harper Patel,harper.patel428@example.com,Germany,Berlin,P028,Moisturizer,BEAUTY,Skin Care,2,26.85,0.05,51.02,21.43,29.59,Credit Card,Tablet,Mobile App,Delivered,3
ORD001785,2026-03-01,C01614,Aarav Lee,aarav.lee1614@example.com,India,Karnataka,P006,Mechanical Keyboard,ELECTRONICS,Computers,5,98,0.2,392,300.08,91.92,Paypal,Mobile,Website,Delivered,3
ORD001786,2024-01-12,C01096,Evelyn Lewis,evelyn.lewis1096@example.com,Canada,Ontario,P010,Casual Sneakers,FASHION,Footwear,1,52.53,0.1,47.28,28.75,18.53,Paypal,Tablet,Marketplace,Delivered,4
ORD001787,2025-08-09,C00887,Lucas Brown,lucas.brown887@example.com,Australia,Victoria,P004,USB-C Charger,ELECTRONICS,Accessories,5,23.37,0.2,93.48,57.01,36.47,Debit Card,Desktop,Website,Shipped,0
ORD001788,2024-12-06,C01403,Emma Brown,emma.brown1403@example.com,Usa,New York,P023,Dumbbell Set,SPORTS,Fitness,1,75.46,0,75.46,44.16,31.3,Paypal,Mobile,Mobile App,Delivered,3
ORD001789,2024-02-03,C00462,Emma Thomas,emma.thomas462@example.com,Uk,Wales,P029,Hair Dryer,BEAUTY,Hair Care,1,51.02,0.05,48.47,27.57,20.9,Debit Card,Mobile,Website,Shipped,0
ORD001790,2024-12-17,C00610,Mia Martin,mia.martin610@example.com,Usa,Illinois,P030,Perfume,BEAUTY,Fragrance,3,69.69,0.1,188.16,105.87,82.29,Credit Card,Mobile,Mobile App,Delivered,5
ORD001791,2024-05-21,C00471,Mason Martin,mason.martin471@example.com,Germany,Bavaria,P023,Dumbbell Set,SPORTS,Fitness,3,78.66,0,235.98,134.46,101.52,Paypal,Mobile,Marketplace,Delivered,5
ORD001792,2024-06-03,C00740,Isabella Martin,isabella.martin740@example.com,Uk,Wales,P012,Cotton T-Shirt,FASHION,Apparel,1,20.03,0,20.03,8.75,11.28,Credit Card,Desktop,Marketplace,Delivered,5
ORD001793,2025-05-11,C00606,Isabella Williams,isabella.williams606@example.com,Usa,Florida,P029,Hair Dryer,BEAUTY,Hair Care,1,48.23,0.1,43.41,27.03,16.38,Credit Card,Mobile,Mobile App,Delivered,4
ORD001794,2026-05-06,C00753,Sophia Brown,sophia.brown753@example.com,Australia,New South Wales,P012,Cotton T-Shirt,FASHION,Apparel,2,18.51,0.15,31.47,16.04,15.43,Bank Transfer,Mobile,Mobile App,Delivered,5
ORD001795,2025-03-07,C01508,Emma Wright,emma.wright1508@example.com,Uae,Abu Dhabi,P027,Face Serum,BEAUTY,Skin Care,4,33.77,0,135.08,58.6,76.48,Credit Card,Mobile,Marketplace,Delivered,4
ORD001796,2026-01-14,C00825,Charlotte King,charlotte.king825@example.com,Usa,New York,P012,Cotton T-Shirt,FASHION,Apparel,1,21.89,0.1,19.7,10.16,9.54,Credit Card,Desktop,Marketplace,Delivered,5
ORD001797,2024-01-01,C00776,Harper Taylor,harper.taylor776@example.com,Usa,Texas,P023,Dumbbell Set,SPORTS,Fitness,1,76.47,0,76.47,44.6,31.87,Credit Card,Mobile,Website,Delivered,5
ORD001798,2024-06-26,C01725,James Anderson,james.anderson1725@example.com,Canada,Ontario,P031,Novel Set,BOOKS,Fiction,3,39.3,0.05,112,57.62,54.38,Debit Card,Tablet,Mobile App,Delivered,4
ORD001799,2024-06-19,C00348,Mason Anderson,mason.anderson348@example.com,Australia,Victoria,P007,Wireless Mouse,ELECTRONICS,Computers,1,37.66,0.1,33.89,18.1,15.79,Paypal,Desktop,Website,Delivered,5
ORD001800,2025-12-30,C00336,Emma Martin,emma.martin336@example.com,Canada,Alberta,P004,USB-C Charger,ELECTRONICS,Accessories,3,23.2,0.1,62.64,32.82,29.82,Debit Card,Desktop,Social Commerce,Delivered,3
ORD001801,2026-02-20,C01543,Olivia Young,olivia.young1543@example.com,Uk,Scotland,P031,Novel Set,BOOKS,Fiction,3,38.97,0.1,105.22,58.99,46.23,Credit Card,Mobile,Website,Delivered,3
ORD001802,2024-11-17,C00254,Ava Williams,ava.williams254@example.com,Germany,Saxony,P013,Hoodie,FASHION,Apparel,1,41.45,0.05,39.38,20.14,19.24,Paypal,Mobile,Website,Processing,0
ORD001803,2026-04-23,C00646,Zoe Thomas,zoe.thomas646@example.com,India,Delhi,P002,Bluetooth Speaker,ELECTRONICS,Audio,3,51.89,0,155.67,96.15,59.52,Credit Card,Mobile,Social Commerce,Delivered,3
ORD001804,2025-04-30,C01012,Aarav Wright,aarav.wright1012@example.com,Canada,Ontario,P013,Hoodie,FASHION,Apparel,1,48.05,0.05,45.65,24.03,21.62,Debit Card,Mobile,Website,Delivered,4
ORD001805,2025-10-07,C00228,Olivia Lewis,olivia.lewis228@example.com,India,Delhi,P033,Cookbook,BOOKS,Lifestyle,1,27.61,0.05,26.23,12.38,13.85,Cash On Delivery,Mobile,Mobile App,Delivered,1
ORD001806,2024-01-16,C01422,Olivia Moore,olivia.moore1422@example.com,Uk,England,P031,Novel Set,BOOKS,Fiction,3,41.21,0,123.63,59.36,64.27,Bank Transfer,Desktop,Mobile App,Delivered,5
ORD001807,2026-05-24,C00571,Liam Lewis,liam.lewis571@example.com,Germany,Saxony,P029,Hair Dryer,BEAUTY,Hair Care,2,49.5,0,99,52.5,46.5,Paypal,Desktop,Website,Delivered,4
ORD001808,2025-11-07,C00322,Charlotte Patel,charlotte.patel322@example.com,Uk,Scotland,P025,Cycling Helmet,SPORTS,Outdoor,1,62.37,0.05,59.25,34.79,24.46,Paypal,Desktop,Website,Cancelled,0
ORD001809,2026-04-14,C01013,Henry Lewis,henry.lewis1013@example.com,Uae,Dubai,P002,Bluetooth Speaker,ELECTRONICS,Audio,2,47.74,0.15,81.16,57.83,23.33,Credit Card,Desktop,Website,Cancelled,0
ORD001810,2024-07-30,C01123,Grace Smith,grace.smith1123@example.com,India,Tamil Nadu,P009,Running Shoes,FASHION,Footwear,1,75.66,0.05,71.88,40.19,31.69,Credit Card,Tablet,Social Commerce,Returned,3
ORD001811,2025-09-27,C00139,Emma Johnson,emma.johnson139@example.com,Uk,England,P014,Leather Wallet,FASHION,Accessories,1,33.46,0.05,31.79,16.3,15.49,Credit Card,Desktop,Mobile App,Processing,0
ORD001812,2024-08-24,C01593,Harper Brown,harper.brown1593@example.com,Canada,Ontario,P017,Air Fryer,HOME & KITCHEN,Appliances,1,127.8,0,127.8,80.7,47.1,Bank Transfer,Desktop,Marketplace,Shipped,0
ORD001813,2024-05-31,C00474,Daniel Johnson,daniel.johnson474@example.com,Uae,Abu Dhabi,P019,Knife Set,HOME & KITCHEN,Cookware,1,62.04,0.1,55.84,35.12,20.72,Credit Card,Mobile,Website,Delivered,5
ORD001814,2026-05-10,C00029,Mason Wilson,mason.wilson29@example.com,Australia,New South Wales,P022,Yoga Mat,SPORTS,Fitness,2,27.52,0.15,46.78,24.69,22.09,Credit Card,Desktop,Mobile App,Shipped,0
ORD001815,2025-09-29,C01067,Leo Anderson,leo.anderson1067@example.com,Germany,Bavaria,P011,Denim Jacket,FASHION,Outerwear,3,74.64,0.15,190.33,130.57,59.76,Cash On Delivery,Mobile,Mobile App,Shipped,0
ORD001816,2026-06-29,C00010,Mason Moore,mason.moore10@example.com,Canada,Quebec,P033,Cookbook,BOOKS,Lifestyle,1,30.53,0.05,29,13.66,15.34,Debit Card,Desktop,Mobile App,Delivered,5
ORD001817,2025-04-29,C01242,Liam Moore,liam.moore1242@example.com,India,Karnataka,P008,Webcam HD,ELECTRONICS,Computers,1,57.07,0.1,51.36,35.39,15.97,Paypal,Mobile,Website,Shipped,0
ORD001818,2026-02-20,C00942,Sophia Young,sophia.young942@example.com,Germany,Hesse,P014,Leather Wallet,FASHION,Accessories,1,28.88,0.05,27.44,13.96,13.48,Credit Card,Mobile,Website,Delivered,5
ORD001819,2024-06-03,C00961,Elijah Johnson,elijah.johnson961@example.com,Usa,New York,P013,Hoodie,FASHION,Apparel,1,45.16,0,45.16,21.77,23.39,Credit Card,Mobile,Website,Delivered,5
ORD001820,2024-01-31,C00305,Emma Moore,emma.moore305@example.com,Usa,Texas,P025,Cycling Helmet,SPORTS,Outdoor,3,70.49,0,211.47,123.98,87.49,Debit Card,Mobile,Marketplace,Delivered,5
ORD001821,2024-12-23,C01316,Amelia Patel,amelia.patel1316@example.com,Uk,England,P007,Wireless Mouse,ELECTRONICS,Computers,1,34.47,0.15,29.3,17.88,11.42,Debit Card,Desktop,Social Commerce,Delivered,5
ORD001822,2025-11-20,C00001,Emma Martin,emma.martin1@example.com,Canada,Ontario,P009,Running Shoes,FASHION,Footwear,1,75.7,0,75.7,40.51,35.19,Credit Card,Desktop,Mobile App,Delivered,3
ORD001823,2026-05-15,C01013,Henry Lewis,henry.lewis1013@example.com,Uae,Dubai,P020,Storage Boxes,HOME & KITCHEN,Storage,4,30.14,0.05,114.53,60.17,54.36,Credit Card,Desktop,Website,Delivered,5
ORD001824,2024-10-05,C00869,Olivia Clark,olivia.clark869@example.com,Uk,Wales,P009,Running Shoes,FASHION,Footwear,2,77.81,0,155.62,85.13,70.49,Credit Card,Mobile,Website,Returned,5
ORD001825,2025-12-27,C00155,Zoe Lewis,zoe.lewis155@example.com,Germany,Hesse,P019,Knife Set,HOME & KITCHEN,Cookware,1,62.22,0.1,56,36.11,19.89,Debit Card,Desktop,Mobile App,Delivered,5
ORD001826,2024-08-08,C00941,Harper Moore,harper.moore941@example.com,India,Tamil Nadu,P011,Denim Jacket,FASHION,Outerwear,1,69.76,0,69.76,39.47,30.29,Debit Card,Tablet,Marketplace,Delivered,5
ORD001827,2026-02-08,C00600,Chloe Brown,chloe.brown600@example.com,Canada,Alberta,P024,Football,SPORTS,Outdoor,4,27.71,0.1,99.76,51.39,48.37,Credit Card,Mobile,Website,Delivered,4
ORD001828,2024-09-28,C01286,Olivia Johnson,olivia.johnson1286@example.com,Uae,Sharjah,P032,Data Analytics Book,BOOKS,Education,2,42.88,0.05,81.47,40.56,40.91,Debit Card,Mobile,Marketplace,Processing,0
ORD001829,2024-10-02,C00906,Aria Johnson,aria.johnson906@example.com,Uae,Sharjah,P026,Water Bottle,SPORTS,Accessories,1,19.71,0.15,16.75,8.45,8.3,Paypal,Mobile,Mobile App,Delivered,3
ORD001830,2024-12-13,C00864,Emma Patel,emma.patel864@example.com,Uae,Dubai,P023,Dumbbell Set,SPORTS,Fitness,1,83.3,0,83.3,47.28,36.02,Paypal,Mobile,Mobile App,Delivered,4
ORD001831,2025-11-29,C00091,Layla Martin,layla.martin91@example.com,Uae,Dubai,P001,Wireless Headphones,ELECTRONICS,Audio,2,80.61,0.1,145.1,103.22,41.88,Cash On Delivery,Desktop,Website,Delivered,5
ORD001832,2026-04-01,C01541,Mason Martin,mason.martin1541@example.com,Germany,Saxony,P012,Cotton T-Shirt,FASHION,Apparel,5,19.43,0,97.15,45.12,52.03,Credit Card,Mobile,Social Commerce,Delivered,5
ORD001833,2025-01-19,C00754,Henry Smith,henry.smith754@example.com,Usa,Texas,P025,Cycling Helmet,SPORTS,Outdoor,4,64.61,0,258.44,152.62,105.82,Credit Card,Desktop,Website,Delivered,4
ORD001834,2025-05-10,C01621,Harper Moore,harper.moore1621@example.com,Uae,Sharjah,P036,Puzzle 1000pc,TOYS,Games,1,18.92,0.05,17.97,8.44,9.53,Credit Card,Mobile,Mobile App,Delivered,4
ORD001835,2026-05-05,C01104,Evelyn Wilson,evelyn.wilson1104@example.com,Germany,Bavaria,P010,Casual Sneakers,FASHION,Footwear,2,58.79,0.1,105.82,63.9,41.92,Credit Card,Mobile,Website,Delivered,5
ORD001836,2024-02-13,C00583,Leo Clark,leo.clark583@example.com,Uk,Scotland,P035,Remote Control Car,TOYS,Vehicles,2,45.02,0.1,81.04,53.2,27.84,Debit Card,Desktop,Mobile App,Delivered,4
ORD001837,2024-12-22,C01147,Sophia Williams,sophia.williams1147@example.com,Usa,California,P035,Remote Control Car,TOYS,Vehicles,3,41.76,0,125.28,71.51,53.77,Cash On Delivery,Mobile,Website,Cancelled,0
ORD001838,2024-05-26,C01337,Sophia Lee,sophia.lee1337@example.com,Germany,Saxony,P012,Cotton T-Shirt,FASHION,Apparel,1,20.66,0,20.66,9.05,11.61,Debit Card,Desktop,Website,Delivered,5
ORD001839,2024-11-24,C00463,Charlotte Patel,charlotte.patel463@example.com,Australia,Victoria,P028,Moisturizer,BEAUTY,Skin Care,2,23.57,0,47.14,19.04,28.1,Paypal,Mobile,Mobile App,Delivered,4
ORD001840,2024-06-08,C00649,Isabella Thomas,isabella.thomas649@example.com,Australia,Queensland,P024,Football,SPORTS,Outdoor,1,30.83,0.1,27.75,14.81,12.94,Bank Transfer,Mobile,Mobile App,Cancelled,0
ORD001841,2025-02-15,C01691,Emma Smith,emma.smith1691@example.com,Usa,Illinois,P012,Cotton T-Shirt,FASHION,Apparel,1,21.39,0.15,18.18,9.6,8.58,Paypal,Desktop,Mobile App,Delivered,1
ORD001842,2025-09-22,C00821,Olivia Smith,olivia.smith821@example.com,Usa,Illinois,P002,Bluetooth Speaker,ELECTRONICS,Audio,5,47.88,0,239.4,144.56,94.84,Credit Card,Mobile,Website,Delivered,5
ORD001843,2025-10-07,C01575,Aarav Brown,aarav.brown1575@example.com,Usa,New York,P005,Laptop Stand,ELECTRONICS,Accessories,2,40.79,0.1,73.42,41.11,32.31,Debit Card,Mobile,Mobile App,Delivered,4
ORD001844,2026-02-02,C01514,Liam Martin,liam.martin1514@example.com,Australia,New South Wales,P029,Hair Dryer,BEAUTY,Hair Care,2,53.89,0.1,97,58.43,38.57,Debit Card,Desktop,Website,Delivered,3
ORD001845,2025-07-05,C01322,James Patel,james.patel1322@example.com,Germany,Saxony,P023,Dumbbell Set,SPORTS,Fitness,1,78.39,0,78.39,47.04,31.35,Paypal,Tablet,Website,Delivered,4
ORD001846,2024-04-20,C01384,Aarav Taylor,aarav.taylor1384@example.com,India,Tamil Nadu,P007,Wireless Mouse,ELECTRONICS,Computers,1,38.48,0,38.48,18.7,19.78,Credit Card,Desktop,Mobile App,Shipped,0
ORD001847,2024-05-03,C00172,Liam Johnson,liam.johnson172@example.com,Australia,Victoria,P007,Wireless Mouse,ELECTRONICS,Computers,1,36.46,0.25,27.34,18.32,9.02,Bank Transfer,Mobile,Mobile App,Delivered,4
ORD001848,2024-04-16,C01400,Chloe Young,chloe.young1400@example.com,Usa,Texas,P034,Building Blocks,TOYS,Educational,1,38.57,0,38.57,19.52,19.05,Credit Card,Desktop,Website,Delivered,5
ORD001849,2025-08-15,C01028,Charlotte Clark,charlotte.clark1028@example.com,Uk,Scotland,P011,Denim Jacket,FASHION,Outerwear,1,76.24,0.05,72.43,42.99,29.44,Debit Card,Desktop,Website,Delivered,4
ORD001850,2025-01-10,C00146,Sophia Wright,sophia.wright146@example.com,India,Maharashtra,P019,Knife Set,HOME & KITCHEN,Cookware,2,64.27,0,128.54,73.31,55.23,Bank Transfer,Desktop,Mobile App,Delivered,3
ORD001851,2026-07-04,C00469,Lucas Young,lucas.young469@example.com,Canada,Quebec,P036,Puzzle 1000pc,TOYS,Games,2,20.47,0.15,34.8,17.79,17.01,Cash On Delivery,Mobile,Social Commerce,Delivered,4
ORD001852,2025-07-24,C00469,Lucas Young,lucas.young469@example.com,France,Normandy,P017,Air Fryer,HOME & KITCHEN,Appliances,2,130.26,0,260.52,173.28,87.24,Paypal,Mobile,Marketplace,Delivered,4
ORD001853,2024-07-21,C01177,Jack Wright,jack.wright1177@example.com,India,Maharashtra,P017,Air Fryer,HOME & KITCHEN,Appliances,1,133.6,0.15,113.56,86.57,26.99,Credit Card,Mobile,Mobile App,Delivered,2
ORD001854,2024-02-24,C00368,Layla Thomas,layla.thomas368@example.com,India,Karnataka,P033,Cookbook,BOOKS,Lifestyle,2,33.52,0.2,53.63,31.14,22.49,Paypal,Mobile,Marketplace,Delivered,3
ORD001855,2026-01-16,C01723,Lucas Williams,lucas.williams1723@example.com,France,Ile-de-France,P003,Smart Watch,ELECTRONICS,Wearables,1,136.08,0,136.08,87.97,48.11,Credit Card,Tablet,Website,Shipped,0
ORD001856,2026-01-25,C01675,Charlotte Wilson,charlotte.wilson1675@example.com,France,Ile-de-France,P008,Webcam HD,ELECTRONICS,Computers,1,66.28,0,66.28,41.85,24.43,Bank Transfer,Mobile,Mobile App,Delivered,4
ORD001857,2024-09-21,C01413,Sophia Wright,sophia.wright1413@example.com,Canada,British Columbia,P027,Face Serum,BEAUTY,Skin Care,3,36.89,0,110.67,46.99,63.68,Paypal,Mobile,Website,Delivered,3
ORD001858,2025-04-17,C00889,Liam Williams,liam.williams889@example.com,France,Provence,P033,Cookbook,BOOKS,Lifestyle,3,31.91,0,95.73,44.35,51.38,Credit Card,Desktop,Marketplace,Delivered,2
ORD001859,2026-01-28,C00695,Harper Lewis,harper.lewis695@example.com,Germany,Bavaria,P011,Denim Jacket,FASHION,Outerwear,3,79.82,0,239.46,141.83,97.63,Debit Card,Desktop,Marketplace,Delivered,3
ORD001860,2024-05-25,C00487,Aarav Taylor,aarav.taylor487@example.com,Australia,Victoria,P007,Wireless Mouse,ELECTRONICS,Computers,4,35.01,0,140.04,69.5,70.54,Cash On Delivery,Mobile,Website,Shipped,0
ORD001861,2024-11-02,C00970,Ava Johnson,ava.johnson970@example.com,France,Normandy,P034,Building Blocks,TOYS,Educational,2,35.17,0.1,63.31,34.87,28.44,Debit Card,Desktop,Website,Shipped,0
ORD001862,2024-12-03,C00067,Mia Patel,mia.patel67@example.com,Usa,California,P018,Non-stick Pan,HOME & KITCHEN,Cookware,3,34.52,0,103.56,53.34,50.22,Debit Card,Mobile,Mobile App,Delivered,4
ORD001863,2025-11-20,C00698,Isabella Lee,isabella.lee698@example.com,Usa,California,P036,Puzzle 1000pc,TOYS,Games,1,20.94,0,20.94,9.17,11.77,Paypal,Mobile,Marketplace,Delivered,5
ORD001864,2025-03-28,C00677,Charlotte Johnson,charlotte.johnson677@example.com,Usa,New York,P007,Wireless Mouse,ELECTRONICS,Computers,2,39.16,0.15,66.57,39.01,27.56,Credit Card,Mobile,Marketplace,Shipped,0
ORD001865,2025-01-26,C00600,Chloe Brown,chloe.brown600@example.com,Canada,British Columbia,P019,Knife Set,HOME & KITCHEN,Cookware,3,66.18,0.15,168.76,106.81,61.95,Paypal,Mobile,Mobile App,Delivered,3
ORD001866,2026-02-03,C00228,Olivia Lewis,olivia.lewis228@example.com,Uae,Dubai,P016,Coffee Maker,HOME & KITCHEN,Appliances,1,94.03,0,94.03,60.45,33.58,Credit Card,Desktop,Website,Delivered,5
ORD001867,2026-07-13,C00153,Adam Patel,adam.patel153@example.com,Canada,Alberta,P009,Running Shoes,FASHION,Footwear,1,72.04,0.15,61.23,39.85,21.38,Credit Card,Mobile,Website,Shipped,0
ORD001868,2025-02-17,C01207,Liam Thomas,liam.thomas1207@example.com,Canada,Quebec,P011,Denim Jacket,FASHION,Outerwear,4,72.35,0.15,245.99,170.51,75.48,Debit Card,Desktop,Website,Delivered,3
ORD001869,2025-07-27,C01547,Isabella Lee,isabella.lee1547@example.com,Canada,Ontario,P025,Cycling Helmet,SPORTS,Outdoor,4,60.98,0.05,231.72,143.62,88.1,Debit Card,Desktop,Marketplace,Delivered,5
ORD001870,2025-09-26,C00664,Liam Lee,liam.lee664@example.com,Germany,Hesse,P015,Backpack,FASHION,Bags,2,52.26,0.2,83.62,57.6,26.02,Debit Card,Mobile,Mobile App,Delivered,3
ORD001871,2026-04-03,C00245,Leo Garcia,leo.garcia245@example.com,Usa,Florida,P019,Knife Set,HOME & KITCHEN,Cookware,2,60.69,0,121.38,68.23,53.15,Bank Transfer,Desktop,Website,Delivered,4
ORD001872,2024-11-14,C00925,Nora Anderson,nora.anderson925@example.com,Usa,Texas,P016,Coffee Maker,HOME & KITCHEN,Appliances,3,92.68,0.05,264.14,178.52,85.62,Credit Card,Mobile,Website,Processing,0
ORD001873,2025-04-13,C01175,Henry Patel,henry.patel1175@example.com,France,Normandy,P026,Water Bottle,SPORTS,Accessories,3,17.2,0.05,49.02,22.12,26.9,Credit Card,Desktop,Marketplace,Delivered,4
ORD001874,2024-10-22,C01535,Liam Clark,liam.clark1535@example.com,France,Occitanie,P036,Puzzle 1000pc,TOYS,Games,1,19.94,0.05,18.94,8.62,10.32,Cash On Delivery,Desktop,Website,Delivered,1
ORD001875,2025-11-16,C00104,Mason Taylor,mason.taylor104@example.com,Uk,Wales,P016,Coffee Maker,HOME & KITCHEN,Appliances,2,95.3,0.05,181.07,121.85,59.22,Credit Card,Mobile,Website,Processing,0
ORD001876,2025-04-09,C00736,Evelyn Moore,evelyn.moore736@example.com,France,Ile-de-France,P005,Laptop Stand,ELECTRONICS,Accessories,3,38.68,0.05,110.24,61.31,48.93,Debit Card,Desktop,Website,Delivered,5
ORD001877,2024-07-26,C01554,Henry Clark,henry.clark1554@example.com,Uk,Wales,P002,Bluetooth Speaker,ELECTRONICS,Audio,1,47.58,0.15,40.44,28.53,11.91,Debit Card,Desktop,Website,Delivered,4
ORD001878,2025-07-09,C00465,Liam Thomas,liam.thomas465@example.com,Australia,New South Wales,P006,Mechanical Keyboard,ELECTRONICS,Computers,1,95.09,0.25,71.32,59.73,11.59,Credit Card,Mobile,Mobile App,Shipped,0
ORD001879,2024-05-15,C00028,Zoe Williams,zoe.williams28@example.com,Usa,Illinois,P023,Dumbbell Set,SPORTS,Fitness,3,75.88,0.1,204.88,127.5,77.38,Debit Card,Desktop,Website,Delivered,3
ORD001880,2024-01-26,C01114,Henry Hall,henry.hall1114@example.com,India,Karnataka,P005,Laptop Stand,ELECTRONICS,Accessories,2,44.27,0,88.54,45.83,42.71,Debit Card,Tablet,Marketplace,Processing,0
ORD001881,2026-04-10,C00677,Charlotte Johnson,charlotte.johnson677@example.com,Australia,New South Wales,P026,Water Bottle,SPORTS,Accessories,5,17.42,0,87.1,36.28,50.82,Credit Card,Tablet,Mobile App,Returned,4
ORD001882,2025-08-29,C01533,Ethan Young,ethan.young1533@example.com,Uk,Wales,P015,Backpack,FASHION,Bags,1,53.22,0,53.22,28.58,24.64,Paypal,Mobile,Website,Delivered,4
ORD001883,2024-04-29,C00042,Leo Garcia,leo.garcia42@example.com,France,Ile-de-France,P029,Hair Dryer,BEAUTY,Hair Care,1,48.66,0.05,46.23,26.57,19.66,Cash On Delivery,Mobile,Website,Delivered,4
ORD001884,2026-04-04,C00572,Noah Smith,noah.smith572@example.com,Canada,British Columbia,P025,Cycling Helmet,SPORTS,Outdoor,3,60.37,0.15,153.94,100,53.94,Paypal,Mobile,Website,Delivered,3
ORD001885,2026-07-20,C00767,Elijah King,elijah.king767@example.com,Germany,Bavaria,P008,Webcam HD,ELECTRONICS,Computers,1,55.28,0.15,46.99,34.52,12.47,Cash On Delivery,Mobile,Website,Delivered,5
ORD001886,2025-07-28,C00053,James Hall,james.hall53@example.com,Canada,Ontario,P016,Coffee Maker,HOME & KITCHEN,Appliances,2,93.88,0,187.76,118.74,69.02,Credit Card,Tablet,Website,Delivered,3
ORD001887,2025-09-12,C01015,Zoe Smith,zoe.smith1015@example.com,Australia,Western Australia,P036,Puzzle 1000pc,TOYS,Games,5,19.75,0,98.75,43.96,54.79,Cash On Delivery,Desktop,Mobile App,Delivered,5
ORD001888,2026-01-01,C00001,Emma Martin,emma.martin1@example.com,India,Tamil Nadu,P011,Denim Jacket,FASHION,Outerwear,2,80.12,0,160.24,88.3,71.94,Cash On Delivery,Desktop,Marketplace,Delivered,1
ORD001889,2025-08-21,C00465,Liam Thomas,liam.thomas465@example.com,Usa,New York,P006,Mechanical Keyboard,ELECTRONICS,Computers,1,92.33,0.05,87.71,58.07,29.64,Paypal,Mobile,Marketplace,Delivered,3
ORD001890,2024-06-08,C00931,Chloe Wright,chloe.wright931@example.com,Uae,Dubai,P032,Data Analytics Book,BOOKS,Education,3,49.15,0.05,140.08,70.04,70.04,Credit Card,Tablet,Marketplace,Cancelled,0
ORD001891,2024-03-02,C00718,Olivia Garcia,olivia.garcia718@example.com,Usa,Texas,P009,Running Shoes,FASHION,Footwear,1,67.66,0,67.66,38.68,28.98,Paypal,Desktop,Website,Delivered,4
ORD001892,2024-06-16,C01607,Adam Lewis,adam.lewis1607@example.com,Germany,Berlin,P021,Desk Lamp,HOME & KITCHEN,Lighting,1,34.69,0.1,31.22,17.97,13.25,Cash On Delivery,Desktop,Marketplace,Delivered,4
ORD001893,2024-02-04,C01681,Nora Garcia,nora.garcia1681@example.com,Usa,Illinois,P027,Face Serum,BEAUTY,Skin Care,4,35.82,0.15,121.79,57.92,63.87,Debit Card,Mobile,Mobile App,Returned,5
ORD001894,2026-06-07,C00665,Layla Young,layla.young665@example.com,Australia,New South Wales,P009,Running Shoes,FASHION,Footwear,3,72.22,0.05,205.83,114.44,91.39,Credit Card,Mobile,Website,Delivered,3
ORD001895,2024-05-11,C00271,Leo Thomas,leo.thomas271@example.com,India,Gujarat,P011,Denim Jacket,FASHION,Outerwear,3,77.49,0.1,209.22,134.42,74.8,Debit Card,Desktop,Website,Delivered,4
ORD001896,2025-03-13,C00264,Amelia Brown,amelia.brown264@example.com,Canada,British Columbia,P011,Denim Jacket,FASHION,Outerwear,2,81.65,0,163.3,95.07,68.23,Debit Card,Mobile,Mobile App,Delivered,4
ORD001897,2025-11-07,C00580,Evelyn Patel,evelyn.patel580@example.com,Germany,Berlin,P029,Hair Dryer,BEAUTY,Hair Care,4,53.71,0.15,182.61,119.99,62.62,Credit Card,Desktop,Mobile App,Cancelled,0
ORD001898,2025-10-24,C00236,Jack Lee,jack.lee236@example.com,India,Delhi,P001,Wireless Headphones,ELECTRONICS,Audio,1,87.14,0.1,78.43,54.67,23.76,Debit Card,Mobile,Mobile App,Shipped,0
ORD001899,2026-07-19,C00803,Henry Walker,henry.walker803@example.com,Canada,British Columbia,P008,Webcam HD,ELECTRONICS,Computers,4,55.45,0,221.8,135.13,86.67,Paypal,Desktop,Website,Delivered,5
ORD001900,2026-06-28,C00580,Evelyn Patel,evelyn.patel580@example.com,Australia,Victoria,P013,Hoodie,FASHION,Apparel,1,49.63,0.05,47.15,25.21,21.94,Debit Card,Desktop,Website,Delivered,5
ORD001901,2025-08-31,C00412,Ethan Anderson,ethan.anderson412@example.com,Canada,Alberta,P036,Puzzle 1000pc,TOYS,Games,1,19.35,0.2,15.48,8.27,7.21,Credit Card,Mobile,Website,Delivered,2
ORD001902,2024-05-14,C01163,Nora Anderson,nora.anderson1163@example.com,Canada,Ontario,P007,Wireless Mouse,ELECTRONICS,Computers,6,32.31,0.15,164.78,98.51,66.27,Bank Transfer,Desktop,Website,Delivered,5
ORD001903,2024-04-10,C00681,Aria Martin,aria.martin681@example.com,Usa,California,P005,Laptop Stand,ELECTRONICS,Accessories,2,42.72,0.15,72.62,44.9,27.72,Bank Transfer,Mobile,Website,Delivered,5
ORD001904,2026-02-09,C00974,Evelyn Taylor,evelyn.taylor974@example.com,Uk,England,P036,Puzzle 1000pc,TOYS,Games,5,20.42,0.05,97,42.18,54.82,Paypal,Mobile,Mobile App,Delivered,5
ORD001905,2026-01-12,C00653,Nora Clark,nora.clark653@example.com,Uk,Wales,P014,Leather Wallet,FASHION,Accessories,5,28.95,0.15,123.04,67.35,55.69,Cash On Delivery,Mobile,Marketplace,Delivered,4
ORD001906,2026-06-25,C00150,Owen Taylor,owen.taylor150@example.com,Canada,Ontario,P002,Bluetooth Speaker,ELECTRONICS,Audio,3,54.16,0.1,146.23,97.09,49.14,Debit Card,Mobile,Website,Delivered,4
ORD001907,2024-06-05,C01341,James Lewis,james.lewis1341@example.com,Uk,Wales,P003,Smart Watch,ELECTRONICS,Wearables,5,139.52,0.15,592.96,472.16,120.8,Credit Card,Mobile,Mobile App,Delivered,5
ORD001908,2025-12-22,C00142,Liam Lee,liam.lee142@example.com,Usa,California,P014,Leather Wallet,FASHION,Accessories,2,27.85,0,55.7,26.17,29.53,Credit Card,Desktop,Website,Delivered,2
ORD001909,2024-03-22,C01256,Layla Moore,layla.moore1256@example.com,Uk,England,P033,Cookbook,BOOKS,Lifestyle,1,29.31,0.1,26.38,13.74,12.64,Paypal,Desktop,Mobile App,Shipped,0
ORD001910,2024-08-31,C01420,Charlotte Smith,charlotte.smith1420@example.com,Australia,Victoria,P004,USB-C Charger,ELECTRONICS,Accessories,1,24.28,0.2,19.42,11.32,8.1,Credit Card,Desktop,Website,Shipped,0
ORD001911,2024-02-14,C00010,Mason Moore,mason.moore10@example.com,Uk,Scotland,P011,Denim Jacket,FASHION,Outerwear,4,69.46,0,277.84,157.97,119.87,Debit Card,Desktop,Mobile App,Delivered,4
ORD001912,2024-11-18,C01116,Sophia Lee,sophia.lee1116@example.com,Usa,California,P019,Knife Set,HOME & KITCHEN,Cookware,3,63.66,0.25,143.23,110.41,32.82,Credit Card,Mobile,Website,Delivered,4
ORD001913,2025-11-10,C00675,Henry Wilson,henry.wilson675@example.com,Germany,Bavaria,P002,Bluetooth Speaker,ELECTRONICS,Audio,5,55.05,0,275.25,158.68,116.57,Paypal,Mobile,Marketplace,Shipped,0
ORD001914,2025-02-10,C00106,Owen Smith,owen.smith106@example.com,Uae,Dubai,P007,Wireless Mouse,ELECTRONICS,Computers,5,35.73,0,178.65,85.94,92.71,Debit Card,Desktop,Website,Delivered,4
ORD001915,2024-12-31,C01490,Amelia Hall,amelia.hall1490@example.com,India,Tamil Nadu,P016,Coffee Maker,HOME & KITCHEN,Appliances,1,94.7,0,94.7,59.39,35.31,Cash On Delivery,Mobile,Mobile App,Delivered,5
ORD001916,2025-08-23,C00278,Sophia Young,sophia.young278@example.com,Uae,Sharjah,P026,Water Bottle,SPORTS,Accessories,2,18.55,0.2,29.68,16.28,13.4,Paypal,Mobile,Social Commerce,Delivered,5
ORD001917,2024-01-03,C01150,Henry Wright,henry.wright1150@example.com,France,Provence,P010,Casual Sneakers,FASHION,Footwear,3,57.83,0.2,138.79,94.5,44.29,Cash On Delivery,Mobile,Marketplace,Delivered,4
ORD001918,2025-09-17,C01656,James Lee,james.lee1656@example.com,Germany,Berlin,P020,Storage Boxes,HOME & KITCHEN,Storage,1,27.62,0,27.62,13.41,14.21,Bank Transfer,Mobile,Website,Processing,0
ORD001919,2025-05-11,C01589,Noah Young,noah.young1589@example.com,Usa,Texas,P014,Leather Wallet,FASHION,Accessories,3,32.27,0.1,87.13,44.51,42.62,Credit Card,Desktop,Social Commerce,Shipped,0
ORD001920,2025-10-30,C01517,Aria Walker,aria.walker1517@example.com,France,Provence,P018,Non-stick Pan,HOME & KITCHEN,Cookware,2,37.87,0.05,71.95,38.4,33.55,Cash On Delivery,Mobile,Website,Shipped,0
ORD001921,2024-05-30,C00836,Adam Wilson,adam.wilson836@example.com,India,Gujarat,P010,Casual Sneakers,FASHION,Footwear,1,60.42,0.05,57.4,33.16,24.24,Credit Card,Mobile,Website,Delivered,3
ORD001922,2025-12-20,C00557,Daniel Thomas,daniel.thomas557@example.com,Usa,Texas,P007,Wireless Mouse,ELECTRONICS,Computers,1,36.98,0.05,35.13,19.05,16.08,Credit Card,Mobile,Website,Shipped,0
ORD001923,2025-08-19,C01152,Isabella Williams,isabella.williams1152@example.com,Uk,Wales,P004,USB-C Charger,ELECTRONICS,Accessories,4,25.36,0.1,91.3,46.97,44.33,Credit Card,Mobile,Website,Delivered,5
ORD001924,2026-06-14,C01393,Aarav Williams,aarav.williams1393@example.com,Canada,Quebec,P022,Yoga Mat,SPORTS,Fitness,2,26.6,0.1,47.88,24.41,23.47,Credit Card,Mobile,Website,Delivered,5
ORD001925,2025-01-22,C00953,Liam Garcia,liam.garcia953@example.com,Australia,New South Wales,P005,Laptop Stand,ELECTRONICS,Accessories,3,44.63,0.05,127.2,68.63,58.57,Credit Card,Tablet,Website,Delivered,5
ORD001926,2025-05-17,C00108,Aarav Lewis,aarav.lewis108@example.com,Germany,Saxony,P015,Backpack,FASHION,Bags,2,53.6,0.1,96.48,58.92,37.56,Debit Card,Mobile,Mobile App,Delivered,5
ORD001927,2026-02-09,C00252,Owen Clark,owen.clark252@example.com,Germany,Saxony,P027,Face Serum,BEAUTY,Skin Care,1,33.29,0.1,29.96,14.49,15.47,Credit Card,Mobile,Mobile App,Delivered,2
ORD001928,2024-02-08,C00447,Leo Brown,leo.brown447@example.com,Uae,Sharjah,P024,Football,SPORTS,Outdoor,3,30.91,0.05,88.09,44.85,43.24,Paypal,Mobile,Website,Delivered,4
ORD001929,2024-05-10,C00647,Emma Wright,emma.wright647@example.com,India,Maharashtra,P003,Smart Watch,ELECTRONICS,Wearables,2,143.05,0.15,243.19,186.36,56.83,Debit Card,Mobile,Mobile App,Shipped,0
ORD001930,2024-10-24,C01489,Nora Johnson,nora.johnson1489@example.com,Uae,Sharjah,P027,Face Serum,BEAUTY,Skin Care,1,33.76,0,33.76,14.14,19.62,Cash On Delivery,Desktop,Website,Delivered,5
ORD001931,2024-08-24,C00405,Zoe Lewis,zoe.lewis405@example.com,France,Normandy,P003,Smart Watch,ELECTRONICS,Wearables,2,145.28,0.15,246.98,192.37,54.61,Credit Card,Mobile,Website,Delivered,5
ORD001932,2026-04-09,C00817,Grace Young,grace.young817@example.com,India,Maharashtra,P006,Mechanical Keyboard,ELECTRONICS,Computers,1,93.99,0.1,84.59,60.61,23.98,Bank Transfer,Mobile,Website,Returned,5
ORD001933,2025-03-29,C01373,Zoe Garcia,zoe.garcia1373@example.com,Uae,Abu Dhabi,P013,Hoodie,FASHION,Apparel,1,44,0.2,35.2,21.49,13.71,Debit Card,Mobile,Mobile App,Delivered,4
ORD001934,2025-10-02,C00629,Emma Young,emma.young629@example.com,Canada,Ontario,P002,Bluetooth Speaker,ELECTRONICS,Audio,1,53.36,0,53.36,32.62,20.74,Bank Transfer,Mobile,Mobile App,Delivered,4
ORD001935,2024-02-10,C00689,Harper Smith,harper.smith689@example.com,Usa,New York,P029,Hair Dryer,BEAUTY,Hair Care,2,51.78,0,103.56,55.15,48.41,Paypal,Tablet,Website,Delivered,5
ORD001936,2025-07-24,C01738,Mia Garcia,mia.garcia1738@example.com,Uae,Sharjah,P034,Building Blocks,TOYS,Educational,1,37.6,0,37.6,18.15,19.45,Paypal,Desktop,Website,Returned,1
ORD001937,2026-05-27,C00074,Charlotte Taylor,charlotte.taylor74@example.com,Uae,Abu Dhabi,P033,Cookbook,BOOKS,Lifestyle,2,33.02,0,66.04,30.37,35.67,Credit Card,Tablet,Marketplace,Delivered,3
ORD001938,2025-08-12,C00351,Harper Patel,harper.patel351@example.com,Usa,Texas,P016,Coffee Maker,HOME & KITCHEN,Appliances,3,92.48,0.2,221.95,172.67,49.28,Credit Card,Tablet,Mobile App,Delivered,4
ORD001939,2026-02-08,C01144,Henry Moore,henry.moore1144@example.com,Usa,Illinois,P021,Desk Lamp,HOME & KITCHEN,Lighting,1,35.93,0.15,30.54,18.42,12.12,Cash On Delivery,Mobile,Mobile App,Delivered,3
ORD001940,2025-08-05,C01446,Mia Lee,mia.lee1446@example.com,Australia,Victoria,P012,Cotton T-Shirt,FASHION,Apparel,1,19.31,0,19.31,8.78,10.53,Debit Card,Mobile,Website,Shipped,0
ORD001941,2025-01-22,C01672,Chloe Williams,chloe.williams1672@example.com,Uae,Abu Dhabi,P014,Leather Wallet,FASHION,Accessories,1,29.07,0.1,26.16,14.01,12.15,Credit Card,Mobile,Website,Delivered,4
ORD001942,2026-04-30,C01641,Chloe Brown,chloe.brown1641@example.com,Germany,Hesse,P036,Puzzle 1000pc,TOYS,Games,3,21.2,0,63.6,27.24,36.36,Cash On Delivery,Desktop,Social Commerce,Delivered,5
ORD001943,2024-04-28,C00439,Chloe Moore,chloe.moore439@example.com,Uk,Scotland,P012,Cotton T-Shirt,FASHION,Apparel,3,21.86,0.05,62.3,28.68,33.62,Debit Card,Tablet,Mobile App,Processing,0
ORD001944,2024-07-06,C00377,Mason Wright,mason.wright377@example.com,Germany,Hesse,P017,Air Fryer,HOME & KITCHEN,Appliances,2,134.22,0.1,241.6,171.39,70.21,Debit Card,Desktop,Website,Delivered,4
ORD001945,2026-01-04,C01071,Layla Smith,layla.smith1071@example.com,Germany,Saxony,P001,Wireless Headphones,ELECTRONICS,Audio,3,84.35,0,253.05,150.87,102.18,Debit Card,Mobile,Website,Delivered,1
ORD001946,2025-11-03,C00974,Evelyn Taylor,evelyn.taylor974@example.com,Uae,Sharjah,P018,Non-stick Pan,HOME & KITCHEN,Cookware,1,32.58,0.15,27.69,17.09,10.6,Credit Card,Mobile,Mobile App,Delivered,4
ORD001947,2024-04-20,C01182,Henry Johnson,henry.johnson1182@example.com,Germany,Saxony,P026,Water Bottle,SPORTS,Accessories,1,19.6,0,19.6,8.76,10.84,Debit Card,Tablet,Mobile App,Delivered,3
ORD001948,2024-10-29,C01068,Adam Young,adam.young1068@example.com,Canada,Ontario,P033,Cookbook,BOOKS,Lifestyle,3,29.66,0,88.98,41.99,46.99,Credit Card,Desktop,Mobile App,Delivered,5
ORD001949,2024-10-05,C00493,Owen Taylor,owen.taylor493@example.com,Canada,Alberta,P036,Puzzle 1000pc,TOYS,Games,4,20.04,0.1,72.14,33.64,38.5,Credit Card,Mobile,Mobile App,Returned,5
ORD001950,2026-05-02,C00162,Aarav Johnson,aarav.johnson162@example.com,India,Karnataka,P036,Puzzle 1000pc,TOYS,Games,4,22.04,0,88.16,36.76,51.4,Paypal,Mobile,Website,Processing,0
ORD001951,2024-01-16,C00842,Mason Wright,mason.wright842@example.com,Uae,Dubai,P012,Cotton T-Shirt,FASHION,Apparel,1,20.16,0.1,18.14,8.97,9.17,Credit Card,Mobile,Website,Delivered,5
ORD001952,2025-07-26,C00178,Mia Patel,mia.patel178@example.com,India,Gujarat,P034,Building Blocks,TOYS,Educational,1,33.45,0,33.45,16.76,16.69,Cash On Delivery,Desktop,Website,Delivered,5
ORD001953,2025-08-19,C01676,Evelyn Moore,evelyn.moore1676@example.com,Uk,England,P003,Smart Watch,ELECTRONICS,Wearables,2,126.81,0,253.62,170.94,82.68,Credit Card,Mobile,Mobile App,Shipped,0
ORD001954,2026-05-16,C01688,Grace Wright,grace.wright1688@example.com,Canada,Alberta,P014,Leather Wallet,FASHION,Accessories,1,30.69,0.05,29.16,14.75,14.41,Paypal,Desktop,Website,Shipped,0
ORD001955,2026-03-27,C00438,Henry Young,henry.young438@example.com,Canada,British Columbia,P002,Bluetooth Speaker,ELECTRONICS,Audio,2,54.69,0.2,87.5,63.26,24.24,Paypal,Mobile,Mobile App,Delivered,5
ORD001956,2025-11-17,C00688,Owen Anderson,owen.anderson688@example.com,Canada,Ontario,P036,Puzzle 1000pc,TOYS,Games,1,20.4,0,20.4,8.72,11.68,Cash On Delivery,Desktop,Website,Returned,5
ORD001957,2025-10-10,C01343,Aria Williams,aria.williams1343@example.com,Uae,Abu Dhabi,P027,Face Serum,BEAUTY,Skin Care,3,36.41,0.25,81.92,44.39,37.53,Debit Card,Desktop,Marketplace,Returned,5
ORD001958,2024-12-13,C00539,Isabella Moore,isabella.moore539@example.com,Australia,Western Australia,P010,Casual Sneakers,FASHION,Footwear,3,55.68,0.1,150.34,86.76,63.58,Bank Transfer,Mobile,Website,Processing,0
ORD001959,2024-06-10,C01053,Leo Wilson,leo.wilson1053@example.com,Germany,Bavaria,P001,Wireless Headphones,ELECTRONICS,Audio,3,89.14,0,267.42,165.05,102.37,Credit Card,Desktop,Marketplace,Delivered,4
ORD001960,2025-03-10,C00480,Olivia Lee,olivia.lee480@example.com,Canada,British Columbia,P001,Wireless Headphones,ELECTRONICS,Audio,1,78.36,0,78.36,48.25,30.11,Bank Transfer,Mobile,Website,Delivered,2
ORD001961,2026-07-05,C00675,Henry Wilson,henry.wilson675@example.com,Uae,Sharjah,P024,Football,SPORTS,Outdoor,2,31.7,0,63.4,29.96,33.44,Cash On Delivery,Mobile,Marketplace,Delivered,2
ORD001962,2026-03-31,C01578,Noah Johnson,noah.johnson1578@example.com,Uae,Dubai,P023,Dumbbell Set,SPORTS,Fitness,1,75.2,0.1,67.68,42.64,25.04,Debit Card,Desktop,Mobile App,Delivered,3
ORD001963,2024-07-02,C00186,Grace Moore,grace.moore186@example.com,Usa,New York,P023,Dumbbell Set,SPORTS,Fitness,3,77.71,0,233.13,131.16,101.97,Bank Transfer,Mobile,Mobile App,Delivered,5
ORD001964,2024-07-26,C01307,Aarav Wright,aarav.wright1307@example.com,Canada,Alberta,P022,Yoga Mat,SPORTS,Fitness,1,23.98,0.05,22.78,10.9,11.88,Debit Card,Tablet,Website,Delivered,5
ORD001965,2025-05-24,C00908,Noah Garcia,noah.garcia908@example.com,Canada,Alberta,P021,Desk Lamp,HOME & KITCHEN,Lighting,2,34.93,0.15,59.38,35.43,23.95,Credit Card,Mobile,Website,Delivered,2
ORD001966,2026-01-06,C01494,Henry Moore,missing@example.com,Uk,Wales,P035,Remote Control Car,TOYS,Vehicles,1,50.17,0,50.17,29.54,20.63,Debit Card,Mobile,Website,Shipped,0
ORD001967,2024-05-17,C00620,Liam Thomas,liam.thomas620@example.com,India,Maharashtra,P026,Water Bottle,SPORTS,Accessories,2,18.76,0.2,30.02,15.85,14.17,Credit Card,Desktop,Marketplace,Processing,0
ORD001968,2024-01-29,C00924,Aria King,aria.king924@example.com,Uae,Sharjah,P028,Moisturizer,BEAUTY,Skin Care,1,26.97,0,26.97,11.2,15.77,Cash On Delivery,Mobile,Mobile App,Delivered,4
ORD001969,2025-06-23,C00197,Zoe Williams,zoe.williams197@example.com,India,Delhi,P025,Cycling Helmet,SPORTS,Outdoor,2,68.59,0.05,130.32,79.52,50.8,Credit Card,Mobile,Mobile App,Cancelled,0
ORD001970,2024-11-10,C01722,Amelia Hall,amelia.hall1722@example.com,Canada,Ontario,P030,Perfume,BEAUTY,Fragrance,6,71.81,0.05,409.32,219.74,189.58,Credit Card,Mobile,Marketplace,Delivered,4
ORD001971,2026-01-16,C00114,Jack Johnson,jack.johnson114@example.com,Canada,Alberta,P003,Smart Watch,ELECTRONICS,Wearables,3,123.88,0.05,353.06,247.52,105.54,Bank Transfer,Mobile,Marketplace,Delivered,1
ORD001972,2025-09-20,C01076,Daniel King,daniel.king1076@example.com,France,Ile-de-France,P006,Mechanical Keyboard,ELECTRONICS,Computers,1,93.7,0,93.7,60.66,33.04,Credit Card,Mobile,Website,Delivered,5
ORD001973,2024-07-01,C00563,Lucas Lewis,lucas.lewis563@example.com,France,Occitanie,P027,Face Serum,BEAUTY,Skin Care,1,38.78,0.1,34.9,15.8,19.1,Credit Card,Mobile,Website,Delivered,3
ORD001974,2024-07-14,C00833,Charlotte Brown,charlotte.brown833@example.com,Uae,Sharjah,P030,Perfume,BEAUTY,Fragrance,1,77.57,0.05,73.69,39.58,34.11,Bank Transfer,Mobile,Mobile App,Processing,0
ORD001975,2026-06-16,C00087,Grace King,grace.king87@example.com,India,Gujarat,P028,Moisturizer,BEAUTY,Skin Care,1,24.07,0.15,20.46,9.35,11.11,Debit Card,Desktop,Social Commerce,Returned,4
ORD001976,2024-06-12,C00250,Elijah Walker,elijah.walker250@example.com,Usa,Texas,P009,Running Shoes,FASHION,Footwear,2,76.78,0.15,130.53,84.21,46.32,Credit Card,Mobile,Website,Shipped,0
ORD001977,2025-06-24,C00093,Elijah Hall,missing@example.com,Uae,Sharjah,P022,Yoga Mat,SPORTS,Fitness,1,25.26,0,25.26,11.39,13.87,Paypal,Desktop,Mobile App,Delivered,4
ORD001978,2025-08-07,C01709,James Patel,james.patel1709@example.com,Australia,New South Wales,P028,Moisturizer,BEAUTY,Skin Care,6,23.82,0.05,135.77,57.17,78.6,Bank Transfer,Mobile,Mobile App,Delivered,4
ORD001979,2026-03-11,C01543,Olivia Young,olivia.young1543@example.com,Uk,England,P016,Coffee Maker,HOME & KITCHEN,Appliances,3,98.53,0,295.59,186.7,108.89,Bank Transfer,Mobile,Website,Delivered,5
ORD001980,2024-11-16,C01536,Leo King,leo.king1536@example.com,Uk,Wales,P003,Smart Watch,ELECTRONICS,Wearables,2,123.31,0,246.62,163.05,83.57,Paypal,Desktop,Website,Delivered,5
ORD001981,2025-07-09,C01698,Ava Smith,ava.smith1698@example.com,Uae,Abu Dhabi,P001,Wireless Headphones,ELECTRONICS,Audio,1,73.69,0,73.69,44.28,29.41,Credit Card,Desktop,Website,Delivered,1
ORD001982,2026-03-24,C00608,Leo Young,leo.young608@example.com,India,Tamil Nadu,P024,Football,SPORTS,Outdoor,1,30.54,0,30.54,14.15,16.39,Credit Card,Mobile,Marketplace,Delivered,5
ORD001983,2024-02-06,C01689,Grace Lee,grace.lee1689@example.com,Canada,Ontario,P031,Novel Set,BOOKS,Fiction,1,43.61,0.15,37.07,22.64,14.43,Paypal,Tablet,Website,Delivered,3
ORD001984,2026-05-06,C00480,Olivia Lee,olivia.lee480@example.com,Usa,Florida,P012,Cotton T-Shirt,FASHION,Apparel,2,22.01,0.1,39.62,19.48,20.14,Credit Card,Desktop,Mobile App,Delivered,3
ORD001985,2025-09-28,C00241,Chloe Smith,chloe.smith241@example.com,Germany,Saxony,P023,Dumbbell Set,SPORTS,Fitness,2,87.85,0.2,140.56,103.72,36.84,Credit Card,Mobile,Mobile App,Delivered,2
ORD001986,2024-06-18,C00683,Harper Williams,harper.williams683@example.com,Usa,Florida,P021,Desk Lamp,HOME & KITCHEN,Lighting,5,30.64,0.05,145.54,78.9,66.64,Debit Card,Tablet,Website,Delivered,4
ORD001987,2024-02-12,C00228,Olivia Lewis,missing@example.com,Uk,England,P015,Backpack,FASHION,Bags,5,55.01,0,275.05,150.99,124.06,Credit Card,Desktop,Mobile App,Delivered,5
ORD001988,2025-12-14,C01798,Noah Patel,noah.patel1798@example.com,Uk,Wales,P004,USB-C Charger,ELECTRONICS,Accessories,6,25.97,0,155.82,74.06,81.76,Debit Card,Mobile,Website,Delivered,3
ORD001989,2025-02-01,C00911,Elijah Garcia,elijah.garcia911@example.com,Usa,Texas,P020,Storage Boxes,HOME & KITCHEN,Storage,3,30.66,0.1,82.78,46.41,36.37,Debit Card,Desktop,Website,Delivered,3
ORD001990,2024-06-30,C00713,Emma Brown,emma.brown713@example.com,Uae,Sharjah,P019,Knife Set,HOME & KITCHEN,Cookware,2,66.45,0,132.9,75.84,57.06,Debit Card,Desktop,Social Commerce,Delivered,4
ORD001991,2025-01-24,C01108,Leo Williams,leo.williams1108@example.com,Uk,Wales,P008,Webcam HD,ELECTRONICS,Computers,1,56.37,0.2,45.1,35.36,9.74,Bank Transfer,Mobile,Mobile App,Delivered,2
ORD001992,2024-06-13,C01106,Leo Taylor,leo.taylor1106@example.com,Germany,Saxony,P003,Smart Watch,ELECTRONICS,Wearables,3,121.83,0.1,328.94,249.57,79.37,Credit Card,Desktop,Mobile App,Shipped,0
ORD001993,2024-01-22,C00604,Amelia Brown,amelia.brown604@example.com,Germany,Berlin,P012,Cotton T-Shirt,FASHION,Apparel,1,20.29,0.2,16.23,9.21,7.02,Paypal,Desktop,Mobile App,Delivered,3
ORD001994,2025-08-23,C00435,Lucas King,lucas.king435@example.com,Canada,Ontario,P018,Non-stick Pan,HOME & KITCHEN,Cookware,2,39.07,0.2,62.51,41.13,21.38,Debit Card,Mobile,Website,Processing,0
ORD001995,2025-05-30,C01410,Owen Clark,owen.clark1410@example.com,India,Tamil Nadu,P016,Coffee Maker,HOME & KITCHEN,Appliances,2,91.21,0.05,173.3,111.27,62.03,Credit Card,Mobile,Website,Delivered,3
ORD001996,2025-08-31,C01701,Chloe Smith,chloe.smith1701@example.com,Uk,Scotland,P003,Smart Watch,ELECTRONICS,Wearables,1,140.42,0.05,133.4,94.86,38.54,Credit Card,Mobile,Marketplace,Delivered,5
ORD001997,2025-04-30,C01014,Aria Patel,aria.patel1014@example.com,Uk,Wales,P033,Cookbook,BOOKS,Lifestyle,4,28.82,0.15,97.99,51.18,46.81,Credit Card,Mobile,Marketplace,Delivered,4
ORD001998,2026-02-26,C01660,James Anderson,james.anderson1660@example.com,Uk,Scotland,P014,Leather Wallet,FASHION,Accessories,2,33.23,0.05,63.14,30.29,32.85,Bank Transfer,Desktop,Website,Delivered,5
ORD001999,2025-11-10,C01333,Isabella Wright,isabella.wright1333@example.com,Usa,New York,P034,Building Blocks,TOYS,Educational,1,33.37,0.1,30.03,16.58,13.45,Paypal,Desktop,Website,Delivered,5
ORD002000,2024-09-29,C01190,Chloe King,chloe.king1190@example.com,France,Occitanie,P032,Data Analytics Book,BOOKS,Education,1,44.36,0,44.36,21.01,23.35,Debit Card,Desktop,Marketplace,Processing,0
ORD002001,2024-02-21,C00617,James Clark,james.clark617@example.com,Germany,Berlin,P029,Hair Dryer,BEAUTY,Hair Care,3,55.03,0.1,148.58,88.91,59.67,Debit Card,Desktop,Website,Delivered,5
ORD002002,2026-07-08,C00828,Charlotte Williams,charlotte.williams828@example.com,Uae,Sharjah,P027,Face Serum,BEAUTY,Skin Care,2,37.98,0.1,68.36,33.13,35.23,Debit Card,Mobile,Website,Delivered,3
ORD002003,2026-01-13,C00279,Emma Martin,emma.martin279@example.com,France,Normandy,P025,Cycling Helmet,SPORTS,Outdoor,2,71.38,0,142.76,83.28,59.48,Credit Card,Mobile,Mobile App,Delivered,5
ORD002004,2026-06-18,C00913,Sophia Clark,sophia.clark913@example.com,Uk,Scotland,P036,Puzzle 1000pc,TOYS,Games,1,18.62,0.1,16.76,8.02,8.74,Bank Transfer,Tablet,Mobile App,Processing,0
ORD002005,2024-11-20,C01441,Mason Brown,mason.brown1441@example.com,Australia,Queensland,P029,Hair Dryer,BEAUTY,Hair Care,1,54.33,0,54.33,29.75,24.58,Paypal,Desktop,Website,Returned,4
ORD002006,2026-03-21,C01448,Evelyn Moore,evelyn.moore1448@example.com,Uae,Sharjah,P023,Dumbbell Set,SPORTS,Fitness,2,74.34,0.05,141.25,86.15,55.1,Paypal,Mobile,Website,Delivered,3
ORD002007,2026-07-22,C00951,Henry Johnson,henry.johnson951@example.com,Uk,England,P023,Dumbbell Set,SPORTS,Fitness,4,88.74,0.2,283.97,205.9,78.07,Credit Card,Desktop,Website,Delivered,5
ORD002008,2024-06-24,C01312,Emma Anderson,missing@example.com,Germany,Saxony,P013,Hoodie,FASHION,Apparel,2,43.34,0,86.68,41.8,44.88,Credit Card,Desktop,Website,Delivered,3
ORD002009,2026-03-23,C00350,Aria Martin,aria.martin350@example.com,France,Ile-de-France,P031,Novel Set,BOOKS,Fiction,1,44.35,0,44.35,23.04,21.31,Paypal,Mobile,Website,Delivered,3
ORD002010,2024-07-08,C00331,Ethan Lee,ethan.lee331@example.com,Australia,Victoria,P028,Moisturizer,BEAUTY,Skin Care,4,23.39,0,93.56,37.17,56.39,Credit Card,Mobile,Social Commerce,Delivered,1
ORD002011,2025-03-22,C00452,Aarav Clark,aarav.clark452@example.com,France,Normandy,P030,Perfume,BEAUTY,Fragrance,1,68.03,0.1,61.23,36.32,24.91,Debit Card,Mobile,Mobile App,Delivered,4
ORD002012,2026-07-21,C01460,Olivia Lewis,olivia.lewis1460@example.com,Uae,Abu Dhabi,P015,Backpack,FASHION,Bags,1,50.54,0.1,45.49,26.57,18.92,Paypal,Mobile,Website,Delivered,5
ORD002013,2024-02-08,C01774,Amelia Wright,amelia.wright1774@example.com,Canada,British Columbia,P022,Yoga Mat,SPORTS,Fitness,2,27.59,0.05,52.42,24.88,27.54,Credit Card,Mobile,Marketplace,Processing,0
ORD002014,2024-04-11,C01332,Elijah Williams,elijah.williams1332@example.com,Canada,Ontario,P001,Wireless Headphones,ELECTRONICS,Audio,2,85.11,0.1,153.2,102.25,50.95,Credit Card,Tablet,Website,Delivered,5
ORD002015,2025-04-04,C00885,Liam Taylor,liam.taylor885@example.com,Canada,Alberta,P022,Yoga Mat,SPORTS,Fitness,1,26.52,0.15,22.54,12.6,9.94,Credit Card,Tablet,Website,Delivered,5
ORD002016,2024-06-22,C01271,Layla Martin,layla.martin1271@example.com,India,Delhi,P016,Coffee Maker,HOME & KITCHEN,Appliances,1,85.31,0.15,72.51,54.55,17.96,Cash On Delivery,Desktop,Website,Delivered,2
ORD002017,2025-04-05,C00877,Harper Walker,harper.walker877@example.com,Uk,England,P030,Perfume,BEAUTY,Fragrance,1,75.24,0.1,67.72,38.46,29.26,Credit Card,Mobile,Website,Delivered,5
ORD002018,2025-08-24,C00062,Grace Lee,grace.lee62@example.com,Australia,Victoria,P028,Moisturizer,BEAUTY,Skin Care,1,25.82,0.1,23.24,10.21,13.03,Credit Card,Desktop,Website,Delivered,5
ORD002019,2025-06-27,C00986,Adam Lewis,adam.lewis986@example.com,Canada,Ontario,P021,Desk Lamp,HOME & KITCHEN,Lighting,1,36.04,0,36.04,18.39,17.65,Credit Card,Tablet,Mobile App,Delivered,4
ORD002020,2026-03-13,C00240,Chloe King,chloe.king240@example.com,Usa,Texas,P020,Storage Boxes,HOME & KITCHEN,Storage,1,26.88,0,26.88,12.71,14.17,Paypal,Mobile,Website,Delivered,5
ORD002021,2025-04-11,C00293,Chloe Wright,chloe.wright293@example.com,Usa,Illinois,P023,Dumbbell Set,SPORTS,Fitness,1,74.27,0,74.27,42.37,31.9,Credit Card,Mobile,Social Commerce,Delivered,5
ORD002022,2024-04-12,C01318,Olivia Taylor,olivia.taylor1318@example.com,France,Ile-de-France,P018,Non-stick Pan,HOME & KITCHEN,Cookware,1,38.75,0.25,29.06,19.79,9.27,Credit Card,Mobile,Mobile App,Processing,0
ORD002023,2025-08-13,C00625,Lucas Clark,lucas.clark625@example.com,Canada,Ontario,P035,Remote Control Car,TOYS,Vehicles,1,41.77,0.15,35.5,23.33,12.17,Credit Card,Mobile,Mobile App,Delivered,4
ORD002024,2025-11-24,C00137,Nora Johnson,nora.johnson137@example.com,India,Gujarat,P012,Cotton T-Shirt,FASHION,Apparel,1,18.92,0,18.92,8.65,10.27,Debit Card,Desktop,Website,Shipped,0
ORD002025,2025-09-10,C00231,Sophia Lee,sophia.lee231@example.com,Canada,Quebec,P029,Hair Dryer,BEAUTY,Hair Care,5,51.81,0.1,233.15,138.69,94.46,Debit Card,Mobile,Social Commerce,Delivered,4
ORD002026,2024-07-29,C01286,Olivia Johnson,olivia.johnson1286@example.com,Canada,Alberta,P020,Storage Boxes,HOME & KITCHEN,Storage,2,28.4,0,56.8,27.79,29.01,Paypal,Tablet,Marketplace,Returned,3
ORD002027,2025-09-25,C00988,Charlotte Taylor,charlotte.taylor988@example.com,Germany,Hesse,P011,Denim Jacket,FASHION,Outerwear,1,79.86,0.1,71.87,45.09,26.78,Cash On Delivery,Mobile,Website,Shipped,0
ORD002028,2026-03-30,C01631,Liam Clark,liam.clark1631@example.com,Uae,Abu Dhabi,P009,Running Shoes,FASHION,Footwear,1,75.51,0,75.51,40.76,34.75,Cash On Delivery,Desktop,Website,Delivered,3
ORD002029,2025-08-11,C00491,Adam Thomas,adam.thomas491@example.com,Australia,Queensland,P018,Non-stick Pan,HOME & KITCHEN,Cookware,1,37.7,0.15,32.05,19.05,13,Paypal,Mobile,Website,Delivered,5
ORD002030,2024-09-06,C00708,Lucas Martin,lucas.martin708@example.com,Germany,Saxony,P022,Yoga Mat,SPORTS,Fitness,1,26.53,0.25,19.9,12.33,7.57,Paypal,Mobile,Mobile App,Delivered,5
ORD002031,2026-04-01,C01591,Layla Lewis,layla.lewis1591@example.com,France,Ile-de-France,P003,Smart Watch,ELECTRONICS,Wearables,2,137.26,0.1,247.07,184.2,62.87,Credit Card,Mobile,Mobile App,Delivered,5
ORD002032,2025-01-15,C00172,Liam Johnson,liam.johnson172@example.com,France,Ile-de-France,P021,Desk Lamp,HOME & KITCHEN,Lighting,2,35.83,0,71.66,35.18,36.48,Debit Card,Mobile,Mobile App,Delivered,5
ORD002033,2024-11-09,C00525,Isabella Patel,isabella.patel525@example.com,Canada,Alberta,P003,Smart Watch,ELECTRONICS,Wearables,1,142.79,0,142.79,97.97,44.82,Credit Card,Mobile,Mobile App,Delivered,5
ORD002034,2026-02-27,C01686,Aria Williams,aria.williams1686@example.com,France,Normandy,P012,Cotton T-Shirt,FASHION,Apparel,2,18.96,0.15,32.23,17.23,15,Credit Card,Mobile,Mobile App,Shipped,0
ORD002035,2025-04-10,C00766,Chloe Taylor,chloe.taylor766@example.com,Canada,Ontario,P022,Yoga Mat,SPORTS,Fitness,1,23.97,0.05,22.77,11.02,11.75,Debit Card,Mobile,Website,Processing,0
ORD002036,2025-04-06,C00541,Amelia Taylor,amelia.taylor541@example.com,Uk,Scotland,P017,Air Fryer,HOME & KITCHEN,Appliances,1,129.47,0.1,116.52,83.15,33.37,Credit Card,Mobile,Website,Delivered,4
ORD002037,2024-12-31,C00895,Liam Walker,liam.walker895@example.com,Uae,Sharjah,P026,Water Bottle,SPORTS,Accessories,1,17.57,0.25,13.18,7.41,5.77,Debit Card,Mobile,Marketplace,Delivered,5
ORD002038,2025-02-08,C01063,James Martin,james.martin1063@example.com,Canada,Quebec,P017,Air Fryer,HOME & KITCHEN,Appliances,5,130.36,0.1,586.62,420.18,166.44,Paypal,Mobile,Mobile App,Delivered,4
ORD002039,2025-08-09,C01103,Aria Lee,aria.lee1103@example.com,Uae,Sharjah,P028,Moisturizer,BEAUTY,Skin Care,4,23.83,0.05,90.55,37.26,53.29,Paypal,Mobile,Website,Cancelled,0
ORD002040,2026-03-11,C00411,Liam Martin,liam.martin411@example.com,Uae,Sharjah,P024,Football,SPORTS,Outdoor,2,29.12,0.05,55.33,26.92,28.41,Credit Card,Desktop,Website,Delivered,3
ORD002041,2026-04-18,C01264,Aria Martin,aria.martin1264@example.com,India,Delhi,P008,Webcam HD,ELECTRONICS,Computers,2,65.57,0.05,124.58,79.94,44.64,Credit Card,Mobile,Mobile App,Delivered,1
ORD002042,2025-04-04,C00023,Mason Wilson,mason.wilson23@example.com,Australia,Queensland,P032,Data Analytics Book,BOOKS,Education,2,48.98,0.1,88.16,44.85,43.31,Cash On Delivery,Desktop,Mobile App,Delivered,4
ORD002043,2024-11-19,C00455,Ethan Johnson,ethan.johnson455@example.com,India,Maharashtra,P005,Laptop Stand,ELECTRONICS,Accessories,1,38.64,0.1,34.78,19.43,15.35,Paypal,Mobile,Website,Returned,3
ORD002044,2025-01-30,C00057,Adam Taylor,adam.taylor57@example.com,Canada,Alberta,P006,Mechanical Keyboard,ELECTRONICS,Computers,1,93.6,0.15,79.56,57.63,21.93,Credit Card,Mobile,Mobile App,Delivered,2
ORD002045,2024-08-28,C00259,Owen Williams,owen.williams259@example.com,India,Gujarat,P031,Novel Set,BOOKS,Fiction,2,37.08,0.05,70.45,38.08,32.37,Credit Card,Mobile,Website,Delivered,5
ORD002046,2025-12-20,C00749,Evelyn Martin,evelyn.martin749@example.com,Germany,Saxony,P006,Mechanical Keyboard,ELECTRONICS,Computers,3,88.97,0.25,200.18,173.21,26.97,Credit Card,Mobile,Mobile App,Delivered,4
ORD002047,2025-05-30,C00713,Emma Brown,emma.brown713@example.com,France,Provence,P033,Cookbook,BOOKS,Lifestyle,1,32.21,0,32.21,15.3,16.91,Bank Transfer,Desktop,Mobile App,Delivered,2
ORD002048,2025-03-21,C00196,Lucas Brown,lucas.brown196@example.com,Australia,Queensland,P032,Data Analytics Book,BOOKS,Education,2,44.93,0,89.86,42.13,47.73,Cash On Delivery,Desktop,Marketplace,Shipped,0
ORD002049,2024-06-23,C00136,Ava Wright,ava.wright136@example.com,France,Provence,P033,Cookbook,BOOKS,Lifestyle,1,31.34,0,31.34,14.28,17.06,Paypal,Mobile,Website,Processing,0
ORD002050,2024-03-08,C00494,James Williams,james.williams494@example.com,India,Tamil Nadu,P030,Perfume,BEAUTY,Fragrance,1,66.34,0,66.34,35.3,31.04,Paypal,Mobile,Mobile App,Delivered,4
ORD002051,2024-08-03,C00094,Owen Johnson,owen.johnson94@example.com,Germany,Bavaria,P021,Desk Lamp,HOME & KITCHEN,Lighting,1,31.33,0.2,25.06,15.73,9.33,Paypal,Desktop,Social Commerce,Delivered,4
ORD002052,2025-12-13,C01100,Mason Young,mason.young1100@example.com,Australia,Victoria,P010,Casual Sneakers,FASHION,Footwear,1,56.41,0.05,53.59,29.94,23.65,Cash On Delivery,Mobile,Mobile App,Shipped,0
ORD002053,2024-07-30,C00087,Grace King,grace.king87@example.com,Usa,Illinois,P033,Cookbook,BOOKS,Lifestyle,1,28.05,0.15,23.84,13.25,10.59,Cash On Delivery,Mobile,Mobile App,Delivered,3
ORD002054,2025-12-13,C01152,Isabella Williams,isabella.williams1152@example.com,Germany,Berlin,P009,Running Shoes,FASHION,Footwear,2,70.65,0,141.3,76.76,64.54,Credit Card,Mobile,Social Commerce,Delivered,5
ORD002055,2024-07-03,C00060,James Lee,james.lee60@example.com,Germany,Berlin,P002,Bluetooth Speaker,ELECTRONICS,Audio,3,48.08,0.25,108.18,83.89,24.29,Paypal,Desktop,Marketplace,Delivered,5
ORD002056,2025-02-09,C00391,Mia Taylor,mia.taylor391@example.com,France,Ile-de-France,P030,Perfume,BEAUTY,Fragrance,5,66.55,0,332.75,172.94,159.81,Credit Card,Desktop,Website,Delivered,4
ORD002057,2024-01-28,C01385,Olivia Taylor,olivia.taylor1385@example.com,Australia,Victoria,P007,Wireless Mouse,ELECTRONICS,Computers,6,33.57,0.1,181.28,97.15,84.13,Credit Card,Mobile,Mobile App,Delivered,5
ORD002058,2024-02-07,C00267,Aarav Wright,aarav.wright267@example.com,Usa,California,P032,Data Analytics Book,BOOKS,Education,5,47,0,235,106.28,128.72,Paypal,Mobile,Mobile App,Delivered,4
ORD002059,2025-11-09,C00930,Olivia Patel,olivia.patel930@example.com,India,Delhi,P005,Laptop Stand,ELECTRONICS,Accessories,1,37.26,0,37.26,19.87,17.39,Paypal,Tablet,Website,Delivered,5
ORD002060,2024-07-11,C00368,Layla Thomas,layla.thomas368@example.com,Usa,Texas,P005,Laptop Stand,ELECTRONICS,Accessories,1,40.63,0.1,36.57,20.31,16.26,Debit Card,Mobile,Marketplace,Delivered,3
ORD002061,2026-02-19,C00892,Evelyn Moore,evelyn.moore892@example.com,India,Delhi,P004,USB-C Charger,ELECTRONICS,Accessories,2,23.5,0.05,44.65,21.72,22.93,Debit Card,Desktop,Website,Delivered,4
ORD002062,2025-05-03,C00125,Nora Martin,nora.martin125@example.com,France,Normandy,P028,Moisturizer,BEAUTY,Skin Care,1,27.05,0.1,24.35,10.95,13.4,Credit Card,Desktop,Website,Delivered,5
ORD002063,2024-04-09,C01006,Jack Lewis,jack.lewis1006@example.com,India,Delhi,P011,Denim Jacket,FASHION,Outerwear,3,83.23,0.05,237.21,145.29,91.92,Paypal,Desktop,Marketplace,Delivered,3
ORD002064,2024-10-20,C00225,Aarav Martin,aarav.martin225@example.com,France,Occitanie,P015,Backpack,FASHION,Bags,1,48.1,0.05,45.7,25.73,19.97,Credit Card,Mobile,Website,Delivered,4
ORD002065,2024-04-04,C01046,Aria King,aria.king1046@example.com,Usa,Florida,P022,Yoga Mat,SPORTS,Fitness,3,27.46,0.05,78.26,39.31,38.95,Credit Card,Tablet,Website,Shipped,0
ORD002066,2024-06-11,C00175,Jack Martin,jack.martin175@example.com,India,Tamil Nadu,P029,Hair Dryer,BEAUTY,Hair Care,1,47.19,0.05,44.83,26.36,18.47,Cash On Delivery,Mobile,Website,Delivered,4
ORD002067,2025-07-11,C01197,Henry Hall,henry.hall1197@example.com,Australia,New South Wales,P025,Cycling Helmet,SPORTS,Outdoor,1,63.41,0,63.41,37.27,26.14,Credit Card,Mobile,Website,Delivered,5
ORD002068,2024-05-29,C01277,Mason Taylor,mason.taylor1277@example.com,India,Tamil Nadu,P016,Coffee Maker,HOME & KITCHEN,Appliances,2,91.1,0.1,163.98,109.3,54.68,Paypal,Mobile,Mobile App,Delivered,5
ORD002069,2025-05-13,C00929,Aarav Wilson,aarav.wilson929@example.com,Uk,Wales,P023,Dumbbell Set,SPORTS,Fitness,2,77.8,0,155.6,88.67,66.93,Credit Card,Tablet,Website,Delivered,5
ORD002070,2025-09-11,C00360,Sophia Smith,sophia.smith360@example.com,Usa,Florida,P034,Building Blocks,TOYS,Educational,4,38.03,0.15,129.3,73.16,56.14,Credit Card,Mobile,Website,Processing,0
ORD002071,2024-03-07,C01248,Mason King,mason.king1248@example.com,Usa,California,P010,Casual Sneakers,FASHION,Footwear,1,61.18,0.1,55.06,32.1,22.96,Debit Card,Mobile,Mobile App,Cancelled,0
ORD002072,2024-03-13,C00289,Amelia Taylor,amelia.taylor289@example.com,Germany,Hesse,P035,Remote Control Car,TOYS,Vehicles,1,42.98,0,42.98,24.5,18.48,Debit Card,Mobile,Marketplace,Delivered,3
ORD002073,2026-01-31,C00774,Adam Lewis,adam.lewis774@example.com,Australia,Queensland,P029,Hair Dryer,BEAUTY,Hair Care,1,49.34,0,49.34,27.14,22.2,Paypal,Mobile,Website,Delivered,4
ORD002074,2025-01-23,C00024,Daniel Brown,daniel.brown24@example.com,Usa,Florida,P013,Hoodie,FASHION,Apparel,4,47.15,0,188.6,92.03,96.57,Paypal,Mobile,Website,Delivered,4
ORD002075,2026-04-25,C01230,Aria Lewis,aria.lewis1230@example.com,Usa,Texas,P002,Bluetooth Speaker,ELECTRONICS,Audio,1,55.48,0.1,49.93,33.07,16.86,Credit Card,Mobile,Social Commerce,Processing,0
ORD002076,2024-10-24,C00459,Henry Brown,henry.brown459@example.com,Uk,Scotland,P027,Face Serum,BEAUTY,Skin Care,1,37.06,0.2,29.65,15.87,13.78,Debit Card,Mobile,Website,Delivered,5
ORD002077,2024-06-22,C01082,James Garcia,james.garcia1082@example.com,Uk,England,P007,Wireless Mouse,ELECTRONICS,Computers,6,33.41,0,200.46,96.61,103.85,Credit Card,Mobile,Mobile App,Delivered,4
ORD002078,2024-05-09,C00608,Leo Young,leo.young608@example.com,France,Normandy,P021,Desk Lamp,HOME & KITCHEN,Lighting,1,30.63,0,30.63,14.88,15.75,Credit Card,Desktop,Mobile App,Delivered,4
ORD002079,2024-04-28,C00494,James Williams,james.williams494@example.com,Uk,Wales,P002,Bluetooth Speaker,ELECTRONICS,Audio,5,54.74,0.15,232.64,170.07,62.57,Credit Card,Mobile,Website,Delivered,4
ORD002080,2025-09-14,C01215,Evelyn Moore,evelyn.moore1215@example.com,Uk,Scotland,P021,Desk Lamp,HOME & KITCHEN,Lighting,1,34.92,0.2,27.94,16.97,10.97,Debit Card,Mobile,Social Commerce,Delivered,1
ORD002081,2025-04-01,C00892,Evelyn Moore,evelyn.moore892@example.com,France,Occitanie,P006,Mechanical Keyboard,ELECTRONICS,Computers,2,92.46,0,184.92,116.47,68.45,Cash On Delivery,Mobile,Website,Shipped,0
ORD002082,2024-08-05,C00830,James Johnson,james.johnson830@example.com,Uae,Sharjah,P027,Face Serum,BEAUTY,Skin Care,2,39.04,0,78.08,31.55,46.53,Debit Card,Desktop,Website,Delivered,3
ORD002083,2025-10-29,C01497,Adam Young,adam.young1497@example.com,Uae,Dubai,P034,Building Blocks,TOYS,Educational,2,37.59,0,75.18,37.75,37.43,Credit Card,Mobile,Mobile App,Delivered,4
ORD002084,2026-01-22,C00281,Ethan Clark,ethan.clark281@example.com,Australia,New South Wales,P023,Dumbbell Set,SPORTS,Fitness,1,75.04,0.1,67.54,42.29,25.25,Credit Card,Mobile,Website,Delivered,5
ORD002085,2025-03-24,C00310,Evelyn Clark,evelyn.clark310@example.com,Germany,Saxony,P018,Non-stick Pan,HOME & KITCHEN,Cookware,2,36.26,0,72.52,38.16,34.36,Credit Card,Desktop,Marketplace,Cancelled,0
ORD002086,2026-05-31,C01738,Mia Garcia,mia.garcia1738@example.com,Germany,Berlin,P015,Backpack,FASHION,Bags,1,47.6,0,47.6,24.71,22.89,Debit Card,Mobile,Marketplace,Delivered,5
ORD002087,2025-04-19,C01370,Leo Lewis,leo.lewis1370@example.com,Uae,Sharjah,P010,Casual Sneakers,FASHION,Footwear,3,57.03,0.1,153.98,90.64,63.34,Debit Card,Desktop,Marketplace,Shipped,0
ORD002088,2025-09-11,C01377,Grace Smith,grace.smith1377@example.com,Usa,Texas,P017,Air Fryer,HOME & KITCHEN,Appliances,3,126.79,0,380.37,246.63,133.74,Paypal,Mobile,Website,Delivered,4
ORD002089,2024-10-12,C00627,Olivia Wright,olivia.wright627@example.com,Usa,Florida,P016,Coffee Maker,HOME & KITCHEN,Appliances,1,82.91,0.25,62.18,52.84,9.34,Bank Transfer,Desktop,Website,Delivered,4
ORD002090,2025-01-14,C01230,Aria Lewis,aria.lewis1230@example.com,Uae,Abu Dhabi,P015,Backpack,FASHION,Bags,4,51.82,0.05,196.92,111.82,85.1,Paypal,Mobile,Website,Delivered,5
ORD002091,2025-10-14,C00082,Harper King,harper.king82@example.com,France,Ile-de-France,P014,Leather Wallet,FASHION,Accessories,1,31.7,0.05,30.11,14.6,15.51,Debit Card,Mobile,Website,Delivered,4
ORD002092,2025-05-29,C01411,Amelia Lewis,amelia.lewis1411@example.com,Usa,Texas,P002,Bluetooth Speaker,ELECTRONICS,Audio,2,46.28,0.25,69.42,56.37,13.05,Credit Card,Tablet,Website,Processing,0
ORD002093,2026-06-09,C01182,Henry Johnson,henry.johnson1182@example.com,Australia,Queensland,P017,Air Fryer,HOME & KITCHEN,Appliances,1,111.32,0,111.32,71.03,40.29,Paypal,Mobile,Website,Delivered,3
ORD002094,2025-10-20,C00057,Adam Taylor,adam.taylor57@example.com,Uae,Abu Dhabi,P036,Puzzle 1000pc,TOYS,Games,3,21.25,0.1,57.38,26.79,30.59,Credit Card,Mobile,Mobile App,Delivered,5
ORD002095,2024-08-18,C01681,Nora Garcia,nora.garcia1681@example.com,Usa,Florida,P019,Knife Set,HOME & KITCHEN,Cookware,3,59.84,0,179.52,98.77,80.75,Debit Card,Mobile,Website,Processing,0
ORD002096,2025-03-02,C00913,Sophia Clark,sophia.clark913@example.com,Canada,Ontario,P010,Casual Sneakers,FASHION,Footwear,2,60.25,0,120.5,64.63,55.87,Credit Card,Mobile,Marketplace,Processing,0
ORD002097,2026-02-01,C00877,Harper Walker,harper.walker877@example.com,Uae,Dubai,P020,Storage Boxes,HOME & KITCHEN,Storage,1,27.13,0,27.13,12.99,14.14,Debit Card,Mobile,Marketplace,Delivered,4
ORD002098,2025-04-05,C00209,Harper Wilson,harper.wilson209@example.com,Usa,New York,P031,Novel Set,BOOKS,Fiction,1,37.79,0.25,28.34,18.21,10.13,Debit Card,Desktop,Website,Delivered,3
ORD002099,2025-02-13,C00789,Ethan Johnson,ethan.johnson789@example.com,Usa,Texas,P005,Laptop Stand,ELECTRONICS,Accessories,1,38.51,0,38.51,20.24,18.27,Debit Card,Mobile,Mobile App,Delivered,4
ORD002100,2025-11-14,C00460,Layla Wright,layla.wright460@example.com,Germany,Saxony,P002,Bluetooth Speaker,ELECTRONICS,Audio,3,51.89,0.1,140.1,96.36,43.74,Bank Transfer,Mobile,Website,Delivered,4
ORD002101,2024-01-17,C00162,Aarav Johnson,aarav.johnson162@example.com,Canada,Ontario,P034,Building Blocks,TOYS,Educational,1,36.65,0.15,31.15,18.16,12.99,Credit Card,Desktop,Social Commerce,Processing,0
ORD002102,2026-01-01,C01562,Adam Lee,adam.lee1562@example.com,Uk,Wales,P008,Webcam HD,ELECTRONICS,Computers,1,61.75,0.05,58.66,38.2,20.46,Debit Card,Mobile,Social Commerce,Cancelled,0
ORD002103,2026-06-22,C00841,Leo Brown,leo.brown841@example.com,Germany,Bavaria,P014,Leather Wallet,FASHION,Accessories,4,29.16,0.1,104.98,55.54,49.44,Paypal,Mobile,Social Commerce,Delivered,4
ORD002104,2026-06-15,C01119,Charlotte King,charlotte.king1119@example.com,Usa,New York,P018,Non-stick Pan,HOME & KITCHEN,Cookware,2,38.61,0.05,73.36,40.33,33.03,Debit Card,Mobile,Website,Cancelled,0
ORD002105,2024-09-22,C00267,Aarav Wright,aarav.wright267@example.com,India,Karnataka,P029,Hair Dryer,BEAUTY,Hair Care,2,54.63,0.25,81.95,60.87,21.08,Credit Card,Mobile,Mobile App,Delivered,1
ORD002106,2024-01-31,C00767,Elijah King,elijah.king767@example.com,France,Normandy,P022,Yoga Mat,SPORTS,Fitness,1,26.35,0.1,23.72,11.74,11.98,Credit Card,Tablet,Marketplace,Delivered,4
ORD002107,2024-10-28,C00941,Harper Moore,harper.moore941@example.com,Australia,Victoria,P001,Wireless Headphones,ELECTRONICS,Audio,2,86.25,0,172.5,107.79,64.71,Credit Card,Tablet,Website,Processing,0
ORD002108,2025-02-01,C00975,Nora Clark,missing@example.com,Usa,Florida,P036,Puzzle 1000pc,TOYS,Games,3,20.94,0.25,47.12,26.45,20.67,Cash On Delivery,Desktop,Marketplace,Processing,0
ORD002109,2026-05-13,C00996,Layla Moore,layla.moore996@example.com,Uk,Scotland,P007,Wireless Mouse,ELECTRONICS,Computers,1,37.12,0,37.12,18.2,18.92,Paypal,Tablet,Website,Returned,4
ORD002110,2024-11-04,C01125,Jack Martin,jack.martin1125@example.com,Usa,California,P010,Casual Sneakers,FASHION,Footwear,1,51.57,0.1,46.41,27.25,19.16,Paypal,Mobile,Social Commerce,Delivered,3
ORD002111,2025-12-31,C01709,James Patel,james.patel1709@example.com,Australia,New South Wales,P021,Desk Lamp,HOME & KITCHEN,Lighting,1,31.09,0.15,26.43,15.7,10.73,Paypal,Mobile,Website,Processing,0
ORD002112,2025-02-07,C01620,Lucas Clark,lucas.clark1620@example.com,Uk,Wales,P011,Denim Jacket,FASHION,Outerwear,1,77.57,0,77.57,45.39,32.18,Paypal,Mobile,Website,Delivered,5
ORD002113,2024-09-12,C00569,Owen Martin,owen.martin569@example.com,Australia,Queensland,P023,Dumbbell Set,SPORTS,Fitness,4,86.17,0.2,275.74,202.38,73.36,Debit Card,Mobile,Mobile App,Delivered,3
ORD002114,2025-10-24,C01498,Mia Thomas,mia.thomas1498@example.com,Germany,Bavaria,P018,Non-stick Pan,HOME & KITCHEN,Cookware,2,33.17,0.1,59.71,33.05,26.66,Paypal,Mobile,Website,Delivered,4
ORD002115,2024-01-11,C00550,Harper Johnson,harper.johnson550@example.com,Uae,Dubai,P022,Yoga Mat,SPORTS,Fitness,1,24.1,0.05,22.89,11.1,11.79,Debit Card,Mobile,Website,Delivered,3
ORD002116,2024-01-18,C00524,Elijah Brown,elijah.brown524@example.com,India,Maharashtra,P019,Knife Set,HOME & KITCHEN,Cookware,1,59.65,0,59.65,32.29,27.36,Debit Card,Mobile,Website,Delivered,4
ORD002117,2024-01-21,C01399,Zoe Johnson,missing@example.com,Germany,Hesse,P008,Webcam HD,ELECTRONICS,Computers,1,59.44,0.15,50.52,36.38,14.14,Paypal,Mobile,Mobile App,Returned,4
ORD002118,2025-01-14,C00044,Jack Young,jack.young44@example.com,Uae,Abu Dhabi,P017,Air Fryer,HOME & KITCHEN,Appliances,1,122.14,0,122.14,79.71,42.43,Cash On Delivery,Tablet,Website,Delivered,1
ORD002119,2025-12-13,C00125,Nora Martin,nora.martin125@example.com,Usa,California,P021,Desk Lamp,HOME & KITCHEN,Lighting,2,33.67,0.05,63.97,34.88,29.09,Credit Card,Desktop,Website,Delivered,4
ORD002120,2024-04-03,C01048,Daniel Martin,daniel.martin1048@example.com,Germany,Hesse,P004,USB-C Charger,ELECTRONICS,Accessories,5,24,0.05,114,55.34,58.66,Debit Card,Tablet,Website,Delivered,2
ORD002121,2025-03-05,C01604,Henry Young,henry.young1604@example.com,France,Provence,P009,Running Shoes,FASHION,Footwear,2,76.81,0,153.62,82.56,71.06,Debit Card,Mobile,Marketplace,Delivered,4
ORD002122,2025-10-29,C01715,Adam Hall,adam.hall1715@example.com,Canada,Ontario,P015,Backpack,FASHION,Bags,5,54.86,0,274.3,141.75,132.55,Credit Card,Mobile,Mobile App,Delivered,5
ORD002123,2025-03-08,C00668,Elijah Walker,elijah.walker668@example.com,Usa,New York,P027,Face Serum,BEAUTY,Skin Care,3,34.96,0,104.88,44.02,60.86,Bank Transfer,Mobile,Website,Returned,4
ORD002124,2025-12-16,C00570,Jack Lewis,jack.lewis570@example.com,Canada,Ontario,P026,Water Bottle,SPORTS,Accessories,1,17.19,0.05,16.33,7.59,8.74,Debit Card,Mobile,Mobile App,Processing,0
ORD002125,2024-12-24,C01629,Owen Smith,owen.smith1629@example.com,Canada,British Columbia,P013,Hoodie,FASHION,Apparel,2,49.98,0,99.96,49.04,50.92,Paypal,Mobile,Mobile App,Shipped,0
ORD002126,2025-01-12,C00658,Aarav Wilson,aarav.wilson658@example.com,Germany,Saxony,P014,Leather Wallet,FASHION,Accessories,2,30.07,0.1,54.13,28.86,25.27,Debit Card,Desktop,Mobile App,Delivered,5
ORD002127,2025-05-08,C01687,Isabella Thomas,isabella.thomas1687@example.com,Uae,Sharjah,P023,Dumbbell Set,SPORTS,Fitness,2,77.5,0,155,92.76,62.24,Bank Transfer,Mobile,Website,Delivered,4
ORD002128,2024-02-24,C01024,Emma Young,emma.young1024@example.com,Usa,New York,P032,Data Analytics Book,BOOKS,Education,2,49.94,0.1,89.89,48.14,41.75,Bank Transfer,Mobile,Marketplace,Delivered,5
ORD002129,2025-02-15,C00830,James Johnson,james.johnson830@example.com,Australia,Victoria,P028,Moisturizer,BEAUTY,Skin Care,5,24.14,0.1,108.63,49.62,59.01,Credit Card,Mobile,Marketplace,Delivered,5
ORD002130,2026-03-17,C01240,Grace Moore,grace.moore1240@example.com,France,Ile-de-France,P035,Remote Control Car,TOYS,Vehicles,4,45.64,0.2,146.05,100.48,45.57,Credit Card,Mobile,Marketplace,Delivered,5
ORD002131,2026-02-19,C01780,Mia Young,mia.young1780@example.com,Canada,British Columbia,P010,Casual Sneakers,FASHION,Footwear,4,60.9,0.15,207.06,135.99,71.07,Cash On Delivery,Mobile,Website,Delivered,4
ORD002132,2025-01-25,C01659,Mason Lee,mason.lee1659@example.com,Canada,Alberta,P005,Laptop Stand,ELECTRONICS,Accessories,2,41.72,0,83.44,43.49,39.95,Debit Card,Desktop,Mobile App,Returned,5
ORD002133,2025-04-08,C00366,James Moore,james.moore366@example.com,Australia,New South Wales,P008,Webcam HD,ELECTRONICS,Computers,1,60.44,0.15,51.37,36.74,14.63,Bank Transfer,Mobile,Website,Shipped,0
ORD002134,2024-05-30,C00454,Zoe Taylor,zoe.taylor454@example.com,India,Delhi,P034,Building Blocks,TOYS,Educational,3,36.78,0,110.34,54.18,56.16,Credit Card,Desktop,Marketplace,Cancelled,0
ORD002135,2026-07-25,C01239,Mason Hall,mason.hall1239@example.com,Uae,Sharjah,P002,Bluetooth Speaker,ELECTRONICS,Audio,4,50.89,0.05,193.38,122.82,70.56,Credit Card,Mobile,Website,Delivered,5
ORD002136,2025-12-31,C00833,Charlotte Brown,charlotte.brown833@example.com,Canada,Ontario,P018,Non-stick Pan,HOME & KITCHEN,Cookware,3,32.53,0.05,92.71,51.62,41.09,Paypal,Mobile,Marketplace,Delivered,5
ORD002137,2025-03-25,C01719,Emma Clark,emma.clark1719@example.com,France,Ile-de-France,P036,Puzzle 1000pc,TOYS,Games,1,19.53,0.1,17.58,8.3,9.28,Debit Card,Mobile,Website,Delivered,5
ORD002138,2026-01-21,C01727,Liam Johnson,liam.johnson1727@example.com,Australia,New South Wales,P002,Bluetooth Speaker,ELECTRONICS,Audio,1,48.94,0.05,46.49,28.45,18.04,Credit Card,Mobile,Mobile App,Delivered,4
ORD002139,2024-08-12,C00199,Henry Martin,henry.martin199@example.com,Canada,Alberta,P034,Building Blocks,TOYS,Educational,1,34.6,0,34.6,17.81,16.79,Debit Card,Tablet,Mobile App,Delivered,5
ORD002140,2026-07-27,C00828,Charlotte Williams,charlotte.williams828@example.com,Germany,Hesse,P004,USB-C Charger,ELECTRONICS,Accessories,1,23.11,0.2,18.49,11.02,7.47,Credit Card,Tablet,Marketplace,Delivered,5
ORD002141,2024-06-10,C01611,Jack Moore,jack.moore1611@example.com,France,Normandy,P016,Coffee Maker,HOME & KITCHEN,Appliances,1,90.27,0.05,85.76,54.22,31.54,Debit Card,Desktop,Marketplace,Shipped,0
ORD002142,2024-07-12,C00164,Olivia Anderson,olivia.anderson164@example.com,France,Occitanie,P032,Data Analytics Book,BOOKS,Education,3,46.61,0.05,132.84,68.06,64.78,Paypal,Mobile,Mobile App,Delivered,3
ORD002143,2025-10-02,C00576,Aarav Patel,aarav.patel576@example.com,Uae,Abu Dhabi,P023,Dumbbell Set,SPORTS,Fitness,2,80.28,0.25,120.42,94.3,26.12,Paypal,Mobile,Mobile App,Delivered,5
ORD002144,2025-07-17,C01131,Lucas Lee,lucas.lee1131@example.com,India,Delhi,P023,Dumbbell Set,SPORTS,Fitness,1,79.7,0.05,75.72,47.5,28.22,Cash On Delivery,Mobile,Mobile App,Delivered,5
ORD002145,2025-03-13,C01246,Ethan Thomas,ethan.thomas1246@example.com,Uae,Abu Dhabi,P012,Cotton T-Shirt,FASHION,Apparel,3,18.91,0.05,53.89,26.43,27.46,Bank Transfer,Desktop,Website,Delivered,4
ORD002146,2025-11-16,C01095,Lucas Taylor,lucas.taylor1095@example.com,France,Normandy,P021,Desk Lamp,HOME & KITCHEN,Lighting,1,32.52,0,32.52,16.71,15.81,Credit Card,Mobile,Website,Delivered,4
ORD002147,2025-07-02,C01416,Emma Moore,emma.moore1416@example.com,Uk,Wales,P029,Hair Dryer,BEAUTY,Hair Care,1,54.4,0,54.4,30.12,24.28,Paypal,Mobile,Social Commerce,Delivered,5
ORD002148,2026-04-29,C00689,Harper Smith,harper.smith689@example.com,France,Normandy,P017,Air Fryer,HOME & KITCHEN,Appliances,1,121.43,0.1,109.29,77.51,31.78,Credit Card,Mobile,Website,Delivered,4
ORD002149,2024-11-13,C00252,Owen Clark,owen.clark252@example.com,Canada,Ontario,P034,Building Blocks,TOYS,Educational,1,38.35,0,38.35,18.97,19.38,Paypal,Mobile,Marketplace,Delivered,4
ORD002150,2024-10-08,C00489,Liam Clark,liam.clark489@example.com,Usa,Texas,P017,Air Fryer,HOME & KITCHEN,Appliances,1,118.97,0,118.97,79.59,39.38,Bank Transfer,Mobile,Mobile App,Delivered,2
ORD002151,2024-05-17,C00799,Sophia Williams,sophia.williams799@example.com,Uk,England,P024,Football,SPORTS,Outdoor,2,29.86,0.05,56.73,27.8,28.93,Credit Card,Mobile,Social Commerce,Delivered,2
ORD002152,2025-04-28,C01343,Aria Williams,aria.williams1343@example.com,Australia,Victoria,P036,Puzzle 1000pc,TOYS,Games,2,20.51,0.2,32.82,17.13,15.69,Paypal,Desktop,Marketplace,Shipped,0
ORD002153,2026-07-07,C00614,Henry Williams,henry.williams614@example.com,Uk,England,P036,Puzzle 1000pc,TOYS,Games,5,21.73,0.2,86.92,45.08,41.84,Debit Card,Mobile,Mobile App,Returned,5
ORD002154,2025-11-14,C01553,Daniel King,missing@example.com,Australia,Queensland,P020,Storage Boxes,HOME & KITCHEN,Storage,1,28.47,0.2,22.78,14.06,8.72,Credit Card,Mobile,Mobile App,Returned,4
ORD002155,2024-06-03,C01757,Emma Thomas,emma.thomas1757@example.com,France,Provence,P034,Building Blocks,TOYS,Educational,2,35.91,0,71.82,34.57,37.25,Paypal,Mobile,Marketplace,Delivered,5
ORD002156,2025-05-17,C00039,Elijah Brown,elijah.brown39@example.com,Germany,Berlin,P009,Running Shoes,FASHION,Footwear,1,75.43,0.05,71.66,41.93,29.73,Credit Card,Desktop,Social Commerce,Delivered,4
ORD002157,2026-05-21,C00149,Layla Patel,layla.patel149@example.com,Usa,Illinois,P007,Wireless Mouse,ELECTRONICS,Computers,1,35.37,0.05,33.6,17.55,16.05,Bank Transfer,Mobile,Website,Delivered,3
ORD002158,2025-03-07,C01306,Grace Martin,grace.martin1306@example.com,France,Ile-de-France,P014,Leather Wallet,FASHION,Accessories,2,30.26,0.05,57.49,28.19,29.3,Debit Card,Mobile,Website,Delivered,4
ORD002159,2024-01-25,C00312,Isabella Smith,isabella.smith312@example.com,Usa,Illinois,P025,Cycling Helmet,SPORTS,Outdoor,2,65.44,0,130.88,75.05,55.83,Debit Card,Desktop,Website,Delivered,4
ORD002160,2025-06-08,C00055,Aarav Thomas,aarav.thomas55@example.com,Australia,Victoria,P033,Cookbook,BOOKS,Lifestyle,1,32.19,0.1,28.97,14.25,14.72,Debit Card,Mobile,Marketplace,Returned,4
ORD002161,2025-08-05,C01452,Leo Hall,leo.hall1452@example.com,France,Occitanie,P034,Building Blocks,TOYS,Educational,1,34.9,0.2,27.92,17.8,10.12,Debit Card,Mobile,Website,Delivered,4
ORD002162,2024-12-30,C01639,Grace Young,grace.young1639@example.com,Usa,Florida,P012,Cotton T-Shirt,FASHION,Apparel,3,18.45,0,55.35,25.16,30.19,Debit Card,Mobile,Website,Shipped,0
ORD002163,2026-02-20,C01787,Noah Wilson,noah.wilson1787@example.com,Germany,Berlin,P010,Casual Sneakers,FASHION,Footwear,4,60.28,0,241.12,131.81,109.31,Debit Card,Mobile,Marketplace,Delivered,1
ORD002164,2025-07-12,C01366,Emma Wilson,emma.wilson1366@example.com,France,Occitanie,P031,Novel Set,BOOKS,Fiction,1,42.59,0.05,40.46,21.49,18.97,Debit Card,Mobile,Website,Delivered,5
ORD002165,2025-05-22,C00518,Aarav Wright,aarav.wright518@example.com,Australia,New South Wales,P033,Cookbook,BOOKS,Lifestyle,1,32.19,0.05,30.58,14.54,16.04,Credit Card,Desktop,Website,Shipped,0
ORD002166,2025-06-10,C00077,Olivia Lewis,olivia.lewis77@example.com,France,Normandy,P024,Football,SPORTS,Outdoor,3,30.42,0.05,86.7,45.49,41.21,Debit Card,Mobile,Website,Delivered,4
ORD002167,2026-07-25,C01414,James Martin,james.martin1414@example.com,Uk,Wales,P029,Hair Dryer,BEAUTY,Hair Care,2,49.69,0.05,94.41,52.82,41.59,Debit Card,Tablet,Mobile App,Delivered,5
ORD002168,2026-06-23,C01117,Owen Moore,owen.moore1117@example.com,Usa,Florida,P034,Building Blocks,TOYS,Educational,1,34.89,0.1,31.4,17.31,14.09,Cash On Delivery,Desktop,Social Commerce,Delivered,4
ORD002169,2026-02-02,C01739,Ava Lee,missing@example.com,Canada,Quebec,P029,Hair Dryer,BEAUTY,Hair Care,3,50.4,0,151.2,81.08,70.12,Debit Card,Desktop,Website,Delivered,5
ORD002170,2025-06-08,C01228,Daniel Williams,daniel.williams1228@example.com,Canada,Alberta,P001,Wireless Headphones,ELECTRONICS,Audio,2,86.38,0,172.76,109.45,63.31,Debit Card,Desktop,Website,Delivered,3
ORD002171,2025-12-12,C01442,Lucas Anderson,lucas.anderson1442@example.com,Uae,Abu Dhabi,P034,Building Blocks,TOYS,Educational,2,33.47,0,66.94,34.34,32.6,Debit Card,Mobile,Website,Delivered,4
ORD002172,2024-01-18,C00491,Adam Thomas,adam.thomas491@example.com,Uae,Sharjah,P007,Wireless Mouse,ELECTRONICS,Computers,1,36.61,0,36.61,18.05,18.56,Paypal,Tablet,Website,Shipped,0
ORD002173,2026-07-30,C01042,Aarav King,aarav.king1042@example.com,Usa,New York,P008,Webcam HD,ELECTRONICS,Computers,2,57.02,0.2,91.23,67.05,24.18,Debit Card,Mobile,Mobile App,Delivered,5
ORD002174,2025-08-26,C00915,Daniel Smith,daniel.smith915@example.com,Germany,Bavaria,P001,Wireless Headphones,ELECTRONICS,Audio,1,79.67,0,79.67,48.01,31.66,Credit Card,Mobile,Website,Delivered,4
ORD002175,2025-06-30,C00475,Olivia Lee,olivia.lee475@example.com,India,Karnataka,P032,Data Analytics Book,BOOKS,Education,4,46.48,0,185.92,84.75,101.17,Debit Card,Mobile,Website,Processing,0
ORD002176,2025-02-28,C00670,Leo Williams,leo.williams670@example.com,Usa,California,P017,Air Fryer,HOME & KITCHEN,Appliances,2,120.66,0.1,217.19,161.18,56.01,Debit Card,Desktop,Website,Delivered,5
ORD002177,2026-06-30,C00421,Ava Moore,ava.moore421@example.com,Canada,British Columbia,P031,Novel Set,BOOKS,Fiction,1,42.31,0.05,40.19,21.34,18.85,Debit Card,Mobile,Mobile App,Returned,5
ORD002178,2024-09-13,C00030,Liam Hall,liam.hall30@example.com,Uae,Sharjah,P011,Denim Jacket,FASHION,Outerwear,4,77.55,0.1,279.18,180.63,98.55,Credit Card,Mobile,Website,Cancelled,0
ORD002179,2024-09-02,C00711,Grace Lewis,grace.lewis711@example.com,Usa,New York,P016,Coffee Maker,HOME & KITCHEN,Appliances,3,91.43,0.15,233.15,170.5,62.65,Paypal,Tablet,Marketplace,Delivered,5
ORD002180,2024-06-25,C01739,Ava Lee,ava.lee1739@example.com,Germany,Bavaria,P008,Webcam HD,ELECTRONICS,Computers,1,59.75,0,59.75,36.33,23.42,Paypal,Mobile,Mobile App,Delivered,5
ORD002181,2025-01-20,C01607,Adam Lewis,adam.lewis1607@example.com,Canada,British Columbia,P020,Storage Boxes,HOME & KITCHEN,Storage,1,25.93,0.15,22.04,13.13,8.91,Debit Card,Mobile,Marketplace,Delivered,4
ORD002182,2025-10-29,C00881,Lucas Anderson,lucas.anderson881@example.com,Uk,England,P035,Remote Control Car,TOYS,Vehicles,2,45.53,0.2,72.85,52.36,20.49,Paypal,Tablet,Mobile App,Shipped,0
ORD002183,2024-12-10,C01509,Owen Thomas,owen.thomas1509@example.com,Uk,Wales,P026,Water Bottle,SPORTS,Accessories,1,17.69,0.25,13.27,7.59,5.68,Paypal,Mobile,Mobile App,Delivered,4
ORD002184,2024-06-02,C00779,Aria Lee,aria.lee779@example.com,Canada,Quebec,P029,Hair Dryer,BEAUTY,Hair Care,1,47.54,0.05,45.16,26.59,18.57,Credit Card,Desktop,Mobile App,Delivered,3
ORD002185,2024-08-02,C00961,Elijah Johnson,elijah.johnson961@example.com,Germany,Hesse,P031,Novel Set,BOOKS,Fiction,4,43.08,0,172.32,85.74,86.58,Credit Card,Mobile,Social Commerce,Returned,4
ORD002186,2025-09-24,C00499,Chloe Anderson,chloe.anderson499@example.com,Germany,Berlin,P009,Running Shoes,FASHION,Footwear,1,78.01,0.05,74.11,42.3,31.81,Paypal,Mobile,Mobile App,Delivered,4
ORD002187,2025-06-19,C01046,Aria King,aria.king1046@example.com,Uae,Abu Dhabi,P009,Running Shoes,FASHION,Footwear,1,73.71,0.15,62.65,40.04,22.61,Cash On Delivery,Mobile,Mobile App,Returned,5
ORD002188,2024-05-10,C00706,Lucas Johnson,lucas.johnson706@example.com,Canada,Ontario,P029,Hair Dryer,BEAUTY,Hair Care,4,50.5,0.2,161.6,109.84,51.76,Credit Card,Mobile,Mobile App,Cancelled,0
ORD002189,2026-04-30,C00788,Isabella Patel,isabella.patel788@example.com,France,Occitanie,P022,Yoga Mat,SPORTS,Fitness,2,23.84,0,47.68,21.22,26.46,Paypal,Mobile,Website,Processing,0
ORD002190,2026-07-14,C01405,Noah Lewis,noah.lewis1405@example.com,India,Tamil Nadu,P014,Leather Wallet,FASHION,Accessories,4,31.78,0.2,101.7,57.63,44.07,Debit Card,Tablet,Marketplace,Shipped,0
ORD002191,2025-11-02,C00864,Emma Patel,emma.patel864@example.com,Usa,Texas,P008,Webcam HD,ELECTRONICS,Computers,1,59.95,0.05,56.95,35.12,21.83,Debit Card,Mobile,Website,Delivered,3
ORD002192,2024-10-24,C01015,Zoe Smith,zoe.smith1015@example.com,Australia,Western Australia,P015,Backpack,FASHION,Bags,3,54.52,0.1,147.2,85.94,61.26,Debit Card,Tablet,Website,Delivered,5
ORD002193,2024-02-08,C00991,Jack Lewis,jack.lewis991@example.com,Uae,Sharjah,P010,Casual Sneakers,FASHION,Footwear,4,53.8,0.1,193.68,119.2,74.48,Bank Transfer,Desktop,Website,Delivered,5
ORD002194,2025-05-04,C01047,Sophia Anderson,sophia.anderson1047@example.com,Germany,Saxony,P036,Puzzle 1000pc,TOYS,Games,1,21.45,0.1,19.3,9.09,10.21,Credit Card,Desktop,Mobile App,Shipped,0
ORD002195,2024-04-21,C00326,Jack Wright,jack.wright326@example.com,India,Delhi,P031,Novel Set,BOOKS,Fiction,1,40.49,0.05,38.47,19.5,18.97,Credit Card,Desktop,Marketplace,Delivered,4
ORD002196,2024-10-07,C00631,Isabella Lewis,isabella.lewis631@example.com,Canada,Ontario,P022,Yoga Mat,SPORTS,Fitness,4,25.42,0.15,86.43,46.41,40.02,Debit Card,Desktop,Website,Shipped,0
ORD002197,2025-07-09,C00317,Layla Walker,layla.walker317@example.com,Uk,Scotland,P019,Knife Set,HOME & KITCHEN,Cookware,1,61.98,0.2,49.58,35.77,13.81,Credit Card,Mobile,Website,Delivered,4
ORD002198,2025-03-27,C00815,Noah Williams,noah.williams815@example.com,France,Ile-de-France,P020,Storage Boxes,HOME & KITCHEN,Storage,3,28.83,0,86.49,41.57,44.92,Bank Transfer,Mobile,Mobile App,Delivered,3
ORD002199,2025-04-01,C00451,Amelia Moore,amelia.moore451@example.com,Uk,England,P003,Smart Watch,ELECTRONICS,Wearables,1,134.2,0.15,114.07,87.73,26.34,Credit Card,Mobile,Website,Delivered,4
ORD002200,2025-02-03,C01545,Henry Young,henry.young1545@example.com,Canada,British Columbia,P002,Bluetooth Speaker,ELECTRONICS,Audio,1,54.36,0.1,48.92,32.05,16.87,Bank Transfer,Mobile,Mobile App,Delivered,5
ORD002201,2026-04-29,C00494,James Williams,james.williams494@example.com,India,Maharashtra,P001,Wireless Headphones,ELECTRONICS,Audio,3,88.65,0,265.95,164.03,101.92,Paypal,Mobile,Marketplace,Shipped,0
ORD002202,2026-03-11,C00863,Henry Lee,henry.lee863@example.com,India,Maharashtra,P029,Hair Dryer,BEAUTY,Hair Care,3,46.88,0.1,126.58,78.84,47.74,Credit Card,Desktop,Website,Delivered,3
ORD002203,2025-07-07,C00490,James Garcia,james.garcia490@example.com,France,Normandy,P036,Puzzle 1000pc,TOYS,Games,1,19.61,0.15,16.67,8.59,8.08,Cash On Delivery,Mobile,Marketplace,Delivered,5
ORD002204,2024-03-05,C01005,Harper Wilson,harper.wilson1005@example.com,Usa,Florida,P021,Desk Lamp,HOME & KITCHEN,Lighting,1,30.86,0,30.86,15.42,15.44,Credit Card,Tablet,Website,Delivered,2
ORD002205,2026-04-13,C00466,Sophia King,sophia.king466@example.com,Uk,Wales,P002,Bluetooth Speaker,ELECTRONICS,Audio,4,53.72,0,214.88,127.97,86.91,Cash On Delivery,Tablet,Website,Delivered,2
ORD002206,2025-10-26,C00365,Henry Brown,henry.brown365@example.com,Uae,Abu Dhabi,P003,Smart Watch,ELECTRONICS,Wearables,2,135.06,0,270.12,175.03,95.09,Credit Card,Mobile,Marketplace,Delivered,5
ORD002207,2024-01-15,C01414,James Martin,james.martin1414@example.com,France,Ile-de-France,P003,Smart Watch,ELECTRONICS,Wearables,3,123.15,0.15,314.03,245.38,68.65,Debit Card,Desktop,Website,Delivered,4
ORD002208,2025-11-30,C01605,Amelia Clark,amelia.clark1605@example.com,Canada,British Columbia,P029,Hair Dryer,BEAUTY,Hair Care,2,50.27,0.05,95.51,55.74,39.77,Credit Card,Desktop,Website,Delivered,4
ORD002209,2025-01-16,C00852,Leo Williams,leo.williams852@example.com,France,Occitanie,P018,Non-stick Pan,HOME & KITCHEN,Cookware,1,35.39,0.1,31.85,18.51,13.34,Debit Card,Mobile,Marketplace,Delivered,1
ORD002210,2024-08-24,C01313,Nora Young,nora.young1313@example.com,India,Tamil Nadu,P032,Data Analytics Book,BOOKS,Education,2,42.81,0.1,77.06,40.4,36.66,Cash On Delivery,Mobile,Marketplace,Processing,0
ORD002211,2025-02-21,C00982,Elijah Wright,elijah.wright982@example.com,Canada,Ontario,P002,Bluetooth Speaker,ELECTRONICS,Audio,1,47.31,0.1,42.58,28.23,14.35,Debit Card,Mobile,Website,Delivered,3
ORD002212,2024-10-04,C00820,Isabella Wilson,isabella.wilson820@example.com,France,Ile-de-France,P034,Building Blocks,TOYS,Educational,1,39.12,0.15,33.25,19.71,13.54,Debit Card,Mobile,Website,Processing,0
ORD002213,2024-12-30,C00046,Mia Garcia,mia.garcia46@example.com,Germany,Hesse,P031,Novel Set,BOOKS,Fiction,4,40.95,0,163.8,84.09,79.71,Debit Card,Mobile,Mobile App,Delivered,4
ORD002214,2025-04-26,C01062,Henry Johnson,henry.johnson1062@example.com,France,Normandy,P004,USB-C Charger,ELECTRONICS,Accessories,6,26.41,0.05,150.54,78,72.54,Paypal,Mobile,Marketplace,Delivered,4
ORD002215,2025-03-17,C01408,Mia Young,mia.young1408@example.com,France,Ile-de-France,P010,Casual Sneakers,FASHION,Footwear,1,54.58,0,54.58,28.68,25.9,Debit Card,Desktop,Website,Delivered,5
ORD002216,2026-04-21,C00832,Aarav Lewis,aarav.lewis832@example.com,Germany,Hesse,P002,Bluetooth Speaker,ELECTRONICS,Audio,2,47.14,0.05,89.57,55.96,33.61,Paypal,Mobile,Mobile App,Delivered,1
ORD002217,2024-03-20,C00100,Mason Lewis,mason.lewis100@example.com,Usa,Illinois,P013,Hoodie,FASHION,Apparel,1,41.57,0,41.57,21.21,20.36,Cash On Delivery,Desktop,Marketplace,Delivered,5
ORD002218,2024-11-27,C00127,Aarav Williams,aarav.williams127@example.com,Uk,Scotland,P029,Hair Dryer,BEAUTY,Hair Care,1,48.59,0,48.59,26.08,22.51,Cash On Delivery,Mobile,Mobile App,Delivered,4
ORD002219,2024-07-21,C00874,Daniel Moore,daniel.moore874@example.com,Australia,Victoria,P031,Novel Set,BOOKS,Fiction,3,44.73,0.1,120.77,69.73,51.04,Bank Transfer,Mobile,Website,Delivered,4
ORD002220,2024-09-17,C01589,Noah Young,noah.young1589@example.com,Usa,New York,P036,Puzzle 1000pc,TOYS,Games,1,20.94,0.05,19.89,8.86,11.03,Paypal,Desktop,Website,Delivered,5
ORD002221,2026-04-02,C01373,Zoe Garcia,zoe.garcia1373@example.com,France,Provence,P005,Laptop Stand,ELECTRONICS,Accessories,3,41.62,0.25,93.64,64.49,29.15,Cash On Delivery,Mobile,Marketplace,Processing,0
ORD002222,2026-06-07,C01604,Henry Young,henry.young1604@example.com,Germany,Saxony,P024,Football,SPORTS,Outdoor,1,31.51,0.05,29.93,15.27,14.66,Credit Card,Tablet,Mobile App,Delivered,4
ORD002223,2024-12-29,C00837,Ava Wright,ava.wright837@example.com,Uk,Scotland,P011,Denim Jacket,FASHION,Outerwear,1,80.49,0.2,64.39,46.26,18.13,Paypal,Mobile,Website,Shipped,0
ORD002224,2026-02-08,C00867,Evelyn Walker,evelyn.walker867@example.com,Usa,Illinois,P030,Perfume,BEAUTY,Fragrance,4,66.33,0.15,225.52,140.99,84.53,Credit Card,Mobile,Mobile App,Delivered,3
ORD002225,2024-10-26,C01556,Amelia Patel,amelia.patel1556@example.com,India,Karnataka,P023,Dumbbell Set,SPORTS,Fitness,3,79.57,0.1,214.84,136.54,78.3,Credit Card,Mobile,Marketplace,Delivered,5
ORD002226,2025-11-04,C00943,Leo Thomas,leo.thomas943@example.com,Canada,Ontario,P029,Hair Dryer,BEAUTY,Hair Care,1,50.23,0,50.23,26.52,23.71,Cash On Delivery,Mobile,Mobile App,Delivered,5
ORD002227,2025-04-12,C00399,Chloe Williams,chloe.williams399@example.com,Germany,Hesse,P029,Hair Dryer,BEAUTY,Hair Care,5,52.16,0,260.8,147.66,113.14,Debit Card,Mobile,Website,Delivered,3
ORD002228,2026-02-18,C00900,Emma Patel,emma.patel900@example.com,Usa,California,P008,Webcam HD,ELECTRONICS,Computers,3,58.32,0.1,157.46,107.14,50.32,Credit Card,Tablet,Website,Delivered,5
ORD002229,2025-10-28,C01130,Mason Anderson,mason.anderson1130@example.com,Germany,Berlin,P002,Bluetooth Speaker,ELECTRONICS,Audio,3,48.78,0.15,124.39,91.06,33.33,Debit Card,Desktop,Mobile App,Delivered,4
ORD002230,2024-07-30,C00959,Olivia Lee,olivia.lee959@example.com,Australia,Western Australia,P030,Perfume,BEAUTY,Fragrance,5,75.92,0.05,360.62,197.76,162.86,Debit Card,Mobile,Marketplace,Returned,3
ORD002231,2025-03-10,C00473,Ava Lee,ava.lee473@example.com,Usa,New York,P015,Backpack,FASHION,Bags,1,47.48,0.2,37.98,26.03,11.95,Debit Card,Mobile,Mobile App,Delivered,3
ORD002232,2024-05-11,C00167,Leo Lee,leo.lee167@example.com,Canada,Quebec,P013,Hoodie,FASHION,Apparel,1,48.96,0,48.96,24.6,24.36,Credit Card,Desktop,Mobile App,Delivered,3
ORD002233,2024-05-14,C00668,Elijah Walker,elijah.walker668@example.com,India,Gujarat,P031,Novel Set,BOOKS,Fiction,1,44.54,0.05,42.31,21.62,20.69,Credit Card,Desktop,Marketplace,Delivered,5
ORD002234,2025-12-18,C01538,Isabella Williams,isabella.williams1538@example.com,Canada,Quebec,P021,Desk Lamp,HOME & KITCHEN,Lighting,3,32.32,0,96.96,47.55,49.41,Debit Card,Mobile,Mobile App,Delivered,4
ORD002235,2025-03-06,C00414,Amelia Wilson,amelia.wilson414@example.com,Uk,England,P025,Cycling Helmet,SPORTS,Outdoor,1,66.42,0.1,59.78,36.55,23.23,Paypal,Mobile,Website,Delivered,4
ORD002236,2024-09-23,C00967,Evelyn Lewis,evelyn.lewis967@example.com,Australia,Queensland,P026,Water Bottle,SPORTS,Accessories,1,16.78,0,16.78,7.28,9.5,Debit Card,Mobile,Website,Returned,1
ORD002237,2025-01-16,C00007,Emma Wilson,emma.wilson7@example.com,Canada,British Columbia,P030,Perfume,BEAUTY,Fragrance,3,68.41,0.05,194.97,110.08,84.89,Debit Card,Mobile,Website,Delivered,5
ORD002238,2026-01-23,C00793,Ava Clark,ava.clark793@example.com,France,Provence,P025,Cycling Helmet,SPORTS,Outdoor,1,71.67,0.05,68.09,42.4,25.69,Credit Card,Mobile,Marketplace,Returned,4
ORD002239,2024-08-13,C01270,Chloe Moore,chloe.moore1270@example.com,India,Gujarat,P014,Leather Wallet,FASHION,Accessories,5,29.39,0.1,132.25,69.92,62.33,Credit Card,Mobile,Website,Delivered,4
ORD002240,2024-03-18,C00055,Aarav Thomas,aarav.thomas55@example.com,Usa,New York,P012,Cotton T-Shirt,FASHION,Apparel,3,20.98,0.15,53.5,28.39,25.11,Debit Card,Mobile,Website,Cancelled,0
ORD002241,2025-04-07,C00613,Chloe Smith,chloe.smith613@example.com,Uae,Abu Dhabi,P009,Running Shoes,FASHION,Footwear,1,71.51,0.05,67.93,38.03,29.9,Debit Card,Mobile,Mobile App,Delivered,5
ORD002242,2024-09-08,C00823,Jack Wilson,jack.wilson823@example.com,Uae,Dubai,P031,Novel Set,BOOKS,Fiction,2,44.35,0.15,75.39,42.73,32.66,Credit Card,Desktop,Mobile App,Shipped,0
ORD002243,2025-05-11,C00680,Chloe King,chloe.king680@example.com,Usa,California,P009,Running Shoes,FASHION,Footwear,1,72.93,0.2,58.34,40.58,17.76,Bank Transfer,Mobile,Marketplace,Delivered,3
ORD002244,2024-05-14,C01322,James Patel,james.patel1322@example.com,Australia,Western Australia,P024,Football,SPORTS,Outdoor,1,32.16,0,32.16,15.4,16.76,Debit Card,Tablet,Website,Delivered,5
ORD002245,2024-07-04,C00985,Lucas Wright,lucas.wright985@example.com,Australia,New South Wales,P010,Casual Sneakers,FASHION,Footwear,1,51.4,0,51.4,27.37,24.03,Debit Card,Desktop,Website,Processing,0
ORD002246,2025-10-11,C01359,Amelia Williams,amelia.williams1359@example.com,Canada,Quebec,P024,Football,SPORTS,Outdoor,1,32.84,0,32.84,16.35,16.49,Debit Card,Tablet,Mobile App,Delivered,4
ORD002247,2024-04-29,C01344,Elijah Taylor,elijah.taylor1344@example.com,India,Gujarat,P024,Football,SPORTS,Outdoor,2,32.83,0,65.66,32.08,33.58,Paypal,Mobile,Website,Delivered,3
ORD002248,2024-06-04,C01613,Grace Moore,grace.moore1613@example.com,India,Maharashtra,P022,Yoga Mat,SPORTS,Fitness,2,27.04,0.1,48.67,24.53,24.14,Credit Card,Mobile,Website,Delivered,3
ORD002249,2024-01-20,C00517,Noah Hall,noah.hall517@example.com,Australia,New South Wales,P009,Running Shoes,FASHION,Footwear,5,65.94,0.15,280.25,186.96,93.29,Debit Card,Mobile,Mobile App,Delivered,5
ORD002250,2025-11-24,C01272,Sophia Smith,sophia.smith1272@example.com,Australia,Victoria,P023,Dumbbell Set,SPORTS,Fitness,2,87.02,0,174.04,104.62,69.42,Credit Card,Mobile,Marketplace,Delivered,3
ORD002251,2025-07-09,C00727,Olivia Williams,olivia.williams727@example.com,Canada,Quebec,P031,Novel Set,BOOKS,Fiction,3,37.29,0.05,106.28,53.89,52.39,Credit Card,Mobile,Mobile App,Returned,4
ORD002252,2024-04-14,C01350,Evelyn Smith,evelyn.smith1350@example.com,Uk,England,P001,Wireless Headphones,ELECTRONICS,Audio,1,77.99,0.05,74.09,48.04,26.05,Debit Card,Desktop,Mobile App,Delivered,2
ORD002253,2025-11-04,C01711,Mia Wright,mia.wright1711@example.com,Germany,Bavaria,P006,Mechanical Keyboard,ELECTRONICS,Computers,3,85.62,0.2,205.49,162.92,42.57,Bank Transfer,Mobile,Mobile App,Delivered,3
ORD002254,2025-01-20,C01468,Lucas Moore,lucas.moore1468@example.com,Australia,New South Wales,P035,Remote Control Car,TOYS,Vehicles,1,48.9,0.25,36.67,26.8,9.87,Bank Transfer,Desktop,Website,Delivered,5
ORD002255,2026-03-29,C01343,Aria Williams,aria.williams1343@example.com,France,Provence,P032,Data Analytics Book,BOOKS,Education,1,45,0.05,42.75,20.75,22,Debit Card,Tablet,Website,Delivered,4
ORD002256,2024-02-12,C00803,Henry Walker,henry.walker803@example.com,France,Provence,P018,Non-stick Pan,HOME & KITCHEN,Cookware,1,38.11,0.05,36.2,19.48,16.72,Credit Card,Tablet,Marketplace,Delivered,5
ORD002258,2024-09-19,C01792,Evelyn Wright,evelyn.wright1792@example.com,Uk,Wales,P004,USB-C Charger,ELECTRONICS,Accessories,2,25.67,0.05,48.77,23.99,24.78,Debit Card,Mobile,Mobile App,Delivered,1
ORD002259,2024-11-29,C01226,Charlotte Smith,charlotte.smith1226@example.com,India,Karnataka,P030,Perfume,BEAUTY,Fragrance,1,74.22,0.05,70.51,37.12,33.39,Debit Card,Mobile,Mobile App,Delivered,5
ORD002260,2024-09-15,C01258,Ava Walker,ava.walker1258@example.com,Uae,Sharjah,P018,Non-stick Pan,HOME & KITCHEN,Cookware,1,34.8,0.15,29.58,17.29,12.29,Cash On Delivery,Mobile,Website,Delivered,4
ORD002261,2024-06-03,C01748,Isabella Brown,isabella.brown1748@example.com,Uae,Sharjah,P031,Novel Set,BOOKS,Fiction,2,42.24,0,84.48,41.08,43.4,Bank Transfer,Mobile,Social Commerce,Returned,2
ORD002262,2025-10-02,C00770,Grace Lee,grace.lee770@example.com,Uk,Scotland,P021,Desk Lamp,HOME & KITCHEN,Lighting,1,36.89,0.05,35.05,18.06,16.99,Debit Card,Desktop,Mobile App,Delivered,5
ORD002263,2025-03-19,C00804,Leo Lewis,leo.lewis804@example.com,Australia,New South Wales,P015,Backpack,FASHION,Bags,1,55.6,0.25,41.7,28.55,13.15,Credit Card,Tablet,Website,Delivered,5
ORD002264,2024-09-08,C00552,Noah Martin,noah.martin552@example.com,Uk,Wales,P028,Moisturizer,BEAUTY,Skin Care,2,25.16,0.2,40.26,20.39,19.87,Bank Transfer,Tablet,Marketplace,Delivered,2
ORD002265,2024-09-16,C01464,Aarav Wright,aarav.wright1464@example.com,Germany,Saxony,P012,Cotton T-Shirt,FASHION,Apparel,1,19.75,0.05,18.76,8.73,10.03,Debit Card,Desktop,Mobile App,Delivered,3
ORD002266,2024-12-03,C01442,Lucas Anderson,lucas.anderson1442@example.com,Germany,Saxony,P006,Mechanical Keyboard,ELECTRONICS,Computers,1,90.43,0,90.43,58.16,32.27,Debit Card,Tablet,Website,Delivered,5
ORD002267,2024-09-20,C00690,Charlotte Brown,charlotte.brown690@example.com,Uae,Sharjah,P008,Webcam HD,ELECTRONICS,Computers,5,66.45,0.1,299.03,203.91,95.12,Credit Card,Mobile,Website,Delivered,4
ORD002268,2024-06-24,C00621,Charlotte Hall,charlotte.hall621@example.com,Usa,Florida,P019,Knife Set,HOME & KITCHEN,Cookware,1,62.43,0.05,59.31,34.05,25.26,Paypal,Desktop,Website,Returned,5
ORD002269,2025-07-04,C01573,Isabella Young,isabella.young1573@example.com,Germany,Hesse,P030,Perfume,BEAUTY,Fragrance,2,69.58,0.2,111.33,72.65,38.68,Paypal,Tablet,Mobile App,Delivered,5
ORD002270,2026-03-12,C01604,Henry Young,henry.young1604@example.com,Canada,Ontario,P004,USB-C Charger,ELECTRONICS,Accessories,1,26.14,0,26.14,12.34,13.8,Cash On Delivery,Mobile,Website,Delivered,4
ORD002271,2025-12-09,C00890,Aria Taylor,aria.taylor890@example.com,Uae,Sharjah,P031,Novel Set,BOOKS,Fiction,1,36.81,0.25,27.61,17.75,9.86,Credit Card,Desktop,Mobile App,Delivered,5
ORD002272,2025-03-11,C00293,Chloe Wright,chloe.wright293@example.com,Germany,Hesse,P010,Casual Sneakers,FASHION,Footwear,1,50.82,0.1,45.74,27.06,18.68,Paypal,Mobile,Website,Delivered,4
ORD002273,2024-04-16,C01076,Daniel King,daniel.king1076@example.com,Usa,Florida,P012,Cotton T-Shirt,FASHION,Apparel,1,20.49,0.2,16.39,9.19,7.2,Paypal,Desktop,Mobile App,Delivered,5
ORD002274,2026-01-03,C01285,Noah Smith,noah.smith1285@example.com,India,Karnataka,P020,Storage Boxes,HOME & KITCHEN,Storage,1,27.71,0.2,22.17,13.52,8.65,Credit Card,Mobile,Mobile App,Delivered,4
ORD002275,2024-10-09,C01099,Daniel Wright,daniel.wright1099@example.com,France,Provence,P008,Webcam HD,ELECTRONICS,Computers,2,60.57,0.2,96.91,75.55,21.36,Debit Card,Desktop,Website,Delivered,4
ORD002276,2025-04-13,C00945,Elijah Lewis,elijah.lewis945@example.com,Uae,Dubai,P004,USB-C Charger,ELECTRONICS,Accessories,2,26.21,0.1,47.18,24.34,22.84,Credit Card,Mobile,Mobile App,Delivered,4
ORD002277,2026-01-16,C00705,Ethan Lee,ethan.lee705@example.com,Canada,Ontario,P028,Moisturizer,BEAUTY,Skin Care,5,27.03,0.05,128.39,54.87,73.52,Debit Card,Mobile,Mobile App,Delivered,1
ORD002278,2024-12-26,C00617,James Clark,james.clark617@example.com,Uae,Abu Dhabi,P007,Wireless Mouse,ELECTRONICS,Computers,3,39.03,0.05,111.24,57.51,53.73,Paypal,Mobile,Website,Delivered,5
ORD002279,2024-01-18,C01094,Sophia Lewis,sophia.lewis1094@example.com,Usa,Florida,P003,Smart Watch,ELECTRONICS,Wearables,1,122.78,0,122.78,82.88,39.9,Credit Card,Mobile,Website,Delivered,5
ORD002280,2025-12-25,C00221,Ethan Clark,ethan.clark221@example.com,Canada,Alberta,P015,Backpack,FASHION,Bags,5,51.58,0,257.9,137.11,120.79,Paypal,Mobile,Website,Shipped,0
ORD002281,2026-03-26,C00825,Charlotte King,charlotte.king825@example.com,India,Gujarat,P016,Coffee Maker,HOME & KITCHEN,Appliances,1,96.19,0,96.19,61.31,34.88,Paypal,Mobile,Mobile App,Delivered,4
ORD002282,2025-11-04,C01487,Aria Moore,aria.moore1487@example.com,Germany,Saxony,P029,Hair Dryer,BEAUTY,Hair Care,4,46.3,0.25,138.9,104.79,34.11,Credit Card,Desktop,Website,Delivered,4
ORD002283,2025-05-07,C00373,Grace Moore,grace.moore373@example.com,Germany,Saxony,P027,Face Serum,BEAUTY,Skin Care,1,34.94,0,34.94,14.24,20.7,Paypal,Mobile,Mobile App,Delivered,3
ORD002284,2025-08-20,C00912,Sophia Wright,sophia.wright912@example.com,Canada,Alberta,P005,Laptop Stand,ELECTRONICS,Accessories,1,44.24,0.25,33.18,23.12,10.06,Bank Transfer,Mobile,Marketplace,Delivered,4
ORD002285,2026-04-02,C00360,Sophia Smith,sophia.smith360@example.com,Australia,Victoria,P001,Wireless Headphones,ELECTRONICS,Audio,1,84.95,0,84.95,53.14,31.81,Cash On Delivery,Mobile,Mobile App,Delivered,4
ORD002286,2025-09-30,C01375,Ethan Patel,ethan.patel1375@example.com,Canada,Quebec,P012,Cotton T-Shirt,FASHION,Apparel,6,19.85,0.2,95.28,53.68,41.6,Credit Card,Mobile,Mobile App,Delivered,5
ORD002287,2025-06-13,C01497,Adam Young,adam.young1497@example.com,Uae,Sharjah,P008,Webcam HD,ELECTRONICS,Computers,2,66.31,0,132.62,83.83,48.79,Debit Card,Mobile,Mobile App,Delivered,5
ORD002288,2024-09-21,C00185,Charlotte Wilson,charlotte.wilson185@example.com,Australia,Victoria,P019,Knife Set,HOME & KITCHEN,Cookware,6,59.56,0,357.36,196.95,160.41,Debit Card,Mobile,Website,Cancelled,0
ORD002289,2025-12-24,C00716,James Johnson,james.johnson716@example.com,Australia,Western Australia,P036,Puzzle 1000pc,TOYS,Games,1,22.07,0,22.07,9.52,12.55,Credit Card,Mobile,Website,Delivered,5
ORD002290,2026-02-09,C01653,Evelyn Hall,evelyn.hall1653@example.com,France,Occitanie,P030,Perfume,BEAUTY,Fragrance,1,75.86,0.2,60.69,39.45,21.24,Credit Card,Desktop,Website,Processing,0
ORD002291,2024-01-25,C00720,Sophia King,sophia.king720@example.com,Canada,British Columbia,P029,Hair Dryer,BEAUTY,Hair Care,1,47.53,0.2,38.02,26.66,11.36,Credit Card,Mobile,Social Commerce,Cancelled,0
ORD002292,2025-11-12,C01165,Noah Martin,noah.martin1165@example.com,Australia,Victoria,P031,Novel Set,BOOKS,Fiction,2,41.56,0,83.12,42.24,40.88,Bank Transfer,Desktop,Website,Shipped,0
ORD002293,2024-04-19,C00272,Harper Lewis,harper.lewis272@example.com,India,Karnataka,P032,Data Analytics Book,BOOKS,Education,2,49.08,0.1,88.34,46.26,42.08,Paypal,Mobile,Website,Cancelled,0
ORD002294,2025-07-01,C01072,Ava Johnson,ava.johnson1072@example.com,India,Maharashtra,P011,Denim Jacket,FASHION,Outerwear,2,70.65,0.2,113.04,82.65,30.39,Credit Card,Mobile,Website,Delivered,3
ORD002295,2025-09-29,C00341,Henry Clark,henry.clark341@example.com,Uk,Scotland,P031,Novel Set,BOOKS,Fiction,1,43,0.15,36.55,22.35,14.2,Credit Card,Desktop,Website,Delivered,4
ORD002296,2024-10-05,C00452,Aarav Clark,aarav.clark452@example.com,Australia,New South Wales,P018,Non-stick Pan,HOME & KITCHEN,Cookware,2,38.18,0,76.36,37.52,38.84,Bank Transfer,Mobile,Social Commerce,Delivered,3
ORD002297,2024-05-23,C00992,Aarav Hall,aarav.hall992@example.com,Germany,Hesse,P036,Puzzle 1000pc,TOYS,Games,3,19.95,0.05,56.86,25.19,31.67,Credit Card,Mobile,Mobile App,Delivered,4
ORD002298,2024-03-03,C01687,Isabella Thomas,isabella.thomas1687@example.com,Australia,New South Wales,P016,Coffee Maker,HOME & KITCHEN,Appliances,2,90.06,0.25,135.09,108.01,27.08,Debit Card,Desktop,Mobile App,Delivered,4
ORD002299,2025-02-28,C00569,Owen Martin,owen.martin569@example.com,Uk,Scotland,P012,Cotton T-Shirt,FASHION,Apparel,1,21.46,0.05,20.39,9.31,11.08,Bank Transfer,Mobile,Website,Shipped,0
ORD002300,2024-11-17,C01229,Noah King,noah.king1229@example.com,France,Normandy,P022,Yoga Mat,SPORTS,Fitness,1,23.32,0.05,22.15,10.45,11.7,Credit Card,Tablet,Mobile App,Delivered,4
ORD002301,2024-06-24,C01074,Sophia Taylor,sophia.taylor1074@example.com,Uk,Scotland,P006,Mechanical Keyboard,ELECTRONICS,Computers,1,99.74,0.15,84.78,60.33,24.45,Cash On Delivery,Mobile,Mobile App,Delivered,3
ORD002302,2025-07-09,C00973,Charlotte Brown,charlotte.brown973@example.com,Germany,Berlin,P009,Running Shoes,FASHION,Footwear,1,77.89,0.05,74,44.03,29.97,Credit Card,Mobile,Mobile App,Delivered,5
ORD002303,2024-11-12,C00852,Leo Williams,leo.williams852@example.com,Uk,England,P004,USB-C Charger,ELECTRONICS,Accessories,3,23.71,0,71.13,34.89,36.24,Cash On Delivery,Mobile,Mobile App,Delivered,2
ORD002304,2024-07-31,C00519,Mason Moore,mason.moore519@example.com,Usa,Florida,P035,Remote Control Car,TOYS,Vehicles,2,42.39,0,84.78,49.69,35.09,Credit Card,Mobile,Marketplace,Delivered,2
ORD002305,2026-05-22,C01079,Chloe Hall,chloe.hall1079@example.com,Germany,Hesse,P007,Wireless Mouse,ELECTRONICS,Computers,1,34.99,0.05,33.24,17.11,16.13,Paypal,Mobile,Marketplace,Shipped,0
ORD002306,2025-05-30,C01495,Olivia Anderson,olivia.anderson1495@example.com,Usa,New York,P010,Casual Sneakers,FASHION,Footwear,1,51.62,0.05,49.04,27.82,21.22,Credit Card,Mobile,Website,Processing,0
ORD002307,2025-04-05,C01188,Charlotte Smith,charlotte.smith1188@example.com,France,Normandy,P036,Puzzle 1000pc,TOYS,Games,4,21.41,0.2,68.51,37.87,30.64,Cash On Delivery,Tablet,Website,Delivered,4
ORD002308,2025-12-26,C01506,Charlotte Lewis,charlotte.lewis1506@example.com,Australia,New South Wales,P023,Dumbbell Set,SPORTS,Fitness,1,83.99,0.05,79.79,49.59,30.2,Debit Card,Desktop,Social Commerce,Delivered,5
ORD002309,2024-06-02,C00528,Adam Walker,adam.walker528@example.com,India,Tamil Nadu,P003,Smart Watch,ELECTRONICS,Wearables,1,122.38,0.1,110.14,82.06,28.08,Paypal,Mobile,Mobile App,Delivered,4
ORD002310,2025-01-13,C00047,Mason Young,mason.young47@example.com,Australia,Victoria,P003,Smart Watch,ELECTRONICS,Wearables,3,128.94,0,386.82,262,124.82,Debit Card,Mobile,Mobile App,Delivered,5
ORD002311,2026-03-31,C00380,Emma Walker,emma.walker380@example.com,Uk,Wales,P021,Desk Lamp,HOME & KITCHEN,Lighting,2,32.94,0.1,59.29,31.75,27.54,Credit Card,Desktop,Mobile App,Delivered,3
ORD002312,2026-05-15,C00772,Aarav Walker,aarav.walker772@example.com,Usa,New York,P010,Casual Sneakers,FASHION,Footwear,3,57.27,0,171.81,94.62,77.19,Debit Card,Desktop,Website,Delivered,3
ORD002313,2025-10-24,C00189,Liam Moore,liam.moore189@example.com,Uae,Sharjah,P036,Puzzle 1000pc,TOYS,Games,1,20.6,0.15,17.51,8.93,8.58,Credit Card,Mobile,Website,Delivered,4
ORD002314,2026-05-07,C00555,Daniel Brown,daniel.brown555@example.com,Canada,Alberta,P005,Laptop Stand,ELECTRONICS,Accessories,1,41.3,0,41.3,21.35,19.95,Bank Transfer,Tablet,Mobile App,Delivered,4
ORD002315,2026-07-04,C01392,Daniel Moore,daniel.moore1392@example.com,Canada,British Columbia,P031,Novel Set,BOOKS,Fiction,1,41.11,0.2,32.89,20.69,12.2,Bank Transfer,Mobile,Website,Delivered,4
ORD002316,2024-11-22,C01234,Adam Lewis,adam.lewis1234@example.com,India,Maharashtra,P020,Storage Boxes,HOME & KITCHEN,Storage,1,31.25,0.05,29.69,14.73,14.96,Paypal,Desktop,Mobile App,Delivered,3
ORD002317,2024-12-18,C01755,Ava Williams,ava.williams1755@example.com,Canada,Ontario,P015,Backpack,FASHION,Bags,2,52.78,0.1,95,56.04,38.96,Cash On Delivery,Mobile,Mobile App,Delivered,4
ORD002318,2026-01-31,C01058,Ava Young,ava.young1058@example.com,India,Maharashtra,P012,Cotton T-Shirt,FASHION,Apparel,2,21.81,0,43.62,19.48,24.14,Paypal,Tablet,Website,Processing,0
ORD002319,2024-07-25,C00723,Harper Lee,harper.lee723@example.com,Canada,Alberta,P016,Coffee Maker,HOME & KITCHEN,Appliances,1,87.69,0.15,74.54,54.88,19.66,Bank Transfer,Tablet,Mobile App,Delivered,3
ORD002320,2026-07-12,C00639,Zoe King,zoe.king639@example.com,Uae,Abu Dhabi,P007,Wireless Mouse,ELECTRONICS,Computers,1,37.47,0.05,35.6,19.11,16.49,Cash On Delivery,Mobile,Mobile App,Cancelled,0
ORD002321,2024-07-29,C01457,James Taylor,james.taylor1457@example.com,Uae,Dubai,P033,Cookbook,BOOKS,Lifestyle,1,31.41,0.05,29.84,14.18,15.66,Debit Card,Mobile,Marketplace,Cancelled,0
ORD002322,2026-01-01,C00710,Daniel Moore,daniel.moore710@example.com,India,Gujarat,P036,Puzzle 1000pc,TOYS,Games,2,18.93,0.15,32.18,16.24,15.94,Credit Card,Mobile,Social Commerce,Delivered,5
ORD002323,2025-06-05,C00947,Noah Thomas,noah.thomas947@example.com,France,Normandy,P031,Novel Set,BOOKS,Fiction,1,40.57,0.05,38.54,19.51,19.03,Credit Card,Mobile,Website,Delivered,5
ORD002324,2026-06-13,C00165,Adam Walker,adam.walker165@example.com,Canada,British Columbia,P014,Leather Wallet,FASHION,Accessories,2,27.87,0.1,50.17,26.09,24.08,Debit Card,Mobile,Mobile App,Delivered,4
ORD002325,2026-01-13,C01258,Ava Walker,ava.walker1258@example.com,Usa,New York,P007,Wireless Mouse,ELECTRONICS,Computers,1,33.34,0.05,31.67,16.12,15.55,Credit Card,Mobile,Marketplace,Delivered,1
ORD002326,2024-04-05,C01431,Harper Anderson,harper.anderson1431@example.com,Uae,Abu Dhabi,P018,Non-stick Pan,HOME & KITCHEN,Cookware,2,37.8,0.05,71.82,37.66,34.16,Debit Card,Mobile,Website,Delivered,4
ORD002327,2026-03-03,C01501,Harper King,harper.king1501@example.com,Uk,England,P007,Wireless Mouse,ELECTRONICS,Computers,1,37.35,0,37.35,19.26,18.09,Credit Card,Desktop,Website,Delivered,4
ORD002328,2026-07-25,C00216,Layla Young,layla.young216@example.com,India,Tamil Nadu,P034,Building Blocks,TOYS,Educational,6,34.88,0.15,177.89,108.22,69.67,Bank Transfer,Mobile,Website,Shipped,0
ORD002329,2024-05-19,C01533,Ethan Young,ethan.young1533@example.com,Usa,Illinois,P009,Running Shoes,FASHION,Footwear,5,65.47,0,327.35,181.94,145.41,Credit Card,Desktop,Website,Delivered,5
ORD002330,2026-02-19,C01009,Layla Brown,layla.brown1009@example.com,Australia,Western Australia,P023,Dumbbell Set,SPORTS,Fitness,1,86.85,0.15,73.82,49.96,23.86,Cash On Delivery,Desktop,Website,Shipped,0
ORD002331,2024-09-21,C00427,Aarav Martin,aarav.martin427@example.com,Usa,California,P005,Laptop Stand,ELECTRONICS,Accessories,4,41.24,0.05,156.71,88.92,67.79,Cash On Delivery,Desktop,Mobile App,Delivered,4
ORD002332,2024-07-02,C01522,Lucas Wilson,lucas.wilson1522@example.com,Germany,Saxony,P008,Webcam HD,ELECTRONICS,Computers,1,57.91,0.1,52.12,36.49,15.63,Paypal,Mobile,Mobile App,Delivered,4
ORD002333,2024-05-09,C01017,Layla Young,layla.young1017@example.com,Uk,England,P016,Coffee Maker,HOME & KITCHEN,Appliances,1,86.19,0.05,81.88,53.43,28.45,Credit Card,Mobile,Website,Processing,0
ORD002334,2024-01-28,C01003,Henry Williams,henry.williams1003@example.com,France,Normandy,P017,Air Fryer,HOME & KITCHEN,Appliances,3,128.15,0.2,307.56,256.16,51.4,Paypal,Desktop,Mobile App,Delivered,5
ORD002335,2026-02-24,C01760,Isabella Wilson,isabella.wilson1760@example.com,Usa,California,P021,Desk Lamp,HOME & KITCHEN,Lighting,1,30.84,0,30.84,15.24,15.6,Debit Card,Tablet,Mobile App,Delivered,4
ORD002336,2024-10-24,C01445,Aarav Johnson,aarav.johnson1445@example.com,France,Occitanie,P008,Webcam HD,ELECTRONICS,Computers,1,55.36,0.15,47.06,34.77,12.29,Debit Card,Tablet,Marketplace,Cancelled,0
ORD002337,2024-05-20,C00495,Jack Clark,jack.clark495@example.com,Uk,England,P025,Cycling Helmet,SPORTS,Outdoor,2,67.27,0,134.54,76.06,58.48,Bank Transfer,Mobile,Marketplace,Delivered,5
ORD002338,2025-04-13,C00727,Olivia Williams,missing@example.com,Uae,Abu Dhabi,P022,Yoga Mat,SPORTS,Fitness,2,23.97,0,47.94,21.53,26.41,Credit Card,Desktop,Mobile App,Delivered,4
ORD002339,2024-01-12,C00011,Sophia Patel,sophia.patel11@example.com,Canada,Alberta,P017,Air Fryer,HOME & KITCHEN,Appliances,1,123.19,0.1,110.87,77.51,33.36,Credit Card,Desktop,Marketplace,Delivered,5
ORD002340,2024-03-20,C01682,Leo Moore,leo.moore1682@example.com,Usa,Florida,P001,Wireless Headphones,ELECTRONICS,Audio,5,83.78,0.1,377.01,259.33,117.68,Bank Transfer,Mobile,Website,Delivered,4
ORD002341,2026-01-02,C00475,Olivia Lee,olivia.lee475@example.com,Australia,Queensland,P016,Coffee Maker,HOME & KITCHEN,Appliances,1,90.21,0,90.21,55.28,34.93,Cash On Delivery,Mobile,Website,Processing,0
ORD002342,2025-10-14,C00063,Noah Smith,noah.smith63@example.com,Uae,Abu Dhabi,P008,Webcam HD,ELECTRONICS,Computers,4,55.6,0.25,166.8,136.34,30.46,Credit Card,Mobile,Website,Delivered,5
ORD002343,2026-01-16,C00314,Owen Patel,owen.patel314@example.com,Canada,British Columbia,P036,Puzzle 1000pc,TOYS,Games,2,22.02,0.1,39.64,19.49,20.15,Cash On Delivery,Desktop,Website,Processing,0
ORD002344,2026-03-13,C01374,Aarav Brown,aarav.brown1374@example.com,Germany,Saxony,P012,Cotton T-Shirt,FASHION,Apparel,1,19.98,0.05,18.98,8.91,10.07,Paypal,Mobile,Mobile App,Delivered,3
ORD002346,2025-10-07,C01600,Mason Wright,mason.wright1600@example.com,Australia,New South Wales,P011,Denim Jacket,FASHION,Outerwear,1,72.64,0.15,61.74,42.73,19.01,Paypal,Tablet,Marketplace,Processing,0
ORD002347,2024-08-11,C00139,Emma Johnson,emma.johnson139@example.com,Uae,Dubai,P006,Mechanical Keyboard,ELECTRONICS,Computers,1,91.63,0,91.63,57.67,33.96,Cash On Delivery,Mobile,Website,Delivered,3
ORD002348,2024-08-24,C01648,Leo Clark,leo.clark1648@example.com,Australia,New South Wales,P018,Non-stick Pan,HOME & KITCHEN,Cookware,3,38.69,0.15,98.66,59.93,38.73,Paypal,Mobile,Website,Delivered,5
ORD002349,2025-10-31,C00695,Harper Lewis,harper.lewis695@example.com,Uae,Abu Dhabi,P022,Yoga Mat,SPORTS,Fitness,1,23.59,0.05,22.41,11.27,11.14,Debit Card,Mobile,Website,Delivered,5
ORD002350,2024-08-13,C00976,Daniel Moore,daniel.moore976@example.com,India,Gujarat,P019,Knife Set,HOME & KITCHEN,Cookware,1,56.98,0,56.98,32.79,24.19,Credit Card,Mobile,Website,Delivered,5
ORD002351,2026-03-28,C00581,Jack Patel,jack.patel581@example.com,Germany,Saxony,P020,Storage Boxes,HOME & KITCHEN,Storage,3,27.66,0,82.98,39.73,43.25,Paypal,Mobile,Website,Returned,5
ORD002352,2024-12-11,C00463,Charlotte Patel,charlotte.patel463@example.com,France,Provence,P031,Novel Set,BOOKS,Fiction,2,37.88,0.2,60.61,37.65,22.96,Credit Card,Mobile,Mobile App,Shipped,0
ORD002353,2025-08-11,C00334,Aria Garcia,aria.garcia334@example.com,Australia,Western Australia,P032,Data Analytics Book,BOOKS,Education,2,45.85,0,91.7,43.21,48.49,Debit Card,Desktop,Website,Delivered,4
ORD002354,2025-02-22,C01662,Aarav Garcia,aarav.garcia1662@example.com,Uk,Wales,P015,Backpack,FASHION,Bags,1,53.81,0.1,48.43,29.05,19.38,Bank Transfer,Mobile,Website,Delivered,5
ORD002355,2025-10-11,C01001,Mia Smith,mia.smith1001@example.com,India,Gujarat,P001,Wireless Headphones,ELECTRONICS,Audio,1,87.39,0,87.39,54.33,33.06,Credit Card,Mobile,Marketplace,Delivered,5
ORD002356,2024-11-10,C00649,Isabella Thomas,isabella.thomas649@example.com,Usa,California,P021,Desk Lamp,HOME & KITCHEN,Lighting,2,31.64,0.05,60.12,31.47,28.65,Paypal,Desktop,Website,Delivered,3
ORD002357,2025-03-21,C00712,Ethan Garcia,ethan.garcia712@example.com,Uk,Scotland,P016,Coffee Maker,HOME & KITCHEN,Appliances,1,92.59,0.15,78.7,58.01,20.69,Cash On Delivery,Mobile,Website,Delivered,3
ORD002358,2024-11-09,C01218,Sophia Brown,sophia.brown1218@example.com,Australia,Victoria,P028,Moisturizer,BEAUTY,Skin Care,3,25.87,0.05,73.73,29.89,43.84,Paypal,Desktop,Website,Cancelled,0
ORD002359,2025-11-30,C00069,Emma Brown,emma.brown69@example.com,France,Ile-de-France,P015,Backpack,FASHION,Bags,2,50.8,0.1,91.44,55.96,35.48,Debit Card,Mobile,Marketplace,Delivered,1
ORD002360,2024-12-21,C01388,Zoe Taylor,zoe.taylor1388@example.com,Uk,Scotland,P006,Mechanical Keyboard,ELECTRONICS,Computers,1,86.66,0,86.66,53.83,32.83,Credit Card,Desktop,Mobile App,Delivered,3
ORD002361,2025-02-17,C01625,Olivia Johnson,olivia.johnson1625@example.com,Canada,Ontario,P011,Denim Jacket,FASHION,Outerwear,1,69.13,0.05,65.67,40.41,25.26,Credit Card,Mobile,Website,Delivered,4
ORD002362,2026-06-08,C01565,Grace Young,grace.young1565@example.com,Uae,Dubai,P031,Novel Set,BOOKS,Fiction,1,40.39,0.15,34.33,19.43,14.9,Paypal,Mobile,Website,Cancelled,0
ORD002363,2026-02-02,C00233,Nora Hall,nora.hall233@example.com,Australia,New South Wales,P030,Perfume,BEAUTY,Fragrance,1,75.13,0,75.13,37.96,37.17,Cash On Delivery,Mobile,Website,Delivered,5
ORD002364,2025-02-08,C01783,Sophia Smith,sophia.smith1783@example.com,Uae,Abu Dhabi,P022,Yoga Mat,SPORTS,Fitness,2,24.09,0,48.18,22.14,26.04,Cash On Delivery,Tablet,Website,Delivered,4
ORD002365,2024-05-20,C01144,Henry Moore,henry.moore1144@example.com,Germany,Saxony,P029,Hair Dryer,BEAUTY,Hair Care,1,50.06,0.1,45.05,27.94,17.11,Paypal,Tablet,Mobile App,Delivered,5
ORD002366,2026-04-03,C01494,Henry Moore,henry.moore1494@example.com,Canada,British Columbia,P014,Leather Wallet,FASHION,Accessories,1,33.48,0.15,28.46,15.95,12.51,Debit Card,Tablet,Website,Delivered,2
ORD002367,2024-10-27,C01226,Charlotte Smith,charlotte.smith1226@example.com,Australia,Queensland,P001,Wireless Headphones,ELECTRONICS,Audio,1,87.22,0.25,65.41,51.95,13.46,Credit Card,Mobile,Website,Delivered,5
ORD002368,2025-08-30,C00141,Liam Lee,liam.lee141@example.com,Usa,Illinois,P027,Face Serum,BEAUTY,Skin Care,1,38.66,0,38.66,16.12,22.54,Bank Transfer,Desktop,Mobile App,Delivered,3
ORD002369,2025-05-02,C00904,Olivia Garcia,olivia.garcia904@example.com,Uae,Sharjah,P031,Novel Set,BOOKS,Fiction,2,39.46,0.15,67.08,38.74,28.34,Credit Card,Mobile,Social Commerce,Delivered,4
ORD002370,2024-06-07,C00043,Amelia Lee,amelia.lee43@example.com,Germany,Bavaria,P002,Bluetooth Speaker,ELECTRONICS,Audio,5,53.82,0,269.1,158.69,110.41,Paypal,Desktop,Website,Delivered,3
ORD002371,2025-04-21,C01172,James Brown,james.brown1172@example.com,Germany,Hesse,P020,Storage Boxes,HOME & KITCHEN,Storage,2,30.95,0,61.9,30.39,31.51,Paypal,Mobile,Mobile App,Delivered,4
ORD002372,2024-11-10,C01548,Mia Williams,mia.williams1548@example.com,Uae,Abu Dhabi,P025,Cycling Helmet,SPORTS,Outdoor,2,68.76,0.05,130.64,80.71,49.93,Paypal,Mobile,Marketplace,Shipped,0
ORD002373,2024-09-25,C00244,Owen Smith,owen.smith244@example.com,Usa,New York,P031,Novel Set,BOOKS,Fiction,3,38.47,0.05,109.64,58.64,51,Debit Card,Mobile,Mobile App,Delivered,5
ORD002374,2024-02-10,C01640,Elijah Smith,elijah.smith1640@example.com,Australia,Victoria,P032,Data Analytics Book,BOOKS,Education,2,46.6,0,93.2,43.88,49.32,Debit Card,Mobile,Marketplace,Delivered,4
ORD002375,2025-12-20,C00988,Charlotte Taylor,charlotte.taylor988@example.com,France,Normandy,P016,Coffee Maker,HOME & KITCHEN,Appliances,1,86.34,0.1,77.71,52.15,25.56,Credit Card,Tablet,Website,Delivered,4
ORD002376,2025-07-15,C00938,Sophia Martin,sophia.martin938@example.com,France,Provence,P007,Wireless Mouse,ELECTRONICS,Computers,1,37.45,0.05,35.58,18.57,17.01,Cash On Delivery,Desktop,Website,Delivered,4
ORD002377,2024-07-26,C00625,Lucas Clark,lucas.clark625@example.com,Germany,Bavaria,P008,Webcam HD,ELECTRONICS,Computers,2,61.23,0.15,104.09,73.26,30.83,Credit Card,Desktop,Mobile App,Delivered,3
ORD002378,2024-08-23,C00495,Jack Clark,jack.clark495@example.com,Uk,England,P018,Non-stick Pan,HOME & KITCHEN,Cookware,2,38.5,0,77,40.77,36.23,Credit Card,Desktop,Mobile App,Delivered,5
ORD002379,2024-07-16,C00656,Ava Moore,ava.moore656@example.com,Germany,Hesse,P026,Water Bottle,SPORTS,Accessories,2,19.01,0,38.02,16.82,21.2,Debit Card,Mobile,Website,Delivered,5
ORD002380,2025-06-27,C00810,Harper Lewis,harper.lewis810@example.com,Usa,New York,P016,Coffee Maker,HOME & KITCHEN,Appliances,2,94.11,0,188.22,114.13,74.09,Debit Card,Desktop,Mobile App,Delivered,2
ORD002381,2025-06-04,C01663,Amelia Martin,amelia.martin1663@example.com,Uk,Wales,P029,Hair Dryer,BEAUTY,Hair Care,1,53.41,0.05,50.74,28.92,21.82,Credit Card,Mobile,Mobile App,Delivered,5
ORD002382,2025-10-20,C01459,Mia King,mia.king1459@example.com,Uae,Dubai,P005,Laptop Stand,ELECTRONICS,Accessories,1,41.58,0.05,39.5,21.57,17.93,Paypal,Mobile,Website,Delivered,5
ORD002383,2026-06-12,C01343,Aria Williams,aria.williams1343@example.com,India,Delhi,P019,Knife Set,HOME & KITCHEN,Cookware,2,61.25,0.05,116.38,68.39,47.99,Debit Card,Tablet,Website,Delivered,3
ORD002384,2026-06-08,C01300,Daniel Wilson,daniel.wilson1300@example.com,France,Ile-de-France,P018,Non-stick Pan,HOME & KITCHEN,Cookware,1,38.18,0,38.18,20.05,18.13,Paypal,Mobile,Mobile App,Delivered,3
ORD002385,2025-09-07,C01588,Harper Clark,harper.clark1588@example.com,Australia,Queensland,P034,Building Blocks,TOYS,Educational,1,35.63,0.15,30.29,17.31,12.98,Paypal,Mobile,Mobile App,Delivered,5
ORD002386,2024-04-01,C00419,Henry Williams,henry.williams419@example.com,Germany,Hesse,P015,Backpack,FASHION,Bags,1,50.77,0,50.77,27.8,22.97,Credit Card,Desktop,Website,Returned,4
ORD002387,2024-09-12,C00989,Lucas Lee,lucas.lee989@example.com,France,Normandy,P034,Building Blocks,TOYS,Educational,6,34.11,0.05,194.43,102.08,92.35,Debit Card,Tablet,Social Commerce,Shipped,0
ORD002388,2025-06-16,C00166,Henry Walker,henry.walker166@example.com,France,Provence,P031,Novel Set,BOOKS,Fiction,3,42.69,0,128.07,65.74,62.33,Paypal,Mobile,Mobile App,Delivered,3
ORD002389,2026-04-14,C01781,Olivia Young,olivia.young1781@example.com,India,Karnataka,P013,Hoodie,FASHION,Apparel,5,42.45,0.05,201.64,109.67,91.97,Debit Card,Mobile,Website,Delivered,5
ORD002390,2025-08-11,C01615,Henry Walker,henry.walker1615@example.com,India,Gujarat,P028,Moisturizer,BEAUTY,Skin Care,1,26.34,0,26.34,10.43,15.91,Credit Card,Desktop,Mobile App,Processing,0
ORD002391,2026-05-25,C00805,Aria Martin,aria.martin805@example.com,Canada,British Columbia,P017,Air Fryer,HOME & KITCHEN,Appliances,2,134.16,0,268.32,168.08,100.24,Debit Card,Mobile,Mobile App,Delivered,4
ORD002392,2025-08-22,C01121,Charlotte Martin,charlotte.martin1121@example.com,Australia,New South Wales,P012,Cotton T-Shirt,FASHION,Apparel,2,20.27,0.05,38.51,18.76,19.75,Debit Card,Mobile,Website,Shipped,0
ORD002393,2024-06-04,C00053,James Hall,james.hall53@example.com,Uae,Abu Dhabi,P002,Bluetooth Speaker,ELECTRONICS,Audio,2,47.69,0,95.38,58.24,37.14,Paypal,Tablet,Marketplace,Processing,0
ORD002394,2025-06-15,C01550,Evelyn Johnson,evelyn.johnson1550@example.com,Usa,Florida,P035,Remote Control Car,TOYS,Vehicles,5,46.63,0,233.15,131.33,101.82,Credit Card,Desktop,Mobile App,Delivered,3
ORD002395,2024-06-05,C01766,Liam Lee,liam.lee1766@example.com,India,Tamil Nadu,P015,Backpack,FASHION,Bags,5,55.1,0,275.5,150.1,125.4,Credit Card,Desktop,Social Commerce,Processing,0
ORD002396,2025-02-09,C01185,Mason King,mason.king1185@example.com,Canada,Alberta,P016,Coffee Maker,HOME & KITCHEN,Appliances,5,96.26,0,481.3,300.44,180.86,Debit Card,Mobile,Mobile App,Delivered,3
ORD002397,2024-02-18,C00466,Sophia King,sophia.king466@example.com,Germany,Hesse,P004,USB-C Charger,ELECTRONICS,Accessories,3,23.26,0,69.78,34.25,35.53,Paypal,Mobile,Website,Delivered,5
ORD002398,2025-07-29,C01311,Grace Williams,grace.williams1311@example.com,France,Ile-de-France,P020,Storage Boxes,HOME & KITCHEN,Storage,1,26.9,0.2,21.52,13.44,8.08,Credit Card,Mobile,Mobile App,Delivered,4
ORD002399,2025-06-24,C01505,Amelia Wilson,amelia.wilson1505@example.com,Australia,New South Wales,P004,USB-C Charger,ELECTRONICS,Accessories,2,25.94,0,51.88,25.54,26.34,Credit Card,Mobile,Marketplace,Delivered,4
ORD002400,2026-03-05,C01471,Jack Thomas,jack.thomas1471@example.com,Usa,California,P002,Bluetooth Speaker,ELECTRONICS,Audio,4,54.45,0.05,206.91,125.7,81.21,Paypal,Tablet,Website,Returned,5
ORD002401,2024-01-25,C00164,Olivia Anderson,olivia.anderson164@example.com,France,Provence,P014,Leather Wallet,FASHION,Accessories,1,28.78,0.1,25.9,13.19,12.71,Bank Transfer,Desktop,Website,Delivered,4
ORD002402,2024-06-12,C01410,Owen Clark,owen.clark1410@example.com,Australia,Queensland,P025,Cycling Helmet,SPORTS,Outdoor,2,66.8,0.05,126.92,73.8,53.12,Debit Card,Mobile,Website,Delivered,5
ORD002403,2026-06-03,C00808,Ethan Patel,ethan.patel808@example.com,Australia,Queensland,P032,Data Analytics Book,BOOKS,Education,2,46.15,0.1,83.07,43.91,39.16,Paypal,Desktop,Website,Delivered,4
ORD002404,2025-10-17,C01498,Mia Thomas,mia.thomas1498@example.com,Australia,New South Wales,P014,Leather Wallet,FASHION,Accessories,2,32.36,0.05,61.48,31.42,30.06,Credit Card,Mobile,Website,Delivered,4
ORD002405,2024-01-01,C01372,Harper Lewis,harper.lewis1372@example.com,Australia,New South Wales,P031,Novel Set,BOOKS,Fiction,1,41.85,0,41.85,20.82,21.03,Paypal,Desktop,Social Commerce,Delivered,2
ORD002406,2026-02-14,C00682,Leo Anderson,leo.anderson682@example.com,Germany,Hesse,P013,Hoodie,FASHION,Apparel,1,42.87,0,42.87,22.25,20.62,Paypal,Mobile,Marketplace,Delivered,2
ORD002407,2025-08-20,C01323,Chloe Anderson,chloe.anderson1323@example.com,Uk,Scotland,P030,Perfume,BEAUTY,Fragrance,1,69.35,0.15,58.95,34.73,24.22,Paypal,Tablet,Marketplace,Delivered,5
ORD002408,2024-03-06,C00310,Evelyn Clark,evelyn.clark310@example.com,India,Karnataka,P010,Casual Sneakers,FASHION,Footwear,1,55.28,0.05,52.52,29.93,22.59,Paypal,Mobile,Website,Delivered,4
ORD002409,2026-07-03,C01579,Leo Patel,leo.patel1579@example.com,Usa,Texas,P026,Water Bottle,SPORTS,Accessories,2,16.92,0.05,32.15,14.67,17.48,Cash On Delivery,Mobile,Mobile App,Delivered,5
ORD002410,2025-05-11,C00685,Emma Smith,missing@example.com,Germany,Bavaria,P034,Building Blocks,TOYS,Educational,2,38.42,0.2,61.47,38.72,22.75,Credit Card,Desktop,Website,Delivered,4
ORD002411,2024-02-01,C01436,Isabella Hall,isabella.hall1436@example.com,Australia,Western Australia,P031,Novel Set,BOOKS,Fiction,1,41.21,0.2,32.97,21.14,11.83,Paypal,Desktop,Website,Delivered,4
ORD002412,2025-06-08,C00768,Owen Clark,owen.clark768@example.com,Germany,Berlin,P006,Mechanical Keyboard,ELECTRONICS,Computers,3,84,0,252,157.59,94.41,Paypal,Mobile,Website,Delivered,5
ORD002413,2025-12-05,C00686,Noah Wright,noah.wright686@example.com,Uk,Scotland,P031,Novel Set,BOOKS,Fiction,2,44.71,0.1,80.48,44.14,36.34,Debit Card,Mobile,Marketplace,Delivered,4
ORD002414,2024-04-03,C00296,Noah Hall,noah.hall296@example.com,Uk,Wales,P033,Cookbook,BOOKS,Lifestyle,3,30.3,0.2,72.72,43.26,29.46,Credit Card,Desktop,Marketplace,Delivered,1
ORD002415,2024-03-21,C01385,Olivia Taylor,olivia.taylor1385@example.com,Australia,Western Australia,P004,USB-C Charger,ELECTRONICS,Accessories,1,26.01,0.1,23.41,12.31,11.1,Debit Card,Mobile,Social Commerce,Returned,3
ORD002416,2025-08-17,C00569,Owen Martin,owen.martin569@example.com,Uae,Abu Dhabi,P017,Air Fryer,HOME & KITCHEN,Appliances,1,130.38,0,130.38,85.75,44.63,Debit Card,Mobile,Mobile App,Delivered,5
ORD002417,2024-04-18,C01136,Noah Johnson,noah.johnson1136@example.com,India,Gujarat,P030,Perfume,BEAUTY,Fragrance,1,66.76,0.2,53.41,34.26,19.15,Debit Card,Mobile,Website,Shipped,0
ORD002418,2025-12-16,C01772,Sophia Taylor,sophia.taylor1772@example.com,France,Provence,P011,Denim Jacket,FASHION,Outerwear,2,73.24,0,146.48,84.86,61.62,Cash On Delivery,Mobile,Website,Delivered,5
ORD002419,2025-03-29,C01013,Henry Lewis,henry.lewis1013@example.com,Uae,Abu Dhabi,P017,Air Fryer,HOME & KITCHEN,Appliances,1,124.73,0,124.73,77.86,46.87,Debit Card,Desktop,Website,Delivered,5
ORD002420,2024-04-13,C00270,Ava Smith,ava.smith270@example.com,Germany,Hesse,P004,USB-C Charger,ELECTRONICS,Accessories,2,24.57,0,49.14,23.76,25.38,Debit Card,Desktop,Website,Delivered,5
ORD002421,2026-07-07,C00416,Zoe Wilson,zoe.wilson416@example.com,Uae,Sharjah,P006,Mechanical Keyboard,ELECTRONICS,Computers,4,96.61,0.05,367.12,247.69,119.43,Credit Card,Tablet,Website,Delivered,5
ORD002422,2025-09-18,C01691,Emma Smith,emma.smith1691@example.com,Uae,Abu Dhabi,P017,Air Fryer,HOME & KITCHEN,Appliances,1,112.72,0.15,95.81,73.64,22.17,Paypal,Desktop,Marketplace,Returned,1
ORD002423,2024-02-24,C00502,Olivia Hall,olivia.hall502@example.com,India,Delhi,P016,Coffee Maker,HOME & KITCHEN,Appliances,1,97.54,0.25,73.16,61.84,11.32,Debit Card,Mobile,Mobile App,Delivered,5
ORD002424,2024-02-29,C00057,Adam Taylor,adam.taylor57@example.com,France,Ile-de-France,P012,Cotton T-Shirt,FASHION,Apparel,3,19.78,0,59.34,26.63,32.71,Credit Card,Desktop,Website,Delivered,5
ORD002425,2025-04-09,C01717,James Wright,james.wright1717@example.com,Uk,Wales,P030,Perfume,BEAUTY,Fragrance,2,67.23,0,134.46,68.62,65.84,Debit Card,Mobile,Website,Delivered,3
ORD002426,2024-05-25,C01626,Henry Walker,henry.walker1626@example.com,Uae,Abu Dhabi,P010,Casual Sneakers,FASHION,Footwear,2,60.74,0.1,109.33,65.54,43.79,Debit Card,Desktop,Website,Delivered,2
ORD002427,2025-05-12,C00373,Grace Moore,grace.moore373@example.com,Canada,British Columbia,P010,Casual Sneakers,FASHION,Footwear,2,58.16,0,116.32,64.11,52.21,Credit Card,Mobile,Website,Delivered,3
ORD002428,2025-07-31,C00128,Adam Anderson,adam.anderson128@example.com,Usa,Florida,P017,Air Fryer,HOME & KITCHEN,Appliances,3,127,0,381,242.62,138.38,Paypal,Mobile,Website,Delivered,2
ORD002429,2025-02-04,C01245,Ethan Hall,ethan.hall1245@example.com,Canada,British Columbia,P015,Backpack,FASHION,Bags,3,46.14,0,138.42,72.34,66.08,Paypal,Mobile,Marketplace,Delivered,4
ORD002430,2025-05-01,C00306,Elijah Lewis,elijah.lewis306@example.com,Germany,Hesse,P026,Water Bottle,SPORTS,Accessories,1,18.78,0,18.78,8.06,10.72,Paypal,Mobile,Website,Delivered,4
ORD002431,2025-06-03,C00930,Olivia Patel,olivia.patel930@example.com,Australia,Queensland,P027,Face Serum,BEAUTY,Skin Care,3,35.87,0.1,96.85,44.74,52.11,Credit Card,Tablet,Website,Delivered,5
ORD002432,2026-01-28,C00678,Chloe Taylor,chloe.taylor678@example.com,Uae,Abu Dhabi,P011,Denim Jacket,FASHION,Outerwear,2,75.06,0.1,135.11,82.35,52.76,Debit Card,Desktop,Mobile App,Delivered,3
ORD002433,2025-09-04,C01421,Harper Smith,harper.smith1421@example.com,Uk,Wales,P003,Smart Watch,ELECTRONICS,Wearables,1,128.69,0.05,122.26,85.03,37.23,Bank Transfer,Desktop,Mobile App,Delivered,5
ORD002434,2025-11-01,C01480,Nora Lee,nora.lee1480@example.com,Canada,Ontario,P034,Building Blocks,TOYS,Educational,4,32.43,0,129.72,64.3,65.42,Credit Card,Mobile,Website,Returned,5
ORD002435,2025-04-03,C01799,Jack Clark,jack.clark1799@example.com,France,Normandy,P028,Moisturizer,BEAUTY,Skin Care,2,25.08,0.15,42.64,19.71,22.93,Credit Card,Tablet,Mobile App,Shipped,0
ORD002436,2024-12-20,C01343,Aria Williams,aria.williams1343@example.com,India,Delhi,P005,Laptop Stand,ELECTRONICS,Accessories,4,42.9,0.1,154.44,88.57,65.87,Cash On Delivery,Mobile,Mobile App,Delivered,5
ORD002437,2025-01-11,C00515,Charlotte Lee,charlotte.lee515@example.com,India,Delhi,P013,Hoodie,FASHION,Apparel,1,49.21,0.15,41.83,23.8,18.03,Credit Card,Desktop,Website,Delivered,5
ORD002438,2025-08-18,C01607,Adam Lewis,adam.lewis1607@example.com,Germany,Berlin,P012,Cotton T-Shirt,FASHION,Apparel,2,18.98,0.1,34.16,17.25,16.91,Cash On Delivery,Desktop,Website,Returned,1
ORD002439,2024-09-21,C00060,James Lee,james.lee60@example.com,Uae,Sharjah,P034,Building Blocks,TOYS,Educational,1,34.32,0.2,27.46,17.25,10.21,Cash On Delivery,Mobile,Website,Delivered,2
ORD002440,2024-07-14,C00032,Lucas Wilson,lucas.wilson32@example.com,Germany,Saxony,P007,Wireless Mouse,ELECTRONICS,Computers,5,33.97,0.1,152.87,86.82,66.05,Cash On Delivery,Mobile,Mobile App,Cancelled,0
ORD002441,2025-11-12,C01561,Adam Wilson,adam.wilson1561@example.com,Uae,Dubai,P021,Desk Lamp,HOME & KITCHEN,Lighting,3,30.44,0,91.32,45.49,45.83,Credit Card,Tablet,Social Commerce,Delivered,4
ORD002442,2025-10-24,C00398,Sophia Lewis,sophia.lewis398@example.com,Canada,Ontario,P029,Hair Dryer,BEAUTY,Hair Care,1,47.43,0,47.43,25.76,21.67,Credit Card,Desktop,Marketplace,Delivered,1
ORD002443,2026-04-10,C00765,Emma Wilson,emma.wilson765@example.com,Australia,Victoria,P020,Storage Boxes,HOME & KITCHEN,Storage,3,29.59,0,88.77,42.94,45.83,Credit Card,Mobile,Website,Delivered,2
ORD002444,2024-12-04,C01384,Aarav Taylor,aarav.taylor1384@example.com,Australia,Victoria,P015,Backpack,FASHION,Bags,3,48.04,0.1,129.71,77.56,52.15,Credit Card,Mobile,Website,Delivered,3
ORD002445,2025-05-18,C01414,James Martin,james.martin1414@example.com,Germany,Hesse,P013,Hoodie,FASHION,Apparel,2,45.3,0,90.6,45.54,45.06,Credit Card,Mobile,Website,Delivered,5
ORD002446,2024-04-12,C01693,Henry Clark,henry.clark1693@example.com,Uk,England,P002,Bluetooth Speaker,ELECTRONICS,Audio,4,54.83,0.15,186.42,129.64,56.78,Paypal,Mobile,Website,Delivered,5
ORD002447,2026-04-21,C00544,Grace Martin,grace.martin544@example.com,Germany,Hesse,P003,Smart Watch,ELECTRONICS,Wearables,3,125.37,0,376.11,246.38,129.73,Paypal,Mobile,Mobile App,Delivered,4
ORD002448,2026-01-15,C00389,Charlotte Hall,charlotte.hall389@example.com,Uae,Dubai,P027,Face Serum,BEAUTY,Skin Care,2,37.49,0.1,67.48,30.4,37.08,Debit Card,Desktop,Website,Delivered,5
ORD002449,2026-03-17,C00535,Evelyn Williams,evelyn.williams535@example.com,Germany,Hesse,P031,Novel Set,BOOKS,Fiction,3,43.09,0.2,103.42,66.31,37.11,Paypal,Mobile,Website,Returned,5
ORD002450,2026-02-15,C00178,Mia Patel,mia.patel178@example.com,Australia,Queensland,P008,Webcam HD,ELECTRONICS,Computers,6,57.8,0.15,294.78,215.42,79.36,Debit Card,Desktop,Marketplace,Delivered,4
ORD002451,2024-01-18,C01555,Jack Lewis,jack.lewis1555@example.com,Uae,Sharjah,P015,Backpack,FASHION,Bags,1,47.59,0,47.59,25.38,22.21,Debit Card,Desktop,Mobile App,Delivered,5
ORD002452,2025-05-16,C01401,Charlotte Smith,charlotte.smith1401@example.com,India,Delhi,P034,Building Blocks,TOYS,Educational,5,36.68,0,183.4,88.27,95.13,Debit Card,Desktop,Website,Shipped,0
ORD002453,2024-01-23,C00425,Lucas Thomas,lucas.thomas425@example.com,Canada,Quebec,P017,Air Fryer,HOME & KITCHEN,Appliances,1,125.62,0.15,106.78,80.83,25.95,Bank Transfer,Tablet,Website,Delivered,5
ORD002454,2025-01-16,C01108,Leo Williams,leo.williams1108@example.com,Germany,Hesse,P001,Wireless Headphones,ELECTRONICS,Audio,3,86.6,0.05,246.81,165.28,81.53,Debit Card,Mobile,Social Commerce,Delivered,4
ORD002455,2024-08-09,C00985,Lucas Wright,lucas.wright985@example.com,France,Ile-de-France,P015,Backpack,FASHION,Bags,3,49.8,0,149.4,80.24,69.16,Credit Card,Mobile,Website,Delivered,3
ORD002456,2026-03-07,C00315,Lucas Johnson,missing@example.com,Uk,England,P002,Bluetooth Speaker,ELECTRONICS,Audio,1,55.67,0.15,47.32,33.81,13.51,Cash On Delivery,Mobile,Website,Delivered,5
ORD002457,2026-01-18,C00857,Adam Martin,adam.martin857@example.com,Canada,Alberta,P007,Wireless Mouse,ELECTRONICS,Computers,2,35.11,0,70.22,34.06,36.16,Paypal,Mobile,Website,Processing,0
ORD002458,2026-06-29,C00907,Jack Clark,jack.clark907@example.com,Uk,England,P003,Smart Watch,ELECTRONICS,Wearables,3,134.73,0,404.19,280.66,123.53,Credit Card,Desktop,Marketplace,Delivered,5
ORD002459,2024-10-10,C01570,Jack Taylor,jack.taylor1570@example.com,France,Occitanie,P027,Face Serum,BEAUTY,Skin Care,5,38.08,0,190.4,80.5,109.9,Debit Card,Mobile,Website,Returned,2
ORD002460,2025-09-20,C01357,Sophia Walker,sophia.walker1357@example.com,Uk,England,P015,Backpack,FASHION,Bags,1,50.96,0.25,38.22,27.06,11.16,Debit Card,Mobile,Website,Delivered,5
ORD002461,2026-05-23,C00544,Grace Martin,missing@example.com,India,Delhi,P020,Storage Boxes,HOME & KITCHEN,Storage,2,26.24,0.1,47.23,25.72,21.51,Cash On Delivery,Mobile,Website,Delivered,4
ORD002462,2024-02-23,C00346,Noah Lewis,noah.lewis346@example.com,Australia,New South Wales,P036,Puzzle 1000pc,TOYS,Games,2,18.63,0.05,35.4,16.4,19,Paypal,Mobile,Social Commerce,Shipped,0
ORD002463,2026-03-27,C01550,Evelyn Johnson,evelyn.johnson1550@example.com,Uk,Scotland,P030,Perfume,BEAUTY,Fragrance,1,64.79,0.05,61.55,34.01,27.54,Credit Card,Desktop,Website,Delivered,4
ORD002464,2024-10-24,C01239,Mason Hall,mason.hall1239@example.com,Australia,New South Wales,P033,Cookbook,BOOKS,Lifestyle,2,28.62,0.15,48.65,27.05,21.6,Bank Transfer,Mobile,Website,Processing,0
ORD002465,2026-04-21,C01010,Aarav Patel,aarav.patel1010@example.com,India,Tamil Nadu,P015,Backpack,FASHION,Bags,2,48.9,0.2,78.24,51.48,26.76,Debit Card,Mobile,Mobile App,Processing,0
ORD002466,2024-02-06,C00374,Liam Anderson,liam.anderson374@example.com,Uae,Dubai,P024,Football,SPORTS,Outdoor,4,29.87,0,119.48,55.36,64.12,Cash On Delivery,Mobile,Website,Delivered,4
ORD002467,2025-03-10,C00889,Liam Williams,liam.williams889@example.com,France,Provence,P023,Dumbbell Set,SPORTS,Fitness,1,84.32,0.05,80.1,50.18,29.92,Credit Card,Mobile,Website,Shipped,0
ORD002468,2026-05-20,C01378,Emma Brown,emma.brown1378@example.com,Usa,Illinois,P033,Cookbook,BOOKS,Lifestyle,1,29.88,0.2,23.9,13.54,10.36,Cash On Delivery,Desktop,Website,Delivered,4
ORD002469,2025-12-04,C01241,Leo Lewis,leo.lewis1241@example.com,Uk,Scotland,P001,Wireless Headphones,ELECTRONICS,Audio,2,86.86,0,173.72,110.64,63.08,Paypal,Desktop,Website,Delivered,3
ORD002470,2026-02-17,C01024,Emma Young,emma.young1024@example.com,Canada,Quebec,P015,Backpack,FASHION,Bags,5,46.97,0.2,187.88,126.96,60.92,Credit Card,Mobile,Website,Processing,0
ORD002471,2025-09-24,C00479,Amelia Johnson,amelia.johnson479@example.com,Uae,Dubai,P029,Hair Dryer,BEAUTY,Hair Care,1,48.4,0.25,36.3,26.33,9.97,Credit Card,Desktop,Website,Cancelled,0
ORD002472,2024-01-03,C01439,Olivia Anderson,olivia.anderson1439@example.com,Germany,Hesse,P032,Data Analytics Book,BOOKS,Education,4,45.14,0.1,162.5,85.91,76.59,Paypal,Desktop,Social Commerce,Delivered,5
ORD002473,2024-11-28,C00955,Olivia Moore,olivia.moore955@example.com,Canada,Ontario,P001,Wireless Headphones,ELECTRONICS,Audio,1,89.34,0.05,84.87,53.42,31.45,Paypal,Mobile,Website,Delivered,5
ORD002474,2024-08-30,C00987,Charlotte Garcia,charlotte.garcia987@example.com,Germany,Berlin,P026,Water Bottle,SPORTS,Accessories,2,19.16,0.1,34.49,15.83,18.66,Paypal,Desktop,Website,Delivered,5
ORD002475,2025-03-19,C01257,Ethan Lewis,ethan.lewis1257@example.com,Canada,Quebec,P014,Leather Wallet,FASHION,Accessories,4,29.45,0.1,106.02,55,51.02,Paypal,Mobile,Website,Delivered,4
ORD002476,2026-04-15,C00941,Harper Moore,harper.moore941@example.com,India,Delhi,P019,Knife Set,HOME & KITCHEN,Cookware,2,63.52,0.15,107.98,69.14,38.84,Credit Card,Mobile,Mobile App,Delivered,3
ORD002477,2024-10-05,C01203,Ethan Brown,ethan.brown1203@example.com,India,Gujarat,P032,Data Analytics Book,BOOKS,Education,1,48.61,0.1,43.75,22.74,21.01,Credit Card,Desktop,Website,Delivered,3
ORD002478,2025-05-12,C00121,Nora Taylor,nora.taylor121@example.com,India,Delhi,P004,USB-C Charger,ELECTRONICS,Accessories,2,26.65,0.05,50.63,26.6,24.03,Cash On Delivery,Mobile,Mobile App,Delivered,5
ORD002479,2026-04-24,C00191,Harper Hall,missing@example.com,Usa,New York,P031,Novel Set,BOOKS,Fiction,1,36.86,0,36.86,18.78,18.08,Bank Transfer,Mobile,Social Commerce,Shipped,0
ORD002480,2024-07-19,C01182,Henry Johnson,henry.johnson1182@example.com,Uae,Sharjah,P002,Bluetooth Speaker,ELECTRONICS,Audio,1,52.98,0.1,47.68,32.87,14.81,Credit Card,Mobile,Mobile App,Returned,5
ORD002481,2025-10-31,C01431,Harper Anderson,harper.anderson1431@example.com,Canada,Quebec,P018,Non-stick Pan,HOME & KITCHEN,Cookware,1,34.37,0.25,25.78,17.74,8.04,Debit Card,Mobile,Website,Delivered,5
ORD002482,2025-12-26,C00762,Evelyn Patel,evelyn.patel762@example.com,Usa,California,P011,Denim Jacket,FASHION,Outerwear,2,79.94,0.2,127.9,89.1,38.8,Cash On Delivery,Desktop,Mobile App,Delivered,3
ORD002483,2025-03-20,C00207,Grace Johnson,grace.johnson207@example.com,Usa,Illinois,P033,Cookbook,BOOKS,Lifestyle,1,32.79,0,32.79,14.95,17.84,Paypal,Mobile,Mobile App,Delivered,5
ORD002484,2024-09-11,C00579,Lucas Patel,lucas.patel579@example.com,Uk,Wales,P021,Desk Lamp,HOME & KITCHEN,Lighting,2,30.94,0.2,49.5,30.24,19.26,Bank Transfer,Mobile,Mobile App,Delivered,4
ORD002485,2025-12-16,C00415,Mason Patel,mason.patel415@example.com,Canada,British Columbia,P018,Non-stick Pan,HOME & KITCHEN,Cookware,1,33.44,0.05,31.77,16.76,15.01,Debit Card,Mobile,Website,Processing,0
ORD002486,2024-03-29,C00006,Elijah Young,elijah.young6@example.com,Usa,Illinois,P021,Desk Lamp,HOME & KITCHEN,Lighting,3,36.95,0,110.85,54.77,56.08,Debit Card,Mobile,Website,Delivered,5
ORD002487,2024-07-19,C00148,Emma King,emma.king148@example.com,France,Normandy,P019,Knife Set,HOME & KITCHEN,Cookware,2,55.82,0.05,106.06,62.55,43.51,Bank Transfer,Mobile,Website,Delivered,5
ORD002488,2024-11-27,C01338,Mia Anderson,mia.anderson1338@example.com,Canada,Quebec,P022,Yoga Mat,SPORTS,Fitness,3,27.14,0,81.42,38.76,42.66,Cash On Delivery,Mobile,Website,Delivered,5
ORD002489,2025-02-16,C00787,Elijah Williams,elijah.williams787@example.com,Germany,Berlin,P030,Perfume,BEAUTY,Fragrance,2,68.07,0.15,115.72,70.97,44.75,Credit Card,Desktop,Mobile App,Delivered,5
ORD002490,2024-03-16,C00765,Emma Wilson,emma.wilson765@example.com,Germany,Bavaria,P013,Hoodie,FASHION,Apparel,1,44.84,0.05,42.6,23.27,19.33,Credit Card,Mobile,Website,Shipped,0
ORD002491,2026-06-05,C00267,Aarav Wright,aarav.wright267@example.com,Uk,England,P036,Puzzle 1000pc,TOYS,Games,1,21.98,0.05,20.88,9.24,11.64,Credit Card,Mobile,Social Commerce,Delivered,2
ORD002492,2025-06-17,C00489,Liam Clark,liam.clark489@example.com,Usa,California,P019,Knife Set,HOME & KITCHEN,Cookware,1,55.67,0,55.67,30.51,25.16,Debit Card,Mobile,Website,Shipped,0
ORD002493,2024-03-23,C00489,Liam Clark,liam.clark489@example.com,Usa,Illinois,P025,Cycling Helmet,SPORTS,Outdoor,2,60.26,0,120.52,71.08,49.44,Debit Card,Mobile,Mobile App,Delivered,4
ORD002494,2026-04-24,C00388,Aria Lewis,aria.lewis388@example.com,France,Provence,P003,Smart Watch,ELECTRONICS,Wearables,1,134.34,0.15,114.19,87.7,26.49,Credit Card,Desktop,Social Commerce,Delivered,4
ORD002495,2024-12-19,C01397,Emma Moore,emma.moore1397@example.com,Uk,Scotland,P008,Webcam HD,ELECTRONICS,Computers,1,55.86,0.05,53.07,34.79,18.28,Paypal,Mobile,Website,Delivered,4
ORD002496,2024-12-15,C01328,Ethan Young,ethan.young1328@example.com,Canada,British Columbia,P026,Water Bottle,SPORTS,Accessories,3,19.79,0.1,53.43,26.18,27.25,Debit Card,Mobile,Website,Delivered,5
ORD002497,2025-08-15,C01426,Elijah Hall,elijah.hall1426@example.com,Uae,Abu Dhabi,P033,Cookbook,BOOKS,Lifestyle,2,29.22,0.05,55.52,26.36,29.16,Credit Card,Mobile,Website,Returned,5
ORD002498,2025-01-26,C00865,Leo Clark,leo.clark865@example.com,Canada,Ontario,P018,Non-stick Pan,HOME & KITCHEN,Cookware,1,33.35,0.05,31.68,17.53,14.15,Credit Card,Desktop,Website,Shipped,0
ORD002499,2024-07-18,C00960,Olivia Garcia,olivia.garcia960@example.com,Uk,Scotland,P002,Bluetooth Speaker,ELECTRONICS,Audio,3,49.68,0.05,141.59,88.85,52.74,Paypal,Mobile,Mobile App,Delivered,5
ORD002500,2024-04-05,C00622,Lucas Clark,lucas.clark622@example.com,Usa,California,P027,Face Serum,BEAUTY,Skin Care,1,36.07,0,36.07,15.31,20.76,Paypal,Mobile,Mobile App,Delivered,2
ORD002501,2026-01-06,C01055,Ava Lewis,ava.lewis1055@example.com,Uae,Sharjah,P005,Laptop Stand,ELECTRONICS,Accessories,1,37.12,0.15,31.55,19.95,11.6,Debit Card,Mobile,Mobile App,Shipped,0
ORD002502,2024-07-01,C00268,Olivia Hall,olivia.hall268@example.com,Usa,Florida,P024,Football,SPORTS,Outdoor,1,30.38,0.1,27.34,14.3,13.04,Paypal,Desktop,Website,Delivered,4
ORD002503,2024-07-20,C00961,Elijah Johnson,elijah.johnson961@example.com,Germany,Berlin,P012,Cotton T-Shirt,FASHION,Apparel,1,18.6,0,18.6,8.38,10.22,Credit Card,Desktop,Website,Processing,0
ORD002504,2025-10-10,C01326,Owen Williams,owen.williams1326@example.com,Uae,Sharjah,P029,Hair Dryer,BEAUTY,Hair Care,1,54.89,0.2,43.91,31.03,12.88,Paypal,Mobile,Mobile App,Delivered,1
ORD002505,2026-03-13,C00919,Evelyn Moore,evelyn.moore919@example.com,Canada,Ontario,P003,Smart Watch,ELECTRONICS,Wearables,1,124.33,0,124.33,86.18,38.15,Cash On Delivery,Mobile,Mobile App,Delivered,4
ORD002506,2024-03-03,C00019,Mason Walker,mason.walker19@example.com,India,Karnataka,P020,Storage Boxes,HOME & KITCHEN,Storage,6,25.85,0.2,124.08,75.98,48.1,Paypal,Mobile,Marketplace,Delivered,5
ORD002507,2026-07-02,C00858,Adam Smith,adam.smith858@example.com,Germany,Berlin,P001,Wireless Headphones,ELECTRONICS,Audio,1,89.53,0,89.53,54.04,35.49,Cash On Delivery,Mobile,Mobile App,Delivered,5
ORD002508,2026-02-14,C00701,Olivia King,olivia.king701@example.com,Uae,Abu Dhabi,P021,Desk Lamp,HOME & KITCHEN,Lighting,3,34.46,0,103.38,49.91,53.47,Paypal,Desktop,Website,Delivered,5
ORD002509,2024-01-02,C00320,Mason King,mason.king320@example.com,Uae,Abu Dhabi,P012,Cotton T-Shirt,FASHION,Apparel,2,19.48,0.15,33.12,17.47,15.65,Credit Card,Desktop,Mobile App,Delivered,3
ORD002510,2025-01-26,C00105,Nora Moore,nora.moore105@example.com,Uae,Dubai,P020,Storage Boxes,HOME & KITCHEN,Storage,3,28.7,0.1,77.49,43.41,34.08,Paypal,Desktop,Mobile App,Delivered,3
ORD002511,2025-06-29,C00947,Noah Thomas,noah.thomas947@example.com,Uae,Dubai,P018,Non-stick Pan,HOME & KITCHEN,Cookware,1,38.47,0.05,36.55,19.97,16.58,Cash On Delivery,Mobile,Website,Shipped,0
ORD002512,2025-01-27,C01711,Mia Wright,mia.wright1711@example.com,Australia,Queensland,P006,Mechanical Keyboard,ELECTRONICS,Computers,4,84.08,0,336.32,219.76,116.56,Paypal,Mobile,Website,Delivered,4
ORD002513,2025-02-04,C01250,Evelyn Wright,evelyn.wright1250@example.com,India,Tamil Nadu,P004,USB-C Charger,ELECTRONICS,Accessories,2,24.53,0,49.06,23.62,25.44,Debit Card,Mobile,Website,Delivered,4
ORD002514,2024-01-22,C00990,Sophia Wright,sophia.wright990@example.com,Usa,Florida,P004,USB-C Charger,ELECTRONICS,Accessories,1,23.14,0.1,20.83,11.43,9.4,Paypal,Mobile,Website,Delivered,1
ORD002515,2026-07-25,C01029,Nora Smith,nora.smith1029@example.com,Canada,Alberta,P018,Non-stick Pan,HOME & KITCHEN,Cookware,3,33.13,0.05,94.42,50.76,43.66,Credit Card,Desktop,Website,Delivered,4
ORD002516,2026-02-12,C00932,Aarav King,aarav.king932@example.com,Uk,Wales,P010,Casual Sneakers,FASHION,Footwear,1,54.9,0.15,46.66,30.61,16.05,Credit Card,Mobile,Website,Delivered,3
ORD002517,2025-01-23,C01389,Ethan Walker,ethan.walker1389@example.com,Uk,Wales,P012,Cotton T-Shirt,FASHION,Apparel,1,20.38,0.05,19.36,8.82,10.54,Bank Transfer,Mobile,Mobile App,Delivered,2
ORD002518,2026-07-04,C01484,Aarav Walker,aarav.walker1484@example.com,Australia,Queensland,P003,Smart Watch,ELECTRONICS,Wearables,1,125.3,0.05,119.03,81.36,37.67,Credit Card,Desktop,Website,Shipped,0
ORD002519,2025-02-26,C01796,Charlotte Wilson,charlotte.wilson1796@example.com,Usa,Illinois,P035,Remote Control Car,TOYS,Vehicles,1,42.73,0.25,32.05,24.89,7.16,Debit Card,Desktop,Mobile App,Delivered,5
ORD002520,2025-11-09,C01366,Emma Wilson,emma.wilson1366@example.com,France,Occitanie,P023,Dumbbell Set,SPORTS,Fitness,4,82.8,0.05,314.64,186.32,128.32,Credit Card,Mobile,Website,Delivered,5
ORD002521,2025-09-03,C00506,Lucas Smith,lucas.smith506@example.com,Canada,Ontario,P032,Data Analytics Book,BOOKS,Education,4,43.27,0,173.08,82.91,90.17,Credit Card,Desktop,Mobile App,Delivered,4
ORD002522,2024-11-02,C01429,Amelia Moore,amelia.moore1429@example.com,Canada,Alberta,P008,Webcam HD,ELECTRONICS,Computers,1,57.88,0,57.88,35.86,22.02,Cash On Delivery,Mobile,Social Commerce,Returned,4
ORD002523,2025-10-23,C01551,Evelyn Walker,evelyn.walker1551@example.com,Uae,Abu Dhabi,P015,Backpack,FASHION,Bags,1,49.17,0.05,46.71,25.12,21.59,Credit Card,Mobile,Website,Processing,0
ORD002524,2026-03-17,C00433,Chloe Martin,chloe.martin433@example.com,Uk,England,P005,Laptop Stand,ELECTRONICS,Accessories,1,41.34,0,41.34,21.67,19.67,Credit Card,Mobile,Website,Delivered,5
ORD002525,2024-05-27,C00527,Leo Hall,leo.hall527@example.com,Germany,Hesse,P005,Laptop Stand,ELECTRONICS,Accessories,1,40.99,0,40.99,21.62,19.37,Debit Card,Desktop,Marketplace,Delivered,4
ORD002526,2026-04-18,C01401,Charlotte Smith,charlotte.smith1401@example.com,Australia,Queensland,P034,Building Blocks,TOYS,Educational,3,38.71,0,116.13,58.63,57.5,Debit Card,Desktop,Mobile App,Delivered,2
ORD002527,2025-02-09,C00850,Lucas Smith,lucas.smith850@example.com,France,Ile-de-France,P035,Remote Control Car,TOYS,Vehicles,1,41.87,0.15,35.59,24.3,11.29,Debit Card,Mobile,Mobile App,Shipped,0
ORD002528,2025-05-28,C01260,Chloe Taylor,chloe.taylor1260@example.com,India,Maharashtra,P023,Dumbbell Set,SPORTS,Fitness,2,88.73,0.2,141.97,102.76,39.21,Debit Card,Mobile,Website,Cancelled,0
ORD002529,2025-10-21,C00443,Olivia Anderson,olivia.anderson443@example.com,Uae,Dubai,P016,Coffee Maker,HOME & KITCHEN,Appliances,4,84.88,0.1,305.57,211.96,93.61,Debit Card,Tablet,Mobile App,Processing,0
ORD002530,2024-07-06,C00593,Evelyn Young,evelyn.young593@example.com,Usa,Illinois,P016,Coffee Maker,HOME & KITCHEN,Appliances,3,85.63,0.05,244.05,152.97,91.08,Debit Card,Mobile,Website,Delivered,4
ORD002531,2024-03-11,C00419,Henry Williams,henry.williams419@example.com,Germany,Berlin,P016,Coffee Maker,HOME & KITCHEN,Appliances,3,84.5,0.25,190.12,153.6,36.52,Cash On Delivery,Mobile,Website,Shipped,0
ORD002532,2024-05-19,C01691,Emma Smith,emma.smith1691@example.com,Usa,New York,P016,Coffee Maker,HOME & KITCHEN,Appliances,1,94.97,0,94.97,58.23,36.74,Debit Card,Mobile,Mobile App,Cancelled,0
ORD002533,2025-07-27,C01332,Elijah Williams,elijah.williams1332@example.com,Australia,Western Australia,P030,Perfume,BEAUTY,Fragrance,1,65.46,0.1,58.91,33.06,25.85,Cash On Delivery,Mobile,Website,Delivered,4
ORD002534,2025-03-15,C01356,Chloe Thomas,chloe.thomas1356@example.com,Uae,Abu Dhabi,P025,Cycling Helmet,SPORTS,Outdoor,2,65.89,0.15,112.01,74.28,37.73,Paypal,Desktop,Mobile App,Delivered,5
ORD002535,2024-03-05,C01800,Noah Moore,noah.moore1800@example.com,Usa,Florida,P029,Hair Dryer,BEAUTY,Hair Care,2,55.22,0.25,82.83,61.88,20.95,Credit Card,Desktop,Mobile App,Delivered,4
ORD002536,2026-03-04,C01140,Jack King,jack.king1140@example.com,India,Tamil Nadu,P014,Leather Wallet,FASHION,Accessories,2,31.19,0.15,53.02,29.24,23.78,Cash On Delivery,Mobile,Mobile App,Delivered,3
ORD002537,2026-05-05,C00832,Aarav Lewis,aarav.lewis832@example.com,Uae,Abu Dhabi,P015,Backpack,FASHION,Bags,2,47.38,0.15,80.55,48.69,31.86,Credit Card,Desktop,Website,Delivered,5
ORD002538,2024-07-27,C00816,Evelyn Taylor,missing@example.com,Canada,Ontario,P034,Building Blocks,TOYS,Educational,5,34.9,0,174.5,89.58,84.92,Cash On Delivery,Mobile,Mobile App,Delivered,5
ORD002539,2026-05-14,C00234,Mia Clark,mia.clark234@example.com,Canada,British Columbia,P012,Cotton T-Shirt,FASHION,Apparel,1,18.58,0,18.58,8.57,10.01,Cash On Delivery,Mobile,Website,Delivered,4
ORD002540,2025-06-15,C00352,Sophia King,sophia.king352@example.com,India,Karnataka,P009,Running Shoes,FASHION,Footwear,2,67.72,0.05,128.67,76.97,51.7,Credit Card,Mobile,Mobile App,Cancelled,0
ORD002541,2024-11-23,C01441,Mason Brown,mason.brown1441@example.com,Uae,Dubai,P014,Leather Wallet,FASHION,Accessories,2,29.55,0,59.1,27.86,31.24,Credit Card,Mobile,Marketplace,Delivered,5
ORD002542,2025-06-09,C01457,James Taylor,james.taylor1457@example.com,France,Ile-de-France,P027,Face Serum,BEAUTY,Skin Care,3,38.04,0.05,108.41,46.4,62.01,Credit Card,Desktop,Website,Delivered,3
ORD002543,2026-03-12,C00995,Zoe Young,zoe.young995@example.com,Australia,Queensland,P036,Puzzle 1000pc,TOYS,Games,1,21.74,0,21.74,8.98,12.76,Paypal,Mobile,Mobile App,Delivered,5
ORD002544,2024-07-08,C00319,Harper Garcia,harper.garcia319@example.com,India,Gujarat,P024,Football,SPORTS,Outdoor,3,30.32,0,90.96,43.39,47.57,Paypal,Mobile,Mobile App,Delivered,4
ORD002545,2024-03-25,C00728,Lucas Brown,lucas.brown728@example.com,France,Provence,P006,Mechanical Keyboard,ELECTRONICS,Computers,2,88.75,0.1,159.75,116.28,43.47,Bank Transfer,Mobile,Social Commerce,Delivered,5
ORD002546,2026-06-26,C01003,Henry Williams,henry.williams1003@example.com,Australia,New South Wales,P022,Yoga Mat,SPORTS,Fitness,1,26.4,0.25,19.8,12.25,7.55,Credit Card,Desktop,Marketplace,Delivered,5
ORD002547,2024-06-29,C01264,Aria Martin,aria.martin1264@example.com,Uk,Wales,P010,Casual Sneakers,FASHION,Footwear,2,53.07,0,106.14,55.17,50.97,Paypal,Desktop,Mobile App,Delivered,4
ORD002548,2025-12-24,C01159,Harper Lee,harper.lee1159@example.com,Canada,Alberta,P008,Webcam HD,ELECTRONICS,Computers,1,63.25,0.15,53.76,38.72,15.04,Paypal,Desktop,Website,Delivered,3
ORD002549,2026-04-26,C00121,Nora Taylor,nora.taylor121@example.com,France,Occitanie,P005,Laptop Stand,ELECTRONICS,Accessories,3,41.65,0.2,99.96,64.4,35.56,Credit Card,Mobile,Social Commerce,Processing,0
ORD002550,2025-01-14,C00700,Aria Thomas,aria.thomas700@example.com,India,Karnataka,P008,Webcam HD,ELECTRONICS,Computers,3,60.32,0.25,135.72,112.51,23.21,Paypal,Mobile,Website,Delivered,4
ORD002551,2025-07-23,C01521,Henry Young,henry.young1521@example.com,France,Occitanie,P016,Coffee Maker,HOME & KITCHEN,Appliances,3,85.72,0.2,205.73,163.35,42.38,Credit Card,Mobile,Social Commerce,Delivered,4
ORD002552,2026-05-27,C01718,Harper Hall,harper.hall1718@example.com,India,Karnataka,P027,Face Serum,BEAUTY,Skin Care,2,32.29,0,64.58,27.39,37.19,Credit Card,Mobile,Website,Delivered,2
ORD002553,2024-08-13,C01357,Sophia Walker,sophia.walker1357@example.com,Uae,Dubai,P026,Water Bottle,SPORTS,Accessories,1,20.08,0.05,19.08,8.81,10.27,Credit Card,Mobile,Website,Returned,1
ORD002554,2024-03-21,C01395,Henry Hall,henry.hall1395@example.com,Usa,Illinois,P027,Face Serum,BEAUTY,Skin Care,4,39.13,0.1,140.87,67.76,73.11,Cash On Delivery,Mobile,Website,Delivered,3
ORD002555,2025-07-26,C00651,Aarav Patel,aarav.patel651@example.com,Australia,New South Wales,P027,Face Serum,BEAUTY,Skin Care,4,32.88,0,131.52,54.78,76.74,Credit Card,Desktop,Marketplace,Delivered,4
ORD002556,2025-10-09,C01071,Layla Smith,layla.smith1071@example.com,Usa,California,P027,Face Serum,BEAUTY,Skin Care,2,38.41,0,76.82,33.26,43.56,Paypal,Tablet,Website,Returned,3
ORD002557,2024-01-04,C01309,Evelyn Moore,evelyn.moore1309@example.com,India,Maharashtra,P032,Data Analytics Book,BOOKS,Education,1,43.61,0,43.61,20.85,22.76,Paypal,Mobile,Website,Cancelled,0
ORD002558,2024-09-30,C00783,Aarav Clark,aarav.clark783@example.com,France,Normandy,P015,Backpack,FASHION,Bags,1,47.04,0.15,39.98,24.23,15.75,Credit Card,Mobile,Marketplace,Delivered,5
ORD002559,2024-06-30,C00943,Leo Thomas,leo.thomas943@example.com,Usa,California,P023,Dumbbell Set,SPORTS,Fitness,2,81.42,0,162.84,98,64.84,Debit Card,Mobile,Mobile App,Shipped,0
ORD002560,2026-07-10,C00034,James King,james.king34@example.com,Uk,Scotland,P019,Knife Set,HOME & KITCHEN,Cookware,1,67.18,0.1,60.46,36.61,23.85,Credit Card,Desktop,Website,Delivered,4
ORD002561,2025-02-03,C00467,Sophia Smith,sophia.smith467@example.com,Australia,Victoria,P026,Water Bottle,SPORTS,Accessories,1,16.93,0.05,16.08,7.21,8.87,Debit Card,Tablet,Website,Delivered,5
ORD002562,2024-10-08,C00772,Aarav Walker,aarav.walker772@example.com,Uk,England,P026,Water Bottle,SPORTS,Accessories,1,18.36,0.15,15.61,8.08,7.53,Debit Card,Desktop,Website,Delivered,5
ORD002563,2026-04-19,C00939,Zoe Williams,zoe.williams939@example.com,Germany,Berlin,P036,Puzzle 1000pc,TOYS,Games,4,21.4,0,85.6,35.5,50.1,Paypal,Desktop,Marketplace,Delivered,5
ORD002564,2026-05-20,C00394,Henry Anderson,missing@example.com,Uk,Wales,P003,Smart Watch,ELECTRONICS,Wearables,1,144.96,0.25,108.72,97.38,11.34,Credit Card,Desktop,Mobile App,Delivered,5
ORD002565,2024-05-16,C01189,Liam Wilson,liam.wilson1189@example.com,Uae,Abu Dhabi,P008,Webcam HD,ELECTRONICS,Computers,4,66.55,0.2,212.96,162.71,50.25,Paypal,Mobile,Mobile App,Delivered,4
ORD002566,2025-04-29,C00483,Aria Hall,aria.hall483@example.com,France,Normandy,P027,Face Serum,BEAUTY,Skin Care,3,36.73,0.15,93.66,47.44,46.22,Bank Transfer,Mobile,Marketplace,Delivered,5
ORD002567,2026-06-22,C01342,Henry Hall,henry.hall1342@example.com,Uk,Scotland,P019,Knife Set,HOME & KITCHEN,Cookware,2,60.88,0,121.76,68.19,53.57,Credit Card,Desktop,Website,Delivered,3
ORD002568,2025-06-29,C01333,Isabella Wright,isabella.wright1333@example.com,Canada,Alberta,P005,Laptop Stand,ELECTRONICS,Accessories,3,42.69,0.1,115.26,67.48,47.78,Paypal,Desktop,Website,Delivered,4
ORD002569,2026-06-29,C00384,Zoe Thomas,zoe.thomas384@example.com,France,Ile-de-France,P036,Puzzle 1000pc,TOYS,Games,1,21.85,0.05,20.76,9.53,11.23,Debit Card,Mobile,Website,Cancelled,0
ORD002570,2024-08-30,C00266,Jack Thomas,jack.thomas266@example.com,Canada,Ontario,P033,Cookbook,BOOKS,Lifestyle,1,29.33,0,29.33,13.07,16.26,Cash On Delivery,Desktop,Website,Delivered,5
ORD002571,2025-04-06,C00391,Mia Taylor,missing@example.com,India,Tamil Nadu,P024,Football,SPORTS,Outdoor,1,31.52,0.1,28.37,15.23,13.14,Debit Card,Mobile,Website,Delivered,5
ORD002572,2026-07-26,C00820,Isabella Wilson,isabella.wilson820@example.com,Uae,Abu Dhabi,P016,Coffee Maker,HOME & KITCHEN,Appliances,2,90.79,0,181.58,111.64,69.94,Debit Card,Desktop,Mobile App,Delivered,5
ORD002573,2024-01-24,C01736,Emma Anderson,emma.anderson1736@example.com,Usa,Illinois,P016,Coffee Maker,HOME & KITCHEN,Appliances,2,98.43,0,196.86,122.81,74.05,Paypal,Tablet,Social Commerce,Delivered,3
ORD002574,2025-01-04,C00529,Olivia Johnson,olivia.johnson529@example.com,Usa,California,P007,Wireless Mouse,ELECTRONICS,Computers,5,33.08,0,165.4,80.49,84.91,Paypal,Mobile,Social Commerce,Cancelled,0
ORD002575,2025-07-07,C01237,Mia Anderson,mia.anderson1237@example.com,France,Provence,P008,Webcam HD,ELECTRONICS,Computers,2,60.69,0.05,115.31,74.65,40.66,Paypal,Desktop,Mobile App,Processing,0
ORD002576,2024-06-14,C01090,Zoe Taylor,zoe.taylor1090@example.com,India,Tamil Nadu,P009,Running Shoes,FASHION,Footwear,3,72.02,0,216.06,119.52,96.54,Debit Card,Mobile,Marketplace,Shipped,0
ORD002577,2026-05-15,C01044,Ava Garcia,missing@example.com,Australia,Victoria,P026,Water Bottle,SPORTS,Accessories,2,19.67,0.05,37.37,16.32,21.05,Credit Card,Mobile,Mobile App,Shipped,0
ORD002578,2024-08-02,C00561,Ethan Moore,ethan.moore561@example.com,India,Tamil Nadu,P035,Remote Control Car,TOYS,Vehicles,1,47.65,0.05,45.27,27.99,17.28,Paypal,Desktop,Marketplace,Delivered,5
ORD002579,2026-06-05,C01488,Harper Patel,harper.patel1488@example.com,Usa,California,P010,Casual Sneakers,FASHION,Footwear,1,60.43,0,60.43,33.76,26.67,Paypal,Mobile,Marketplace,Cancelled,0
ORD002580,2025-07-16,C01314,Adam Wright,adam.wright1314@example.com,Canada,Quebec,P027,Face Serum,BEAUTY,Skin Care,1,37.12,0.2,29.7,16.18,13.52,Bank Transfer,Desktop,Mobile App,Delivered,4
ORD002581,2025-12-06,C01415,Owen Anderson,owen.anderson1415@example.com,Canada,British Columbia,P029,Hair Dryer,BEAUTY,Hair Care,4,55.98,0.2,179.14,122.34,56.8,Credit Card,Desktop,Mobile App,Shipped,0
ORD002582,2025-01-11,C00986,Adam Lewis,adam.lewis986@example.com,Canada,Quebec,P030,Perfume,BEAUTY,Fragrance,1,64.68,0.1,58.21,34.9,23.31,Cash On Delivery,Mobile,Website,Delivered,4
ORD002583,2024-12-16,C01535,Liam Clark,liam.clark1535@example.com,Uk,Scotland,P025,Cycling Helmet,SPORTS,Outdoor,2,61.35,0.15,104.3,69.97,34.33,Bank Transfer,Tablet,Website,Shipped,0
ORD002584,2024-02-22,C00214,Aarav Hall,aarav.hall214@example.com,Canada,Quebec,P011,Denim Jacket,FASHION,Outerwear,1,72.15,0,72.15,40.34,31.81,Credit Card,Mobile,Mobile App,Delivered,5
ORD002585,2024-05-24,C00889,Liam Williams,liam.williams889@example.com,Uk,Scotland,P031,Novel Set,BOOKS,Fiction,2,42.35,0.1,76.23,40.8,35.43,Debit Card,Mobile,Website,Delivered,5
ORD002586,2026-03-29,C01359,Amelia Williams,amelia.williams1359@example.com,Canada,Ontario,P032,Data Analytics Book,BOOKS,Education,1,44.97,0.05,42.72,21.82,20.9,Cash On Delivery,Mobile,Mobile App,Delivered,5
ORD002587,2026-05-06,C01549,Adam Garcia,adam.garcia1549@example.com,Usa,Texas,P035,Remote Control Car,TOYS,Vehicles,1,47.54,0.1,42.79,27.83,14.96,Credit Card,Desktop,Website,Delivered,4
ORD002588,2026-05-11,C00647,Emma Wright,missing@example.com,Germany,Bavaria,P017,Air Fryer,HOME & KITCHEN,Appliances,1,116.11,0.2,92.89,75.49,17.4,Debit Card,Mobile,Mobile App,Delivered,4
ORD002589,2026-06-12,C01523,Zoe Brown,zoe.brown1523@example.com,Usa,New York,P011,Denim Jacket,FASHION,Outerwear,4,77.19,0.1,277.88,177.06,100.82,Debit Card,Mobile,Social Commerce,Delivered,3
ORD002590,2024-12-16,C00744,Aarav Young,aarav.young744@example.com,France,Normandy,P036,Puzzle 1000pc,TOYS,Games,1,19.2,0.05,18.24,8.18,10.06,Debit Card,Desktop,Mobile App,Delivered,5
ORD002591,2025-01-03,C01405,Noah Lewis,noah.lewis1405@example.com,Usa,Florida,P006,Mechanical Keyboard,ELECTRONICS,Computers,1,98.96,0.1,89.06,63.51,25.55,Debit Card,Mobile,Website,Shipped,0
ORD002592,2025-03-28,C00597,Mia Clark,mia.clark597@example.com,Germany,Berlin,P018,Non-stick Pan,HOME & KITCHEN,Cookware,5,34.85,0.25,130.69,86.34,44.35,Debit Card,Tablet,Website,Delivered,3
ORD002593,2026-04-06,C01685,Noah Martin,noah.martin1685@example.com,France,Provence,P029,Hair Dryer,BEAUTY,Hair Care,1,53.68,0,53.68,28.56,25.12,Paypal,Mobile,Mobile App,Delivered,5
ORD002594,2024-03-03,C01348,Olivia Johnson,olivia.johnson1348@example.com,Usa,California,P008,Webcam HD,ELECTRONICS,Computers,1,65.67,0.05,62.39,40.22,22.17,Credit Card,Mobile,Website,Delivered,4
ORD002595,2025-12-26,C00518,Aarav Wright,aarav.wright518@example.com,India,Tamil Nadu,P004,USB-C Charger,ELECTRONICS,Accessories,1,25.09,0,25.09,12.51,12.58,Paypal,Mobile,Marketplace,Delivered,3
ORD002596,2024-07-11,C01342,Henry Hall,henry.hall1342@example.com,France,Occitanie,P018,Non-stick Pan,HOME & KITCHEN,Cookware,1,37.14,0,37.14,18.59,18.55,Credit Card,Tablet,Website,Delivered,5
ORD002597,2025-07-21,C00965,Amelia Young,amelia.young965@example.com,Usa,Illinois,P015,Backpack,FASHION,Bags,4,53.98,0.1,194.33,118.37,75.96,Credit Card,Mobile,Website,Delivered,4
ORD002598,2025-02-08,C00926,James Moore,james.moore926@example.com,Australia,New South Wales,P021,Desk Lamp,HOME & KITCHEN,Lighting,1,35.23,0.2,28.18,17.62,10.56,Debit Card,Mobile,Mobile App,Delivered,4
ORD002599,2025-11-09,C00412,Ethan Anderson,ethan.anderson412@example.com,Usa,Florida,P019,Knife Set,HOME & KITCHEN,Cookware,2,57.25,0.15,97.33,65.22,32.11,Debit Card,Mobile,Mobile App,Returned,4
ORD002600,2024-09-23,C01181,James Martin,james.martin1181@example.com,Usa,Florida,P031,Novel Set,BOOKS,Fiction,1,40.15,0.15,34.13,20.46,13.67,Paypal,Mobile,Website,Delivered,5
ORD002601,2025-04-05,C01717,James Wright,james.wright1717@example.com,Canada,Quebec,P017,Air Fryer,HOME & KITCHEN,Appliances,1,127.88,0.15,108.7,85.79,22.91,Debit Card,Desktop,Website,Delivered,3
ORD002602,2025-10-03,C01357,Sophia Walker,sophia.walker1357@example.com,Canada,Ontario,P019,Knife Set,HOME & KITCHEN,Cookware,2,59.22,0.05,112.52,64.77,47.75,Paypal,Mobile,Website,Delivered,1
ORD002603,2024-07-10,C01507,Adam Walker,adam.walker1507@example.com,Germany,Hesse,P003,Smart Watch,ELECTRONICS,Wearables,4,120.74,0.1,434.66,324.86,109.8,Bank Transfer,Mobile,Social Commerce,Delivered,5
ORD002604,2025-04-16,C00026,Mason Young,mason.young26@example.com,Uae,Sharjah,P002,Bluetooth Speaker,ELECTRONICS,Audio,1,50.46,0.05,47.94,30.73,17.21,Credit Card,Tablet,Website,Delivered,4
ORD002605,2025-03-31,C01084,Sophia Wilson,sophia.wilson1084@example.com,Usa,California,P009,Running Shoes,FASHION,Footwear,1,65.04,0.1,58.54,34.85,23.69,Paypal,Mobile,Website,Delivered,5
ORD002606,2024-02-06,C01198,Sophia Young,sophia.young1198@example.com,Uk,England,P028,Moisturizer,BEAUTY,Skin Care,1,23.66,0.1,21.29,9.18,12.11,Debit Card,Mobile,Website,Delivered,4
ORD002607,2024-01-18,C00770,Grace Lee,grace.lee770@example.com,Australia,Victoria,P013,Hoodie,FASHION,Apparel,4,42.43,0.05,161.23,87.41,73.82,Paypal,Tablet,Mobile App,Delivered,4
ORD002608,2024-08-29,C00912,Sophia Wright,sophia.wright912@example.com,India,Maharashtra,P008,Webcam HD,ELECTRONICS,Computers,2,59.12,0,118.24,69.48,48.76,Credit Card,Desktop,Mobile App,Delivered,4
ORD002609,2025-11-15,C01293,Leo Moore,leo.moore1293@example.com,Uae,Sharjah,P016,Coffee Maker,HOME & KITCHEN,Appliances,2,90.64,0.15,154.09,108.55,45.54,Credit Card,Tablet,Mobile App,Delivered,1
ORD002610,2025-08-24,C01516,Liam Moore,liam.moore1516@example.com,Uae,Sharjah,P024,Football,SPORTS,Outdoor,1,33.49,0.15,28.47,15.71,12.76,Credit Card,Mobile,Mobile App,Delivered,4
ORD002611,2026-05-18,C00796,Charlotte Wright,charlotte.wright796@example.com,Uae,Dubai,P030,Perfume,BEAUTY,Fragrance,1,66.58,0,66.58,35.85,30.73,Credit Card,Mobile,Marketplace,Delivered,5
ORD002612,2025-03-21,C01400,Chloe Young,chloe.young1400@example.com,Germany,Saxony,P011,Denim Jacket,FASHION,Outerwear,4,74.87,0,299.48,165.86,133.62,Credit Card,Desktop,Mobile App,Delivered,4
ORD002613,2026-04-25,C00039,Elijah Brown,elijah.brown39@example.com,Uk,England,P009,Running Shoes,FASHION,Footwear,3,67.06,0.1,181.06,108.83,72.23,Debit Card,Tablet,Mobile App,Delivered,5
ORD002614,2026-07-11,C00911,Elijah Garcia,elijah.garcia911@example.com,Canada,British Columbia,P014,Leather Wallet,FASHION,Accessories,3,29.77,0.05,84.84,41.74,43.1,Paypal,Desktop,Mobile App,Delivered,3
ORD002615,2026-07-18,C00015,Liam Clark,liam.clark15@example.com,Uae,Abu Dhabi,P023,Dumbbell Set,SPORTS,Fitness,1,81.98,0.2,65.58,48.84,16.74,Debit Card,Mobile,Mobile App,Shipped,0
ORD002616,2026-03-10,C01500,Henry Lee,henry.lee1500@example.com,Canada,British Columbia,P024,Football,SPORTS,Outdoor,2,27.9,0.1,50.22,25.8,24.42,Bank Transfer,Mobile,Website,Delivered,5
ORD002617,2025-08-15,C00474,Daniel Johnson,daniel.johnson474@example.com,India,Gujarat,P001,Wireless Headphones,ELECTRONICS,Audio,1,88.13,0.25,66.1,54.85,11.25,Credit Card,Desktop,Mobile App,Delivered,5
ORD002618,2025-08-18,C00003,Amelia Williams,amelia.williams3@example.com,Uk,Wales,P014,Leather Wallet,FASHION,Accessories,2,33.29,0.05,63.25,31.05,32.2,Debit Card,Tablet,Mobile App,Delivered,5
ORD002619,2025-08-21,C00691,James Hall,james.hall691@example.com,Australia,Queensland,P019,Knife Set,HOME & KITCHEN,Cookware,1,55.21,0.05,52.45,30.98,21.47,Bank Transfer,Mobile,Website,Delivered,4
ORD002620,2025-09-22,C00075,Elijah Hall,elijah.hall75@example.com,Canada,Ontario,P021,Desk Lamp,HOME & KITCHEN,Lighting,2,31.45,0,62.9,30.61,32.29,Debit Card,Mobile,Mobile App,Delivered,4
ORD002621,2024-05-15,C01356,Chloe Thomas,chloe.thomas1356@example.com,Uae,Sharjah,P019,Knife Set,HOME & KITCHEN,Cookware,5,57.06,0.05,271.04,154.14,116.9,Bank Transfer,Tablet,Website,Delivered,5
ORD002622,2025-08-31,C00770,Grace Lee,grace.lee770@example.com,Uae,Abu Dhabi,P002,Bluetooth Speaker,ELECTRONICS,Audio,1,54.73,0.2,43.78,33.29,10.49,Cash On Delivery,Desktop,Marketplace,Delivered,4
ORD002623,2025-01-13,C01018,Jack Hall,jack.hall1018@example.com,Uk,Scotland,P030,Perfume,BEAUTY,Fragrance,1,74.62,0.05,70.89,39.22,31.67,Debit Card,Mobile,Website,Delivered,5
ORD002624,2024-08-24,C01394,Elijah Brown,elijah.brown1394@example.com,Australia,Queensland,P018,Non-stick Pan,HOME & KITCHEN,Cookware,1,39.12,0.05,37.16,19.67,17.49,Debit Card,Desktop,Mobile App,Cancelled,0
ORD002625,2025-05-04,C00344,Grace Wilson,grace.wilson344@example.com,Usa,New York,P032,Data Analytics Book,BOOKS,Education,3,50.07,0,150.21,68.83,81.38,Paypal,Mobile,Marketplace,Shipped,0
ORD002626,2024-01-31,C01051,Olivia Garcia,olivia.garcia1051@example.com,France,Occitanie,P021,Desk Lamp,HOME & KITCHEN,Lighting,2,36.48,0,72.96,37.83,35.13,Cash On Delivery,Mobile,Marketplace,Delivered,5
ORD002627,2024-05-21,C01445,Aarav Johnson,aarav.johnson1445@example.com,Germany,Saxony,P023,Dumbbell Set,SPORTS,Fitness,2,81.99,0,163.98,98.68,65.3,Debit Card,Desktop,Website,Delivered,5
ORD002628,2025-06-15,C01366,Emma Wilson,emma.wilson1366@example.com,Uae,Dubai,P008,Webcam HD,ELECTRONICS,Computers,2,62.68,0.1,112.82,74.78,38.04,Debit Card,Mobile,Mobile App,Processing,0
ORD002629,2024-09-12,C01662,Aarav Garcia,aarav.garcia1662@example.com,Canada,Alberta,P033,Cookbook,BOOKS,Lifestyle,1,30.43,0.25,22.82,13.98,8.84,Bank Transfer,Mobile,Website,Shipped,0
ORD002630,2025-03-29,C01474,Ethan Wright,ethan.wright1474@example.com,France,Ile-de-France,P006,Mechanical Keyboard,ELECTRONICS,Computers,1,97.16,0.05,92.3,63.08,29.22,Debit Card,Mobile,Marketplace,Delivered,4
ORD002631,2024-09-08,C00373,Grace Moore,grace.moore373@example.com,France,Ile-de-France,P029,Hair Dryer,BEAUTY,Hair Care,6,47.76,0.1,257.9,158.13,99.77,Credit Card,Mobile,Website,Delivered,5
ORD002632,2025-02-04,C01353,James Martin,james.martin1353@example.com,Canada,Ontario,P023,Dumbbell Set,SPORTS,Fitness,2,82.1,0.15,139.57,98.55,41.02,Credit Card,Mobile,Mobile App,Delivered,4
ORD002633,2025-10-24,C01550,Evelyn Johnson,evelyn.johnson1550@example.com,Usa,New York,P015,Backpack,FASHION,Bags,3,53.43,0.15,136.25,87.52,48.73,Cash On Delivery,Desktop,Website,Delivered,5
ORD002634,2024-03-12,C00641,Mia Lee,mia.lee641@example.com,India,Maharashtra,P026,Water Bottle,SPORTS,Accessories,1,18.95,0,18.95,8.47,10.48,Bank Transfer,Mobile,Website,Delivered,1
ORD002635,2025-05-06,C00216,Layla Young,layla.young216@example.com,Uae,Dubai,P020,Storage Boxes,HOME & KITCHEN,Storage,1,29.69,0.05,28.21,14.99,13.22,Debit Card,Mobile,Website,Shipped,0
ORD002636,2026-04-18,C01651,Aria Smith,aria.smith1651@example.com,Australia,Victoria,P001,Wireless Headphones,ELECTRONICS,Audio,6,82.51,0.05,470.31,316.48,153.83,Paypal,Mobile,Marketplace,Delivered,3
ORD002637,2025-09-06,C00439,Chloe Moore,chloe.moore439@example.com,Usa,California,P017,Air Fryer,HOME & KITCHEN,Appliances,2,120.67,0.2,193.07,156.97,36.1,Debit Card,Mobile,Mobile App,Shipped,0
ORD002638,2026-06-08,C01269,Aria Smith,aria.smith1269@example.com,Uk,Wales,P028,Moisturizer,BEAUTY,Skin Care,1,25.9,0,25.9,10.36,15.54,Credit Card,Desktop,Mobile App,Delivered,4
ORD002639,2025-08-25,C01569,Nora Patel,nora.patel1569@example.com,Uk,Wales,P013,Hoodie,FASHION,Apparel,2,49.55,0.15,84.23,51.45,32.78,Credit Card,Mobile,Website,Cancelled,0
ORD002640,2025-01-25,C00130,Ava Brown,ava.brown130@example.com,Australia,Queensland,P013,Hoodie,FASHION,Apparel,4,46.59,0,186.36,95.2,91.16,Credit Card,Mobile,Mobile App,Cancelled,0
ORD002641,2024-11-23,C00941,Harper Moore,harper.moore941@example.com,France,Ile-de-France,P010,Casual Sneakers,FASHION,Footwear,1,51.91,0.1,46.72,27.81,18.91,Paypal,Desktop,Website,Delivered,5
ORD002642,2024-02-06,C00662,James Young,james.young662@example.com,Uae,Dubai,P011,Denim Jacket,FASHION,Outerwear,2,72.7,0.05,138.13,79.87,58.26,Credit Card,Tablet,Marketplace,Cancelled,0
ORD002643,2025-03-23,C00007,Emma Wilson,emma.wilson7@example.com,Germany,Berlin,P002,Bluetooth Speaker,ELECTRONICS,Audio,1,52.93,0.1,47.64,30.49,17.15,Credit Card,Desktop,Website,Delivered,5
ORD002644,2025-07-01,C01789,Grace Brown,grace.brown1789@example.com,Germany,Bavaria,P001,Wireless Headphones,ELECTRONICS,Audio,1,88.06,0.05,83.66,55.69,27.97,Credit Card,Mobile,Mobile App,Delivered,3
ORD002645,2025-09-28,C00014,Grace Lewis,grace.lewis14@example.com,Germany,Berlin,P032,Data Analytics Book,BOOKS,Education,2,48.08,0.05,91.35,46.85,44.5,Credit Card,Tablet,Website,Delivered,5
ORD002646,2026-03-30,C01070,Aarav Hall,aarav.hall1070@example.com,Germany,Bavaria,P004,USB-C Charger,ELECTRONICS,Accessories,2,27.23,0.15,46.29,25.36,20.93,Debit Card,Mobile,Website,Cancelled,0
ORD002647,2025-06-07,C01371,Leo Johnson,leo.johnson1371@example.com,Australia,Western Australia,P026,Water Bottle,SPORTS,Accessories,5,19.93,0,99.65,43.94,55.71,Credit Card,Desktop,Mobile App,Delivered,4
ORD002648,2024-02-17,C00890,Aria Taylor,aria.taylor890@example.com,Uk,Wales,P002,Bluetooth Speaker,ELECTRONICS,Audio,3,47.47,0.1,128.17,88.81,39.36,Credit Card,Desktop,Website,Delivered,5
ORD002649,2026-06-15,C01199,Zoe Young,zoe.young1199@example.com,Canada,Ontario,P016,Coffee Maker,HOME & KITCHEN,Appliances,2,97.83,0.15,166.31,124.06,42.25,Credit Card,Mobile,Mobile App,Delivered,4
ORD002650,2026-07-11,C01416,Emma Moore,emma.moore1416@example.com,Germany,Bavaria,P036,Puzzle 1000pc,TOYS,Games,2,19.39,0.2,31.02,16.02,15,Credit Card,Mobile,Website,Cancelled,0
ORD002651,2025-05-03,C01338,Mia Anderson,mia.anderson1338@example.com,Germany,Berlin,P007,Wireless Mouse,ELECTRONICS,Computers,1,37.71,0.15,32.05,19.08,12.97,Debit Card,Tablet,Mobile App,Cancelled,0
ORD002652,2026-04-02,C01274,Leo Wilson,leo.wilson1274@example.com,Australia,Western Australia,P008,Webcam HD,ELECTRONICS,Computers,2,61.13,0.2,97.81,73.29,24.52,Credit Card,Desktop,Marketplace,Delivered,4
ORD002653,2026-04-30,C00673,Zoe Martin,zoe.martin673@example.com,Australia,Victoria,P019,Knife Set,HOME & KITCHEN,Cookware,1,60.78,0,60.78,33.44,27.34,Debit Card,Desktop,Website,Delivered,4
ORD002654,2025-01-12,C01358,Liam King,liam.king1358@example.com,Australia,Queensland,P033,Cookbook,BOOKS,Lifestyle,1,27.8,0.05,26.41,12.59,13.82,Cash On Delivery,Mobile,Website,Delivered,3
ORD002655,2024-03-19,C00510,Aarav Young,aarav.young510@example.com,Uae,Dubai,P013,Hoodie,FASHION,Apparel,1,42.1,0.2,33.68,20.48,13.2,Bank Transfer,Mobile,Mobile App,Returned,3
ORD002656,2024-06-07,C01623,Lucas Lee,lucas.lee1623@example.com,Uk,England,P016,Coffee Maker,HOME & KITCHEN,Appliances,2,90.29,0.2,144.46,114.94,29.52,Credit Card,Desktop,Mobile App,Delivered,5
ORD002657,2024-05-26,C01360,Mason Patel,mason.patel1360@example.com,Germany,Saxony,P017,Air Fryer,HOME & KITCHEN,Appliances,4,118.43,0,473.72,315.8,157.92,Debit Card,Desktop,Website,Shipped,0
ORD002658,2025-12-13,C01316,Amelia Patel,amelia.patel1316@example.com,India,Maharashtra,P009,Running Shoes,FASHION,Footwear,2,64.97,0,129.94,71.86,58.08,Bank Transfer,Desktop,Mobile App,Shipped,0
ORD002659,2025-01-13,C01388,Zoe Taylor,zoe.taylor1388@example.com,Uk,Scotland,P006,Mechanical Keyboard,ELECTRONICS,Computers,2,85.5,0,171,108.35,62.65,Credit Card,Mobile,Website,Cancelled,0
ORD002660,2025-08-04,C00284,Nora Lewis,nora.lewis284@example.com,Australia,Victoria,P026,Water Bottle,SPORTS,Accessories,1,16.96,0.1,15.26,7.27,7.99,Credit Card,Desktop,Mobile App,Cancelled,0
ORD002661,2025-08-16,C01760,Isabella Wilson,isabella.wilson1760@example.com,Australia,Western Australia,P028,Moisturizer,BEAUTY,Skin Care,1,23.59,0,23.59,9.34,14.25,Cash On Delivery,Tablet,Website,Returned,5
ORD002662,2026-03-05,C00297,Jack Young,jack.young297@example.com,Australia,Victoria,P006,Mechanical Keyboard,ELECTRONICS,Computers,4,85.34,0.1,307.22,207.02,100.2,Debit Card,Mobile,Website,Shipped,0
ORD002663,2024-09-08,C00545,Olivia Williams,olivia.williams545@example.com,Uae,Dubai,P006,Mechanical Keyboard,ELECTRONICS,Computers,2,87.1,0.15,148.07,112.52,35.55,Debit Card,Tablet,Website,Cancelled,0
ORD002664,2026-02-02,C00923,Ethan Anderson,ethan.anderson923@example.com,Uae,Abu Dhabi,P003,Smart Watch,ELECTRONICS,Wearables,1,128.56,0.1,115.7,87.19,28.51,Credit Card,Desktop,Website,Delivered,5
ORD002665,2024-04-08,C00300,Zoe Martin,zoe.martin300@example.com,France,Provence,P020,Storage Boxes,HOME & KITCHEN,Storage,4,29.77,0.05,113.13,59.19,53.94,Cash On Delivery,Mobile,Marketplace,Delivered,5
ORD002666,2025-04-03,C01150,Henry Wright,henry.wright1150@example.com,Usa,Texas,P034,Building Blocks,TOYS,Educational,3,36.47,0,109.41,55.41,54,Bank Transfer,Desktop,Website,Cancelled,0
ORD002667,2025-12-14,C00624,Elijah Johnson,elijah.johnson624@example.com,Uk,Scotland,P034,Building Blocks,TOYS,Educational,1,35.48,0.05,33.71,17.43,16.28,Credit Card,Mobile,Mobile App,Delivered,2
ORD002668,2026-05-13,C00978,Jack Martin,jack.martin978@example.com,Uk,Wales,P034,Building Blocks,TOYS,Educational,1,32.39,0.05,30.77,16.81,13.96,Credit Card,Mobile,Social Commerce,Delivered,2
ORD002669,2024-08-20,C00078,Evelyn Thomas,evelyn.thomas78@example.com,Uae,Abu Dhabi,P035,Remote Control Car,TOYS,Vehicles,3,43.74,0,131.22,75.76,55.46,Bank Transfer,Mobile,Social Commerce,Delivered,4
ORD002670,2024-01-30,C00027,Mason Smith,mason.smith27@example.com,Germany,Bavaria,P009,Running Shoes,FASHION,Footwear,1,70.32,0,70.32,39.72,30.6,Paypal,Desktop,Website,Delivered,5
ORD002671,2024-12-15,C01554,Henry Clark,henry.clark1554@example.com,Uk,Scotland,P033,Cookbook,BOOKS,Lifestyle,1,29.08,0.1,26.17,13.1,13.07,Paypal,Mobile,Website,Processing,0
ORD002672,2025-03-10,C00278,Sophia Young,sophia.young278@example.com,Usa,Illinois,P022,Yoga Mat,SPORTS,Fitness,3,27.14,0.15,69.21,36.8,32.41,Cash On Delivery,Mobile,Website,Delivered,5
ORD002673,2024-02-03,C00882,Zoe Thomas,zoe.thomas882@example.com,Canada,Alberta,P005,Laptop Stand,ELECTRONICS,Accessories,3,39.62,0.15,101.03,63.49,37.54,Bank Transfer,Mobile,Website,Cancelled,0
ORD002674,2026-02-20,C01423,Ava Martin,ava.martin1423@example.com,Usa,New York,P002,Bluetooth Speaker,ELECTRONICS,Audio,1,50.78,0.05,48.24,30.02,18.22,Credit Card,Mobile,Website,Delivered,3
ORD002675,2025-12-02,C01766,Liam Lee,liam.lee1766@example.com,Usa,Illinois,P029,Hair Dryer,BEAUTY,Hair Care,2,52.18,0,104.36,58.16,46.2,Credit Card,Desktop,Mobile App,Delivered,5
ORD002676,2024-03-08,C01256,Layla Moore,layla.moore1256@example.com,Australia,Western Australia,P019,Knife Set,HOME & KITCHEN,Cookware,2,60.66,0.05,115.25,67.98,47.27,Bank Transfer,Desktop,Social Commerce,Shipped,0
ORD002677,2025-11-20,C01654,Grace Wilson,grace.wilson1654@example.com,Australia,Queensland,P007,Wireless Mouse,ELECTRONICS,Computers,2,34.31,0,68.62,33.53,35.09,Cash On Delivery,Mobile,Mobile App,Delivered,4
ORD002678,2024-10-06,C00663,Aarav Wright,missing@example.com,France,Ile-de-France,P031,Novel Set,BOOKS,Fiction,3,39.52,0.25,88.92,58.27,30.65,Bank Transfer,Mobile,Marketplace,Delivered,1
ORD002679,2025-08-14,C01582,Aarav King,aarav.king1582@example.com,Usa,California,P018,Non-stick Pan,HOME & KITCHEN,Cookware,2,32.74,0.1,58.93,32.87,26.06,Credit Card,Desktop,Mobile App,Processing,0
ORD002680,2025-11-06,C01633,Sophia Garcia,sophia.garcia1633@example.com,France,Occitanie,P007,Wireless Mouse,ELECTRONICS,Computers,3,35.35,0,106.05,53.72,52.33,Debit Card,Mobile,Website,Delivered,4
ORD002681,2024-10-26,C00763,Ethan Johnson,ethan.johnson763@example.com,Australia,New South Wales,P010,Casual Sneakers,FASHION,Footwear,3,56.42,0,169.26,89.99,79.27,Credit Card,Mobile,Website,Delivered,3
ORD002682,2025-07-09,C00183,Jack Smith,jack.smith183@example.com,Uae,Dubai,P008,Webcam HD,ELECTRONICS,Computers,1,60.32,0.15,51.27,38.06,13.21,Debit Card,Desktop,Mobile App,Returned,5
ORD002683,2025-03-24,C01450,Noah Lewis,noah.lewis1450@example.com,Australia,Western Australia,P030,Perfume,BEAUTY,Fragrance,3,66.69,0.15,170.06,101.42,68.64,Debit Card,Mobile,Website,Delivered,4
ORD002684,2025-12-02,C00063,Noah Smith,noah.smith63@example.com,India,Tamil Nadu,P029,Hair Dryer,BEAUTY,Hair Care,2,50.46,0.15,85.78,56.58,29.2,Credit Card,Desktop,Website,Cancelled,0
ORD002685,2024-05-11,C01001,Mia Smith,mia.smith1001@example.com,Uk,England,P020,Storage Boxes,HOME & KITCHEN,Storage,2,28.16,0,56.32,27.9,28.42,Credit Card,Tablet,Mobile App,Delivered,5
ORD002686,2024-05-15,C01788,Ava Hall,ava.hall1788@example.com,Australia,Queensland,P035,Remote Control Car,TOYS,Vehicles,1,42.58,0,42.58,24.25,18.33,Credit Card,Mobile,Mobile App,Delivered,4
ORD002687,2024-02-25,C01747,Lucas Martin,lucas.martin1747@example.com,Uk,Wales,P031,Novel Set,BOOKS,Fiction,1,38.94,0,38.94,19.84,19.1,Credit Card,Desktop,Social Commerce,Delivered,4
ORD002688,2024-06-15,C01475,Noah Anderson,noah.anderson1475@example.com,Australia,New South Wales,P012,Cotton T-Shirt,FASHION,Apparel,1,20.65,0.2,16.52,9.61,6.91,Credit Card,Tablet,Mobile App,Delivered,3
ORD002689,2024-05-19,C01210,Leo Martin,leo.martin1210@example.com,Germany,Bavaria,P027,Face Serum,BEAUTY,Skin Care,2,38.02,0.1,68.44,31.24,37.2,Credit Card,Mobile,Marketplace,Delivered,5
ORD002690,2026-02-22,C00094,Owen Johnson,owen.johnson94@example.com,Uae,Sharjah,P008,Webcam HD,ELECTRONICS,Computers,4,64.28,0.15,218.55,158.75,59.8,Debit Card,Mobile,Website,Delivered,1
ORD002691,2026-07-14,C00499,Chloe Anderson,chloe.anderson499@example.com,Uk,England,P012,Cotton T-Shirt,FASHION,Apparel,1,19.33,0.1,17.4,9.03,8.37,Debit Card,Desktop,Mobile App,Processing,0
ORD002693,2026-07-13,C00496,Charlotte Lee,charlotte.lee496@example.com,France,Occitanie,P031,Novel Set,BOOKS,Fiction,2,43.36,0,86.72,44.37,42.35,Paypal,Mobile,Marketplace,Delivered,5
ORD002694,2024-10-12,C00866,Isabella Lewis,isabella.lewis866@example.com,Canada,Alberta,P009,Running Shoes,FASHION,Footwear,1,70.94,0,70.94,39.55,31.39,Debit Card,Mobile,Website,Delivered,4
ORD002695,2024-08-02,C00959,Olivia Lee,olivia.lee959@example.com,India,Delhi,P034,Building Blocks,TOYS,Educational,3,32.88,0.05,93.71,49.05,44.66,Cash On Delivery,Desktop,Website,Delivered,5
ORD002696,2025-02-27,C01114,Henry Hall,henry.hall1114@example.com,Germany,Berlin,P009,Running Shoes,FASHION,Footwear,2,69.5,0,139,78.15,60.85,Cash On Delivery,Desktop,Mobile App,Shipped,0
ORD002697,2025-06-22,C00563,Lucas Lewis,lucas.lewis563@example.com,India,Gujarat,P023,Dumbbell Set,SPORTS,Fitness,2,87.89,0,175.78,99.64,76.14,Debit Card,Desktop,Website,Delivered,2
ORD002698,2024-08-19,C00740,Isabella Martin,isabella.martin740@example.com,Canada,Ontario,P022,Yoga Mat,SPORTS,Fitness,2,27.74,0.1,49.93,25.23,24.7,Cash On Delivery,Desktop,Social Commerce,Delivered,3
ORD002699,2024-04-03,C00240,Chloe King,chloe.king240@example.com,Uae,Sharjah,P010,Casual Sneakers,FASHION,Footwear,1,60.26,0,60.26,31.39,28.87,Credit Card,Tablet,Mobile App,Delivered,2
ORD002700,2025-07-08,C01318,Olivia Taylor,olivia.taylor1318@example.com,Usa,New York,P026,Water Bottle,SPORTS,Accessories,2,18.02,0.2,28.83,15.34,13.49,Bank Transfer,Mobile,Website,Delivered,4
ORD002701,2025-12-11,C01133,Olivia Thomas,olivia.thomas1133@example.com,Australia,Western Australia,P032,Data Analytics Book,BOOKS,Education,1,41.89,0.1,37.7,18.98,18.72,Debit Card,Desktop,Marketplace,Delivered,5
ORD002702,2024-10-30,C00718,Olivia Garcia,olivia.garcia718@example.com,Canada,Quebec,P004,USB-C Charger,ELECTRONICS,Accessories,1,27.39,0.05,26.02,13.46,12.56,Paypal,Desktop,Website,Delivered,5
ORD002703,2025-11-22,C00455,Ethan Johnson,ethan.johnson455@example.com,Australia,New South Wales,P034,Building Blocks,TOYS,Educational,2,34.14,0.2,54.62,35.44,19.18,Paypal,Desktop,Website,Returned,3
ORD002704,2024-04-19,C00209,Harper Wilson,harper.wilson209@example.com,Australia,Queensland,P035,Remote Control Car,TOYS,Vehicles,1,42.19,0.05,40.08,24.41,15.67,Debit Card,Mobile,Marketplace,Delivered,4
ORD002705,2025-05-25,C01460,Olivia Lewis,olivia.lewis1460@example.com,Uk,Wales,P004,USB-C Charger,ELECTRONICS,Accessories,6,26.31,0.15,134.18,75.67,58.51,Cash On Delivery,Desktop,Website,Delivered,5
ORD002706,2025-06-15,C00306,Elijah Lewis,elijah.lewis306@example.com,Usa,Illinois,P021,Desk Lamp,HOME & KITCHEN,Lighting,2,32.48,0,64.96,31.2,33.76,Debit Card,Desktop,Website,Processing,0
ORD002707,2024-05-07,C00147,Amelia Hall,amelia.hall147@example.com,France,Occitanie,P029,Hair Dryer,BEAUTY,Hair Care,1,52.14,0,52.14,27.61,24.53,Bank Transfer,Mobile,Mobile App,Cancelled,0
ORD002708,2025-08-07,C01334,Evelyn Clark,evelyn.clark1334@example.com,India,Tamil Nadu,P002,Bluetooth Speaker,ELECTRONICS,Audio,5,48.39,0.05,229.85,140.59,89.26,Credit Card,Desktop,Marketplace,Shipped,0
ORD002709,2025-03-02,C00042,Leo Garcia,leo.garcia42@example.com,Canada,Quebec,P012,Cotton T-Shirt,FASHION,Apparel,1,20.44,0.15,17.37,9.51,7.86,Credit Card,Mobile,Mobile App,Processing,0
ORD002710,2026-05-19,C01228,Daniel Williams,daniel.williams1228@example.com,Uk,England,P002,Bluetooth Speaker,ELECTRONICS,Audio,2,55.43,0.25,83.14,64.56,18.58,Debit Card,Mobile,Mobile App,Shipped,0
ORD002711,2025-05-24,C01108,Leo Williams,leo.williams1108@example.com,India,Gujarat,P022,Yoga Mat,SPORTS,Fitness,4,24.42,0.2,78.14,45.83,32.31,Paypal,Mobile,Website,Delivered,4
ORD002712,2026-01-11,C01033,Leo Smith,leo.smith1033@example.com,Germany,Berlin,P028,Moisturizer,BEAUTY,Skin Care,1,25.17,0,25.17,9.71,15.46,Credit Card,Desktop,Website,Processing,0
ORD002713,2025-07-21,C00563,Lucas Lewis,lucas.lewis563@example.com,France,Ile-de-France,P014,Leather Wallet,FASHION,Accessories,1,29.35,0.05,27.88,14.1,13.78,Cash On Delivery,Desktop,Website,Delivered,5
ORD002714,2024-06-02,C01058,Ava Young,ava.young1058@example.com,Uae,Dubai,P006,Mechanical Keyboard,ELECTRONICS,Computers,1,92.44,0.1,83.2,58.32,24.88,Credit Card,Tablet,Website,Delivered,5
ORD002715,2026-07-22,C00390,Liam Patel,liam.patel390@example.com,Uae,Abu Dhabi,P002,Bluetooth Speaker,ELECTRONICS,Audio,2,52.77,0,105.54,61.77,43.77,Bank Transfer,Desktop,Mobile App,Delivered,5
ORD002716,2024-03-26,C00443,Olivia Anderson,missing@example.com,Canada,British Columbia,P020,Storage Boxes,HOME & KITCHEN,Storage,3,26.56,0,79.68,39.77,39.91,Credit Card,Desktop,Website,Delivered,3
ORD002717,2025-10-27,C01705,Aria Wright,aria.wright1705@example.com,Canada,British Columbia,P012,Cotton T-Shirt,FASHION,Apparel,1,18.71,0.1,16.84,8.34,8.5,Debit Card,Mobile,Social Commerce,Delivered,4
ORD002718,2026-02-05,C00611,Ethan Williams,ethan.williams611@example.com,Canada,Quebec,P026,Water Bottle,SPORTS,Accessories,3,17.05,0,51.15,22.35,28.8,Cash On Delivery,Mobile,Website,Delivered,4
ORD002719,2024-10-26,C01145,Layla Hall,layla.hall1145@example.com,France,Occitanie,P014,Leather Wallet,FASHION,Accessories,2,29.31,0.15,49.83,27.64,22.19,Debit Card,Mobile,Website,Delivered,4
ORD002720,2024-04-18,C01683,Liam Thomas,liam.thomas1683@example.com,India,Maharashtra,P017,Air Fryer,HOME & KITCHEN,Appliances,1,117.07,0.1,105.36,78.07,27.29,Credit Card,Tablet,Website,Delivered,5
ORD002721,2025-12-30,C00233,Nora Hall,nora.hall233@example.com,France,Ile-de-France,P018,Non-stick Pan,HOME & KITCHEN,Cookware,1,37.71,0,37.71,18.62,19.09,Credit Card,Desktop,Marketplace,Delivered,4
ORD002722,2025-04-20,C01352,Elijah Young,elijah.young1352@example.com,Usa,Florida,P018,Non-stick Pan,HOME & KITCHEN,Cookware,1,32.91,0.1,29.62,16.62,13,Cash On Delivery,Tablet,Website,Delivered,4
ORD002723,2025-01-31,C01429,Amelia Moore,amelia.moore1429@example.com,Australia,New South Wales,P033,Cookbook,BOOKS,Lifestyle,2,31.53,0.25,47.3,28.44,18.86,Paypal,Mobile,Website,Delivered,5
ORD002724,2025-06-28,C01261,Noah Patel,missing@example.com,France,Normandy,P021,Desk Lamp,HOME & KITCHEN,Lighting,2,31.9,0.25,47.85,31.67,16.18,Paypal,Mobile,Website,Delivered,5
ORD002725,2024-03-05,C00914,Grace Lee,grace.lee914@example.com,Uk,Wales,P019,Knife Set,HOME & KITCHEN,Cookware,2,64.65,0.05,122.84,71.12,51.72,Paypal,Tablet,Website,Delivered,5
ORD002726,2026-04-12,C01158,Lucas Clark,lucas.clark1158@example.com,Australia,Victoria,P031,Novel Set,BOOKS,Fiction,2,37.1,0.1,66.78,36.35,30.43,Credit Card,Mobile,Mobile App,Delivered,1
ORD002727,2025-02-05,C01572,Mason Thomas,mason.thomas1572@example.com,Uk,England,P022,Yoga Mat,SPORTS,Fitness,2,24.24,0.05,46.06,22.27,23.79,Cash On Delivery,Mobile,Marketplace,Delivered,5
ORD002728,2024-08-23,C01211,Chloe Thomas,chloe.thomas1211@example.com,Germany,Berlin,P017,Air Fryer,HOME & KITCHEN,Appliances,1,122.01,0.1,109.81,78.51,31.3,Paypal,Tablet,Marketplace,Delivered,5
ORD002729,2025-12-07,C01621,Harper Moore,harper.moore1621@example.com,Canada,Alberta,P019,Knife Set,HOME & KITCHEN,Cookware,1,64.4,0.05,61.18,37.11,24.07,Credit Card,Desktop,Website,Delivered,2
ORD002730,2025-04-03,C00184,Harper Williams,harper.williams184@example.com,Usa,New York,P001,Wireless Headphones,ELECTRONICS,Audio,2,84.37,0.2,134.99,105.16,29.83,Paypal,Mobile,Marketplace,Delivered,3
ORD002731,2026-05-07,C01265,Liam Moore,liam.moore1265@example.com,India,Karnataka,P029,Hair Dryer,BEAUTY,Hair Care,1,49.14,0,49.14,26.84,22.3,Paypal,Mobile,Website,Delivered,3
ORD002732,2025-05-18,C00717,Henry Young,henry.young717@example.com,Germany,Bavaria,P002,Bluetooth Speaker,ELECTRONICS,Audio,1,47.95,0,47.95,29.33,18.62,Paypal,Desktop,Website,Shipped,0
ORD002733,2025-12-06,C00720,Sophia King,sophia.king720@example.com,France,Normandy,P004,USB-C Charger,ELECTRONICS,Accessories,4,26.11,0,104.44,48.28,56.16,Paypal,Tablet,Website,Delivered,4
ORD002734,2025-12-10,C00874,Daniel Moore,daniel.moore874@example.com,India,Delhi,P029,Hair Dryer,BEAUTY,Hair Care,1,53.49,0.1,48.14,28.66,19.48,Debit Card,Mobile,Marketplace,Delivered,3
ORD002735,2025-11-25,C00990,Sophia Wright,sophia.wright990@example.com,Germany,Saxony,P036,Puzzle 1000pc,TOYS,Games,4,20.22,0,80.88,33.68,47.2,Credit Card,Mobile,Website,Shipped,0
ORD002736,2024-07-04,C01035,Leo Taylor,leo.taylor1035@example.com,Usa,California,P027,Face Serum,BEAUTY,Skin Care,2,36.15,0.1,65.07,29.18,35.89,Debit Card,Desktop,Website,Delivered,4
ORD002737,2024-12-24,C00100,Mason Lewis,mason.lewis100@example.com,France,Normandy,P034,Building Blocks,TOYS,Educational,1,38.96,0.2,31.17,19.51,11.66,Credit Card,Mobile,Website,Delivered,5
ORD002738,2024-10-25,C01637,Jack Martin,jack.martin1637@example.com,India,Tamil Nadu,P035,Remote Control Car,TOYS,Vehicles,2,41.69,0.05,79.21,46.13,33.08,Credit Card,Desktop,Mobile App,Shipped,0
ORD002739,2026-03-04,C00020,Liam Lewis,liam.lewis20@example.com,Uk,Scotland,P024,Football,SPORTS,Outdoor,2,30.46,0.15,51.78,29.96,21.82,Debit Card,Mobile,Website,Delivered,5
ORD002740,2024-09-10,C00854,Olivia Lee,missing@example.com,Uk,England,P027,Face Serum,BEAUTY,Skin Care,1,37.46,0.05,35.59,16.33,19.26,Debit Card,Desktop,Mobile App,Delivered,4
ORD002741,2025-02-02,C00482,Mason Clark,mason.clark482@example.com,Canada,Ontario,P006,Mechanical Keyboard,ELECTRONICS,Computers,1,92.02,0.05,87.42,57.42,30,Debit Card,Mobile,Mobile App,Delivered,4
ORD002742,2024-08-21,C01438,Evelyn Anderson,evelyn.anderson1438@example.com,France,Occitanie,P031,Novel Set,BOOKS,Fiction,2,42.07,0,84.14,42.36,41.78,Debit Card,Mobile,Mobile App,Delivered,4
ORD002743,2025-01-25,C00755,Mia Williams,mia.williams755@example.com,Germany,Saxony,P006,Mechanical Keyboard,ELECTRONICS,Computers,6,83.66,0,501.96,326.94,175.02,Bank Transfer,Mobile,Website,Delivered,4
ORD002744,2025-05-20,C00210,Owen Brown,owen.brown210@example.com,Uae,Dubai,P030,Perfume,BEAUTY,Fragrance,4,64.41,0.05,244.76,130.85,113.91,Debit Card,Desktop,Website,Processing,0
ORD002745,2024-05-28,C01280,Henry Anderson,henry.anderson1280@example.com,Australia,Victoria,P035,Remote Control Car,TOYS,Vehicles,3,45.84,0,137.52,80.14,57.38,Credit Card,Mobile,Mobile App,Returned,4
ORD002746,2024-04-11,C00937,Ethan Martin,ethan.martin937@example.com,India,Tamil Nadu,P027,Face Serum,BEAUTY,Skin Care,3,38.92,0.15,99.25,49.9,49.35,Credit Card,Desktop,Website,Delivered,4
ORD002747,2024-12-24,C00115,Chloe Garcia,chloe.garcia115@example.com,France,Normandy,P030,Perfume,BEAUTY,Fragrance,6,75.18,0,451.08,239.95,211.13,Credit Card,Desktop,Mobile App,Delivered,4
ORD002748,2024-01-29,C01471,Jack Thomas,jack.thomas1471@example.com,Germany,Hesse,P005,Laptop Stand,ELECTRONICS,Accessories,2,41.24,0,82.48,44.26,38.22,Credit Card,Mobile,Website,Delivered,5
ORD002749,2024-08-15,C01647,Amelia Clark,amelia.clark1647@example.com,France,Normandy,P022,Yoga Mat,SPORTS,Fitness,4,26.66,0.15,90.64,47.1,43.54,Credit Card,Mobile,Mobile App,Delivered,5
ORD002750,2024-07-29,C00255,Mason Thomas,mason.thomas255@example.com,Uk,England,P036,Puzzle 1000pc,TOYS,Games,1,19.62,0.05,18.64,8.67,9.97,Paypal,Mobile,Mobile App,Delivered,5
ORD002751,2025-08-07,C01690,Mia Anderson,mia.anderson1690@example.com,Canada,Ontario,P023,Dumbbell Set,SPORTS,Fitness,2,86.38,0.2,138.21,101.98,36.23,Paypal,Desktop,Mobile App,Delivered,5
ORD002752,2024-05-09,C00885,Liam Taylor,liam.taylor885@example.com,Uk,Scotland,P019,Knife Set,HOME & KITCHEN,Cookware,2,55.35,0.15,94.09,60.58,33.51,Debit Card,Mobile,Social Commerce,Delivered,3
ORD002753,2026-06-16,C00126,Leo Garcia,leo.garcia126@example.com,Usa,Florida,P015,Backpack,FASHION,Bags,1,51.26,0.15,43.57,27.43,16.14,Paypal,Mobile,Website,Shipped,0
ORD002754,2026-01-23,C01603,Daniel Moore,daniel.moore1603@example.com,Canada,Alberta,P035,Remote Control Car,TOYS,Vehicles,5,49.3,0.25,184.88,142.99,41.89,Credit Card,Mobile,Mobile App,Delivered,4
ORD002755,2026-02-08,C00990,Sophia Wright,sophia.wright990@example.com,Canada,British Columbia,P028,Moisturizer,BEAUTY,Skin Care,2,25.61,0.05,48.66,20.51,28.15,Paypal,Desktop,Marketplace,Delivered,5
ORD002756,2025-08-24,C00933,Daniel Brown,daniel.brown933@example.com,Uk,Wales,P008,Webcam HD,ELECTRONICS,Computers,1,64.04,0.1,57.64,38.16,19.48,Paypal,Mobile,Website,Shipped,0
ORD002757,2026-05-10,C01091,Mason Hall,mason.hall1091@example.com,Canada,Alberta,P025,Cycling Helmet,SPORTS,Outdoor,1,64.91,0.1,58.42,38.06,20.36,Paypal,Mobile,Website,Delivered,4
ORD002758,2026-07-03,C01649,Mia Young,mia.young1649@example.com,India,Delhi,P014,Leather Wallet,FASHION,Accessories,1,31.53,0.1,28.38,14.51,13.87,Credit Card,Mobile,Website,Processing,0
ORD002759,2024-02-20,C01311,Grace Williams,grace.williams1311@example.com,Usa,New York,P016,Coffee Maker,HOME & KITCHEN,Appliances,1,98.47,0.2,78.78,61.96,16.82,Paypal,Desktop,Website,Delivered,1
ORD002760,2026-04-04,C00461,Emma Clark,emma.clark461@example.com,Uk,Scotland,P027,Face Serum,BEAUTY,Skin Care,1,37.66,0.15,32.01,16.18,15.83,Paypal,Mobile,Website,Delivered,5
ORD002761,2025-10-21,C00872,James Anderson,james.anderson872@example.com,Canada,British Columbia,P025,Cycling Helmet,SPORTS,Outdoor,1,67.17,0,67.17,38.53,28.64,Cash On Delivery,Desktop,Mobile App,Delivered,1
ORD002762,2026-05-15,C01373,Zoe Garcia,zoe.garcia1373@example.com,Uk,Wales,P020,Storage Boxes,HOME & KITCHEN,Storage,3,26.23,0,78.69,39.77,38.92,Bank Transfer,Mobile,Website,Delivered,5
ORD002763,2024-08-15,C00330,Daniel Thomas,daniel.thomas330@example.com,India,Gujarat,P007,Wireless Mouse,ELECTRONICS,Computers,1,36.79,0.15,31.27,18.76,12.51,Credit Card,Mobile,Website,Delivered,4
ORD002764,2025-07-16,C01235,Jack Lee,jack.lee1235@example.com,Usa,Texas,P005,Laptop Stand,ELECTRONICS,Accessories,1,42.95,0.1,38.66,23.05,15.61,Paypal,Tablet,Website,Delivered,3
ORD002765,2024-01-27,C00051,Leo Moore,leo.moore51@example.com,Canada,Alberta,P006,Mechanical Keyboard,ELECTRONICS,Computers,1,97.94,0.1,88.15,61.96,26.19,Credit Card,Desktop,Website,Returned,5
ORD002766,2024-03-09,C00784,Charlotte Hall,charlotte.hall784@example.com,India,Gujarat,P001,Wireless Headphones,ELECTRONICS,Audio,4,78.95,0,315.8,202.47,113.33,Credit Card,Desktop,Mobile App,Delivered,2
ORD002767,2024-06-16,C01155,Adam Patel,adam.patel1155@example.com,India,Gujarat,P027,Face Serum,BEAUTY,Skin Care,4,34.42,0.05,130.8,58.45,72.35,Credit Card,Desktop,Website,Processing,0
ORD002768,2024-01-18,C00736,Evelyn Moore,evelyn.moore736@example.com,Usa,California,P018,Non-stick Pan,HOME & KITCHEN,Cookware,1,33.6,0.05,31.92,16.48,15.44,Bank Transfer,Mobile,Mobile App,Delivered,5
ORD002769,2024-12-07,C00545,Olivia Williams,olivia.williams545@example.com,Canada,Quebec,P023,Dumbbell Set,SPORTS,Fitness,4,76.35,0.05,290.13,171.63,118.5,Paypal,Mobile,Website,Returned,5
ORD002770,2024-10-12,C01314,Adam Wright,adam.wright1314@example.com,Uk,England,P014,Leather Wallet,FASHION,Accessories,1,27.98,0,27.98,12.65,15.33,Credit Card,Mobile,Website,Delivered,4
ORD002771,2026-05-25,C00518,Aarav Wright,aarav.wright518@example.com,Germany,Hesse,P015,Backpack,FASHION,Bags,1,52.89,0,52.89,28.35,24.54,Credit Card,Mobile,Social Commerce,Delivered,5
ORD002772,2024-12-16,C01226,Charlotte Smith,charlotte.smith1226@example.com,India,Karnataka,P026,Water Bottle,SPORTS,Accessories,2,17.02,0.05,32.34,15.19,17.15,Paypal,Tablet,Website,Delivered,5
ORD002773,2024-04-20,C00733,Ava King,ava.king733@example.com,India,Gujarat,P029,Hair Dryer,BEAUTY,Hair Care,3,49.46,0.05,140.96,83.19,57.77,Debit Card,Mobile,Mobile App,Delivered,4
ORD002774,2024-05-17,C00547,Aria Walker,aria.walker547@example.com,Uk,Scotland,P023,Dumbbell Set,SPORTS,Fitness,1,79.6,0.25,59.7,45.99,13.71,Credit Card,Mobile,Marketplace,Delivered,5
ORD002775,2026-01-23,C00155,Zoe Lewis,zoe.lewis155@example.com,Usa,Texas,P007,Wireless Mouse,ELECTRONICS,Computers,1,38.5,0.1,34.65,19.99,14.66,Credit Card,Mobile,Website,Delivered,5
ORD002776,2025-06-14,C01504,James Johnson,missing@example.com,Australia,Victoria,P007,Wireless Mouse,ELECTRONICS,Computers,3,34.4,0.2,82.56,50.62,31.94,Cash On Delivery,Desktop,Social Commerce,Delivered,3
ORD002777,2024-06-01,C00085,Ethan Garcia,ethan.garcia85@example.com,France,Normandy,P016,Coffee Maker,HOME & KITCHEN,Appliances,2,84.03,0.1,151.25,102.83,48.42,Cash On Delivery,Mobile,Mobile App,Shipped,0
ORD002778,2024-07-22,C01687,Isabella Thomas,isabella.thomas1687@example.com,Uae,Abu Dhabi,P015,Backpack,FASHION,Bags,3,49.41,0,148.23,76.45,71.78,Cash On Delivery,Desktop,Website,Delivered,5
ORD002779,2025-04-04,C01538,Isabella Williams,isabella.williams1538@example.com,Canada,British Columbia,P005,Laptop Stand,ELECTRONICS,Accessories,1,44.13,0.2,35.3,22.45,12.85,Debit Card,Mobile,Website,Shipped,0
ORD002780,2024-11-08,C01236,Amelia Lewis,amelia.lewis1236@example.com,Australia,Western Australia,P036,Puzzle 1000pc,TOYS,Games,3,21.3,0.15,54.32,28.06,26.26,Debit Card,Mobile,Marketplace,Delivered,5
ORD002781,2024-03-10,C00314,Owen Patel,owen.patel314@example.com,Australia,Queensland,P010,Casual Sneakers,FASHION,Footwear,1,54.47,0.05,51.75,29.91,21.84,Credit Card,Desktop,Website,Delivered,4
ORD002782,2025-05-05,C00370,Lucas Anderson,lucas.anderson370@example.com,Uae,Sharjah,P005,Laptop Stand,ELECTRONICS,Accessories,2,39.28,0.25,58.92,40.59,18.33,Paypal,Mobile,Mobile App,Delivered,1
ORD002783,2024-01-28,C01504,James Johnson,james.johnson1504@example.com,Usa,California,P029,Hair Dryer,BEAUTY,Hair Care,1,52.04,0.15,44.23,29.51,14.72,Paypal,Mobile,Marketplace,Delivered,2
ORD002784,2026-04-07,C01125,Jack Martin,jack.martin1125@example.com,France,Occitanie,P023,Dumbbell Set,SPORTS,Fitness,1,75.13,0.05,71.37,42.95,28.42,Bank Transfer,Mobile,Website,Delivered,3
ORD002785,2024-09-07,C01150,Henry Wright,henry.wright1150@example.com,Usa,California,P027,Face Serum,BEAUTY,Skin Care,1,36.05,0.05,34.25,15.41,18.84,Credit Card,Desktop,Website,Delivered,3
ORD002786,2024-07-29,C00374,Liam Anderson,liam.anderson374@example.com,Uk,Wales,P011,Denim Jacket,FASHION,Outerwear,2,70.75,0,141.5,79.46,62.04,Credit Card,Desktop,Mobile App,Delivered,4
ORD002787,2026-01-09,C01740,Olivia Wilson,olivia.wilson1740@example.com,France,Normandy,P031,Novel Set,BOOKS,Fiction,3,41.13,0.1,111.05,59.35,51.7,Paypal,Mobile,Marketplace,Shipped,0
ORD002788,2026-02-08,C01399,Zoe Johnson,missing@example.com,Uk,England,P007,Wireless Mouse,ELECTRONICS,Computers,1,33.97,0.2,27.18,16.45,10.73,Cash On Delivery,Mobile,Social Commerce,Delivered,3
ORD002789,2024-03-29,C01510,Zoe Young,zoe.young1510@example.com,Uk,Wales,P025,Cycling Helmet,SPORTS,Outdoor,2,68.19,0.05,129.56,79.96,49.6,Debit Card,Tablet,Mobile App,Delivered,4
ORD002790,2026-03-10,C00077,Olivia Lewis,olivia.lewis77@example.com,India,Delhi,P024,Football,SPORTS,Outdoor,4,31.69,0.05,120.42,58.66,61.76,Bank Transfer,Mobile,Website,Delivered,4
ORD002791,2026-06-20,C00624,Elijah Johnson,elijah.johnson624@example.com,Canada,British Columbia,P017,Air Fryer,HOME & KITCHEN,Appliances,2,120.32,0.1,216.58,159.24,57.34,Debit Card,Mobile,Mobile App,Delivered,3
ORD002792,2025-02-14,C00160,Mason Lewis,mason.lewis160@example.com,India,Delhi,P003,Smart Watch,ELECTRONICS,Wearables,1,134.73,0.15,114.52,87.82,26.7,Debit Card,Desktop,Website,Delivered,4
ORD002793,2026-07-04,C01604,Henry Young,henry.young1604@example.com,Germany,Berlin,P008,Webcam HD,ELECTRONICS,Computers,2,63.17,0.25,94.75,79.65,15.1,Debit Card,Mobile,Website,Delivered,3
ORD002794,2024-04-29,C00872,James Anderson,james.anderson872@example.com,Germany,Berlin,P023,Dumbbell Set,SPORTS,Fitness,1,82.97,0.1,74.67,49.75,24.92,Paypal,Mobile,Mobile App,Delivered,5
ORD002795,2025-09-10,C00768,Owen Clark,owen.clark768@example.com,India,Tamil Nadu,P025,Cycling Helmet,SPORTS,Outdoor,4,65.02,0.2,208.06,153.55,54.51,Credit Card,Mobile,Social Commerce,Delivered,5
ORD002796,2026-04-21,C01091,Mason Hall,mason.hall1091@example.com,Uae,Abu Dhabi,P036,Puzzle 1000pc,TOYS,Games,1,19.64,0.2,15.71,8.24,7.47,Debit Card,Desktop,Website,Delivered,4
ORD002797,2024-10-16,C01344,Elijah Taylor,elijah.taylor1344@example.com,Canada,Alberta,P016,Coffee Maker,HOME & KITCHEN,Appliances,1,96.97,0,96.97,59,37.97,Credit Card,Mobile,Website,Delivered,3
ORD002798,2024-09-18,C01432,Henry Hall,henry.hall1432@example.com,India,Delhi,P005,Laptop Stand,ELECTRONICS,Accessories,2,38.18,0,76.36,40.31,36.05,Bank Transfer,Tablet,Website,Cancelled,0
ORD002799,2024-01-15,C00194,Mason Patel,mason.patel194@example.com,Usa,New York,P010,Casual Sneakers,FASHION,Footwear,2,54.33,0.1,97.79,57.26,40.53,Credit Card,Mobile,Marketplace,Delivered,4
ORD002800,2025-03-06,C00366,James Moore,james.moore366@example.com,Usa,Texas,P005,Laptop Stand,ELECTRONICS,Accessories,3,44.77,0.05,127.59,68.5,59.09,Credit Card,Mobile,Website,Processing,0
ORD002801,2024-01-01,C00457,Amelia Wright,amelia.wright457@example.com,Canada,Ontario,P028,Moisturizer,BEAUTY,Skin Care,4,27,0,108,41.74,66.26,Paypal,Tablet,Marketplace,Delivered,4
ORD002802,2025-05-28,C00035,Leo Brown,leo.brown35@example.com,India,Tamil Nadu,P014,Leather Wallet,FASHION,Accessories,3,29.98,0.05,85.44,41.01,44.43,Debit Card,Mobile,Website,Delivered,1
ORD002803,2025-01-20,C00775,Owen Wilson,owen.wilson775@example.com,India,Gujarat,P017,Air Fryer,HOME & KITCHEN,Appliances,2,116.59,0.15,198.2,151.19,47.01,Debit Card,Mobile,Website,Shipped,0
ORD002804,2024-11-09,C00659,Harper Thomas,harper.thomas659@example.com,India,Delhi,P004,USB-C Charger,ELECTRONICS,Accessories,2,27.4,0.2,43.84,27.22,16.62,Credit Card,Mobile,Mobile App,Processing,0
ORD002805,2026-01-12,C00941,Harper Moore,harper.moore941@example.com,Uk,Scotland,P011,Denim Jacket,FASHION,Outerwear,1,79.1,0.05,75.14,43.38,31.76,Credit Card,Mobile,Mobile App,Shipped,0
ORD002806,2025-05-14,C00582,Sophia Patel,sophia.patel582@example.com,Usa,Texas,P032,Data Analytics Book,BOOKS,Education,1,46.52,0.05,44.19,21.98,22.21,Cash On Delivery,Mobile,Mobile App,Delivered,5
ORD002807,2025-03-11,C01261,Noah Patel,noah.patel1261@example.com,Uk,England,P029,Hair Dryer,BEAUTY,Hair Care,2,55.89,0,111.78,62.2,49.58,Debit Card,Desktop,Mobile App,Delivered,3
ORD002808,2025-07-03,C01666,Grace Johnson,grace.johnson1666@example.com,Uae,Sharjah,P033,Cookbook,BOOKS,Lifestyle,1,30.84,0.15,26.21,13.68,12.53,Bank Transfer,Mobile,Website,Delivered,4
ORD002809,2024-02-17,C01033,Leo Smith,leo.smith1033@example.com,France,Ile-de-France,P018,Non-stick Pan,HOME & KITCHEN,Cookware,1,38.3,0.15,32.55,20.06,12.49,Credit Card,Desktop,Website,Delivered,4
ORD002810,2025-03-19,C00778,Zoe Brown,missing@example.com,Australia,Queensland,P024,Football,SPORTS,Outdoor,1,32.45,0.1,29.21,15.99,13.22,Credit Card,Mobile,Mobile App,Processing,0
ORD002811,2026-06-14,C01542,Harper King,harper.king1542@example.com,Canada,British Columbia,P018,Non-stick Pan,HOME & KITCHEN,Cookware,3,34.42,0.05,98.1,54.6,43.5,Paypal,Mobile,Social Commerce,Returned,3
ORD002812,2025-02-27,C00778,Zoe Brown,zoe.brown778@example.com,Usa,California,P036,Puzzle 1000pc,TOYS,Games,4,21.94,0,87.76,37.32,50.44,Bank Transfer,Mobile,Website,Shipped,0
ORD002813,2024-06-02,C01761,Evelyn Walker,evelyn.walker1761@example.com,Usa,Texas,P028,Moisturizer,BEAUTY,Skin Care,5,23.76,0.25,89.1,46.68,42.42,Debit Card,Mobile,Marketplace,Shipped,0
ORD002814,2024-06-17,C00203,Amelia Young,amelia.young203@example.com,Germany,Berlin,P004,USB-C Charger,ELECTRONICS,Accessories,1,26.05,0.25,19.54,12.23,7.31,Paypal,Desktop,Marketplace,Returned,3
ORD002815,2025-11-14,C01094,Sophia Lewis,sophia.lewis1094@example.com,Australia,New South Wales,P027,Face Serum,BEAUTY,Skin Care,1,36.5,0.05,34.67,14.89,19.78,Paypal,Mobile,Website,Delivered,4
ORD002816,2026-02-25,C01718,Harper Hall,harper.hall1718@example.com,Uae,Abu Dhabi,P013,Hoodie,FASHION,Apparel,1,47,0.15,39.95,24.18,15.77,Credit Card,Desktop,Website,Delivered,3
ORD002817,2025-07-04,C01081,Mia Walker,mia.walker1081@example.com,Uae,Dubai,P020,Storage Boxes,HOME & KITCHEN,Storage,1,26.76,0,26.76,12.67,14.09,Credit Card,Mobile,Website,Delivered,4
ORD002818,2025-09-05,C00982,Elijah Wright,elijah.wright982@example.com,Germany,Berlin,P019,Knife Set,HOME & KITCHEN,Cookware,2,60.83,0,121.66,65.91,55.75,Debit Card,Mobile,Website,Processing,0
ORD002819,2026-01-29,C00668,Elijah Walker,elijah.walker668@example.com,Germany,Hesse,P017,Air Fryer,HOME & KITCHEN,Appliances,2,113.17,0,226.34,151.72,74.62,Credit Card,Mobile,Mobile App,Delivered,4
ORD002820,2024-12-19,C00984,Noah Johnson,noah.johnson984@example.com,Usa,California,P006,Mechanical Keyboard,ELECTRONICS,Computers,1,87.15,0,87.15,56.39,30.76,Credit Card,Mobile,Website,Shipped,0
ORD002821,2026-05-06,C01452,Leo Hall,leo.hall1452@example.com,Germany,Saxony,P006,Mechanical Keyboard,ELECTRONICS,Computers,4,97.2,0,388.8,250.87,137.93,Paypal,Mobile,Website,Delivered,4
ORD002822,2026-01-06,C01707,Aria Hall,aria.hall1707@example.com,India,Delhi,P032,Data Analytics Book,BOOKS,Education,4,46.19,0,184.76,89.33,95.43,Credit Card,Mobile,Social Commerce,Delivered,4
ORD002823,2025-09-21,C01078,Jack Wright,missing@example.com,Canada,British Columbia,P026,Water Bottle,SPORTS,Accessories,1,18.61,0,18.61,8.18,10.43,Debit Card,Mobile,Mobile App,Delivered,3
ORD002824,2025-07-26,C00881,Lucas Anderson,lucas.anderson881@example.com,Usa,Texas,P009,Running Shoes,FASHION,Footwear,1,68.84,0.15,58.51,36.81,21.7,Debit Card,Desktop,Website,Delivered,5
ORD002825,2025-03-21,C00487,Aarav Taylor,aarav.taylor487@example.com,France,Provence,P017,Air Fryer,HOME & KITCHEN,Appliances,1,133.05,0.25,99.79,86.87,12.92,Debit Card,Desktop,Website,Delivered,3
ORD002826,2026-05-17,C00735,Lucas Patel,lucas.patel735@example.com,Canada,British Columbia,P036,Puzzle 1000pc,TOYS,Games,1,19.48,0.05,18.51,8.05,10.46,Credit Card,Mobile,Mobile App,Delivered,4
ORD002827,2026-07-29,C00190,Mia Patel,mia.patel190@example.com,Canada,Alberta,P026,Water Bottle,SPORTS,Accessories,1,17.04,0.15,14.48,7.35,7.13,Paypal,Desktop,Website,Delivered,4
ORD002828,2024-06-22,C01239,Mason Hall,mason.hall1239@example.com,India,Karnataka,P017,Air Fryer,HOME & KITCHEN,Appliances,5,129.45,0.05,614.89,429.8,185.09,Credit Card,Desktop,Website,Delivered,5
ORD002829,2025-09-06,C00428,Harper Patel,harper.patel428@example.com,Usa,New York,P023,Dumbbell Set,SPORTS,Fitness,1,79.69,0,79.69,45.59,34.1,Debit Card,Tablet,Website,Delivered,5
ORD002830,2024-07-13,C00685,Emma Smith,emma.smith685@example.com,Uk,Scotland,P024,Football,SPORTS,Outdoor,1,32.49,0.1,29.24,15.13,14.11,Paypal,Mobile,Website,Delivered,5
ORD002831,2025-02-18,C00879,Noah Thomas,noah.thomas879@example.com,Canada,Quebec,P020,Storage Boxes,HOME & KITCHEN,Storage,3,28.08,0.05,80.03,39.73,40.3,Bank Transfer,Mobile,Marketplace,Delivered,4
ORD002832,2026-07-06,C01215,Evelyn Moore,evelyn.moore1215@example.com,Australia,New South Wales,P014,Leather Wallet,FASHION,Accessories,3,31.82,0.1,85.91,44.88,41.03,Credit Card,Desktop,Website,Delivered,5
ORD002833,2026-06-06,C00710,Daniel Moore,daniel.moore710@example.com,France,Occitanie,P002,Bluetooth Speaker,ELECTRONICS,Audio,6,54.13,0,324.78,191.57,133.21,Credit Card,Tablet,Website,Processing,0
ORD002834,2024-01-22,C00459,Henry Brown,henry.brown459@example.com,Canada,British Columbia,P032,Data Analytics Book,BOOKS,Education,1,47.54,0.05,45.16,22.05,23.11,Credit Card,Mobile,Mobile App,Delivered,4
ORD002835,2026-06-23,C01686,Aria Williams,aria.williams1686@example.com,Australia,Queensland,P021,Desk Lamp,HOME & KITCHEN,Lighting,5,34.53,0,172.65,84.78,87.87,Debit Card,Mobile,Mobile App,Delivered,4
ORD002836,2025-07-31,C01312,Emma Anderson,emma.anderson1312@example.com,Canada,Ontario,P023,Dumbbell Set,SPORTS,Fitness,1,75.01,0.1,67.51,44.97,22.54,Credit Card,Desktop,Mobile App,Shipped,0
ORD002837,2025-01-24,C00404,Mia Wright,mia.wright404@example.com,Germany,Bavaria,P022,Yoga Mat,SPORTS,Fitness,2,26.63,0.2,42.61,24.12,18.49,Credit Card,Mobile,Mobile App,Delivered,3
ORD002838,2026-05-07,C00506,Lucas Smith,lucas.smith506@example.com,Uk,Scotland,P023,Dumbbell Set,SPORTS,Fitness,1,81.33,0.15,69.13,48.29,20.84,Paypal,Mobile,Website,Shipped,0
ORD002839,2024-10-01,C01442,Lucas Anderson,lucas.anderson1442@example.com,India,Tamil Nadu,P031,Novel Set,BOOKS,Fiction,2,39.67,0.1,71.41,39.92,31.49,Cash On Delivery,Mobile,Website,Delivered,3
ORD002840,2025-07-18,C01112,Jack Young,jack.young1112@example.com,Australia,Western Australia,P014,Leather Wallet,FASHION,Accessories,1,32.99,0.15,28.04,14.95,13.09,Credit Card,Mobile,Mobile App,Shipped,0
ORD002841,2026-04-06,C00156,Elijah Taylor,elijah.taylor156@example.com,Canada,Alberta,P022,Yoga Mat,SPORTS,Fitness,2,23.32,0.1,41.98,20.88,21.1,Credit Card,Desktop,Website,Shipped,0
ORD002842,2024-03-16,C01111,Mason Anderson,mason.anderson1111@example.com,Germany,Hesse,P032,Data Analytics Book,BOOKS,Education,4,41.47,0.05,157.59,77.9,79.69,Debit Card,Mobile,Website,Returned,3
ORD002843,2026-04-19,C00273,Chloe Lee,chloe.lee273@example.com,Uae,Abu Dhabi,P008,Webcam HD,ELECTRONICS,Computers,1,61.26,0.05,58.2,37.72,20.48,Bank Transfer,Desktop,Website,Delivered,3
ORD002844,2024-05-11,C01770,Evelyn Patel,evelyn.patel1770@example.com,Uk,England,P005,Laptop Stand,ELECTRONICS,Accessories,5,44.59,0.1,200.66,119.34,81.32,Debit Card,Mobile,Mobile App,Delivered,5
ORD002845,2024-02-23,C00857,Adam Martin,adam.martin857@example.com,Uk,Wales,P027,Face Serum,BEAUTY,Skin Care,1,36.18,0.15,30.75,15.41,15.34,Credit Card,Desktop,Website,Delivered,3
ORD002846,2025-06-08,C00893,Lucas Taylor,lucas.taylor893@example.com,France,Normandy,P030,Perfume,BEAUTY,Fragrance,5,76.25,0.15,324.06,202.95,121.11,Debit Card,Mobile,Website,Delivered,4
ORD002847,2025-11-07,C00454,Zoe Taylor,zoe.taylor454@example.com,Uae,Sharjah,P004,USB-C Charger,ELECTRONICS,Accessories,3,24.41,0.2,58.58,33.93,24.65,Credit Card,Tablet,Mobile App,Delivered,3
ORD002848,2024-05-16,C01766,Liam Lee,liam.lee1766@example.com,Canada,British Columbia,P002,Bluetooth Speaker,ELECTRONICS,Audio,1,50.82,0.1,45.74,31.44,14.3,Paypal,Desktop,Website,Delivered,4
ORD002849,2024-12-07,C00747,Liam Hall,liam.hall747@example.com,Canada,British Columbia,P021,Desk Lamp,HOME & KITCHEN,Lighting,1,34.76,0.15,29.55,16.99,12.56,Credit Card,Mobile,Website,Delivered,4
ORD002850,2026-07-31,C01091,Mason Hall,mason.hall1091@example.com,France,Normandy,P016,Coffee Maker,HOME & KITCHEN,Appliances,1,95.89,0.25,71.92,57.61,14.31,Credit Card,Desktop,Website,Returned,5
ORD002851,2024-05-07,C00363,Chloe Clark,chloe.clark363@example.com,India,Gujarat,P009,Running Shoes,FASHION,Footwear,1,67.87,0,67.87,35.99,31.88,Credit Card,Mobile,Mobile App,Shipped,0
ORD002852,2024-06-01,C00494,James Williams,james.williams494@example.com,Australia,Queensland,P017,Air Fryer,HOME & KITCHEN,Appliances,3,120.63,0,361.89,231.24,130.65,Credit Card,Mobile,Marketplace,Delivered,3
ORD002853,2026-04-18,C00893,Lucas Taylor,lucas.taylor893@example.com,Australia,Victoria,P025,Cycling Helmet,SPORTS,Outdoor,1,69.05,0,69.05,39.25,29.8,Debit Card,Desktop,Mobile App,Delivered,5
ORD002854,2024-09-01,C00727,Olivia Williams,olivia.williams727@example.com,Canada,Ontario,P030,Perfume,BEAUTY,Fragrance,2,75.45,0.05,143.35,78.47,64.88,Paypal,Desktop,Social Commerce,Shipped,0
ORD002855,2024-04-01,C00499,Chloe Anderson,chloe.anderson499@example.com,Germany,Hesse,P004,USB-C Charger,ELECTRONICS,Accessories,3,25.5,0,76.5,37.82,38.68,Credit Card,Mobile,Website,Delivered,2
ORD002856,2025-11-28,C00328,Amelia Johnson,amelia.johnson328@example.com,India,Delhi,P021,Desk Lamp,HOME & KITCHEN,Lighting,3,35.52,0.15,90.58,52.31,38.27,Debit Card,Mobile,Website,Delivered,1
ORD002857,2025-07-18,C01100,Mason Young,mason.young1100@example.com,France,Normandy,P028,Moisturizer,BEAUTY,Skin Care,1,23.69,0.25,17.77,9.49,8.28,Cash On Delivery,Tablet,Website,Processing,0
ORD002858,2025-08-07,C00307,Harper Martin,harper.martin307@example.com,Germany,Saxony,P024,Football,SPORTS,Outdoor,2,30.43,0.1,54.77,28.4,26.37,Debit Card,Desktop,Mobile App,Delivered,3
ORD002859,2024-11-18,C01405,Noah Lewis,noah.lewis1405@example.com,Uae,Abu Dhabi,P015,Backpack,FASHION,Bags,1,46.18,0,46.18,24.1,22.08,Paypal,Mobile,Mobile App,Shipped,0
ORD002860,2024-06-20,C00747,Liam Hall,liam.hall747@example.com,Uk,England,P032,Data Analytics Book,BOOKS,Education,1,42.8,0,42.8,19.94,22.86,Debit Card,Mobile,Marketplace,Delivered,5
ORD002861,2025-02-16,C01264,Aria Martin,aria.martin1264@example.com,Germany,Bavaria,P022,Yoga Mat,SPORTS,Fitness,2,25.78,0,51.56,23,28.56,Bank Transfer,Mobile,Mobile App,Processing,0
ORD002862,2024-06-30,C00435,Lucas King,lucas.king435@example.com,India,Gujarat,P033,Cookbook,BOOKS,Lifestyle,1,28.6,0,28.6,13.3,15.3,Credit Card,Mobile,Website,Delivered,4
ORD002863,2026-07-09,C01172,James Brown,james.brown1172@example.com,Uk,England,P019,Knife Set,HOME & KITCHEN,Cookware,1,61.88,0.15,52.6,33.9,18.7,Debit Card,Mobile,Mobile App,Delivered,5
ORD002864,2026-06-01,C00224,Emma Patel,emma.patel224@example.com,Usa,Florida,P003,Smart Watch,ELECTRONICS,Wearables,1,131.61,0.1,118.45,87.73,30.72,Credit Card,Mobile,Website,Delivered,3
ORD002865,2024-01-12,C00561,Ethan Moore,ethan.moore561@example.com,Usa,California,P003,Smart Watch,ELECTRONICS,Wearables,1,127.06,0.15,108,84.65,23.35,Cash On Delivery,Mobile,Website,Delivered,5
ORD002866,2026-03-26,C00016,Lucas Lewis,lucas.lewis16@example.com,Australia,Western Australia,P006,Mechanical Keyboard,ELECTRONICS,Computers,5,92.98,0.15,395.17,288.72,106.45,Debit Card,Mobile,Mobile App,Delivered,2
ORD002867,2024-06-24,C01018,Jack Hall,jack.hall1018@example.com,France,Normandy,P034,Building Blocks,TOYS,Educational,1,34.32,0.05,32.6,16.87,15.73,Credit Card,Desktop,Marketplace,Processing,0
ORD002868,2025-07-04,C00276,Mia Lee,mia.lee276@example.com,Uk,Scotland,P014,Leather Wallet,FASHION,Accessories,1,31.26,0.25,23.45,15.02,8.43,Debit Card,Desktop,Website,Processing,0
ORD002869,2026-07-19,C00054,James Brown,james.brown54@example.com,Usa,Texas,P013,Hoodie,FASHION,Apparel,2,42.52,0,85.04,42.55,42.49,Credit Card,Mobile,Mobile App,Shipped,0
ORD002870,2026-05-10,C01024,Emma Young,emma.young1024@example.com,Uk,Wales,P019,Knife Set,HOME & KITCHEN,Cookware,3,65.33,0,195.99,113.57,82.42,Credit Card,Mobile,Website,Shipped,0
ORD002871,2025-12-07,C00276,Mia Lee,mia.lee276@example.com,Uae,Dubai,P002,Bluetooth Speaker,ELECTRONICS,Audio,3,47.53,0.1,128.33,84.6,43.73,Credit Card,Tablet,Website,Delivered,4
ORD002872,2024-04-16,C00193,Amelia Anderson,amelia.anderson193@example.com,Germany,Bavaria,P029,Hair Dryer,BEAUTY,Hair Care,1,50.81,0.1,45.73,28.63,17.1,Debit Card,Mobile,Mobile App,Delivered,5
ORD002873,2025-10-12,C01652,Daniel King,daniel.king1652@example.com,Uk,Wales,P002,Bluetooth Speaker,ELECTRONICS,Audio,2,50.14,0.2,80.22,62.35,17.87,Credit Card,Tablet,Marketplace,Delivered,4
ORD002874,2024-10-05,C00616,Mason Anderson,mason.anderson616@example.com,France,Provence,P005,Laptop Stand,ELECTRONICS,Accessories,3,39.79,0,119.37,61.5,57.87,Debit Card,Tablet,Marketplace,Shipped,0
ORD002875,2025-08-03,C01533,Ethan Young,ethan.young1533@example.com,Uae,Abu Dhabi,P003,Smart Watch,ELECTRONICS,Wearables,2,137.73,0.05,261.69,182.82,78.87,Credit Card,Mobile,Social Commerce,Delivered,4
ORD002876,2026-02-05,C01352,Elijah Young,elijah.young1352@example.com,Uk,Scotland,P002,Bluetooth Speaker,ELECTRONICS,Audio,4,53.25,0.1,191.7,122.88,68.82,Credit Card,Mobile,Website,Delivered,3
ORD002877,2025-10-27,C00173,Owen Walker,owen.walker173@example.com,Uk,England,P027,Face Serum,BEAUTY,Skin Care,1,38.43,0.05,36.51,15.98,20.53,Credit Card,Desktop,Website,Delivered,2
ORD002878,2026-03-21,C01427,Nora Garcia,nora.garcia1427@example.com,Uk,Wales,P023,Dumbbell Set,SPORTS,Fitness,3,87.33,0.2,209.59,156.99,52.6,Cash On Delivery,Mobile,Website,Delivered,3
ORD002879,2025-03-22,C00990,Sophia Wright,sophia.wright990@example.com,Usa,Florida,P010,Casual Sneakers,FASHION,Footwear,1,53.69,0,53.69,28.17,25.52,Credit Card,Desktop,Marketplace,Delivered,5
ORD002880,2024-04-26,C01670,Layla Brown,layla.brown1670@example.com,Usa,California,P014,Leather Wallet,FASHION,Accessories,1,31.14,0,31.14,14.17,16.97,Paypal,Mobile,Social Commerce,Returned,5
ORD002881,2024-04-19,C00108,Aarav Lewis,aarav.lewis108@example.com,Australia,Queensland,P033,Cookbook,BOOKS,Lifestyle,1,32.95,0.15,28.01,14.91,13.1,Bank Transfer,Mobile,Marketplace,Delivered,5
ORD002882,2024-12-12,C01324,Evelyn Patel,evelyn.patel1324@example.com,France,Ile-de-France,P015,Backpack,FASHION,Bags,1,50.78,0.15,43.16,26.79,16.37,Bank Transfer,Mobile,Mobile App,Delivered,5
ORD002883,2026-06-16,C01643,Adam Hall,adam.hall1643@example.com,Canada,Quebec,P006,Mechanical Keyboard,ELECTRONICS,Computers,2,84.85,0.15,144.24,109.79,34.45,Paypal,Desktop,Website,Delivered,4
ORD002884,2025-04-24,C00609,Amelia Lewis,amelia.lewis609@example.com,Germany,Bavaria,P030,Perfume,BEAUTY,Fragrance,1,70.9,0,70.9,37.45,33.45,Credit Card,Desktop,Mobile App,Shipped,0
ORD002885,2025-08-11,C01523,Zoe Brown,missing@example.com,Usa,New York,P030,Perfume,BEAUTY,Fragrance,2,72.48,0.25,108.72,77.68,31.04,Credit Card,Desktop,Mobile App,Delivered,5
ORD002886,2025-06-23,C00190,Mia Patel,mia.patel190@example.com,Uk,Wales,P020,Storage Boxes,HOME & KITCHEN,Storage,1,30.18,0,30.18,14.58,15.6,Credit Card,Desktop,Website,Delivered,3
ORD002887,2026-04-11,C00411,Liam Martin,liam.martin411@example.com,Uae,Sharjah,P030,Perfume,BEAUTY,Fragrance,1,70.14,0.2,56.11,37.56,18.55,Paypal,Mobile,Mobile App,Delivered,5
ORD002888,2026-04-20,C00683,Harper Williams,harper.williams683@example.com,Uae,Dubai,P032,Data Analytics Book,BOOKS,Education,2,44.11,0.15,74.99,42.76,32.23,Cash On Delivery,Desktop,Social Commerce,Delivered,5
ORD002889,2025-01-17,C01272,Sophia Smith,sophia.smith1272@example.com,Usa,Florida,P004,USB-C Charger,ELECTRONICS,Accessories,1,27.7,0.25,20.77,13.02,7.75,Paypal,Mobile,Mobile App,Delivered,2
ORD002890,2025-12-17,C00544,Grace Martin,grace.martin544@example.com,Uae,Dubai,P010,Casual Sneakers,FASHION,Footwear,1,56.15,0.05,53.34,31.14,22.2,Debit Card,Mobile,Social Commerce,Delivered,3
ORD002891,2024-03-22,C01521,Henry Young,henry.young1521@example.com,France,Occitanie,P023,Dumbbell Set,SPORTS,Fitness,3,81.56,0,244.68,144.28,100.4,Bank Transfer,Mobile,Website,Delivered,5
ORD002892,2024-05-13,C01589,Noah Young,noah.young1589@example.com,Australia,Queensland,P033,Cookbook,BOOKS,Lifestyle,1,33.37,0.2,26.7,15.87,10.83,Debit Card,Mobile,Website,Shipped,0
ORD002893,2024-10-02,C01453,Evelyn Clark,evelyn.clark1453@example.com,Canada,Quebec,P028,Moisturizer,BEAUTY,Skin Care,1,25.81,0.15,21.94,10.4,11.54,Paypal,Mobile,Website,Shipped,0
ORD002894,2025-05-07,C00545,Olivia Williams,olivia.williams545@example.com,France,Normandy,P016,Coffee Maker,HOME & KITCHEN,Appliances,1,85.55,0.2,68.44,51.63,16.81,Debit Card,Desktop,Mobile App,Delivered,5
ORD002895,2024-06-19,C00854,Olivia Lee,olivia.lee854@example.com,Uae,Abu Dhabi,P027,Face Serum,BEAUTY,Skin Care,2,38.81,0,77.62,32.31,45.31,Debit Card,Mobile,Website,Delivered,3
ORD002896,2024-07-11,C01365,Mia Johnson,mia.johnson1365@example.com,Usa,New York,P018,Non-stick Pan,HOME & KITCHEN,Cookware,2,32.28,0.25,48.42,34.05,14.37,Paypal,Desktop,Website,Delivered,3
ORD002897,2024-09-24,C01319,Chloe Anderson,chloe.anderson1319@example.com,Uae,Sharjah,P026,Water Bottle,SPORTS,Accessories,1,16.82,0.05,15.98,7.09,8.89,Credit Card,Desktop,Website,Delivered,5
ORD002898,2024-09-11,C01563,Grace Martin,grace.martin1563@example.com,Uk,England,P002,Bluetooth Speaker,ELECTRONICS,Audio,2,48.24,0.05,91.66,59.97,31.69,Credit Card,Mobile,Marketplace,Processing,0
ORD002899,2024-11-14,C00242,Daniel King,daniel.king242@example.com,Canada,Ontario,P002,Bluetooth Speaker,ELECTRONICS,Audio,1,49.14,0,49.14,28.81,20.33,Debit Card,Desktop,Website,Delivered,4
ORD002900,2024-08-20,C00527,Leo Hall,leo.hall527@example.com,Uae,Sharjah,P030,Perfume,BEAUTY,Fragrance,2,73.1,0.15,124.27,73.97,50.3,Debit Card,Desktop,Mobile App,Delivered,3
ORD002901,2025-10-31,C00726,Sophia Wilson,sophia.wilson726@example.com,Uae,Sharjah,P022,Yoga Mat,SPORTS,Fitness,2,23.42,0.05,44.5,21.41,23.09,Cash On Delivery,Mobile,Mobile App,Cancelled,0
ORD002902,2024-03-31,C00650,Grace Moore,grace.moore650@example.com,Uae,Abu Dhabi,P016,Coffee Maker,HOME & KITCHEN,Appliances,2,95.44,0,190.88,118.9,71.98,Debit Card,Tablet,Website,Delivered,4
ORD002903,2026-03-24,C01060,Daniel King,daniel.king1060@example.com,Uae,Abu Dhabi,P029,Hair Dryer,BEAUTY,Hair Care,2,50.54,0,101.08,54.97,46.11,Credit Card,Mobile,Mobile App,Delivered,5
ORD002904,2024-04-07,C00694,Leo Lewis,leo.lewis694@example.com,Uae,Dubai,P003,Smart Watch,ELECTRONICS,Wearables,3,128.6,0,385.8,260.25,125.55,Credit Card,Desktop,Website,Shipped,0
ORD002905,2026-03-01,C00405,Zoe Lewis,zoe.lewis405@example.com,Uae,Abu Dhabi,P023,Dumbbell Set,SPORTS,Fitness,1,76.29,0,76.29,42.76,33.53,Credit Card,Mobile,Website,Processing,0
ORD002906,2024-04-11,C00356,Emma Anderson,emma.anderson356@example.com,Germany,Berlin,P029,Hair Dryer,BEAUTY,Hair Care,6,47.33,0.05,269.78,161.87,107.91,Paypal,Mobile,Mobile App,Delivered,3
ORD002907,2024-09-21,C00468,Emma Young,emma.young468@example.com,Usa,Texas,P014,Leather Wallet,FASHION,Accessories,1,32.91,0.1,29.62,14.87,14.75,Credit Card,Mobile,Mobile App,Delivered,5
ORD002908,2026-01-03,C00854,Olivia Lee,olivia.lee854@example.com,France,Ile-de-France,P018,Non-stick Pan,HOME & KITCHEN,Cookware,2,34.32,0.15,58.34,34.15,24.19,Debit Card,Mobile,Mobile App,Delivered,4
ORD002909,2025-02-27,C01418,Leo King,leo.king1418@example.com,Uk,England,P031,Novel Set,BOOKS,Fiction,2,37.95,0.2,60.72,37.11,23.61,Debit Card,Mobile,Website,Delivered,5
ORD002910,2025-12-09,C00969,Aria Taylor,aria.taylor969@example.com,India,Gujarat,P010,Casual Sneakers,FASHION,Footwear,3,53.17,0,159.51,86.75,72.76,Bank Transfer,Desktop,Mobile App,Delivered,5
ORD002911,2024-12-14,C01340,Mason Anderson,mason.anderson1340@example.com,Uae,Dubai,P014,Leather Wallet,FASHION,Accessories,1,31.02,0,31.02,14.93,16.09,Credit Card,Mobile,Website,Delivered,2
ORD002912,2024-10-21,C00766,Chloe Taylor,chloe.taylor766@example.com,Uk,Scotland,P004,USB-C Charger,ELECTRONICS,Accessories,1,27.36,0.1,24.62,13.6,11.02,Credit Card,Mobile,Mobile App,Cancelled,0
ORD002913,2025-04-06,C01554,Henry Clark,missing@example.com,Canada,Ontario,P015,Backpack,FASHION,Bags,1,50.68,0.1,45.61,27.27,18.34,Debit Card,Mobile,Website,Delivered,4
ORD002914,2024-12-17,C01206,Isabella Hall,isabella.hall1206@example.com,India,Delhi,P008,Webcam HD,ELECTRONICS,Computers,6,55.47,0.1,299.54,200.44,99.1,Paypal,Mobile,Mobile App,Delivered,4
ORD002915,2026-02-03,C01446,Mia Lee,mia.lee1446@example.com,Usa,Florida,P018,Non-stick Pan,HOME & KITCHEN,Cookware,1,34.18,0,34.18,17.6,16.58,Credit Card,Desktop,Mobile App,Cancelled,0
ORD002916,2024-04-04,C01257,Ethan Lewis,ethan.lewis1257@example.com,Uk,Scotland,P014,Leather Wallet,FASHION,Accessories,2,30.01,0.05,57.02,27.3,29.72,Credit Card,Mobile,Website,Delivered,4
ORD002917,2025-07-22,C00362,Adam Johnson,adam.johnson362@example.com,Usa,Florida,P027,Face Serum,BEAUTY,Skin Care,4,32.59,0.1,117.32,54.94,62.38,Cash On Delivery,Mobile,Website,Delivered,2
ORD002918,2025-12-17,C00882,Zoe Thomas,zoe.thomas882@example.com,Uae,Abu Dhabi,P002,Bluetooth Speaker,ELECTRONICS,Audio,1,53.51,0.2,42.81,31.4,11.41,Credit Card,Desktop,Mobile App,Delivered,5
ORD002919,2024-10-26,C00886,Daniel Taylor,daniel.taylor886@example.com,Germany,Hesse,P005,Laptop Stand,ELECTRONICS,Accessories,2,39.93,0,79.86,41.86,38,Debit Card,Mobile,Mobile App,Delivered,5
ORD002920,2025-05-25,C01119,Charlotte King,charlotte.king1119@example.com,Germany,Berlin,P014,Leather Wallet,FASHION,Accessories,2,27.85,0.05,52.91,26.01,26.9,Credit Card,Desktop,Website,Delivered,3
ORD002921,2026-01-19,C00970,Ava Johnson,ava.johnson970@example.com,Germany,Bavaria,P023,Dumbbell Set,SPORTS,Fitness,4,86.09,0,344.36,194.05,150.31,Credit Card,Mobile,Mobile App,Shipped,0
ORD002922,2026-05-21,C01064,Henry Smith,henry.smith1064@example.com,Australia,Victoria,P030,Perfume,BEAUTY,Fragrance,3,67.52,0,202.56,103.89,98.67,Debit Card,Mobile,Website,Delivered,4
ORD002923,2025-08-22,C00190,Mia Patel,mia.patel190@example.com,India,Karnataka,P013,Hoodie,FASHION,Apparel,1,45.11,0.15,38.34,22.14,16.2,Credit Card,Mobile,Mobile App,Processing,0
ORD002924,2024-06-01,C00767,Elijah King,elijah.king767@example.com,Germany,Berlin,P020,Storage Boxes,HOME & KITCHEN,Storage,1,29.2,0.1,26.28,13.91,12.37,Credit Card,Tablet,Website,Cancelled,0
ORD002925,2025-03-23,C00624,Elijah Johnson,elijah.johnson624@example.com,Uk,England,P025,Cycling Helmet,SPORTS,Outdoor,1,63.23,0,63.23,37.11,26.12,Credit Card,Mobile,Website,Delivered,5
ORD002926,2024-07-25,C01059,Mason King,mason.king1059@example.com,Canada,Quebec,P027,Face Serum,BEAUTY,Skin Care,1,38.94,0,38.94,16.98,21.96,Paypal,Desktop,Mobile App,Delivered,5
ORD002927,2024-09-04,C01050,Jack Johnson,jack.johnson1050@example.com,Germany,Saxony,P025,Cycling Helmet,SPORTS,Outdoor,1,62.94,0.1,56.65,34.85,21.8,Credit Card,Desktop,Website,Delivered,4
ORD002928,2025-07-23,C00418,Lucas Brown,lucas.brown418@example.com,France,Ile-de-France,P035,Remote Control Car,TOYS,Vehicles,1,48.93,0.05,46.48,27.99,18.49,Debit Card,Desktop,Mobile App,Shipped,0
ORD002929,2025-05-05,C00669,Aarav Garcia,aarav.garcia669@example.com,India,Karnataka,P003,Smart Watch,ELECTRONICS,Wearables,1,121.96,0,121.96,82.39,39.57,Cash On Delivery,Tablet,Mobile App,Delivered,5
ORD002930,2024-09-08,C00124,Owen Moore,owen.moore124@example.com,France,Provence,P002,Bluetooth Speaker,ELECTRONICS,Audio,6,50.03,0.25,225.13,180.89,44.24,Credit Card,Mobile,Website,Shipped,0
ORD002931,2024-06-21,C00619,Jack Wright,missing@example.com,Uae,Dubai,P030,Perfume,BEAUTY,Fragrance,6,72.5,0,435,218.98,216.02,Paypal,Mobile,Website,Delivered,4
ORD002932,2024-03-11,C00280,Harper Smith,harper.smith280@example.com,Uk,England,P008,Webcam HD,ELECTRONICS,Computers,1,60.99,0.1,54.89,37.4,17.49,Cash On Delivery,Mobile,Mobile App,Delivered,3
ORD002933,2025-03-20,C01486,Emma Wilson,emma.wilson1486@example.com,Germany,Hesse,P013,Hoodie,FASHION,Apparel,1,46.11,0.1,41.5,22.83,18.67,Credit Card,Mobile,Website,Delivered,2
ORD002934,2026-01-31,C01787,Noah Wilson,noah.wilson1787@example.com,Australia,Queensland,P018,Non-stick Pan,HOME & KITCHEN,Cookware,2,35.31,0,70.62,36.77,33.85,Credit Card,Desktop,Website,Returned,3
ORD002935,2025-09-10,C01336,Isabella Taylor,isabella.taylor1336@example.com,Germany,Hesse,P035,Remote Control Car,TOYS,Vehicles,1,41.91,0,41.91,24.74,17.17,Credit Card,Mobile,Website,Delivered,5
ORD002936,2024-12-15,C00381,Ava Young,ava.young381@example.com,Uk,Wales,P007,Wireless Mouse,ELECTRONICS,Computers,1,35.72,0.1,32.15,18.23,13.92,Credit Card,Tablet,Mobile App,Delivered,4
ORD002937,2024-12-06,C01773,Layla Patel,layla.patel1773@example.com,Germany,Bavaria,P018,Non-stick Pan,HOME & KITCHEN,Cookware,3,32.55,0,97.65,49.74,47.91,Cash On Delivery,Desktop,Website,Delivered,4
ORD002938,2025-03-31,C00703,Ava Taylor,ava.taylor703@example.com,France,Normandy,P011,Denim Jacket,FASHION,Outerwear,3,81.88,0,245.64,145.49,100.15,Paypal,Desktop,Mobile App,Delivered,4
ORD002939,2024-12-06,C01126,James Lee,james.lee1126@example.com,India,Tamil Nadu,P035,Remote Control Car,TOYS,Vehicles,3,48.48,0.05,138.17,81.45,56.72,Bank Transfer,Mobile,Website,Delivered,5
ORD002940,2025-12-08,C01437,Zoe Wilson,zoe.wilson1437@example.com,Usa,Florida,P004,USB-C Charger,ELECTRONICS,Accessories,1,26.87,0.05,25.53,12.45,13.08,Credit Card,Desktop,Mobile App,Delivered,4
ORD002941,2024-06-16,C01158,Lucas Clark,lucas.clark1158@example.com,Australia,Queensland,P023,Dumbbell Set,SPORTS,Fitness,6,84.49,0,506.94,299.98,206.96,Debit Card,Desktop,Website,Delivered,3
ORD002942,2024-01-22,C01305,Aria Anderson,aria.anderson1305@example.com,India,Maharashtra,P004,USB-C Charger,ELECTRONICS,Accessories,1,27.77,0.25,20.83,13.48,7.35,Credit Card,Mobile,Mobile App,Delivered,3
ORD002943,2025-06-16,C00108,Aarav Lewis,aarav.lewis108@example.com,Canada,Quebec,P017,Air Fryer,HOME & KITCHEN,Appliances,1,121.31,0.15,103.11,76.31,26.8,Debit Card,Mobile,Mobile App,Delivered,5
ORD002944,2026-07-04,C00508,Noah Walker,noah.walker508@example.com,Canada,Ontario,P015,Backpack,FASHION,Bags,1,47.45,0,47.45,24.47,22.98,Cash On Delivery,Desktop,Website,Returned,2
ORD002945,2025-03-06,C01694,Chloe Hall,chloe.hall1694@example.com,Canada,Quebec,P024,Football,SPORTS,Outdoor,1,32.08,0.1,28.87,15.45,13.42,Debit Card,Mobile,Mobile App,Cancelled,0
ORD002946,2024-03-18,C01238,Mia King,mia.king1238@example.com,France,Occitanie,P017,Air Fryer,HOME & KITCHEN,Appliances,2,133.89,0.05,254.39,173.18,81.21,Bank Transfer,Mobile,Website,Delivered,1
ORD002947,2025-04-16,C00877,Harper Walker,harper.walker877@example.com,India,Tamil Nadu,P028,Moisturizer,BEAUTY,Skin Care,1,25.69,0,25.69,10.06,15.63,Paypal,Mobile,Mobile App,Delivered,2
ORD002948,2025-10-23,C00736,Evelyn Moore,evelyn.moore736@example.com,France,Occitanie,P012,Cotton T-Shirt,FASHION,Apparel,1,19.37,0.1,17.43,8.5,8.93,Credit Card,Mobile,Website,Delivered,3
ORD002949,2024-02-21,C01227,Zoe King,zoe.king1227@example.com,Uae,Sharjah,P021,Desk Lamp,HOME & KITCHEN,Lighting,1,35.95,0.05,34.15,17.54,16.61,Credit Card,Desktop,Website,Delivered,3
ORD002950,2025-07-02,C00159,Noah Clark,noah.clark159@example.com,Uk,Scotland,P033,Cookbook,BOOKS,Lifestyle,1,31.63,0.2,25.3,15.02,10.28,Cash On Delivery,Tablet,Mobile App,Delivered,3
ORD002951,2026-01-17,C01090,Zoe Taylor,zoe.taylor1090@example.com,Canada,Alberta,P036,Puzzle 1000pc,TOYS,Games,1,20.99,0.1,18.89,9.31,9.58,Bank Transfer,Mobile,Social Commerce,Delivered,4
ORD002952,2024-09-13,C00668,Elijah Walker,elijah.walker668@example.com,Uk,Scotland,P029,Hair Dryer,BEAUTY,Hair Care,5,47.43,0,237.15,134.42,102.73,Paypal,Mobile,Mobile App,Delivered,3
ORD002953,2025-04-05,C00062,Grace Lee,grace.lee62@example.com,Australia,Queensland,P022,Yoga Mat,SPORTS,Fitness,1,27.8,0.2,22.24,13.12,9.12,Credit Card,Mobile,Website,Delivered,2
ORD002954,2025-07-06,C00741,Harper Patel,harper.patel741@example.com,Usa,New York,P022,Yoga Mat,SPORTS,Fitness,2,24.42,0.05,46.4,21.73,24.67,Credit Card,Mobile,Marketplace,Delivered,5
ORD002955,2026-02-24,C00827,Mia Brown,mia.brown827@example.com,Uk,England,P033,Cookbook,BOOKS,Lifestyle,1,29.83,0,29.83,13.71,16.12,Debit Card,Desktop,Marketplace,Delivered,4
ORD002956,2024-12-09,C01263,Noah Wilson,noah.wilson1263@example.com,Usa,California,P023,Dumbbell Set,SPORTS,Fitness,1,85.07,0,85.07,49.91,35.16,Credit Card,Mobile,Mobile App,Delivered,1
ORD002957,2024-01-16,C00756,Aria Garcia,aria.garcia756@example.com,France,Normandy,P034,Building Blocks,TOYS,Educational,2,35.55,0,71.1,36.72,34.38,Credit Card,Desktop,Website,Delivered,2
ORD002958,2026-03-06,C00375,Owen Clark,owen.clark375@example.com,Uae,Dubai,P010,Casual Sneakers,FASHION,Footwear,1,60.49,0.15,51.42,32.05,19.37,Debit Card,Tablet,Mobile App,Delivered,2
ORD002959,2025-11-29,C01683,Liam Thomas,liam.thomas1683@example.com,Uae,Abu Dhabi,P011,Denim Jacket,FASHION,Outerwear,3,78.32,0.15,199.72,137.13,62.59,Credit Card,Mobile,Marketplace,Delivered,2
ORD002960,2025-03-11,C00172,Liam Johnson,liam.johnson172@example.com,Uk,Wales,P027,Face Serum,BEAUTY,Skin Care,1,38.07,0.1,34.26,15.44,18.82,Cash On Delivery,Desktop,Website,Delivered,3
ORD002961,2025-03-15,C00045,Aria Martin,aria.martin45@example.com,Canada,Ontario,P034,Building Blocks,TOYS,Educational,2,36.97,0,73.94,35.96,37.98,Cash On Delivery,Mobile,Marketplace,Delivered,4
ORD002962,2024-01-26,C00528,Adam Walker,adam.walker528@example.com,Canada,Quebec,P029,Hair Dryer,BEAUTY,Hair Care,4,48.77,0.25,146.31,107.23,39.08,Bank Transfer,Desktop,Mobile App,Delivered,5
ORD002963,2024-03-01,C01281,Grace Smith,grace.smith1281@example.com,India,Gujarat,P005,Laptop Stand,ELECTRONICS,Accessories,3,39.32,0,117.96,63.55,54.41,Credit Card,Mobile,Website,Delivered,2
ORD002964,2024-06-11,C01428,Noah Clark,noah.clark1428@example.com,Usa,Florida,P007,Wireless Mouse,ELECTRONICS,Computers,3,36.91,0.15,94.12,56.6,37.52,Credit Card,Mobile,Website,Delivered,3
ORD002965,2024-05-21,C00098,Aarav Clark,aarav.clark98@example.com,Uk,Wales,P003,Smart Watch,ELECTRONICS,Wearables,1,137.27,0,137.27,88.62,48.65,Credit Card,Desktop,Website,Delivered,1
ORD002966,2024-11-21,C00502,Olivia Hall,olivia.hall502@example.com,France,Ile-de-France,P032,Data Analytics Book,BOOKS,Education,1,50.15,0.05,47.64,24.37,23.27,Paypal,Desktop,Mobile App,Shipped,0
ORD002967,2024-10-14,C01189,Liam Wilson,liam.wilson1189@example.com,Germany,Hesse,P029,Hair Dryer,BEAUTY,Hair Care,2,55.04,0.15,93.57,60.47,33.1,Cash On Delivery,Tablet,Website,Cancelled,0
ORD002968,2026-03-27,C01458,Evelyn Walker,evelyn.walker1458@example.com,Australia,Queensland,P026,Water Bottle,SPORTS,Accessories,1,19.76,0.1,17.78,8.18,9.6,Cash On Delivery,Mobile,Marketplace,Delivered,5
ORD002969,2024-04-26,C01123,Grace Smith,grace.smith1123@example.com,France,Ile-de-France,P018,Non-stick Pan,HOME & KITCHEN,Cookware,1,32.4,0,32.4,16.83,15.57,Cash On Delivery,Mobile,Website,Delivered,3
ORD002970,2026-01-30,C00135,Daniel Williams,daniel.williams135@example.com,Usa,Florida,P012,Cotton T-Shirt,FASHION,Apparel,3,19.03,0,57.09,26.34,30.75,Credit Card,Desktop,Website,Delivered,3
ORD002971,2025-11-29,C01334,Evelyn Clark,evelyn.clark1334@example.com,India,Gujarat,P021,Desk Lamp,HOME & KITCHEN,Lighting,1,30.48,0.25,22.86,15.84,7.02,Debit Card,Desktop,Mobile App,Shipped,0
ORD002972,2024-01-19,C01110,Elijah Patel,elijah.patel1110@example.com,Canada,Quebec,P019,Knife Set,HOME & KITCHEN,Cookware,1,60.63,0.1,54.57,35.15,19.42,Debit Card,Mobile,Mobile App,Shipped,0
ORD002973,2024-01-06,C01747,Lucas Martin,lucas.martin1747@example.com,Usa,California,P007,Wireless Mouse,ELECTRONICS,Computers,1,38.85,0,38.85,18.96,19.89,Credit Card,Desktop,Website,Processing,0
ORD002974,2024-12-22,C00853,Lucas Clark,lucas.clark853@example.com,India,Delhi,P008,Webcam HD,ELECTRONICS,Computers,4,57.35,0.2,183.52,134.87,48.65,Debit Card,Desktop,Mobile App,Delivered,5
ORD002975,2025-12-31,C00716,James Johnson,james.johnson716@example.com,Uae,Abu Dhabi,P028,Moisturizer,BEAUTY,Skin Care,2,25.74,0,51.48,21.2,30.28,Debit Card,Mobile,Mobile App,Processing,0
ORD002976,2024-03-22,C01539,James King,james.king1539@example.com,Canada,Alberta,P021,Desk Lamp,HOME & KITCHEN,Lighting,1,34.28,0.05,32.57,16.77,15.8,Debit Card,Mobile,Website,Delivered,4
ORD002977,2025-08-16,C01071,Layla Smith,layla.smith1071@example.com,Uk,England,P026,Water Bottle,SPORTS,Accessories,3,16.84,0.25,37.89,21.62,16.27,Cash On Delivery,Mobile,Marketplace,Shipped,0
ORD002978,2024-10-09,C00753,Sophia Brown,sophia.brown753@example.com,Canada,Ontario,P021,Desk Lamp,HOME & KITCHEN,Lighting,2,32.58,0.15,55.39,33.19,22.2,Paypal,Mobile,Mobile App,Processing,0
ORD002979,2025-11-18,C00027,Mason Smith,mason.smith27@example.com,Canada,British Columbia,P007,Wireless Mouse,ELECTRONICS,Computers,3,37.13,0.05,105.82,56.51,49.31,Credit Card,Mobile,Website,Delivered,3
ORD002980,2026-02-13,C01596,Evelyn Hall,evelyn.hall1596@example.com,Australia,Western Australia,P035,Remote Control Car,TOYS,Vehicles,3,49.85,0.05,142.07,87.03,55.04,Credit Card,Mobile,Website,Delivered,2
ORD002981,2026-02-25,C01581,James Taylor,james.taylor1581@example.com,Australia,Queensland,P017,Air Fryer,HOME & KITCHEN,Appliances,1,127.94,0.1,115.15,84.37,30.78,Debit Card,Mobile,Mobile App,Processing,0
ORD002982,2024-12-02,C00635,Isabella Thomas,isabella.thomas635@example.com,Australia,Queensland,P027,Face Serum,BEAUTY,Skin Care,2,33.73,0.15,57.34,28.3,29.04,Cash On Delivery,Mobile,Website,Delivered,4
ORD002983,2026-05-29,C01045,Amelia Young,amelia.young1045@example.com,Canada,British Columbia,P027,Face Serum,BEAUTY,Skin Care,1,37.79,0.2,30.23,15.63,14.6,Credit Card,Mobile,Website,Delivered,4
ORD002984,2026-02-26,C01519,Ava Clark,ava.clark1519@example.com,Germany,Saxony,P001,Wireless Headphones,ELECTRONICS,Audio,2,77.94,0.05,148.09,97.45,50.64,Cash On Delivery,Mobile,Website,Delivered,3
ORD002985,2025-09-29,C01175,Henry Patel,henry.patel1175@example.com,Uae,Dubai,P029,Hair Dryer,BEAUTY,Hair Care,4,46.23,0.1,166.43,101.64,64.79,Bank Transfer,Mobile,Marketplace,Delivered,3
ORD002986,2025-01-20,C01281,Grace Smith,grace.smith1281@example.com,India,Maharashtra,P018,Non-stick Pan,HOME & KITCHEN,Cookware,3,38.19,0,114.57,56.74,57.83,Debit Card,Desktop,Website,Delivered,4
ORD002987,2025-12-23,C00408,Chloe Wilson,chloe.wilson408@example.com,Canada,Ontario,P027,Face Serum,BEAUTY,Skin Care,5,32.57,0,162.85,69.66,93.19,Paypal,Desktop,Website,Shipped,0
ORD002988,2026-07-13,C01793,Harper Brown,harper.brown1793@example.com,France,Ile-de-France,P004,USB-C Charger,ELECTRONICS,Accessories,3,23.23,0.05,66.21,32.56,33.65,Credit Card,Mobile,Website,Delivered,5
ORD002989,2025-07-22,C01719,Emma Clark,emma.clark1719@example.com,Usa,Texas,P003,Smart Watch,ELECTRONICS,Wearables,2,133.2,0.1,239.76,179.57,60.19,Debit Card,Mobile,Website,Delivered,4
ORD002990,2025-03-15,C01424,Charlotte Walker,charlotte.walker1424@example.com,Canada,Quebec,P001,Wireless Headphones,ELECTRONICS,Audio,2,78.96,0,157.92,99.88,58.04,Bank Transfer,Desktop,Mobile App,Delivered,3
ORD002991,2025-08-18,C00589,Sophia Patel,sophia.patel589@example.com,Uk,Wales,P011,Denim Jacket,FASHION,Outerwear,1,77.99,0.2,62.39,44.33,18.06,Debit Card,Mobile,Website,Cancelled,0
ORD002992,2025-04-17,C00409,Ethan Young,ethan.young409@example.com,Uk,Wales,P027,Face Serum,BEAUTY,Skin Care,1,35.53,0,35.53,15.06,20.47,Credit Card,Desktop,Mobile App,Delivered,1
ORD002993,2025-07-11,C00264,Amelia Brown,amelia.brown264@example.com,Germany,Berlin,P021,Desk Lamp,HOME & KITCHEN,Lighting,6,35.08,0,210.48,104.94,105.54,Debit Card,Desktop,Marketplace,Delivered,5
ORD002994,2024-11-27,C01127,Grace Patel,grace.patel1127@example.com,Usa,New York,P031,Novel Set,BOOKS,Fiction,1,39.05,0.25,29.29,19,10.29,Credit Card,Mobile,Social Commerce,Shipped,0
ORD002995,2025-07-10,C00024,Daniel Brown,daniel.brown24@example.com,France,Occitanie,P012,Cotton T-Shirt,FASHION,Apparel,2,22.1,0.1,39.78,20.26,19.52,Bank Transfer,Tablet,Website,Delivered,5
ORD002996,2026-03-17,C00439,Chloe Moore,chloe.moore439@example.com,France,Ile-de-France,P009,Running Shoes,FASHION,Footwear,3,69.06,0.2,165.74,116.27,49.47,Credit Card,Tablet,Website,Delivered,4
ORD002997,2026-06-02,C00565,James Garcia,james.garcia565@example.com,Uae,Dubai,P007,Wireless Mouse,ELECTRONICS,Computers,4,37.9,0,151.6,78.5,73.1,Paypal,Mobile,Website,Delivered,4
ORD002998,2026-05-03,C01063,James Martin,james.martin1063@example.com,Uk,Wales,P032,Data Analytics Book,BOOKS,Education,1,49.76,0,49.76,22.83,26.93,Paypal,Mobile,Website,Cancelled,0
ORD002999,2024-07-07,C01066,Leo Martin,leo.martin1066@example.com,India,Delhi,P035,Remote Control Car,TOYS,Vehicles,6,41.66,0,249.96,146.68,103.28,Credit Card,Mobile,Social Commerce,Shipped,0
ORD003000,2024-12-02,C00768,Owen Clark,owen.clark768@example.com,India,Maharashtra,P011,Denim Jacket,FASHION,Outerwear,3,75.83,0.1,204.74,130.61,74.13,Credit Card,Mobile,Website,Cancelled,0
ORD003001,2025-08-03,C01170,Harper Thomas,missing@example.com,France,Normandy,P031,Novel Set,BOOKS,Fiction,3,44.14,0.1,119.18,67.73,51.45,Debit Card,Desktop,Website,Delivered,5
ORD003002,2026-04-14,C01577,Harper Garcia,harper.garcia1577@example.com,France,Occitanie,P014,Leather Wallet,FASHION,Accessories,1,31.19,0.05,29.63,15.22,14.41,Credit Card,Desktop,Mobile App,Processing,0
ORD003003,2025-01-06,C00482,Mason Clark,mason.clark482@example.com,India,Delhi,P016,Coffee Maker,HOME & KITCHEN,Appliances,3,86.35,0,259.05,163.09,95.96,Credit Card,Mobile,Mobile App,Delivered,2
ORD003004,2024-04-29,C00383,Ethan Martin,ethan.martin383@example.com,India,Gujarat,P012,Cotton T-Shirt,FASHION,Apparel,2,19.14,0,38.28,16.91,21.37,Cash On Delivery,Mobile,Mobile App,Cancelled,0
ORD003005,2025-01-19,C01471,Jack Thomas,jack.thomas1471@example.com,Usa,Texas,P035,Remote Control Car,TOYS,Vehicles,5,45.28,0,226.4,128.49,97.91,Credit Card,Mobile,Website,Delivered,5
ORD003006,2024-04-07,C00693,Daniel Martin,daniel.martin693@example.com,Uae,Dubai,P035,Remote Control Car,TOYS,Vehicles,2,49.57,0,99.14,55.9,43.24,Debit Card,Desktop,Mobile App,Delivered,5
ORD003007,2025-01-10,C01643,Adam Hall,adam.hall1643@example.com,Usa,New York,P004,USB-C Charger,ELECTRONICS,Accessories,2,26.41,0.05,50.18,24.87,25.31,Credit Card,Mobile,Website,Shipped,0
ORD003008,2024-01-30,C00522,Noah King,noah.king522@example.com,Germany,Berlin,P021,Desk Lamp,HOME & KITCHEN,Lighting,5,35.12,0,175.6,85.09,90.51,Credit Card,Tablet,Mobile App,Delivered,3
ORD003009,2024-01-15,C00739,Aria Lee,aria.lee739@example.com,India,Karnataka,P030,Perfume,BEAUTY,Fragrance,6,70.01,0.2,336.05,215.63,120.42,Credit Card,Tablet,Website,Delivered,2
ORD003010,2024-02-22,C00095,Daniel Brown,daniel.brown95@example.com,Uk,England,P003,Smart Watch,ELECTRONICS,Wearables,2,135.9,0.1,244.62,175,69.62,Debit Card,Desktop,Mobile App,Delivered,5
ORD003011,2026-07-02,C00683,Harper Williams,harper.williams683@example.com,Uk,England,P028,Moisturizer,BEAUTY,Skin Care,1,26.26,0.1,23.63,10.79,12.84,Credit Card,Mobile,Mobile App,Delivered,2
ORD003012,2025-03-19,C01433,Sophia Thomas,sophia.thomas1433@example.com,Uae,Sharjah,P036,Puzzle 1000pc,TOYS,Games,1,22.17,0,22.17,9.84,12.33,Credit Card,Desktop,Website,Delivered,4
ORD003013,2024-12-12,C00810,Harper Lewis,harper.lewis810@example.com,Canada,Alberta,P022,Yoga Mat,SPORTS,Fitness,3,24.33,0.15,62.04,34.74,27.3,Debit Card,Mobile,Social Commerce,Delivered,5
ORD003014,2024-06-30,C01706,Mason Thomas,mason.thomas1706@example.com,Uk,Scotland,P018,Non-stick Pan,HOME & KITCHEN,Cookware,4,33.82,0.05,128.52,71.28,57.24,Debit Card,Desktop,Mobile App,Delivered,2
ORD003015,2026-04-15,C01311,Grace Williams,grace.williams1311@example.com,Uk,Wales,P014,Leather Wallet,FASHION,Accessories,2,30.58,0,61.16,28.93,32.23,Bank Transfer,Mobile,Marketplace,Delivered,5
ORD003016,2024-04-30,C00526,Henry Garcia,henry.garcia526@example.com,Canada,Quebec,P031,Novel Set,BOOKS,Fiction,1,42.65,0,42.65,21.41,21.24,Credit Card,Tablet,Mobile App,Delivered,5
ORD003017,2025-05-25,C00920,Evelyn Young,evelyn.young920@example.com,Canada,Quebec,P008,Webcam HD,ELECTRONICS,Computers,1,59.35,0,59.35,35.13,24.22,Debit Card,Desktop,Website,Delivered,3
ORD003018,2026-05-29,C01107,Aria Brown,aria.brown1107@example.com,Uae,Abu Dhabi,P016,Coffee Maker,HOME & KITCHEN,Appliances,3,95.99,0.05,273.57,172.1,101.47,Credit Card,Desktop,Mobile App,Delivered,3
ORD003019,2025-09-19,C00802,James Garcia,james.garcia802@example.com,Uae,Abu Dhabi,P009,Running Shoes,FASHION,Footwear,1,74.78,0,74.78,42.75,32.03,Credit Card,Mobile,Website,Delivered,5
ORD003020,2025-01-11,C01490,Amelia Hall,amelia.hall1490@example.com,Germany,Hesse,P035,Remote Control Car,TOYS,Vehicles,1,41.84,0,41.84,23.88,17.96,Credit Card,Desktop,Website,Delivered,3
ORD003021,2024-12-21,C00070,Chloe Walker,chloe.walker70@example.com,Usa,Illinois,P010,Casual Sneakers,FASHION,Footwear,1,56.31,0.05,53.49,29.6,23.89,Paypal,Mobile,Website,Delivered,4
ORD003022,2024-04-09,C01286,Olivia Johnson,olivia.johnson1286@example.com,India,Maharashtra,P011,Denim Jacket,FASHION,Outerwear,3,77.61,0.25,174.62,135.01,39.61,Credit Card,Mobile,Mobile App,Delivered,3
ORD003023,2025-01-13,C00028,Zoe Williams,zoe.williams28@example.com,Canada,Ontario,P012,Cotton T-Shirt,FASHION,Apparel,3,22.35,0,67.05,29.3,37.75,Cash On Delivery,Mobile,Website,Delivered,4
ORD003024,2024-05-13,C00062,Grace Lee,grace.lee62@example.com,France,Ile-de-France,P029,Hair Dryer,BEAUTY,Hair Care,1,53.45,0,53.45,30.56,22.89,Debit Card,Mobile,Mobile App,Delivered,5
ORD003025,2025-04-08,C01553,Daniel King,daniel.king1553@example.com,Germany,Saxony,P014,Leather Wallet,FASHION,Accessories,1,30.81,0.05,29.27,14.46,14.81,Credit Card,Mobile,Website,Delivered,4
ORD003026,2024-01-18,C00404,Mia Wright,mia.wright404@example.com,Uae,Abu Dhabi,P018,Non-stick Pan,HOME & KITCHEN,Cookware,2,37.99,0,75.98,39.76,36.22,Paypal,Desktop,Mobile App,Delivered,4
ORD003027,2025-09-07,C00261,Mia Lewis,mia.lewis261@example.com,Uae,Sharjah,P023,Dumbbell Set,SPORTS,Fitness,1,80.6,0,80.6,45.34,35.26,Bank Transfer,Desktop,Website,Processing,0
ORD003028,2025-04-07,C01448,Evelyn Moore,evelyn.moore1448@example.com,India,Karnataka,P003,Smart Watch,ELECTRONICS,Wearables,2,129.37,0.1,232.87,170.87,62,Debit Card,Mobile,Mobile App,Delivered,3
ORD003029,2025-05-07,C01718,Harper Hall,harper.hall1718@example.com,Canada,British Columbia,P005,Laptop Stand,ELECTRONICS,Accessories,5,43.42,0.05,206.25,111.7,94.55,Debit Card,Mobile,Mobile App,Delivered,4
ORD003030,2025-03-26,C00071,Emma Smith,emma.smith71@example.com,Canada,Alberta,P006,Mechanical Keyboard,ELECTRONICS,Computers,3,87.56,0,262.68,171.15,91.53,Debit Card,Mobile,Website,Delivered,4
ORD003031,2024-11-21,C01168,Owen Young,owen.young1168@example.com,Canada,British Columbia,P005,Laptop Stand,ELECTRONICS,Accessories,1,43.02,0,43.02,23.14,19.88,Credit Card,Desktop,Marketplace,Delivered,5
ORD003032,2026-01-11,C01319,Chloe Anderson,chloe.anderson1319@example.com,Germany,Bavaria,P008,Webcam HD,ELECTRONICS,Computers,4,56.9,0,227.6,139.9,87.7,Bank Transfer,Mobile,Mobile App,Cancelled,0
ORD003033,2024-01-14,C01582,Aarav King,aarav.king1582@example.com,Uae,Sharjah,P022,Yoga Mat,SPORTS,Fitness,1,27.65,0.15,23.5,12.26,11.24,Credit Card,Desktop,Marketplace,Shipped,0
ORD003034,2024-10-10,C00873,Aarav Taylor,aarav.taylor873@example.com,Australia,Victoria,P004,USB-C Charger,ELECTRONICS,Accessories,3,26.7,0.2,64.08,39.21,24.87,Debit Card,Mobile,Mobile App,Delivered,5
ORD003035,2026-04-29,C01789,Grace Brown,grace.brown1789@example.com,Australia,Western Australia,P022,Yoga Mat,SPORTS,Fitness,4,25.9,0.2,82.88,45.98,36.9,Paypal,Desktop,Marketplace,Delivered,4
ORD003036,2026-01-06,C01683,Liam Thomas,liam.thomas1683@example.com,Canada,British Columbia,P010,Casual Sneakers,FASHION,Footwear,2,51.26,0.05,97.39,56.68,40.71,Cash On Delivery,Mobile,Website,Delivered,5
ORD003037,2025-08-26,C00121,Nora Taylor,nora.taylor121@example.com,Usa,California,P033,Cookbook,BOOKS,Lifestyle,1,29.54,0,29.54,13.69,15.85,Debit Card,Mobile,Website,Delivered,5
ORD003038,2026-07-04,C01169,Leo Moore,leo.moore1169@example.com,Uk,Wales,P019,Knife Set,HOME & KITCHEN,Cookware,3,62.52,0,187.56,101.99,85.57,Cash On Delivery,Mobile,Website,Delivered,4
ORD003039,2026-03-10,C00094,Owen Johnson,owen.johnson94@example.com,Usa,New York,P026,Water Bottle,SPORTS,Accessories,2,18.42,0.1,33.16,15.28,17.88,Debit Card,Desktop,Website,Delivered,2
ORD003041,2026-01-07,C00129,Layla Wright,layla.wright129@example.com,Uk,Wales,P008,Webcam HD,ELECTRONICS,Computers,1,65.35,0.1,58.81,40.41,18.4,Debit Card,Tablet,Mobile App,Shipped,0
ORD003042,2025-10-17,C00026,Mason Young,mason.young26@example.com,Canada,Alberta,P018,Non-stick Pan,HOME & KITCHEN,Cookware,1,38.56,0,38.56,19.14,19.42,Paypal,Mobile,Marketplace,Shipped,0
ORD003043,2026-01-14,C01624,Owen Moore,owen.moore1624@example.com,Uae,Dubai,P008,Webcam HD,ELECTRONICS,Computers,2,56.67,0.25,85,70.75,14.25,Paypal,Mobile,Website,Cancelled,0
ORD003044,2026-04-13,C00914,Grace Lee,grace.lee914@example.com,Uk,Scotland,P018,Non-stick Pan,HOME & KITCHEN,Cookware,2,38.81,0.15,65.98,39.87,26.11,Bank Transfer,Mobile,Website,Delivered,5
ORD003045,2026-04-20,C01314,Adam Wright,adam.wright1314@example.com,Canada,Ontario,P009,Running Shoes,FASHION,Footwear,1,67.12,0,67.12,37.97,29.15,Bank Transfer,Desktop,Website,Delivered,5
ORD003046,2024-01-13,C00858,Adam Smith,adam.smith858@example.com,Germany,Saxony,P022,Yoga Mat,SPORTS,Fitness,1,25.76,0.05,24.47,12.31,12.16,Bank Transfer,Desktop,Website,Delivered,2
ORD003047,2025-01-25,C01606,Harper Taylor,harper.taylor1606@example.com,Uk,Scotland,P020,Storage Boxes,HOME & KITCHEN,Storage,1,26.56,0.05,25.23,12.62,12.61,Credit Card,Desktop,Website,Returned,5
ORD003048,2025-11-28,C01088,Noah Garcia,noah.garcia1088@example.com,Germany,Berlin,P020,Storage Boxes,HOME & KITCHEN,Storage,1,26.23,0.1,23.61,12.67,10.94,Paypal,Mobile,Social Commerce,Delivered,5
ORD003049,2025-01-06,C00213,Owen Clark,owen.clark213@example.com,Usa,California,P001,Wireless Headphones,ELECTRONICS,Audio,4,87.48,0.15,297.43,210.5,86.93,Paypal,Mobile,Mobile App,Delivered,4
ORD003050,2026-07-28,C00384,Zoe Thomas,zoe.thomas384@example.com,Germany,Berlin,P031,Novel Set,BOOKS,Fiction,5,42.54,0,212.7,109.48,103.22,Credit Card,Desktop,Website,Delivered,2
ORD003051,2025-02-17,C01019,Daniel Hall,daniel.hall1019@example.com,Usa,New York,P013,Hoodie,FASHION,Apparel,2,41.67,0,83.34,40.19,43.15,Credit Card,Tablet,Website,Delivered,5
ORD003052,2024-07-13,C00719,Isabella Johnson,isabella.johnson719@example.com,India,Delhi,P005,Laptop Stand,ELECTRONICS,Accessories,1,38.68,0.2,30.94,19.66,11.28,Cash On Delivery,Desktop,Website,Delivered,5
ORD003053,2025-09-20,C01537,Aarav Williams,aarav.williams1537@example.com,Uae,Abu Dhabi,P028,Moisturizer,BEAUTY,Skin Care,1,23.72,0,23.72,9.67,14.05,Credit Card,Desktop,Mobile App,Shipped,0
ORD003054,2024-01-19,C01378,Emma Brown,emma.brown1378@example.com,India,Maharashtra,P030,Perfume,BEAUTY,Fragrance,2,74.24,0.1,133.63,79.73,53.9,Debit Card,Mobile,Marketplace,Delivered,5
ORD003055,2025-04-30,C01182,Henry Johnson,henry.johnson1182@example.com,Germany,Saxony,P034,Building Blocks,TOYS,Educational,1,33.33,0.05,31.66,16.59,15.07,Paypal,Tablet,Marketplace,Cancelled,0
ORD003056,2025-10-13,C00434,Aarav Walker,aarav.walker434@example.com,Germany,Hesse,P028,Moisturizer,BEAUTY,Skin Care,1,24.39,0.05,23.17,9.57,13.6,Credit Card,Desktop,Website,Processing,0
ORD003057,2025-06-20,C00143,Charlotte Thomas,charlotte.thomas143@example.com,Uk,Wales,P018,Non-stick Pan,HOME & KITCHEN,Cookware,2,34.68,0,69.36,34.5,34.86,Credit Card,Mobile,Website,Delivered,5
ORD003058,2026-01-25,C00478,Layla Lee,layla.lee478@example.com,India,Karnataka,P035,Remote Control Car,TOYS,Vehicles,3,46.1,0,138.3,79.22,59.08,Credit Card,Desktop,Mobile App,Delivered,3
ORD003059,2025-06-28,C00519,Mason Moore,mason.moore519@example.com,France,Ile-de-France,P010,Casual Sneakers,FASHION,Footwear,5,51.55,0,257.75,134.94,122.81,Credit Card,Desktop,Social Commerce,Delivered,5
ORD003060,2025-04-20,C00637,Aria Johnson,aria.johnson637@example.com,India,Karnataka,P018,Non-stick Pan,HOME & KITCHEN,Cookware,1,33.06,0.15,28.1,17.07,11.03,Debit Card,Mobile,Website,Delivered,4
ORD003061,2024-09-05,C01515,Nora Patel,nora.patel1515@example.com,Uae,Dubai,P005,Laptop Stand,ELECTRONICS,Accessories,1,41.39,0.1,37.25,21.21,16.04,Credit Card,Tablet,Website,Delivered,5
ORD003062,2026-03-26,C01134,Nora Moore,nora.moore1134@example.com,Uae,Abu Dhabi,P004,USB-C Charger,ELECTRONICS,Accessories,1,24.92,0.25,18.69,11.6,7.09,Paypal,Desktop,Marketplace,Delivered,2
ORD003063,2026-01-13,C00331,Ethan Lee,ethan.lee331@example.com,Germany,Bavaria,P009,Running Shoes,FASHION,Footwear,2,75.03,0,150.06,80.63,69.43,Debit Card,Tablet,Website,Shipped,0
ORD003064,2026-04-03,C00531,Noah Williams,noah.williams531@example.com,Usa,New York,P027,Face Serum,BEAUTY,Skin Care,1,38.23,0,38.23,15.96,22.27,Credit Card,Desktop,Website,Delivered,3
ORD003065,2024-01-25,C00930,Olivia Patel,olivia.patel930@example.com,India,Karnataka,P007,Wireless Mouse,ELECTRONICS,Computers,1,36.74,0.15,31.23,18.16,13.07,Credit Card,Tablet,Mobile App,Delivered,4
ORD003066,2025-05-30,C00323,Liam Young,liam.young323@example.com,Uk,Wales,P029,Hair Dryer,BEAUTY,Hair Care,1,54.41,0,54.41,30.3,24.11,Credit Card,Mobile,Website,Shipped,0
ORD003067,2024-04-29,C01356,Chloe Thomas,chloe.thomas1356@example.com,Australia,Western Australia,P020,Storage Boxes,HOME & KITCHEN,Storage,1,26.98,0.2,21.58,13.42,8.16,Debit Card,Mobile,Website,Delivered,3
ORD003068,2025-06-25,C00096,Emma Wilson,emma.wilson96@example.com,Australia,Queensland,P025,Cycling Helmet,SPORTS,Outdoor,3,62.28,0.05,177.5,108.31,69.19,Cash On Delivery,Desktop,Mobile App,Processing,0
ORD003069,2024-03-12,C00287,Zoe Garcia,zoe.garcia287@example.com,France,Occitanie,P032,Data Analytics Book,BOOKS,Education,2,49.64,0,99.28,48.09,51.19,Paypal,Desktop,Website,Delivered,3
ORD003070,2026-01-25,C00814,Aria King,aria.king814@example.com,India,Delhi,P034,Building Blocks,TOYS,Educational,2,32.87,0.15,55.88,32.59,23.29,Credit Card,Tablet,Website,Returned,4
ORD003071,2026-01-28,C01303,Owen Brown,owen.brown1303@example.com,Germany,Bavaria,P013,Hoodie,FASHION,Apparel,3,44.7,0,134.1,67.98,66.12,Debit Card,Desktop,Website,Delivered,4
ORD003072,2024-06-10,C01602,Mia Moore,mia.moore1602@example.com,Canada,Alberta,P019,Knife Set,HOME & KITCHEN,Cookware,5,58.44,0.15,248.37,159.83,88.54,Credit Card,Mobile,Mobile App,Delivered,4
ORD003073,2026-01-03,C01754,Sophia Young,sophia.young1754@example.com,Germany,Saxony,P035,Remote Control Car,TOYS,Vehicles,6,42.43,0.1,229.12,141.58,87.54,Paypal,Mobile,Mobile App,Shipped,0
ORD003074,2026-06-12,C01291,Noah Wilson,noah.wilson1291@example.com,Uae,Dubai,P015,Backpack,FASHION,Bags,4,49.71,0.1,178.96,102.98,75.98,Paypal,Tablet,Website,Cancelled,0
ORD003075,2026-07-12,C00722,Evelyn Wilson,evelyn.wilson722@example.com,Canada,British Columbia,P016,Coffee Maker,HOME & KITCHEN,Appliances,4,94.43,0.25,283.29,225.86,57.43,Debit Card,Mobile,Website,Delivered,2
ORD003076,2025-12-18,C01659,Mason Lee,mason.lee1659@example.com,Uae,Abu Dhabi,P022,Yoga Mat,SPORTS,Fitness,2,26.7,0,53.4,23.59,29.81,Credit Card,Mobile,Website,Delivered,2
ORD003077,2025-05-12,C01412,Zoe Brown,zoe.brown1412@example.com,India,Maharashtra,P020,Storage Boxes,HOME & KITCHEN,Storage,1,29.07,0,29.07,14.79,14.28,Paypal,Desktop,Website,Processing,0
ORD003078,2024-03-15,C00082,Harper King,harper.king82@example.com,Australia,Western Australia,P007,Wireless Mouse,ELECTRONICS,Computers,1,38.32,0.25,28.74,19.57,9.17,Debit Card,Mobile,Marketplace,Shipped,0
ORD003079,2025-08-29,C00007,Emma Wilson,emma.wilson7@example.com,India,Tamil Nadu,P014,Leather Wallet,FASHION,Accessories,2,28.26,0.1,50.87,27.51,23.36,Cash On Delivery,Mobile,Marketplace,Delivered,3
ORD003080,2024-05-13,C01507,Adam Walker,adam.walker1507@example.com,Canada,Alberta,P015,Backpack,FASHION,Bags,2,46.68,0,93.36,50.16,43.2,Credit Card,Desktop,Marketplace,Delivered,4
ORD003081,2025-05-02,C00394,Henry Anderson,henry.anderson394@example.com,Australia,New South Wales,P029,Hair Dryer,BEAUTY,Hair Care,2,52.26,0,104.52,59.42,45.1,Paypal,Desktop,Mobile App,Delivered,3
ORD003082,2024-08-25,C01682,Leo Moore,leo.moore1682@example.com,Germany,Saxony,P024,Football,SPORTS,Outdoor,1,33.03,0,33.03,15.29,17.74,Paypal,Mobile,Website,Delivered,5
ORD003083,2025-09-09,C00550,Harper Johnson,harper.johnson550@example.com,Usa,New York,P003,Smart Watch,ELECTRONICS,Wearables,2,130.17,0.1,234.31,177.56,56.75,Bank Transfer,Desktop,Website,Shipped,0
ORD003084,2025-03-26,C00353,Leo Garcia,leo.garcia353@example.com,Uk,Wales,P027,Face Serum,BEAUTY,Skin Care,3,33.3,0.05,94.9,40.45,54.45,Paypal,Desktop,Mobile App,Shipped,0
ORD003085,2026-02-01,C00225,Aarav Martin,aarav.martin225@example.com,Australia,Victoria,P012,Cotton T-Shirt,FASHION,Apparel,5,19.86,0.05,94.33,46.45,47.88,Credit Card,Tablet,Website,Processing,0
ORD003086,2024-11-17,C01237,Mia Anderson,mia.anderson1237@example.com,Germany,Berlin,P008,Webcam HD,ELECTRONICS,Computers,2,55.5,0,111,68.62,42.38,Paypal,Mobile,Mobile App,Delivered,5
ORD003087,2024-07-25,C01223,Ethan Garcia,ethan.garcia1223@example.com,Canada,British Columbia,P018,Non-stick Pan,HOME & KITCHEN,Cookware,1,35.81,0.2,28.65,18.14,10.51,Paypal,Mobile,Marketplace,Delivered,4
ORD003088,2025-08-26,C01679,Adam Williams,adam.williams1679@example.com,Australia,Western Australia,P026,Water Bottle,SPORTS,Accessories,3,17.06,0,51.18,21.72,29.46,Credit Card,Mobile,Website,Delivered,5
ORD003089,2025-10-09,C01785,Leo Garcia,missing@example.com,Usa,Texas,P011,Denim Jacket,FASHION,Outerwear,2,77.85,0,155.7,86.35,69.35,Bank Transfer,Mobile,Marketplace,Delivered,5
ORD003090,2025-08-29,C00417,Mia Wright,mia.wright417@example.com,Uae,Abu Dhabi,P001,Wireless Headphones,ELECTRONICS,Audio,4,84.27,0,337.08,212.32,124.76,Debit Card,Desktop,Mobile App,Returned,3
ORD003091,2024-09-22,C01697,Emma Williams,emma.williams1697@example.com,Canada,British Columbia,P004,USB-C Charger,ELECTRONICS,Accessories,1,27.3,0,27.3,12.95,14.35,Credit Card,Mobile,Mobile App,Delivered,3
ORD003092,2026-07-26,C00829,Noah Brown,noah.brown829@example.com,Uae,Sharjah,P014,Leather Wallet,FASHION,Accessories,2,28.15,0.1,50.67,26.63,24.04,Credit Card,Mobile,Website,Delivered,4
ORD003093,2025-12-22,C01363,Elijah Moore,elijah.moore1363@example.com,Australia,New South Wales,P006,Mechanical Keyboard,ELECTRONICS,Computers,1,95.28,0.1,85.75,59.48,26.27,Paypal,Mobile,Website,Delivered,3
ORD003094,2026-06-14,C00145,Aria Johnson,aria.johnson145@example.com,Uae,Abu Dhabi,P017,Air Fryer,HOME & KITCHEN,Appliances,6,126.68,0,760.08,506.79,253.29,Credit Card,Mobile,Mobile App,Delivered,2
ORD003095,2025-02-01,C01728,Isabella Brown,isabella.brown1728@example.com,Uk,Scotland,P034,Building Blocks,TOYS,Educational,3,37.11,0,111.33,53.81,57.52,Debit Card,Desktop,Mobile App,Delivered,4
ORD003096,2024-09-28,C00736,Evelyn Moore,evelyn.moore736@example.com,Australia,Victoria,P034,Building Blocks,TOYS,Educational,4,38.73,0.15,131.68,78.99,52.69,Debit Card,Mobile,Mobile App,Delivered,4
ORD003097,2026-05-06,C01192,Jack Thomas,jack.thomas1192@example.com,Uae,Sharjah,P012,Cotton T-Shirt,FASHION,Apparel,1,19.7,0.15,16.74,9.1,7.64,Credit Card,Desktop,Mobile App,Delivered,4
ORD003098,2024-12-01,C00016,Lucas Lewis,lucas.lewis16@example.com,Germany,Bavaria,P007,Wireless Mouse,ELECTRONICS,Computers,1,34.24,0,34.24,17.59,16.65,Credit Card,Desktop,Website,Delivered,5
ORD003099,2024-06-17,C01178,Mason Lewis,mason.lewis1178@example.com,India,Gujarat,P033,Cookbook,BOOKS,Lifestyle,2,30.05,0.05,57.09,26.97,30.12,Debit Card,Mobile,Mobile App,Delivered,2
ORD003100,2024-06-07,C01448,Evelyn Moore,evelyn.moore1448@example.com,Canada,Quebec,P036,Puzzle 1000pc,TOYS,Games,1,19.5,0.1,17.55,8.09,9.46,Credit Card,Mobile,Marketplace,Processing,0
ORD003101,2026-03-06,C01504,James Johnson,james.johnson1504@example.com,France,Occitanie,P031,Novel Set,BOOKS,Fiction,1,37.8,0,37.8,19.16,18.64,Credit Card,Mobile,Mobile App,Returned,5
ORD003102,2024-09-20,C00508,Noah Walker,noah.walker508@example.com,Uae,Dubai,P015,Backpack,FASHION,Bags,2,50.18,0.15,85.31,53.29,32.02,Paypal,Desktop,Marketplace,Processing,0
ORD003103,2024-04-23,C01247,Isabella Garcia,isabella.garcia1247@example.com,India,Delhi,P004,USB-C Charger,ELECTRONICS,Accessories,1,24.18,0,24.18,11.32,12.86,Debit Card,Desktop,Website,Delivered,5
ORD003104,2025-05-17,C01767,Owen Clark,owen.clark1767@example.com,Usa,California,P017,Air Fryer,HOME & KITCHEN,Appliances,1,122.06,0,122.06,76.72,45.34,Credit Card,Tablet,Mobile App,Delivered,1
ORD003105,2024-07-03,C01181,James Martin,james.martin1181@example.com,Germany,Saxony,P029,Hair Dryer,BEAUTY,Hair Care,1,53.61,0,53.61,29.1,24.51,Paypal,Desktop,Mobile App,Delivered,4
ORD003106,2025-02-20,C00628,Jack King,jack.king628@example.com,Germany,Hesse,P023,Dumbbell Set,SPORTS,Fitness,2,88.16,0.1,158.69,99.36,59.33,Bank Transfer,Desktop,Social Commerce,Delivered,5
ORD003107,2024-12-31,C01403,Emma Brown,emma.brown1403@example.com,Usa,New York,P009,Running Shoes,FASHION,Footwear,1,69.89,0.05,66.4,37.09,29.31,Debit Card,Tablet,Website,Shipped,0
ORD003108,2026-02-06,C00373,Grace Moore,grace.moore373@example.com,France,Occitanie,P007,Wireless Mouse,ELECTRONICS,Computers,1,34.79,0,34.79,16.8,17.99,Debit Card,Mobile,Website,Shipped,0
ORD003109,2026-06-14,C00500,Adam Young,adam.young500@example.com,Australia,New South Wales,P027,Face Serum,BEAUTY,Skin Care,1,38.54,0.05,36.61,16.1,20.51,Credit Card,Mobile,Website,Delivered,5
ORD003110,2026-03-12,C00046,Mia Garcia,mia.garcia46@example.com,Uk,England,P003,Smart Watch,ELECTRONICS,Wearables,3,121.2,0.05,345.42,249,96.42,Credit Card,Mobile,Mobile App,Delivered,3
ORD003111,2024-05-16,C00799,Sophia Williams,sophia.williams799@example.com,Australia,Victoria,P013,Hoodie,FASHION,Apparel,4,45.39,0.2,145.25,93.79,51.46,Credit Card,Desktop,Mobile App,Delivered,5
ORD003112,2025-04-05,C00264,Amelia Brown,amelia.brown264@example.com,Uae,Abu Dhabi,P031,Novel Set,BOOKS,Fiction,3,40.14,0,120.42,58.56,61.86,Credit Card,Mobile,Mobile App,Delivered,3
ORD003113,2025-10-12,C01790,Emma Young,emma.young1790@example.com,Australia,Victoria,P015,Backpack,FASHION,Bags,1,54.31,0.1,48.88,29,19.88,Paypal,Mobile,Mobile App,Shipped,0
ORD003114,2024-02-20,C00982,Elijah Wright,elijah.wright982@example.com,Germany,Bavaria,P032,Data Analytics Book,BOOKS,Education,5,45.13,0,225.65,106.02,119.63,Credit Card,Tablet,Mobile App,Cancelled,0
ORD003115,2024-10-23,C01318,Olivia Taylor,olivia.taylor1318@example.com,Canada,Ontario,P009,Running Shoes,FASHION,Footwear,2,73.19,0,146.38,78.35,68.03,Cash On Delivery,Tablet,Website,Delivered,4
ORD003116,2026-01-08,C01593,Harper Brown,harper.brown1593@example.com,France,Provence,P026,Water Bottle,SPORTS,Accessories,1,17.74,0.1,15.97,7.78,8.19,Credit Card,Mobile,Mobile App,Delivered,4
ORD003117,2026-07-16,C01521,Henry Young,henry.young1521@example.com,Uk,Scotland,P012,Cotton T-Shirt,FASHION,Apparel,3,19.53,0,58.59,27.4,31.19,Debit Card,Desktop,Website,Delivered,4
ORD003118,2025-11-12,C01106,Leo Taylor,leo.taylor1106@example.com,Usa,New York,P012,Cotton T-Shirt,FASHION,Apparel,1,21.86,0.1,19.67,9.47,10.2,Credit Card,Mobile,Mobile App,Delivered,4
ORD003119,2024-03-05,C01753,Zoe Garcia,zoe.garcia1753@example.com,Canada,Quebec,P035,Remote Control Car,TOYS,Vehicles,1,46.55,0.15,39.57,25.67,13.9,Debit Card,Desktop,Mobile App,Delivered,5
ORD003120,2024-05-24,C00700,Aria Thomas,aria.thomas700@example.com,Usa,New York,P014,Leather Wallet,FASHION,Accessories,1,29.97,0,29.97,13.69,16.28,Credit Card,Mobile,Mobile App,Delivered,4
ORD003121,2024-06-01,C01734,Nora Taylor,nora.taylor1734@example.com,Germany,Bavaria,P006,Mechanical Keyboard,ELECTRONICS,Computers,1,83.97,0,83.97,50.93,33.04,Bank Transfer,Mobile,Social Commerce,Returned,4
ORD003122,2025-10-03,C01681,Nora Garcia,nora.garcia1681@example.com,Usa,Illinois,P003,Smart Watch,ELECTRONICS,Wearables,1,121.76,0.2,97.41,79.37,18.04,Credit Card,Mobile,Website,Processing,0
ORD003123,2026-02-26,C00378,Isabella Brown,isabella.brown378@example.com,Germany,Hesse,P032,Data Analytics Book,BOOKS,Education,2,42.39,0,84.78,39.49,45.29,Credit Card,Desktop,Mobile App,Delivered,5
ORD003124,2025-04-28,C01339,Evelyn Anderson,evelyn.anderson1339@example.com,Uk,Scotland,P018,Non-stick Pan,HOME & KITCHEN,Cookware,2,35.39,0.05,67.24,36.14,31.1,Debit Card,Tablet,Website,Delivered,5
ORD003125,2025-05-08,C01610,Mason Thomas,mason.thomas1610@example.com,Australia,New South Wales,P001,Wireless Headphones,ELECTRONICS,Audio,2,85.35,0,170.7,102.76,67.94,Paypal,Mobile,Mobile App,Delivered,5
ORD003126,2025-12-26,C00466,Sophia King,sophia.king466@example.com,Germany,Bavaria,P025,Cycling Helmet,SPORTS,Outdoor,2,64.91,0.05,123.33,76.47,46.86,Debit Card,Mobile,Mobile App,Delivered,3
ORD003127,2026-04-04,C00871,Noah Garcia,noah.garcia871@example.com,Usa,California,P016,Coffee Maker,HOME & KITCHEN,Appliances,2,92.96,0.15,158.03,118.87,39.16,Cash On Delivery,Mobile,Marketplace,Shipped,0
ORD003128,2024-02-02,C00735,Lucas Patel,lucas.patel735@example.com,Usa,Illinois,P010,Casual Sneakers,FASHION,Footwear,5,58.29,0,291.45,156.51,134.94,Credit Card,Mobile,Website,Delivered,3
ORD003129,2026-07-07,C01516,Liam Moore,liam.moore1516@example.com,Uk,Scotland,P011,Denim Jacket,FASHION,Outerwear,1,73.51,0.1,66.16,42.31,23.85,Paypal,Mobile,Marketplace,Delivered,4
ORD003130,2024-12-05,C00511,Emma Williams,emma.williams511@example.com,Australia,New South Wales,P018,Non-stick Pan,HOME & KITCHEN,Cookware,1,33,0.05,31.35,16.8,14.55,Cash On Delivery,Desktop,Mobile App,Delivered,2
ORD003131,2025-09-19,C01557,Zoe Lewis,zoe.lewis1557@example.com,Canada,Alberta,P017,Air Fryer,HOME & KITCHEN,Appliances,3,127.59,0.1,344.49,249.88,94.61,Credit Card,Mobile,Mobile App,Returned,3
ORD003132,2025-06-28,C00359,Evelyn Thomas,evelyn.thomas359@example.com,India,Karnataka,P018,Non-stick Pan,HOME & KITCHEN,Cookware,2,32.27,0.1,58.09,32.78,25.31,Credit Card,Mobile,Website,Shipped,0
ORD003133,2026-04-15,C00862,Chloe Johnson,chloe.johnson862@example.com,Germany,Berlin,P034,Building Blocks,TOYS,Educational,2,37.82,0.1,68.08,39,29.08,Cash On Delivery,Desktop,Mobile App,Delivered,2
ORD003134,2026-02-09,C00559,Grace Hall,grace.hall559@example.com,France,Provence,P033,Cookbook,BOOKS,Lifestyle,2,29.84,0.05,56.7,27.01,29.69,Debit Card,Mobile,Website,Shipped,0
ORD003135,2024-06-28,C00015,Liam Clark,liam.clark15@example.com,Uk,England,P002,Bluetooth Speaker,ELECTRONICS,Audio,3,55.38,0.05,157.83,95.76,62.07,Credit Card,Desktop,Mobile App,Delivered,5
ORD003136,2025-05-10,C01382,Lucas Clark,lucas.clark1382@example.com,Uae,Abu Dhabi,P004,USB-C Charger,ELECTRONICS,Accessories,6,23.91,0,143.46,66.44,77.02,Debit Card,Desktop,Marketplace,Delivered,3
ORD003137,2025-03-22,C00977,Emma Garcia,emma.garcia977@example.com,France,Occitanie,P012,Cotton T-Shirt,FASHION,Apparel,1,19.85,0.05,18.86,8.93,9.93,Cash On Delivery,Mobile,Website,Delivered,4
ORD003138,2025-08-16,C01522,Lucas Wilson,lucas.wilson1522@example.com,Canada,Alberta,P012,Cotton T-Shirt,FASHION,Apparel,1,21.44,0,21.44,9.54,11.9,Bank Transfer,Mobile,Website,Delivered,1
ORD003139,2024-02-14,C01066,Leo Martin,leo.martin1066@example.com,Uk,Wales,P026,Water Bottle,SPORTS,Accessories,3,16.66,0.1,44.98,21.32,23.66,Debit Card,Mobile,Website,Delivered,4
ORD003140,2024-03-05,C01700,Mason Johnson,mason.johnson1700@example.com,Usa,Florida,P033,Cookbook,BOOKS,Lifestyle,3,29.42,0.2,70.61,40.33,30.28,Credit Card,Desktop,Mobile App,Delivered,2
ORD003141,2026-01-26,C00154,Leo Moore,leo.moore154@example.com,Uk,England,P024,Football,SPORTS,Outdoor,1,31.99,0.25,23.99,15.13,8.86,Debit Card,Mobile,Mobile App,Delivered,1
ORD003142,2025-10-14,C00557,Daniel Thomas,daniel.thomas557@example.com,Australia,Queensland,P028,Moisturizer,BEAUTY,Skin Care,1,25.67,0,25.67,10.25,15.42,Paypal,Desktop,Website,Cancelled,0
ORD003143,2024-05-30,C00663,Aarav Wright,aarav.wright663@example.com,France,Occitanie,P007,Wireless Mouse,ELECTRONICS,Computers,1,35.38,0,35.38,17.25,18.13,Credit Card,Mobile,Website,Delivered,3
ORD003144,2024-10-13,C00673,Zoe Martin,zoe.martin673@example.com,Usa,Florida,P025,Cycling Helmet,SPORTS,Outdoor,1,68.38,0,68.38,39.46,28.92,Cash On Delivery,Mobile,Mobile App,Delivered,5
ORD003145,2025-12-03,C00059,Amelia Patel,amelia.patel59@example.com,Australia,Victoria,P014,Leather Wallet,FASHION,Accessories,2,32.23,0,64.46,30.02,34.44,Bank Transfer,Desktop,Marketplace,Returned,4
ORD003146,2026-04-29,C01539,James King,james.king1539@example.com,France,Provence,P013,Hoodie,FASHION,Apparel,2,50.28,0,100.56,50.56,50,Debit Card,Desktop,Website,Delivered,5
ORD003147,2025-03-12,C01142,Daniel Patel,daniel.patel1142@example.com,India,Karnataka,P007,Wireless Mouse,ELECTRONICS,Computers,1,34.42,0.05,32.7,17.28,15.42,Debit Card,Mobile,Website,Returned,3
ORD003148,2025-01-18,C00436,Ethan Martin,ethan.martin436@example.com,India,Tamil Nadu,P019,Knife Set,HOME & KITCHEN,Cookware,2,60.08,0,120.16,65.56,54.6,Cash On Delivery,Mobile,Mobile App,Delivered,4
ORD003149,2025-07-01,C01751,Harper Johnson,harper.johnson1751@example.com,Uk,Scotland,P021,Desk Lamp,HOME & KITCHEN,Lighting,1,33.27,0,33.27,16.31,16.96,Paypal,Mobile,Website,Delivered,3
ORD003150,2024-02-28,C01395,Henry Hall,henry.hall1395@example.com,Australia,Victoria,P035,Remote Control Car,TOYS,Vehicles,6,41.78,0.05,238.15,137.32,100.83,Credit Card,Desktop,Mobile App,Cancelled,0
ORD003151,2025-12-08,C00184,Harper Williams,harper.williams184@example.com,Usa,Illinois,P021,Desk Lamp,HOME & KITCHEN,Lighting,3,32.19,0.1,86.91,49.87,37.04,Credit Card,Mobile,Mobile App,Delivered,4
ORD003152,2025-08-20,C00367,Owen Hall,owen.hall367@example.com,Germany,Hesse,P029,Hair Dryer,BEAUTY,Hair Care,1,46.16,0,46.16,25.96,20.2,Credit Card,Mobile,Website,Delivered,1
ORD003153,2025-08-12,C00007,Emma Wilson,emma.wilson7@example.com,Uk,Wales,P015,Backpack,FASHION,Bags,3,49.62,0.05,141.42,79.18,62.24,Paypal,Desktop,Website,Delivered,4
ORD003154,2026-02-23,C01136,Noah Johnson,noah.johnson1136@example.com,Australia,Victoria,P034,Building Blocks,TOYS,Educational,2,39.04,0.15,66.37,39.66,26.71,Debit Card,Desktop,Mobile App,Shipped,0
ORD003155,2024-10-17,C00799,Sophia Williams,sophia.williams799@example.com,Uk,Wales,P029,Hair Dryer,BEAUTY,Hair Care,1,54.55,0.1,49.09,29.71,19.38,Debit Card,Tablet,Website,Delivered,5
ORD003156,2025-02-20,C00716,James Johnson,james.johnson716@example.com,Germany,Berlin,P010,Casual Sneakers,FASHION,Footwear,3,50.94,0,152.82,84.84,67.98,Credit Card,Desktop,Website,Cancelled,0
ORD003157,2025-11-21,C01213,James King,james.king1213@example.com,Germany,Berlin,P008,Webcam HD,ELECTRONICS,Computers,1,66.41,0,66.41,41.28,25.13,Credit Card,Desktop,Website,Delivered,2
ORD003158,2024-08-30,C00228,Olivia Lewis,olivia.lewis228@example.com,Australia,Victoria,P017,Air Fryer,HOME & KITCHEN,Appliances,3,120.79,0.15,308.01,234.65,73.36,Credit Card,Tablet,Website,Delivered,4
ORD003159,2025-12-06,C00394,Henry Anderson,henry.anderson394@example.com,Germany,Berlin,P027,Face Serum,BEAUTY,Skin Care,2,32.82,0,65.64,28.02,37.62,Credit Card,Desktop,Social Commerce,Delivered,5
ORD003160,2026-02-24,C00724,Jack Lewis,jack.lewis724@example.com,Usa,California,P035,Remote Control Car,TOYS,Vehicles,2,47.86,0.05,90.93,55.78,35.15,Debit Card,Mobile,Website,Delivered,5
ORD003161,2025-06-12,C01525,Chloe Brown,chloe.brown1525@example.com,Canada,Quebec,P017,Air Fryer,HOME & KITCHEN,Appliances,1,113.48,0.2,90.78,71.47,19.31,Paypal,Mobile,Website,Processing,0
ORD003163,2025-06-26,C01356,Chloe Thomas,chloe.thomas1356@example.com,Germany,Saxony,P024,Football,SPORTS,Outdoor,4,28.16,0.1,101.38,56.09,45.29,Paypal,Desktop,Mobile App,Cancelled,0
ORD003164,2024-10-10,C00452,Aarav Clark,aarav.clark452@example.com,Canada,British Columbia,P003,Smart Watch,ELECTRONICS,Wearables,2,145.27,0.1,261.49,187.74,73.75,Credit Card,Desktop,Social Commerce,Delivered,3
ORD003165,2024-02-20,C00374,Liam Anderson,liam.anderson374@example.com,Uae,Dubai,P031,Novel Set,BOOKS,Fiction,2,41.24,0.05,78.36,42.06,36.3,Credit Card,Tablet,Website,Cancelled,0
ORD003166,2024-09-27,C01477,James Walker,james.walker1477@example.com,Uk,Scotland,P031,Novel Set,BOOKS,Fiction,1,40.07,0.05,38.07,20.26,17.81,Credit Card,Mobile,Mobile App,Cancelled,0
ORD003167,2024-05-24,C01587,Aarav Johnson,aarav.johnson1587@example.com,India,Tamil Nadu,P011,Denim Jacket,FASHION,Outerwear,1,83.47,0,83.47,49.47,34,Paypal,Mobile,Mobile App,Delivered,2
ORD003168,2024-11-12,C01164,Noah Williams,noah.williams1164@example.com,Canada,British Columbia,P014,Leather Wallet,FASHION,Accessories,2,27.93,0.05,53.07,26.19,26.88,Credit Card,Mobile,Marketplace,Delivered,5
ORD003169,2025-02-13,C01033,Leo Smith,leo.smith1033@example.com,Usa,Texas,P026,Water Bottle,SPORTS,Accessories,1,17.84,0.15,15.16,7.54,7.62,Credit Card,Desktop,Website,Delivered,3
ORD003170,2024-11-27,C00865,Leo Clark,leo.clark865@example.com,Uae,Sharjah,P022,Yoga Mat,SPORTS,Fitness,4,27.6,0.05,104.88,49.28,55.6,Cash On Delivery,Tablet,Mobile App,Delivered,4
ORD003171,2026-03-21,C01220,Grace Hall,grace.hall1220@example.com,Uk,England,P029,Hair Dryer,BEAUTY,Hair Care,1,50.79,0.2,40.63,28.31,12.32,Bank Transfer,Mobile,Mobile App,Delivered,4
ORD003172,2024-12-29,C00993,Ava Johnson,ava.johnson993@example.com,Uae,Sharjah,P006,Mechanical Keyboard,ELECTRONICS,Computers,1,96.88,0.1,87.19,59.87,27.32,Credit Card,Tablet,Social Commerce,Delivered,4
ORD003173,2026-03-12,C00039,Elijah Brown,elijah.brown39@example.com,Usa,Illinois,P003,Smart Watch,ELECTRONICS,Wearables,6,124.77,0.05,711.19,492.1,219.09,Credit Card,Desktop,Mobile App,Delivered,1
ORD003174,2024-03-10,C01461,Owen Thomas,owen.thomas1461@example.com,Uk,England,P017,Air Fryer,HOME & KITCHEN,Appliances,1,125.11,0.1,112.6,81.71,30.89,Debit Card,Desktop,Website,Delivered,5
ORD003175,2025-08-22,C00975,Nora Clark,nora.clark975@example.com,France,Provence,P004,USB-C Charger,ELECTRONICS,Accessories,3,23.13,0,69.39,34.26,35.13,Credit Card,Mobile,Marketplace,Delivered,3
ORD003176,2026-05-26,C00427,Aarav Martin,aarav.martin427@example.com,Germany,Saxony,P020,Storage Boxes,HOME & KITCHEN,Storage,3,29.36,0,88.08,42.66,45.42,Paypal,Mobile,Mobile App,Delivered,2
ORD003177,2026-03-07,C01580,Lucas Moore,lucas.moore1580@example.com,Uk,Wales,P036,Puzzle 1000pc,TOYS,Games,1,20.25,0,20.25,8.4,11.85,Credit Card,Mobile,Website,Delivered,2
ORD003178,2025-11-12,C00177,Lucas Johnson,lucas.johnson177@example.com,Germany,Saxony,P034,Building Blocks,TOYS,Educational,1,37.38,0.05,35.51,18.74,16.77,Credit Card,Mobile,Website,Delivered,4
ORD003179,2025-01-06,C01217,Henry Wilson,henry.wilson1217@example.com,Usa,Florida,P003,Smart Watch,ELECTRONICS,Wearables,5,144.93,0,724.65,475.86,248.79,Credit Card,Desktop,Website,Delivered,4
ORD003180,2025-04-28,C00140,Isabella Lewis,isabella.lewis140@example.com,Canada,Alberta,P013,Hoodie,FASHION,Apparel,3,42.57,0,127.71,62.32,65.39,Cash On Delivery,Desktop,Marketplace,Delivered,5
ORD003181,2024-11-23,C01560,Nora Williams,nora.williams1560@example.com,India,Tamil Nadu,P020,Storage Boxes,HOME & KITCHEN,Storage,3,25.86,0.1,69.82,36.91,32.91,Bank Transfer,Mobile,Mobile App,Processing,0
ORD003182,2024-03-03,C00252,Owen Clark,owen.clark252@example.com,France,Provence,P018,Non-stick Pan,HOME & KITCHEN,Cookware,1,39.12,0,39.12,19.8,19.32,Credit Card,Desktop,Website,Delivered,5
ORD003183,2024-03-28,C01330,Ava Hall,ava.hall1330@example.com,Canada,British Columbia,P024,Football,SPORTS,Outdoor,1,28.17,0.05,26.76,14,12.76,Debit Card,Desktop,Website,Delivered,5
ORD003184,2025-04-11,C01233,Harper Thomas,harper.thomas1233@example.com,Germany,Berlin,P035,Remote Control Car,TOYS,Vehicles,3,49.11,0,147.33,84.82,62.51,Credit Card,Desktop,Social Commerce,Delivered,3
ORD003185,2025-09-24,C00413,Olivia Taylor,olivia.taylor413@example.com,Australia,Queensland,P032,Data Analytics Book,BOOKS,Education,1,47.48,0,47.48,22.88,24.6,Paypal,Tablet,Marketplace,Delivered,4
ORD003186,2024-10-25,C01393,Aarav Williams,aarav.williams1393@example.com,Uk,England,P002,Bluetooth Speaker,ELECTRONICS,Audio,1,52.58,0.05,49.95,30.53,19.42,Debit Card,Mobile,Website,Delivered,4
ORD003187,2025-03-20,C00298,Zoe Hall,zoe.hall298@example.com,Usa,California,P011,Denim Jacket,FASHION,Outerwear,1,77.6,0.05,73.72,43.78,29.94,Credit Card,Mobile,Mobile App,Delivered,5
ORD003188,2026-03-22,C01442,Lucas Anderson,lucas.anderson1442@example.com,Uae,Sharjah,P020,Storage Boxes,HOME & KITCHEN,Storage,3,28.25,0.1,76.28,42.89,33.39,Paypal,Mobile,Website,Shipped,0
ORD003189,2024-06-08,C01241,Leo Lewis,leo.lewis1241@example.com,Australia,Western Australia,P009,Running Shoes,FASHION,Footwear,2,78.29,0,156.58,87.25,69.33,Credit Card,Mobile,Website,Delivered,5
ORD003190,2024-11-14,C00619,Jack Wright,jack.wright619@example.com,Australia,Victoria,P003,Smart Watch,ELECTRONICS,Wearables,4,136.1,0,544.4,366.59,177.81,Debit Card,Mobile,Website,Delivered,4
ORD003191,2024-10-31,C01758,Layla Garcia,layla.garcia1758@example.com,France,Ile-de-France,P005,Laptop Stand,ELECTRONICS,Accessories,2,39.33,0.1,70.79,40.93,29.86,Credit Card,Desktop,Marketplace,Delivered,4
ORD003192,2024-05-17,C01764,Mia Williams,mia.williams1764@example.com,India,Tamil Nadu,P031,Novel Set,BOOKS,Fiction,1,40.86,0.05,38.82,20.02,18.8,Bank Transfer,Mobile,Mobile App,Returned,5
ORD003193,2024-05-11,C01247,Isabella Garcia,isabella.garcia1247@example.com,Uk,Wales,P013,Hoodie,FASHION,Apparel,1,45.59,0,45.59,23.18,22.41,Credit Card,Desktop,Social Commerce,Delivered,5
ORD003194,2025-11-26,C00604,Amelia Brown,amelia.brown604@example.com,Uae,Abu Dhabi,P036,Puzzle 1000pc,TOYS,Games,3,18.83,0.1,50.84,24.62,26.22,Credit Card,Mobile,Mobile App,Delivered,4
ORD003195,2024-02-03,C01002,Layla Wilson,layla.wilson1002@example.com,Uae,Abu Dhabi,P032,Data Analytics Book,BOOKS,Education,3,48.32,0.05,137.71,67.54,70.17,Paypal,Mobile,Website,Delivered,3
ORD003196,2025-04-02,C01110,Elijah Patel,elijah.patel1110@example.com,Usa,Florida,P025,Cycling Helmet,SPORTS,Outdoor,6,60.83,0.05,346.73,213.84,132.89,Debit Card,Mobile,Website,Delivered,4
ORD003197,2025-12-10,C01612,Emma Wilson,emma.wilson1612@example.com,France,Occitanie,P012,Cotton T-Shirt,FASHION,Apparel,1,20.74,0.05,19.7,8.97,10.73,Credit Card,Desktop,Website,Shipped,0
ORD003198,2025-10-09,C01434,Jack Brown,jack.brown1434@example.com,Usa,California,P016,Coffee Maker,HOME & KITCHEN,Appliances,2,83.81,0,167.62,101.64,65.98,Debit Card,Desktop,Website,Shipped,0
ORD003199,2024-12-06,C01751,Harper Johnson,harper.johnson1751@example.com,Canada,British Columbia,P004,USB-C Charger,ELECTRONICS,Accessories,1,26.25,0.1,23.62,12.39,11.23,Paypal,Desktop,Marketplace,Delivered,4
ORD003200,2024-05-10,C00069,Emma Brown,emma.brown69@example.com,Germany,Saxony,P008,Webcam HD,ELECTRONICS,Computers,4,67.17,0.05,255.25,165.42,89.83,Debit Card,Tablet,Mobile App,Delivered,4
ORD003201,2024-02-20,C01591,Layla Lewis,layla.lewis1591@example.com,Canada,Ontario,P001,Wireless Headphones,ELECTRONICS,Audio,6,74.09,0.15,377.86,268.72,109.14,Paypal,Mobile,Mobile App,Delivered,3
ORD003202,2024-04-25,C01367,Liam Walker,liam.walker1367@example.com,Uae,Dubai,P020,Storage Boxes,HOME & KITCHEN,Storage,1,28.43,0.2,22.74,13.51,9.23,Debit Card,Desktop,Social Commerce,Delivered,4
ORD003203,2024-11-13,C01286,Olivia Johnson,olivia.johnson1286@example.com,Uae,Abu Dhabi,P035,Remote Control Car,TOYS,Vehicles,3,45.72,0.15,116.59,76.42,40.17,Debit Card,Mobile,Website,Delivered,2
ORD003204,2026-05-04,C01212,Layla Clark,layla.clark1212@example.com,Germany,Hesse,P024,Football,SPORTS,Outdoor,2,29.15,0.05,55.38,28.32,27.06,Credit Card,Mobile,Website,Delivered,5
ORD003206,2024-07-12,C01352,Elijah Young,elijah.young1352@example.com,Australia,New South Wales,P004,USB-C Charger,ELECTRONICS,Accessories,1,24.5,0.05,23.27,12.2,11.07,Debit Card,Desktop,Marketplace,Delivered,5
ORD003207,2024-10-17,C01131,Lucas Lee,missing@example.com,Uk,Scotland,P031,Novel Set,BOOKS,Fiction,1,43.39,0,43.39,21.58,21.81,Paypal,Mobile,Website,Delivered,5
ORD003208,2024-01-14,C00195,Jack Brown,jack.brown195@example.com,Usa,New York,P036,Puzzle 1000pc,TOYS,Games,2,20.34,0,40.68,17.04,23.64,Credit Card,Tablet,Mobile App,Delivered,3
ORD003209,2024-04-14,C01313,Nora Young,nora.young1313@example.com,France,Ile-de-France,P018,Non-stick Pan,HOME & KITCHEN,Cookware,1,39.08,0.05,37.13,19.58,17.55,Cash On Delivery,Mobile,Website,Delivered,4
ORD003210,2026-03-14,C00696,Adam Anderson,adam.anderson696@example.com,Australia,Victoria,P002,Bluetooth Speaker,ELECTRONICS,Audio,2,51.28,0.05,97.43,63.41,34.02,Paypal,Desktop,Website,Returned,5
ORD003211,2026-03-17,C00742,Adam Wright,adam.wright742@example.com,Australia,New South Wales,P025,Cycling Helmet,SPORTS,Outdoor,1,60.34,0.05,57.32,33.02,24.3,Credit Card,Mobile,Marketplace,Delivered,3
ORD003212,2026-03-29,C00119,Olivia Wright,olivia.wright119@example.com,Germany,Hesse,P035,Remote Control Car,TOYS,Vehicles,2,49.38,0.05,93.82,56.24,37.58,Credit Card,Desktop,Mobile App,Delivered,1
ORD003213,2024-10-26,C00757,Isabella Brown,isabella.brown757@example.com,India,Maharashtra,P029,Hair Dryer,BEAUTY,Hair Care,3,49.03,0.1,132.38,78.47,53.91,Debit Card,Mobile,Mobile App,Delivered,4
ORD003214,2026-04-13,C00496,Charlotte Lee,charlotte.lee496@example.com,Canada,Alberta,P017,Air Fryer,HOME & KITCHEN,Appliances,1,122.13,0,122.13,76.77,45.36,Paypal,Desktop,Mobile App,Delivered,2
ORD003215,2026-07-02,C01100,Mason Young,missing@example.com,Germany,Saxony,P018,Non-stick Pan,HOME & KITCHEN,Cookware,3,38.64,0.2,92.74,58.83,33.91,Credit Card,Mobile,Marketplace,Cancelled,0
ORD003216,2026-06-01,C01778,Layla Young,layla.young1778@example.com,India,Tamil Nadu,P024,Football,SPORTS,Outdoor,2,33.39,0.1,60.1,32.45,27.65,Bank Transfer,Mobile,Mobile App,Delivered,5
ORD003217,2026-03-19,C00189,Liam Moore,liam.moore189@example.com,France,Normandy,P018,Non-stick Pan,HOME & KITCHEN,Cookware,1,38.4,0.1,34.56,20.04,14.52,Bank Transfer,Mobile,Mobile App,Delivered,3
ORD003218,2026-03-04,C01107,Aria Brown,aria.brown1107@example.com,India,Karnataka,P031,Novel Set,BOOKS,Fiction,2,39.59,0.1,71.26,38.07,33.19,Debit Card,Desktop,Website,Delivered,5
ORD003219,2025-07-23,C00482,Mason Clark,mason.clark482@example.com,Australia,Western Australia,P025,Cycling Helmet,SPORTS,Outdoor,2,62.75,0.2,100.4,72.83,27.57,Credit Card,Desktop,Social Commerce,Delivered,4
ORD003220,2026-03-31,C00779,Aria Lee,aria.lee779@example.com,France,Occitanie,P006,Mechanical Keyboard,ELECTRONICS,Computers,2,99.87,0,199.74,125.06,74.68,Debit Card,Mobile,Website,Delivered,4
ORD003221,2025-03-28,C01273,Daniel Hall,daniel.hall1273@example.com,France,Provence,P006,Mechanical Keyboard,ELECTRONICS,Computers,2,95.09,0,190.18,121.82,68.36,Credit Card,Mobile,Mobile App,Delivered,4
ORD003222,2026-03-03,C00246,Aarav Brown,aarav.brown246@example.com,Uk,Wales,P003,Smart Watch,ELECTRONICS,Wearables,4,130.34,0,521.36,352.24,169.12,Paypal,Desktop,Website,Delivered,5
ORD003224,2025-05-24,C00730,Elijah Brown,elijah.brown730@example.com,India,Delhi,P023,Dumbbell Set,SPORTS,Fitness,1,74.98,0.1,67.48,43.48,24,Cash On Delivery,Mobile,Website,Delivered,3
ORD003225,2026-02-23,C01013,Henry Lewis,henry.lewis1013@example.com,Australia,Victoria,P012,Cotton T-Shirt,FASHION,Apparel,1,19.25,0,19.25,8.92,10.33,Debit Card,Mobile,Mobile App,Delivered,5
ORD003226,2026-01-03,C01576,Elijah Wright,elijah.wright1576@example.com,India,Maharashtra,P031,Novel Set,BOOKS,Fiction,1,43.19,0,43.19,21.95,21.24,Paypal,Mobile,Website,Delivered,5
ORD003227,2025-02-22,C00099,Grace Wilson,grace.wilson99@example.com,Australia,Western Australia,P016,Coffee Maker,HOME & KITCHEN,Appliances,2,87.28,0.15,148.38,110.56,37.82,Debit Card,Desktop,Website,Delivered,5
ORD003228,2025-01-01,C00681,Aria Martin,aria.martin681@example.com,France,Provence,P010,Casual Sneakers,FASHION,Footwear,3,57.63,0.05,164.25,92.26,71.99,Paypal,Mobile,Website,Delivered,3
ORD003229,2025-05-07,C01334,Evelyn Clark,evelyn.clark1334@example.com,Uk,Wales,P018,Non-stick Pan,HOME & KITCHEN,Cookware,3,37.47,0.05,106.79,56.72,50.07,Paypal,Mobile,Website,Delivered,3
ORD003230,2026-01-24,C01305,Aria Anderson,aria.anderson1305@example.com,India,Delhi,P019,Knife Set,HOME & KITCHEN,Cookware,1,63.79,0,63.79,35.13,28.66,Debit Card,Desktop,Website,Shipped,0
ORD003231,2025-04-25,C01009,Layla Brown,layla.brown1009@example.com,India,Karnataka,P006,Mechanical Keyboard,ELECTRONICS,Computers,1,94.1,0,94.1,60.95,33.15,Credit Card,Desktop,Website,Delivered,5
ORD003232,2024-06-23,C00880,Zoe Hall,zoe.hall880@example.com,Canada,Quebec,P028,Moisturizer,BEAUTY,Skin Care,3,26.23,0,78.69,32.02,46.67,Debit Card,Mobile,Website,Delivered,2
ORD003233,2024-04-07,C01736,Emma Anderson,emma.anderson1736@example.com,India,Tamil Nadu,P007,Wireless Mouse,ELECTRONICS,Computers,2,33.54,0.15,57.02,34.34,22.68,Debit Card,Mobile,Marketplace,Cancelled,0
ORD003234,2025-04-06,C00512,Layla Thomas,layla.thomas512@example.com,Australia,Victoria,P006,Mechanical Keyboard,ELECTRONICS,Computers,3,83.13,0.05,236.92,157.15,79.77,Cash On Delivery,Desktop,Website,Delivered,4
ORD003235,2025-07-30,C00513,Ava Taylor,ava.taylor513@example.com,Usa,Texas,P033,Cookbook,BOOKS,Lifestyle,4,29.8,0.05,113.24,55.01,58.23,Bank Transfer,Mobile,Marketplace,Shipped,0
ORD003236,2024-09-24,C00035,Leo Brown,leo.brown35@example.com,Usa,Texas,P005,Laptop Stand,ELECTRONICS,Accessories,1,37.27,0.05,35.41,18.69,16.72,Credit Card,Desktop,Website,Delivered,5
ORD003237,2025-09-19,C01585,Mia Anderson,mia.anderson1585@example.com,Usa,Illinois,P010,Casual Sneakers,FASHION,Footwear,2,56.12,0.2,89.79,58.47,31.32,Cash On Delivery,Mobile,Mobile App,Delivered,5
ORD003238,2026-04-05,C00380,Emma Walker,emma.walker380@example.com,France,Provence,P030,Perfume,BEAUTY,Fragrance,1,72.29,0.05,68.68,36.47,32.21,Credit Card,Mobile,Website,Delivered,2
ORD003239,2025-07-13,C01480,Nora Lee,nora.lee1480@example.com,Uk,Scotland,P007,Wireless Mouse,ELECTRONICS,Computers,6,33.81,0.1,182.57,104.45,78.12,Credit Card,Tablet,Website,Delivered,5
ORD003240,2024-08-28,C00420,Emma Clark,emma.clark420@example.com,France,Provence,P017,Air Fryer,HOME & KITCHEN,Appliances,1,130.86,0.05,124.32,86.07,38.25,Credit Card,Mobile,Mobile App,Delivered,1
ORD003241,2024-02-18,C01194,Evelyn Patel,evelyn.patel1194@example.com,Usa,Texas,P034,Building Blocks,TOYS,Educational,2,37.92,0,75.84,39.43,36.41,Debit Card,Mobile,Website,Cancelled,0
ORD003242,2024-03-25,C00518,Aarav Wright,aarav.wright518@example.com,Usa,Texas,P014,Leather Wallet,FASHION,Accessories,5,33.07,0,165.35,79.56,85.79,Credit Card,Tablet,Mobile App,Delivered,5
ORD003243,2025-05-30,C00473,Ava Lee,ava.lee473@example.com,Germany,Saxony,P028,Moisturizer,BEAUTY,Skin Care,1,25.06,0.25,18.79,10.19,8.6,Debit Card,Desktop,Mobile App,Delivered,4
ORD003244,2026-04-19,C01616,Amelia Brown,amelia.brown1616@example.com,Germany,Bavaria,P023,Dumbbell Set,SPORTS,Fitness,2,76.18,0.1,137.12,88.29,48.83,Credit Card,Mobile,Mobile App,Delivered,5
ORD003246,2025-10-03,C01584,Aria Moore,aria.moore1584@example.com,Australia,New South Wales,P007,Wireless Mouse,ELECTRONICS,Computers,1,33,0.05,31.35,16.27,15.08,Credit Card,Desktop,Website,Delivered,2
ORD003247,2025-07-07,C01414,James Martin,james.martin1414@example.com,Canada,Quebec,P029,Hair Dryer,BEAUTY,Hair Care,1,51.33,0.1,46.2,29.06,17.14,Cash On Delivery,Mobile,Website,Delivered,4
ORD003248,2024-08-13,C01051,Olivia Garcia,olivia.garcia1051@example.com,Uae,Dubai,P026,Water Bottle,SPORTS,Accessories,2,18.3,0.05,34.77,16.19,18.58,Debit Card,Mobile,Mobile App,Delivered,4
ORD003249,2025-04-04,C00446,Jack Hall,jack.hall446@example.com,Uae,Dubai,P023,Dumbbell Set,SPORTS,Fitness,1,74.16,0.05,70.45,43.91,26.54,Paypal,Mobile,Website,Processing,0
ORD003250,2025-05-20,C00788,Isabella Patel,isabella.patel788@example.com,Canada,British Columbia,P022,Yoga Mat,SPORTS,Fitness,5,26.04,0.1,117.18,62.28,54.9,Debit Card,Mobile,Website,Delivered,4
ORD003251,2024-06-29,C01024,Emma Young,emma.young1024@example.com,Canada,Alberta,P021,Desk Lamp,HOME & KITCHEN,Lighting,1,33.75,0.15,28.69,17.29,11.4,Paypal,Mobile,Website,Delivered,4
ORD003252,2026-03-23,C00916,Aria Martin,aria.martin916@example.com,India,Delhi,P022,Yoga Mat,SPORTS,Fitness,1,23.25,0.05,22.09,10.41,11.68,Credit Card,Mobile,Marketplace,Shipped,0
ORD003253,2024-08-05,C00447,Leo Brown,leo.brown447@example.com,Germany,Bavaria,P017,Air Fryer,HOME & KITCHEN,Appliances,6,117.41,0.15,598.79,476.13,122.66,Cash On Delivery,Mobile,Website,Delivered,5
ORD003254,2024-08-05,C00280,Harper Smith,harper.smith280@example.com,India,Tamil Nadu,P003,Smart Watch,ELECTRONICS,Wearables,2,140.17,0.2,224.27,180.71,43.56,Bank Transfer,Mobile,Website,Delivered,5
ORD003255,2025-11-20,C01746,Owen Smith,owen.smith1746@example.com,India,Gujarat,P027,Face Serum,BEAUTY,Skin Care,2,37.22,0.05,70.72,30.53,40.19,Credit Card,Mobile,Website,Delivered,3
ORD003256,2024-09-02,C01203,Ethan Brown,ethan.brown1203@example.com,Uk,England,P016,Coffee Maker,HOME & KITCHEN,Appliances,1,88.6,0.05,84.17,56.16,28.01,Debit Card,Desktop,Mobile App,Delivered,4
ORD003257,2025-03-04,C01345,Owen Patel,owen.patel1345@example.com,Canada,British Columbia,P032,Data Analytics Book,BOOKS,Education,2,44.46,0.15,75.58,41.12,34.46,Credit Card,Mobile,Website,Delivered,5
ORD003258,2024-08-03,C00563,Lucas Lewis,lucas.lewis563@example.com,Canada,Alberta,P032,Data Analytics Book,BOOKS,Education,1,47.5,0.05,45.12,21.64,23.48,Paypal,Tablet,Website,Delivered,5
ORD003259,2025-08-07,C01418,Leo King,leo.king1418@example.com,France,Provence,P021,Desk Lamp,HOME & KITCHEN,Lighting,1,33.73,0.1,30.36,17.45,12.91,Credit Card,Desktop,Mobile App,Delivered,4
ORD003260,2025-02-10,C00741,Harper Patel,harper.patel741@example.com,Usa,Florida,P001,Wireless Headphones,ELECTRONICS,Audio,3,81.4,0,244.2,146.93,97.27,Credit Card,Desktop,Website,Delivered,3
ORD003261,2025-06-23,C00725,Aarav Smith,aarav.smith725@example.com,Canada,Ontario,P006,Mechanical Keyboard,ELECTRONICS,Computers,1,100.18,0,100.18,62.66,37.52,Paypal,Desktop,Mobile App,Delivered,4
ORD003262,2026-04-22,C01791,Ava Taylor,ava.taylor1791@example.com,Germany,Hesse,P014,Leather Wallet,FASHION,Accessories,6,29.58,0.05,168.61,80.86,87.75,Paypal,Mobile,Marketplace,Delivered,2
ORD003263,2026-01-29,C00112,Mason Martin,mason.martin112@example.com,Germany,Saxony,P007,Wireless Mouse,ELECTRONICS,Computers,1,37.33,0.25,28,18.08,9.92,Debit Card,Mobile,Website,Delivered,4
ORD003264,2026-05-05,C00792,Ava Garcia,ava.garcia792@example.com,Canada,Quebec,P011,Denim Jacket,FASHION,Outerwear,2,74.68,0,149.36,83.05,66.31,Bank Transfer,Desktop,Website,Delivered,2
ORD003265,2025-08-11,C00976,Daniel Moore,daniel.moore976@example.com,France,Occitanie,P026,Water Bottle,SPORTS,Accessories,1,18.4,0,18.4,7.81,10.59,Credit Card,Desktop,Social Commerce,Cancelled,0
ORD003266,2026-07-28,C01492,Aarav Thomas,aarav.thomas1492@example.com,Australia,Western Australia,P023,Dumbbell Set,SPORTS,Fitness,1,79.75,0,79.75,47.35,32.4,Credit Card,Mobile,Mobile App,Shipped,0
ORD003267,2025-03-17,C00175,Jack Martin,jack.martin175@example.com,Australia,Queensland,P024,Football,SPORTS,Outdoor,3,29.5,0.05,84.08,41.06,43.02,Paypal,Mobile,Website,Cancelled,0
ORD003268,2024-10-13,C01417,Jack Lewis,missing@example.com,France,Normandy,P006,Mechanical Keyboard,ELECTRONICS,Computers,2,91.2,0.1,164.16,119.38,44.78,Paypal,Mobile,Mobile App,Delivered,5
ORD003269,2025-04-12,C01303,Owen Brown,owen.brown1303@example.com,India,Delhi,P002,Bluetooth Speaker,ELECTRONICS,Audio,3,46.58,0.1,125.77,85.4,40.37,Paypal,Mobile,Website,Shipped,0
ORD003270,2024-12-12,C01435,Elijah Thomas,elijah.thomas1435@example.com,Canada,Quebec,P034,Building Blocks,TOYS,Educational,2,32.84,0.15,55.83,31.81,24.02,Credit Card,Mobile,Mobile App,Delivered,5
ORD003271,2026-02-21,C01349,Olivia Patel,olivia.patel1349@example.com,Canada,Ontario,P005,Laptop Stand,ELECTRONICS,Accessories,2,41.47,0.1,74.65,42.92,31.73,Credit Card,Mobile,Website,Delivered,4
ORD003272,2026-02-05,C00880,Zoe Hall,zoe.hall880@example.com,India,Maharashtra,P031,Novel Set,BOOKS,Fiction,1,42.14,0.05,40.03,20.99,19.04,Paypal,Mobile,Mobile App,Shipped,0
ORD003273,2024-08-30,C00578,Olivia Wright,olivia.wright578@example.com,Australia,Western Australia,P013,Hoodie,FASHION,Apparel,1,41.95,0,41.95,21.54,20.41,Debit Card,Tablet,Mobile App,Delivered,5
ORD003274,2024-11-18,C01728,Isabella Brown,isabella.brown1728@example.com,Uk,England,P030,Perfume,BEAUTY,Fragrance,2,70.84,0.05,134.6,71.62,62.98,Credit Card,Tablet,Website,Delivered,3
ORD003275,2025-11-26,C01622,Aria Smith,aria.smith1622@example.com,Canada,British Columbia,P031,Novel Set,BOOKS,Fiction,5,43.12,0,215.6,109.76,105.84,Credit Card,Mobile,Website,Delivered,4
ORD003276,2024-05-11,C00132,Amelia Brown,amelia.brown132@example.com,Uk,Wales,P015,Backpack,FASHION,Bags,1,55.28,0.1,49.75,29.99,19.76,Debit Card,Mobile,Marketplace,Cancelled,0
ORD003277,2024-10-23,C00368,Layla Thomas,layla.thomas368@example.com,Canada,Ontario,P027,Face Serum,BEAUTY,Skin Care,1,38.92,0.25,29.19,15.81,13.38,Credit Card,Mobile,Website,Delivered,5
ORD003278,2026-06-18,C00299,Zoe Lee,zoe.lee299@example.com,Australia,Queensland,P035,Remote Control Car,TOYS,Vehicles,2,47.67,0,95.34,52.61,42.73,Credit Card,Mobile,Website,Cancelled,0
ORD003279,2026-02-19,C01257,Ethan Lewis,ethan.lewis1257@example.com,Uae,Abu Dhabi,P036,Puzzle 1000pc,TOYS,Games,1,18.83,0,18.83,7.81,11.02,Paypal,Desktop,Social Commerce,Delivered,2
ORD003280,2024-07-08,C01004,Isabella Lee,isabella.lee1004@example.com,Canada,Quebec,P006,Mechanical Keyboard,ELECTRONICS,Computers,3,98.81,0.1,266.79,191.64,75.15,Credit Card,Tablet,Mobile App,Processing,0
ORD003281,2024-08-06,C00709,Emma Smith,emma.smith709@example.com,Germany,Saxony,P008,Webcam HD,ELECTRONICS,Computers,3,64.47,0,193.41,116.31,77.1,Paypal,Desktop,Website,Delivered,4
ORD003282,2025-02-06,C01617,Liam Smith,liam.smith1617@example.com,India,Karnataka,P001,Wireless Headphones,ELECTRONICS,Audio,5,76.48,0,382.4,246.18,136.22,Paypal,Mobile,Website,Delivered,3
ORD003283,2025-10-11,C00328,Amelia Johnson,amelia.johnson328@example.com,Australia,New South Wales,P034,Building Blocks,TOYS,Educational,2,35.33,0.2,56.53,36.19,20.34,Credit Card,Mobile,Mobile App,Returned,5
ORD003284,2024-12-11,C00976,Daniel Moore,daniel.moore976@example.com,France,Ile-de-France,P035,Remote Control Car,TOYS,Vehicles,1,46.33,0,46.33,27.25,19.08,Credit Card,Mobile,Marketplace,Delivered,5
ORD003285,2025-09-03,C01151,Noah Patel,noah.patel1151@example.com,Uk,England,P034,Building Blocks,TOYS,Educational,2,34.18,0.05,64.94,35.31,29.63,Credit Card,Mobile,Mobile App,Delivered,4
ORD003286,2025-05-28,C01213,James King,james.king1213@example.com,Uae,Abu Dhabi,P017,Air Fryer,HOME & KITCHEN,Appliances,2,133.57,0.05,253.78,177.25,76.53,Paypal,Mobile,Website,Delivered,3
ORD003287,2025-02-04,C00153,Adam Patel,adam.patel153@example.com,Usa,Florida,P030,Perfume,BEAUTY,Fragrance,4,74.25,0.05,282.15,155.02,127.13,Bank Transfer,Desktop,Marketplace,Delivered,4
ORD003288,2025-07-05,C00872,James Anderson,james.anderson872@example.com,Uk,England,P028,Moisturizer,BEAUTY,Skin Care,3,23.28,0.25,52.38,28.92,23.46,Credit Card,Mobile,Social Commerce,Delivered,4
ORD003289,2024-09-19,C00534,Leo Patel,leo.patel534@example.com,India,Maharashtra,P036,Puzzle 1000pc,TOYS,Games,1,20.5,0.05,19.47,8.65,10.82,Debit Card,Mobile,Social Commerce,Shipped,0
ORD003290,2024-08-09,C00516,Mason Hall,mason.hall516@example.com,Germany,Hesse,P024,Football,SPORTS,Outdoor,2,33.32,0.1,59.98,32.51,27.47,Credit Card,Mobile,Marketplace,Delivered,5
ORD003291,2026-04-17,C00280,Harper Smith,harper.smith280@example.com,France,Normandy,P036,Puzzle 1000pc,TOYS,Games,1,20.49,0.1,18.44,8.52,9.92,Credit Card,Mobile,Website,Delivered,5
ORD003292,2024-10-28,C01007,Zoe Thomas,zoe.thomas1007@example.com,Canada,Quebec,P004,USB-C Charger,ELECTRONICS,Accessories,2,26.08,0.2,41.73,24.33,17.4,Cash On Delivery,Mobile,Marketplace,Delivered,4
ORD003293,2026-01-18,C00194,Mason Patel,mason.patel194@example.com,France,Provence,P014,Leather Wallet,FASHION,Accessories,1,29.1,0.15,24.73,13.72,11.01,Credit Card,Desktop,Marketplace,Delivered,4
ORD003294,2024-04-19,C00670,Leo Williams,leo.williams670@example.com,India,Delhi,P005,Laptop Stand,ELECTRONICS,Accessories,5,41.51,0.1,186.79,108.86,77.93,Credit Card,Mobile,Marketplace,Delivered,5
ORD003295,2025-06-06,C00875,Nora Hall,nora.hall875@example.com,Canada,Ontario,P017,Air Fryer,HOME & KITCHEN,Appliances,1,112.69,0.05,107.06,70.43,36.63,Bank Transfer,Mobile,Social Commerce,Delivered,3
ORD003296,2025-06-08,C01390,Mia Wright,mia.wright1390@example.com,France,Normandy,P011,Denim Jacket,FASHION,Outerwear,1,80.92,0.15,68.78,44.86,23.92,Cash On Delivery,Mobile,Social Commerce,Shipped,0
ORD003297,2025-05-25,C00775,Owen Wilson,owen.wilson775@example.com,Canada,Ontario,P028,Moisturizer,BEAUTY,Skin Care,1,25.79,0,25.79,10.62,15.17,Paypal,Mobile,Mobile App,Delivered,4
ORD003298,2026-04-11,C01244,Chloe Johnson,chloe.johnson1244@example.com,India,Delhi,P011,Denim Jacket,FASHION,Outerwear,1,69.9,0.2,55.92,39.22,16.7,Credit Card,Mobile,Mobile App,Returned,3
ORD003299,2024-04-07,C00065,Daniel Moore,daniel.moore65@example.com,Usa,Florida,P022,Yoga Mat,SPORTS,Fitness,4,26.61,0.1,95.8,47.48,48.32,Paypal,Mobile,Website,Delivered,4
ORD003300,2025-10-24,C01406,Noah Hall,noah.hall1406@example.com,Australia,Victoria,P030,Perfume,BEAUTY,Fragrance,3,76.61,0.15,195.36,122.35,73.01,Credit Card,Mobile,Mobile App,Delivered,4
ORD003301,2024-10-01,C00745,Layla Moore,layla.moore745@example.com,Germany,Saxony,P016,Coffee Maker,HOME & KITCHEN,Appliances,1,86.87,0.15,73.84,55.39,18.45,Credit Card,Mobile,Website,Delivered,4
ORD003302,2025-02-02,C01514,Liam Martin,liam.martin1514@example.com,Canada,Alberta,P010,Casual Sneakers,FASHION,Footwear,2,60.74,0,121.48,65.96,55.52,Debit Card,Mobile,Website,Delivered,5
ORD003303,2025-12-08,C00631,Isabella Lewis,isabella.lewis631@example.com,Canada,British Columbia,P011,Denim Jacket,FASHION,Outerwear,1,82.51,0,82.51,47.11,35.4,Bank Transfer,Mobile,Website,Delivered,4
ORD003304,2025-04-27,C01262,Emma Taylor,missing@example.com,Usa,Florida,P023,Dumbbell Set,SPORTS,Fitness,3,79.62,0.15,203.03,141.85,61.18,Bank Transfer,Desktop,Website,Delivered,3
ORD003305,2024-05-28,C00616,Mason Anderson,mason.anderson616@example.com,Canada,Ontario,P004,USB-C Charger,ELECTRONICS,Accessories,1,27.64,0.2,22.11,13.64,8.47,Bank Transfer,Mobile,Mobile App,Processing,0
ORD003306,2024-08-31,C00669,Aarav Garcia,aarav.garcia669@example.com,France,Ile-de-France,P008,Webcam HD,ELECTRONICS,Computers,3,65.8,0.05,187.53,124.42,63.11,Bank Transfer,Mobile,Website,Delivered,3
ORD003307,2025-04-06,C01634,Adam King,adam.king1634@example.com,Usa,Florida,P031,Novel Set,BOOKS,Fiction,2,43.79,0.05,83.2,43.69,39.51,Debit Card,Mobile,Website,Shipped,0
ORD003308,2025-09-04,C01402,Henry Young,henry.young1402@example.com,Canada,Ontario,P023,Dumbbell Set,SPORTS,Fitness,3,79.29,0.15,202.19,136.24,65.95,Credit Card,Mobile,Social Commerce,Returned,4
ORD003309,2024-09-22,C00562,Henry Wilson,henry.wilson562@example.com,Germany,Saxony,P013,Hoodie,FASHION,Apparel,3,47.17,0,141.51,71.28,70.23,Debit Card,Desktop,Website,Delivered,3
ORD003310,2026-06-08,C01788,Ava Hall,ava.hall1788@example.com,Germany,Saxony,P022,Yoga Mat,SPORTS,Fitness,5,26.87,0,134.35,63.55,70.8,Credit Card,Mobile,Mobile App,Delivered,4
ORD003311,2025-12-10,C01146,Harper Garcia,harper.garcia1146@example.com,Germany,Berlin,P021,Desk Lamp,HOME & KITCHEN,Lighting,2,33.97,0,67.94,34.96,32.98,Credit Card,Mobile,Website,Delivered,4
ORD003312,2025-09-13,C00270,Ava Smith,ava.smith270@example.com,Australia,Western Australia,P024,Football,SPORTS,Outdoor,1,32.78,0,32.78,15.85,16.93,Paypal,Mobile,Website,Delivered,4
ORD003313,2025-10-21,C01025,Noah King,noah.king1025@example.com,France,Occitanie,P014,Leather Wallet,FASHION,Accessories,1,29.82,0,29.82,14.51,15.31,Credit Card,Desktop,Marketplace,Delivered,4
ORD003314,2025-04-07,C00793,Ava Clark,ava.clark793@example.com,Usa,Illinois,P029,Hair Dryer,BEAUTY,Hair Care,2,55.02,0,110.04,60.33,49.71,Credit Card,Mobile,Mobile App,Delivered,5
ORD003315,2026-06-18,C00034,James King,james.king34@example.com,India,Karnataka,P001,Wireless Headphones,ELECTRONICS,Audio,1,89.17,0.1,80.25,53.58,26.67,Credit Card,Mobile,Website,Shipped,0
ORD003316,2024-12-22,C01380,Henry Walker,henry.walker1380@example.com,France,Occitanie,P016,Coffee Maker,HOME & KITCHEN,Appliances,1,96.87,0.05,92.03,61.39,30.64,Paypal,Desktop,Website,Delivered,5
ORD003317,2025-02-21,C00878,Liam Walker,liam.walker878@example.com,Uae,Abu Dhabi,P012,Cotton T-Shirt,FASHION,Apparel,1,18.98,0.2,15.18,8.76,6.42,Bank Transfer,Mobile,Website,Shipped,0
ORD003318,2026-05-02,C01672,Chloe Williams,chloe.williams1672@example.com,Uae,Sharjah,P006,Mechanical Keyboard,ELECTRONICS,Computers,2,95.79,0,191.58,124.68,66.9,Paypal,Mobile,Website,Delivered,5
ORD003319,2024-03-17,C00892,Evelyn Moore,evelyn.moore892@example.com,Germany,Bavaria,P012,Cotton T-Shirt,FASHION,Apparel,2,19.98,0.1,35.96,18.51,17.45,Paypal,Desktop,Website,Shipped,0
ORD003320,2024-04-21,C01391,Olivia Moore,olivia.moore1391@example.com,Australia,Western Australia,P024,Football,SPORTS,Outdoor,2,28.4,0,56.8,27.79,29.01,Credit Card,Mobile,Marketplace,Delivered,3
ORD003321,2024-01-21,C00928,Mason Walker,mason.walker928@example.com,Canada,British Columbia,P009,Running Shoes,FASHION,Footwear,3,64.99,0.05,185.22,111.29,73.93,Cash On Delivery,Desktop,Mobile App,Processing,0
ORD003322,2024-09-21,C01555,Jack Lewis,jack.lewis1555@example.com,Uae,Abu Dhabi,P019,Knife Set,HOME & KITCHEN,Cookware,3,60.63,0.05,172.8,103.31,69.49,Paypal,Desktop,Mobile App,Delivered,1
ORD003323,2026-04-18,C00922,Henry Lee,henry.lee922@example.com,Usa,Florida,P016,Coffee Maker,HOME & KITCHEN,Appliances,1,94.46,0,94.46,58.35,36.11,Credit Card,Mobile,Website,Delivered,5
ORD003324,2025-05-20,C01263,Noah Wilson,noah.wilson1263@example.com,Germany,Hesse,P028,Moisturizer,BEAUTY,Skin Care,2,27.73,0,55.46,21.33,34.13,Credit Card,Desktop,Website,Delivered,4
ORD003325,2024-07-04,C01414,James Martin,james.martin1414@example.com,Uk,Wales,P001,Wireless Headphones,ELECTRONICS,Audio,1,74.97,0.05,71.22,47.13,24.09,Credit Card,Desktop,Social Commerce,Returned,2
ORD003326,2025-03-17,C00793,Ava Clark,ava.clark793@example.com,Australia,Victoria,P017,Air Fryer,HOME & KITCHEN,Appliances,1,118.53,0,118.53,76.92,41.61,Paypal,Mobile,Mobile App,Returned,4
ORD003327,2025-04-27,C00677,Charlotte Johnson,charlotte.johnson677@example.com,India,Maharashtra,P003,Smart Watch,ELECTRONICS,Wearables,4,139.3,0,557.2,380.18,177.02,Debit Card,Mobile,Website,Delivered,4
ORD003328,2024-06-12,C01537,Aarav Williams,aarav.williams1537@example.com,Uae,Abu Dhabi,P027,Face Serum,BEAUTY,Skin Care,2,38.53,0,77.06,32.84,44.22,Debit Card,Desktop,Website,Delivered,3
ORD003329,2024-02-27,C01484,Aarav Walker,aarav.walker1484@example.com,France,Normandy,P005,Laptop Stand,ELECTRONICS,Accessories,1,44.02,0.05,41.82,23.66,18.16,Cash On Delivery,Desktop,Mobile App,Delivered,5
ORD003330,2025-01-06,C01151,Noah Patel,noah.patel1151@example.com,Uk,Wales,P028,Moisturizer,BEAUTY,Skin Care,3,23.25,0.05,66.26,27.18,39.08,Credit Card,Desktop,Website,Delivered,4
ORD003331,2024-05-14,C00741,Harper Patel,harper.patel741@example.com,India,Tamil Nadu,P001,Wireless Headphones,ELECTRONICS,Audio,2,77.34,0,154.68,93.04,61.64,Paypal,Tablet,Mobile App,Returned,5
ORD003332,2024-09-11,C01304,Grace Hall,grace.hall1304@example.com,Uae,Dubai,P028,Moisturizer,BEAUTY,Skin Care,2,25.59,0.1,46.06,20.19,25.87,Debit Card,Tablet,Mobile App,Shipped,0
ORD003333,2024-03-30,C01382,Lucas Clark,lucas.clark1382@example.com,Uae,Dubai,P009,Running Shoes,FASHION,Footwear,3,74.22,0.1,200.39,123.54,76.85,Paypal,Mobile,Website,Delivered,5
ORD003334,2024-01-16,C00469,Lucas Young,missing@example.com,Australia,Western Australia,P027,Face Serum,BEAUTY,Skin Care,2,32.71,0.1,58.88,28.27,30.61,Credit Card,Desktop,Website,Delivered,4
ORD003335,2026-01-30,C01574,Isabella Wilson,isabella.wilson1574@example.com,Uae,Sharjah,P004,USB-C Charger,ELECTRONICS,Accessories,1,25.3,0.25,18.98,11.95,7.03,Credit Card,Desktop,Mobile App,Returned,4
ORD003336,2024-02-11,C00955,Olivia Moore,olivia.moore955@example.com,Uae,Sharjah,P019,Knife Set,HOME & KITCHEN,Cookware,1,58.55,0.05,55.62,33.58,22.04,Bank Transfer,Mobile,Marketplace,Delivered,4
ORD003337,2025-06-26,C00745,Layla Moore,layla.moore745@example.com,Canada,British Columbia,P004,USB-C Charger,ELECTRONICS,Accessories,3,26.06,0,78.18,38.76,39.42,Credit Card,Mobile,Website,Delivered,5
ORD003338,2026-03-27,C01017,Layla Young,layla.young1017@example.com,Australia,New South Wales,P019,Knife Set,HOME & KITCHEN,Cookware,3,62.5,0,187.5,104.82,82.68,Debit Card,Desktop,Mobile App,Delivered,5
ORD003339,2024-08-30,C00407,Charlotte Wright,charlotte.wright407@example.com,Uae,Abu Dhabi,P001,Wireless Headphones,ELECTRONICS,Audio,1,79.81,0.05,75.82,49.44,26.38,Debit Card,Mobile,Website,Processing,0
ORD003340,2025-04-02,C00105,Nora Moore,nora.moore105@example.com,Uae,Sharjah,P019,Knife Set,HOME & KITCHEN,Cookware,2,66.36,0,132.72,72.03,60.69,Debit Card,Mobile,Website,Processing,0
ORD003341,2026-02-05,C00961,Elijah Johnson,elijah.johnson961@example.com,Uae,Sharjah,P030,Perfume,BEAUTY,Fragrance,2,68.28,0,136.56,68.64,67.92,Debit Card,Mobile,Mobile App,Shipped,0
ORD003342,2026-06-02,C01379,Charlotte Lee,charlotte.lee1379@example.com,Australia,New South Wales,P022,Yoga Mat,SPORTS,Fitness,2,25.68,0.2,41.09,23.91,17.18,Debit Card,Mobile,Marketplace,Processing,0
ORD003343,2025-06-21,C00942,Sophia Young,sophia.young942@example.com,France,Normandy,P035,Remote Control Car,TOYS,Vehicles,1,50.35,0.05,47.83,27.72,20.11,Credit Card,Desktop,Social Commerce,Processing,0
ORD003344,2026-03-07,C01745,Amelia Clark,amelia.clark1745@example.com,Canada,Quebec,P013,Hoodie,FASHION,Apparel,2,46.64,0.15,79.29,48.22,31.07,Bank Transfer,Desktop,Social Commerce,Delivered,4
ORD003345,2024-10-27,C00310,Evelyn Clark,evelyn.clark310@example.com,Germany,Bavaria,P008,Webcam HD,ELECTRONICS,Computers,3,64.19,0.2,154.06,120.3,33.76,Debit Card,Mobile,Mobile App,Delivered,4
ORD003346,2025-05-11,C00675,Henry Wilson,henry.wilson675@example.com,France,Normandy,P021,Desk Lamp,HOME & KITCHEN,Lighting,6,31.67,0.15,161.52,94.42,67.1,Credit Card,Desktop,Website,Delivered,4
ORD003347,2024-02-28,C00933,Daniel Brown,daniel.brown933@example.com,Uae,Abu Dhabi,P005,Laptop Stand,ELECTRONICS,Accessories,3,39.59,0,118.77,62.48,56.29,Debit Card,Tablet,Website,Delivered,5
ORD003348,2025-05-13,C00743,Grace Taylor,grace.taylor743@example.com,Australia,New South Wales,P025,Cycling Helmet,SPORTS,Outdoor,2,68.17,0.05,129.52,75.8,53.72,Credit Card,Desktop,Website,Delivered,5
ORD003349,2025-10-03,C00969,Aria Taylor,aria.taylor969@example.com,Australia,Queensland,P008,Webcam HD,ELECTRONICS,Computers,2,66.07,0.25,99.1,80.9,18.2,Debit Card,Mobile,Mobile App,Delivered,5
ORD003350,2025-04-02,C00989,Lucas Lee,lucas.lee989@example.com,Usa,Illinois,P019,Knife Set,HOME & KITCHEN,Cookware,2,56.71,0.05,107.75,65.22,42.53,Debit Card,Mobile,Website,Delivered,4
ORD003351,2024-05-28,C01123,Grace Smith,grace.smith1123@example.com,Germany,Saxony,P036,Puzzle 1000pc,TOYS,Games,1,22.37,0,22.37,9.25,13.12,Credit Card,Desktop,Marketplace,Delivered,5
ORD003352,2025-07-04,C01651,Aria Smith,aria.smith1651@example.com,India,Delhi,P029,Hair Dryer,BEAUTY,Hair Care,1,53.72,0,53.72,30.21,23.51,Debit Card,Mobile,Marketplace,Delivered,3
ORD003353,2025-08-24,C00485,James Moore,james.moore485@example.com,Uk,Scotland,P018,Non-stick Pan,HOME & KITCHEN,Cookware,1,36.57,0,36.57,18.86,17.71,Credit Card,Tablet,Website,Delivered,4
ORD003354,2024-07-08,C01470,Harper Clark,harper.clark1470@example.com,India,Maharashtra,P013,Hoodie,FASHION,Apparel,1,50.27,0.2,40.22,25.01,15.21,Credit Card,Mobile,Website,Cancelled,0
ORD003355,2026-06-17,C00800,Isabella Walker,isabella.walker800@example.com,Canada,Quebec,P019,Knife Set,HOME & KITCHEN,Cookware,2,55.78,0.05,105.98,61.13,44.85,Credit Card,Mobile,Website,Cancelled,0
ORD003356,2025-05-07,C00265,Leo Patel,leo.patel265@example.com,Australia,Western Australia,P027,Face Serum,BEAUTY,Skin Care,1,34.93,0,34.93,14.54,20.39,Debit Card,Mobile,Website,Delivered,3
ORD003357,2024-12-06,C01691,Emma Smith,emma.smith1691@example.com,Uae,Dubai,P036,Puzzle 1000pc,TOYS,Games,1,22.18,0,22.18,9.23,12.95,Credit Card,Mobile,Website,Delivered,5
ORD003358,2024-09-26,C00611,Ethan Williams,ethan.williams611@example.com,Uae,Dubai,P032,Data Analytics Book,BOOKS,Education,2,43.24,0.1,77.83,41.43,36.4,Credit Card,Desktop,Website,Delivered,4
ORD003359,2026-04-27,C01795,Charlotte Young,charlotte.young1795@example.com,Canada,Ontario,P031,Novel Set,BOOKS,Fiction,3,39.83,0,119.49,60.28,59.21,Paypal,Mobile,Mobile App,Delivered,2
ORD003360,2025-06-13,C00710,Daniel Moore,daniel.moore710@example.com,Uk,Wales,P015,Backpack,FASHION,Bags,6,53.82,0,322.92,166.99,155.93,Credit Card,Desktop,Website,Delivered,4
ORD003361,2026-06-08,C00570,Jack Lewis,jack.lewis570@example.com,Canada,Ontario,P026,Water Bottle,SPORTS,Accessories,6,17.57,0.05,100.15,44.49,55.66,Debit Card,Mobile,Mobile App,Delivered,4
ORD003362,2024-12-10,C00343,Ava Thomas,ava.thomas343@example.com,Germany,Hesse,P013,Hoodie,FASHION,Apparel,1,42.04,0.05,39.94,20.57,19.37,Credit Card,Desktop,Website,Delivered,4
ORD003363,2025-02-27,C01019,Daniel Hall,daniel.hall1019@example.com,Uae,Sharjah,P033,Cookbook,BOOKS,Lifestyle,3,28.45,0.15,72.55,39.8,32.75,Credit Card,Mobile,Mobile App,Shipped,0
ORD003364,2024-06-13,C01725,James Anderson,james.anderson1725@example.com,Canada,British Columbia,P032,Data Analytics Book,BOOKS,Education,2,47.83,0.2,76.53,44.72,31.81,Credit Card,Tablet,Website,Delivered,4
ORD003365,2025-10-08,C00539,Isabella Moore,isabella.moore539@example.com,Germany,Hesse,P036,Puzzle 1000pc,TOYS,Games,1,21.77,0.2,17.42,9.61,7.81,Debit Card,Desktop,Mobile App,Shipped,0
ORD003366,2024-05-29,C00638,Chloe Williams,chloe.williams638@example.com,Uae,Abu Dhabi,P017,Air Fryer,HOME & KITCHEN,Appliances,3,123.53,0,370.59,240.04,130.55,Credit Card,Mobile,Website,Cancelled,0
ORD003367,2025-03-30,C01777,Layla King,layla.king1777@example.com,France,Provence,P035,Remote Control Car,TOYS,Vehicles,1,49.41,0,49.41,28.71,20.7,Bank Transfer,Desktop,Website,Shipped,0
ORD003368,2025-10-01,C00942,Sophia Young,missing@example.com,Usa,Florida,P026,Water Bottle,SPORTS,Accessories,1,16.85,0.1,15.17,7.26,7.91,Credit Card,Mobile,Marketplace,Delivered,5
ORD003369,2025-11-18,C00713,Emma Brown,emma.brown713@example.com,Usa,Illinois,P014,Leather Wallet,FASHION,Accessories,3,28.89,0.1,78,41.81,36.19,Debit Card,Mobile,Website,Shipped,0
ORD003370,2024-09-20,C01560,Nora Williams,nora.williams1560@example.com,Uk,Wales,P013,Hoodie,FASHION,Apparel,2,49.78,0.1,89.6,51.14,38.46,Cash On Delivery,Tablet,Website,Delivered,1
ORD003371,2024-09-04,C00097,Leo Hall,leo.hall97@example.com,Uae,Abu Dhabi,P027,Face Serum,BEAUTY,Skin Care,2,38.1,0.1,68.58,31.28,37.3,Credit Card,Mobile,Website,Shipped,0
ORD003372,2025-01-27,C01613,Grace Moore,grace.moore1613@example.com,Usa,Texas,P002,Bluetooth Speaker,ELECTRONICS,Audio,1,55.62,0.15,47.28,34.6,12.68,Bank Transfer,Desktop,Website,Processing,0
ORD003373,2024-09-29,C00460,Layla Wright,layla.wright460@example.com,India,Gujarat,P006,Mechanical Keyboard,ELECTRONICS,Computers,1,99.39,0,99.39,60.19,39.2,Credit Card,Mobile,Website,Delivered,5
ORD003374,2024-09-14,C01053,Leo Wilson,leo.wilson1053@example.com,Australia,New South Wales,P031,Novel Set,BOOKS,Fiction,1,43.37,0.1,39.03,21,18.03,Paypal,Mobile,Website,Delivered,4
ORD003375,2026-06-21,C00371,Elijah Martin,elijah.martin371@example.com,Canada,Ontario,P018,Non-stick Pan,HOME & KITCHEN,Cookware,1,36.26,0,36.26,18.48,17.78,Bank Transfer,Desktop,Mobile App,Delivered,4
ORD003376,2024-09-09,C00985,Lucas Wright,lucas.wright985@example.com,Uae,Sharjah,P020,Storage Boxes,HOME & KITCHEN,Storage,2,27.36,0.05,51.98,27.46,24.52,Paypal,Tablet,Website,Delivered,3
ORD003377,2024-02-01,C00418,Lucas Brown,lucas.brown418@example.com,Uk,Scotland,P011,Denim Jacket,FASHION,Outerwear,2,80.95,0,161.9,94.94,66.96,Paypal,Mobile,Mobile App,Delivered,4
ORD003378,2025-03-19,C01391,Olivia Moore,olivia.moore1391@example.com,Canada,Alberta,P034,Building Blocks,TOYS,Educational,1,35.47,0.05,33.7,18.27,15.43,Debit Card,Desktop,Website,Processing,0
ORD003379,2025-06-20,C00976,Daniel Moore,daniel.moore976@example.com,Australia,Victoria,P025,Cycling Helmet,SPORTS,Outdoor,1,68.93,0.15,58.59,37.78,20.81,Credit Card,Desktop,Mobile App,Delivered,2
ORD003380,2025-05-20,C00742,Adam Wright,adam.wright742@example.com,France,Ile-de-France,P007,Wireless Mouse,ELECTRONICS,Computers,2,35.02,0.1,63.04,35.84,27.2,Debit Card,Mobile,Website,Delivered,5
ORD003381,2025-11-01,C01768,Mia Garcia,mia.garcia1768@example.com,Uae,Sharjah,P005,Laptop Stand,ELECTRONICS,Accessories,4,39.5,0.1,142.2,81.24,60.96,Credit Card,Mobile,Mobile App,Delivered,5
ORD003382,2025-03-07,C00936,Layla King,layla.king936@example.com,France,Normandy,P012,Cotton T-Shirt,FASHION,Apparel,3,21.07,0,63.21,29.33,33.88,Credit Card,Mobile,Website,Delivered,4
ORD003383,2024-06-25,C00410,Charlotte Wright,charlotte.wright410@example.com,Germany,Hesse,P023,Dumbbell Set,SPORTS,Fitness,1,85.66,0.05,81.38,51.48,29.9,Debit Card,Mobile,Website,Delivered,5
ORD003384,2026-05-26,C00108,Aarav Lewis,aarav.lewis108@example.com,Uae,Abu Dhabi,P025,Cycling Helmet,SPORTS,Outdoor,2,62.37,0.15,106.03,71.34,34.69,Credit Card,Mobile,Mobile App,Delivered,2
ORD003385,2026-07-15,C01498,Mia Thomas,mia.thomas1498@example.com,Germany,Berlin,P019,Knife Set,HOME & KITCHEN,Cookware,1,57.29,0.1,51.56,31.26,20.3,Bank Transfer,Tablet,Mobile App,Returned,5
ORD003386,2025-10-23,C00344,Grace Wilson,grace.wilson344@example.com,Australia,Victoria,P007,Wireless Mouse,ELECTRONICS,Computers,1,34.56,0,34.56,17.89,16.67,Debit Card,Desktop,Website,Delivered,5
ORD003387,2026-03-15,C00075,Elijah Hall,elijah.hall75@example.com,Uae,Dubai,P013,Hoodie,FASHION,Apparel,1,49.5,0.1,44.55,25.08,19.47,Credit Card,Desktop,Mobile App,Delivered,3
ORD003388,2025-10-22,C01369,Grace Patel,grace.patel1369@example.com,Germany,Hesse,P036,Puzzle 1000pc,TOYS,Games,1,20.05,0.1,18.05,8.67,9.38,Credit Card,Mobile,Mobile App,Delivered,4
ORD003389,2026-05-17,C01399,Zoe Johnson,zoe.johnson1399@example.com,Germany,Saxony,P015,Backpack,FASHION,Bags,3,51.3,0.05,146.2,79.49,66.71,Credit Card,Mobile,Website,Delivered,1
ORD003390,2026-01-11,C00373,Grace Moore,grace.moore373@example.com,France,Normandy,P001,Wireless Headphones,ELECTRONICS,Audio,1,78.06,0,78.06,46.55,31.51,Debit Card,Desktop,Mobile App,Delivered,5
ORD003391,2024-01-21,C01059,Mason King,mason.king1059@example.com,Usa,Illinois,P006,Mechanical Keyboard,ELECTRONICS,Computers,1,98.15,0.05,93.24,59.6,33.64,Cash On Delivery,Mobile,Website,Delivered,4
ORD003392,2026-05-05,C00787,Elijah Williams,elijah.williams787@example.com,France,Normandy,P019,Knife Set,HOME & KITCHEN,Cookware,3,61.78,0.05,176.07,105.51,70.56,Bank Transfer,Mobile,Website,Delivered,3
ORD003393,2025-03-17,C00708,Lucas Martin,lucas.martin708@example.com,France,Occitanie,P027,Face Serum,BEAUTY,Skin Care,1,36.15,0,36.15,14.97,21.18,Bank Transfer,Mobile,Website,Delivered,4
ORD003394,2025-01-02,C00983,Ava Martin,ava.martin983@example.com,France,Normandy,P025,Cycling Helmet,SPORTS,Outdoor,1,70.94,0.15,60.3,40.34,19.96,Credit Card,Mobile,Mobile App,Delivered,5
ORD003395,2024-04-26,C00667,James Williams,james.williams667@example.com,Canada,Quebec,P015,Backpack,FASHION,Bags,1,48.71,0.05,46.27,25.17,21.1,Credit Card,Mobile,Website,Delivered,3
ORD003396,2024-07-31,C00010,Mason Moore,mason.moore10@example.com,Canada,Alberta,P015,Backpack,FASHION,Bags,1,55.57,0.25,41.68,28.67,13.01,Credit Card,Desktop,Mobile App,Delivered,3
ORD003397,2024-12-21,C00156,Elijah Taylor,elijah.taylor156@example.com,Canada,Alberta,P014,Leather Wallet,FASHION,Accessories,1,28.68,0.05,27.25,13.9,13.35,Paypal,Desktop,Mobile App,Delivered,4
ORD003398,2026-06-06,C01293,Leo Moore,leo.moore1293@example.com,Uae,Abu Dhabi,P018,Non-stick Pan,HOME & KITCHEN,Cookware,1,36.43,0.05,34.61,18.99,15.62,Credit Card,Desktop,Website,Delivered,5
ORD003399,2026-03-29,C01480,Nora Lee,nora.lee1480@example.com,Germany,Hesse,P006,Mechanical Keyboard,ELECTRONICS,Computers,2,95.42,0.1,171.76,119.42,52.34,Credit Card,Desktop,Website,Returned,3
ORD003400,2024-01-19,C00127,Aarav Williams,aarav.williams127@example.com,Uae,Sharjah,P015,Backpack,FASHION,Bags,1,50.89,0.2,40.71,25.92,14.79,Credit Card,Desktop,Mobile App,Delivered,3
ORD003401,2026-05-11,C00416,Zoe Wilson,zoe.wilson416@example.com,India,Maharashtra,P022,Yoga Mat,SPORTS,Fitness,2,26.64,0.2,42.62,25.46,17.16,Credit Card,Mobile,Website,Processing,0
ORD003402,2024-09-02,C00558,Sophia Wright,sophia.wright558@example.com,Germany,Hesse,P031,Novel Set,BOOKS,Fiction,1,44.27,0,44.27,21.65,22.62,Credit Card,Desktop,Marketplace,Delivered,5
ORD003404,2025-10-03,C00441,Emma Clark,emma.clark441@example.com,Canada,Quebec,P029,Hair Dryer,BEAUTY,Hair Care,1,46.54,0.05,44.21,26.31,17.9,Paypal,Desktop,Mobile App,Processing,0
ORD003405,2024-08-27,C00074,Charlotte Taylor,charlotte.taylor74@example.com,Canada,Ontario,P007,Wireless Mouse,ELECTRONICS,Computers,1,33.81,0,33.81,16.31,17.5,Paypal,Mobile,Marketplace,Delivered,4
ORD003406,2025-09-09,C00262,Emma Wright,emma.wright262@example.com,India,Gujarat,P023,Dumbbell Set,SPORTS,Fitness,1,73.93,0,73.93,41.29,32.64,Credit Card,Mobile,Mobile App,Shipped,0
ORD003407,2025-08-31,C00639,Zoe King,zoe.king639@example.com,India,Tamil Nadu,P008,Webcam HD,ELECTRONICS,Computers,1,61.77,0,61.77,36.59,25.18,Paypal,Mobile,Mobile App,Returned,5
ORD003408,2024-05-31,C01396,Aria Young,aria.young1396@example.com,Canada,Alberta,P020,Storage Boxes,HOME & KITCHEN,Storage,1,29.99,0.15,25.49,15.08,10.41,Paypal,Tablet,Mobile App,Returned,4
ORD003409,2026-01-31,C01170,Harper Thomas,harper.thomas1170@example.com,Germany,Saxony,P006,Mechanical Keyboard,ELECTRONICS,Computers,3,84.43,0.1,227.96,158.38,69.58,Debit Card,Mobile,Website,Delivered,5
ORD003410,2024-08-04,C01185,Mason King,mason.king1185@example.com,India,Karnataka,P011,Denim Jacket,FASHION,Outerwear,2,75.94,0,151.88,83.71,68.17,Bank Transfer,Desktop,Website,Processing,0
ORD003411,2025-04-30,C00674,Aarav Williams,aarav.williams674@example.com,India,Maharashtra,P020,Storage Boxes,HOME & KITCHEN,Storage,1,30,0,30,14.45,15.55,Paypal,Mobile,Website,Cancelled,0
ORD003412,2025-11-10,C01638,Noah Hall,noah.hall1638@example.com,Germany,Berlin,P030,Perfume,BEAUTY,Fragrance,2,65.88,0.15,112,67.73,44.27,Paypal,Mobile,Website,Shipped,0
ORD003413,2025-05-20,C00850,Lucas Smith,lucas.smith850@example.com,India,Maharashtra,P011,Denim Jacket,FASHION,Outerwear,1,83.9,0.1,75.51,46.68,28.83,Credit Card,Desktop,Website,Delivered,3
ORD003414,2024-06-06,C01368,Mason Brown,mason.brown1368@example.com,Uk,Scotland,P022,Yoga Mat,SPORTS,Fitness,3,27.63,0.05,78.75,39.01,39.74,Debit Card,Desktop,Marketplace,Delivered,3
ORD003415,2026-07-30,C00404,Mia Wright,mia.wright404@example.com,Australia,Victoria,P035,Remote Control Car,TOYS,Vehicles,1,48.76,0,48.76,28.37,20.39,Credit Card,Tablet,Website,Delivered,4
ORD003416,2025-12-19,C01728,Isabella Brown,isabella.brown1728@example.com,Usa,Florida,P017,Air Fryer,HOME & KITCHEN,Appliances,2,114.27,0,228.54,146.02,82.52,Credit Card,Mobile,Mobile App,Delivered,4
ORD003417,2025-04-18,C00370,Lucas Anderson,lucas.anderson370@example.com,Usa,Illinois,P015,Backpack,FASHION,Bags,1,51.71,0.15,43.95,26.53,17.42,Paypal,Mobile,Website,Shipped,0
ORD003418,2024-01-27,C00722,Evelyn Wilson,evelyn.wilson722@example.com,Usa,Florida,P013,Hoodie,FASHION,Apparel,2,47.25,0.15,80.33,47.09,33.24,Debit Card,Desktop,Website,Delivered,1
ORD003419,2025-09-26,C01749,Ava Williams,ava.williams1749@example.com,Uae,Abu Dhabi,P035,Remote Control Car,TOYS,Vehicles,1,48.04,0.1,43.24,28.39,14.85,Debit Card,Desktop,Mobile App,Cancelled,0
ORD003420,2024-06-18,C00231,Sophia Lee,sophia.lee231@example.com,India,Karnataka,P007,Wireless Mouse,ELECTRONICS,Computers,2,35.47,0.15,60.3,34.39,25.91,Paypal,Tablet,Mobile App,Shipped,0
ORD003421,2025-01-19,C00602,Chloe King,chloe.king602@example.com,Uk,Wales,P034,Building Blocks,TOYS,Educational,1,36.52,0.2,29.22,17.79,11.43,Credit Card,Mobile,Social Commerce,Delivered,4
ORD003422,2025-09-28,C01204,Henry Clark,henry.clark1204@example.com,France,Occitanie,P017,Air Fryer,HOME & KITCHEN,Appliances,2,127.14,0,254.28,166.02,88.26,Credit Card,Mobile,Mobile App,Delivered,5
ORD003423,2026-05-19,C00305,Emma Moore,emma.moore305@example.com,India,Gujarat,P011,Denim Jacket,FASHION,Outerwear,1,75.48,0,75.48,43.7,31.78,Debit Card,Desktop,Website,Delivered,2
ORD003424,2026-02-13,C01007,Zoe Thomas,zoe.thomas1007@example.com,Australia,New South Wales,P035,Remote Control Car,TOYS,Vehicles,1,42.2,0.2,33.76,24.99,8.77,Debit Card,Desktop,Mobile App,Delivered,3
ORD003425,2024-09-27,C00872,James Anderson,james.anderson872@example.com,Australia,Western Australia,P018,Non-stick Pan,HOME & KITCHEN,Cookware,1,33.75,0.05,32.06,17.02,15.04,Paypal,Mobile,Website,Delivered,4
ORD003426,2025-02-26,C00076,Henry Williams,henry.williams76@example.com,Germany,Hesse,P008,Webcam HD,ELECTRONICS,Computers,4,58.48,0,233.92,147.25,86.67,Credit Card,Desktop,Website,Processing,0
ORD003427,2026-01-06,C00628,Jack King,jack.king628@example.com,Canada,Alberta,P014,Leather Wallet,FASHION,Accessories,1,31.42,0.05,29.85,14.6,15.25,Debit Card,Desktop,Website,Delivered,4
ORD003428,2024-04-03,C00347,James Wright,james.wright347@example.com,Canada,Alberta,P033,Cookbook,BOOKS,Lifestyle,2,32.05,0.2,51.28,29.53,21.75,Cash On Delivery,Mobile,Website,Delivered,2
ORD003429,2024-03-24,C00310,Evelyn Clark,evelyn.clark310@example.com,Australia,Victoria,P012,Cotton T-Shirt,FASHION,Apparel,2,22.33,0,44.66,19.76,24.9,Credit Card,Mobile,Marketplace,Shipped,0
ORD003430,2026-03-03,C00357,Henry Thomas,henry.thomas357@example.com,France,Ile-de-France,P035,Remote Control Car,TOYS,Vehicles,1,48.32,0,48.32,27.88,20.44,Debit Card,Mobile,Mobile App,Delivered,5
ORD003431,2024-10-22,C01742,Isabella Anderson,isabella.anderson1742@example.com,India,Maharashtra,P016,Coffee Maker,HOME & KITCHEN,Appliances,5,91.04,0.15,386.92,289.94,96.98,Paypal,Desktop,Website,Delivered,3
ORD003432,2026-01-25,C00622,Lucas Clark,lucas.clark622@example.com,Usa,New York,P004,USB-C Charger,ELECTRONICS,Accessories,1,26.24,0,26.24,12.21,14.03,Credit Card,Tablet,Mobile App,Delivered,4
ORD003433,2025-04-18,C01453,Evelyn Clark,evelyn.clark1453@example.com,Canada,Alberta,P011,Denim Jacket,FASHION,Outerwear,1,73.57,0.1,66.21,41.93,24.28,Debit Card,Desktop,Website,Shipped,0
ORD003434,2024-04-29,C01435,Elijah Thomas,elijah.thomas1435@example.com,Usa,Florida,P010,Casual Sneakers,FASHION,Footwear,1,53.63,0,53.63,28.17,25.46,Bank Transfer,Tablet,Website,Delivered,4
ORD003435,2024-07-18,C01310,Nora Wilson,nora.wilson1310@example.com,Uae,Abu Dhabi,P003,Smart Watch,ELECTRONICS,Wearables,2,131.93,0.15,224.28,181.15,43.13,Bank Transfer,Desktop,Social Commerce,Delivered,5
ORD003436,2026-01-30,C00977,Emma Garcia,emma.garcia977@example.com,Uk,Wales,P030,Perfume,BEAUTY,Fragrance,1,71.88,0,71.88,37.44,34.44,Credit Card,Desktop,Website,Delivered,4
ORD003437,2024-10-09,C01085,Aria Moore,aria.moore1085@example.com,Australia,Western Australia,P009,Running Shoes,FASHION,Footwear,1,75.68,0,75.68,42.26,33.42,Debit Card,Desktop,Mobile App,Delivered,5
ORD003438,2024-10-23,C00847,Leo King,leo.king847@example.com,Uk,Scotland,P032,Data Analytics Book,BOOKS,Education,1,43.71,0.15,37.15,21.18,15.97,Credit Card,Desktop,Mobile App,Processing,0
ORD003439,2024-07-22,C00858,Adam Smith,adam.smith858@example.com,France,Provence,P017,Air Fryer,HOME & KITCHEN,Appliances,2,126.22,0.25,189.33,158.63,30.7,Credit Card,Desktop,Website,Delivered,5
ORD003440,2026-05-05,C01769,Mason Clark,mason.clark1769@example.com,Australia,Western Australia,P033,Cookbook,BOOKS,Lifestyle,1,27.69,0.15,23.54,12.78,10.76,Paypal,Mobile,Website,Delivered,4
ORD003441,2024-11-01,C00907,Jack Clark,jack.clark907@example.com,India,Delhi,P004,USB-C Charger,ELECTRONICS,Accessories,2,26.79,0.15,45.54,24.78,20.76,Bank Transfer,Mobile,Mobile App,Delivered,5
ORD003442,2025-05-26,C00846,Jack Hall,jack.hall846@example.com,Canada,British Columbia,P033,Cookbook,BOOKS,Lifestyle,1,32.8,0.1,29.52,15.1,14.42,Paypal,Desktop,Website,Delivered,4
ORD003443,2026-07-11,C00843,Layla Clark,layla.clark843@example.com,France,Normandy,P003,Smart Watch,ELECTRONICS,Wearables,1,124.04,0,124.04,83.35,40.69,Debit Card,Desktop,Mobile App,Shipped,0
ORD003444,2025-11-28,C01072,Ava Johnson,missing@example.com,France,Normandy,P010,Casual Sneakers,FASHION,Footwear,1,51.62,0,51.62,28.33,23.29,Paypal,Mobile,Website,Delivered,5
ORD003445,2026-04-15,C00561,Ethan Moore,ethan.moore561@example.com,Germany,Berlin,P030,Perfume,BEAUTY,Fragrance,1,77.99,0.2,62.39,40.71,21.68,Cash On Delivery,Mobile,Mobile App,Delivered,5
ORD003446,2026-06-09,C00344,Grace Wilson,grace.wilson344@example.com,India,Gujarat,P009,Running Shoes,FASHION,Footwear,3,64.76,0.25,145.71,109.59,36.12,Debit Card,Desktop,Website,Delivered,5
ORD003447,2024-01-09,C00521,Aarav Walker,aarav.walker521@example.com,India,Delhi,P002,Bluetooth Speaker,ELECTRONICS,Audio,3,48.16,0.05,137.26,88.26,49,Credit Card,Mobile,Marketplace,Shipped,0
ORD003448,2026-01-22,C00170,James Wright,james.wright170@example.com,India,Maharashtra,P017,Air Fryer,HOME & KITCHEN,Appliances,1,128.72,0.1,115.85,83.51,32.34,Debit Card,Mobile,Website,Delivered,5
ORD003449,2025-02-11,C01287,Lucas Hall,lucas.hall1287@example.com,Usa,New York,P021,Desk Lamp,HOME & KITCHEN,Lighting,2,33.78,0.1,60.8,34.3,26.5,Debit Card,Desktop,Marketplace,Delivered,5
ORD003450,2025-05-04,C01111,Mason Anderson,mason.anderson1111@example.com,Usa,Florida,P034,Building Blocks,TOYS,Educational,1,35.62,0.05,33.84,17.4,16.44,Debit Card,Mobile,Website,Delivered,3
ORD003451,2025-09-04,C01467,Amelia Young,amelia.young1467@example.com,India,Karnataka,P001,Wireless Headphones,ELECTRONICS,Audio,1,88.17,0,88.17,55.03,33.14,Paypal,Desktop,Website,Delivered,4
ORD003452,2026-06-19,C00989,Lucas Lee,lucas.lee989@example.com,Usa,California,P009,Running Shoes,FASHION,Footwear,2,70.54,0,141.08,77.22,63.86,Debit Card,Mobile,Website,Delivered,4
ORD003453,2025-05-12,C00177,Lucas Johnson,lucas.johnson177@example.com,Uk,Wales,P006,Mechanical Keyboard,ELECTRONICS,Computers,1,91.71,0.15,77.95,59.1,18.85,Credit Card,Mobile,Mobile App,Delivered,4
ORD003454,2026-06-19,C01622,Aria Smith,aria.smith1622@example.com,Uk,Scotland,P009,Running Shoes,FASHION,Footwear,3,68.84,0.15,175.54,113.16,62.38,Debit Card,Mobile,Marketplace,Shipped,0
ORD003455,2024-02-14,C00420,Emma Clark,emma.clark420@example.com,Uk,Scotland,P014,Leather Wallet,FASHION,Accessories,1,31.12,0.2,24.9,14.6,10.3,Debit Card,Desktop,Mobile App,Delivered,5
ORD003456,2024-02-02,C00183,Jack Smith,jack.smith183@example.com,Germany,Berlin,P022,Yoga Mat,SPORTS,Fitness,2,26.3,0.05,49.97,24.12,25.85,Credit Card,Tablet,Website,Delivered,5
ORD003457,2026-02-22,C01092,Adam Walker,adam.walker1092@example.com,Usa,California,P019,Knife Set,HOME & KITCHEN,Cookware,2,63.6,0.2,101.76,73.27,28.49,Credit Card,Mobile,Mobile App,Delivered,5
ORD003458,2024-04-01,C01277,Mason Taylor,mason.taylor1277@example.com,Canada,British Columbia,P030,Perfume,BEAUTY,Fragrance,2,69.03,0.2,110.45,74.13,36.32,Credit Card,Desktop,Website,Processing,0
ORD003459,2025-10-20,C00711,Grace Lewis,grace.lewis711@example.com,Uk,Scotland,P025,Cycling Helmet,SPORTS,Outdoor,1,60.96,0,60.96,35.43,25.53,Credit Card,Desktop,Website,Delivered,5
ORD003460,2025-11-19,C01125,Jack Martin,jack.martin1125@example.com,Germany,Bavaria,P026,Water Bottle,SPORTS,Accessories,1,17.54,0,17.54,7.39,10.15,Paypal,Desktop,Website,Returned,5
ORD003461,2024-07-23,C01159,Harper Lee,harper.lee1159@example.com,Usa,California,P005,Laptop Stand,ELECTRONICS,Accessories,2,41.11,0,82.22,43.63,38.59,Credit Card,Mobile,Mobile App,Delivered,5
ORD003462,2025-12-01,C01339,Evelyn Anderson,evelyn.anderson1339@example.com,Australia,Western Australia,P031,Novel Set,BOOKS,Fiction,2,36.95,0.1,66.51,36.62,29.89,Credit Card,Desktop,Marketplace,Delivered,3
ORD003463,2025-09-24,C01398,Aarav Wilson,aarav.wilson1398@example.com,France,Ile-de-France,P001,Wireless Headphones,ELECTRONICS,Audio,1,80.6,0,80.6,48.01,32.59,Cash On Delivery,Mobile,Website,Delivered,4
ORD003464,2026-07-18,C01119,Charlotte King,charlotte.king1119@example.com,France,Occitanie,P031,Novel Set,BOOKS,Fiction,1,39.1,0,39.1,19.42,19.68,Credit Card,Mobile,Website,Delivered,5
ORD003465,2024-05-08,C01361,Olivia Young,olivia.young1361@example.com,Uk,Scotland,P028,Moisturizer,BEAUTY,Skin Care,3,27.15,0.15,69.23,33.11,36.12,Paypal,Mobile,Social Commerce,Delivered,3
ORD003466,2026-07-16,C00940,Charlotte Anderson,charlotte.anderson940@example.com,Usa,California,P003,Smart Watch,ELECTRONICS,Wearables,1,122.64,0.1,110.38,81.18,29.2,Credit Card,Mobile,Mobile App,Delivered,4
ORD003467,2025-09-08,C01511,Adam Smith,adam.smith1511@example.com,Germany,Berlin,P010,Casual Sneakers,FASHION,Footwear,1,58.4,0.2,46.72,30.83,15.89,Bank Transfer,Mobile,Website,Processing,0
ORD003468,2024-06-03,C01127,Grace Patel,grace.patel1127@example.com,Canada,Alberta,P030,Perfume,BEAUTY,Fragrance,3,69.28,0.15,176.66,111.13,65.53,Credit Card,Mobile,Website,Delivered,3
ORD003469,2026-01-02,C00857,Adam Martin,adam.martin857@example.com,Usa,Texas,P020,Storage Boxes,HOME & KITCHEN,Storage,3,28.4,0.1,76.68,43.14,33.54,Paypal,Mobile,Website,Shipped,0
ORD003470,2025-06-02,C00305,Emma Moore,emma.moore305@example.com,Uae,Sharjah,P021,Desk Lamp,HOME & KITCHEN,Lighting,4,36.31,0.1,130.72,72.87,57.85,Paypal,Mobile,Website,Delivered,4
ORD003471,2026-03-31,C00064,Zoe Walker,zoe.walker64@example.com,Usa,Texas,P010,Casual Sneakers,FASHION,Footwear,1,58.18,0,58.18,31.5,26.68,Debit Card,Mobile,Mobile App,Delivered,5
ORD003472,2025-02-14,C00301,Zoe Johnson,zoe.johnson301@example.com,Uae,Abu Dhabi,P031,Novel Set,BOOKS,Fiction,1,37.1,0.05,35.24,17.94,17.3,Debit Card,Desktop,Website,Delivered,5
ORD003473,2025-03-28,C00061,Harper Martin,harper.martin61@example.com,India,Karnataka,P009,Running Shoes,FASHION,Footwear,1,74.07,0,74.07,40.97,33.1,Debit Card,Desktop,Website,Processing,0
ORD003474,2025-08-25,C00486,Henry Clark,henry.clark486@example.com,Germany,Saxony,P029,Hair Dryer,BEAUTY,Hair Care,1,49.85,0.05,47.36,26.42,20.94,Credit Card,Mobile,Website,Processing,0
ORD003475,2026-04-12,C00771,Ethan Patel,ethan.patel771@example.com,Germany,Bavaria,P033,Cookbook,BOOKS,Lifestyle,6,29.64,0.1,160.06,82.89,77.17,Paypal,Mobile,Mobile App,Returned,3
ORD003476,2026-05-28,C00030,Liam Hall,liam.hall30@example.com,India,Karnataka,P033,Cookbook,BOOKS,Lifestyle,3,30.86,0.05,87.95,43.14,44.81,Paypal,Desktop,Website,Delivered,4
ORD003477,2025-02-24,C00841,Leo Brown,leo.brown841@example.com,Australia,New South Wales,P014,Leather Wallet,FASHION,Accessories,1,32.24,0.2,25.79,15.31,10.48,Credit Card,Mobile,Website,Delivered,3
ORD003478,2026-06-02,C00607,Isabella Young,isabella.young607@example.com,France,Ile-de-France,P014,Leather Wallet,FASHION,Accessories,3,30.67,0.05,87.41,44.32,43.09,Credit Card,Mobile,Mobile App,Delivered,5
ORD003479,2026-06-23,C00348,Mason Anderson,mason.anderson348@example.com,Canada,Ontario,P033,Cookbook,BOOKS,Lifestyle,1,28.42,0,28.42,12.98,15.44,Debit Card,Mobile,Website,Delivered,2
ORD003480,2025-03-14,C00356,Emma Anderson,emma.anderson356@example.com,Canada,Alberta,P028,Moisturizer,BEAUTY,Skin Care,2,25.55,0.1,45.99,20.87,25.12,Paypal,Mobile,Mobile App,Cancelled,0
ORD003481,2025-07-19,C00760,Leo Brown,leo.brown760@example.com,Canada,Ontario,P015,Backpack,FASHION,Bags,1,54.72,0.15,46.51,28.08,18.43,Credit Card,Mobile,Mobile App,Shipped,0
ORD003482,2026-07-26,C00789,Ethan Johnson,ethan.johnson789@example.com,Uae,Sharjah,P021,Desk Lamp,HOME & KITCHEN,Lighting,2,31.2,0.05,59.28,30.35,28.93,Credit Card,Desktop,Social Commerce,Processing,0
ORD003483,2024-06-08,C01089,James Martin,james.martin1089@example.com,Australia,New South Wales,P024,Football,SPORTS,Outdoor,4,29.27,0.05,111.23,55.94,55.29,Paypal,Mobile,Marketplace,Delivered,5
ORD003484,2026-02-20,C00725,Aarav Smith,aarav.smith725@example.com,Australia,Western Australia,P019,Knife Set,HOME & KITCHEN,Cookware,1,61.39,0.05,58.32,35.1,23.22,Bank Transfer,Mobile,Mobile App,Delivered,3
ORD003485,2025-10-05,C01006,Jack Lewis,jack.lewis1006@example.com,France,Ile-de-France,P018,Non-stick Pan,HOME & KITCHEN,Cookware,6,38.02,0.1,205.31,112.24,93.07,Cash On Delivery,Mobile,Marketplace,Delivered,1
ORD003486,2024-07-05,C00395,Evelyn Clark,evelyn.clark395@example.com,Uk,England,P027,Face Serum,BEAUTY,Skin Care,1,38.17,0.15,32.44,16.43,16.01,Paypal,Mobile,Social Commerce,Delivered,4
ORD003487,2025-12-09,C00211,Jack Walker,jack.walker211@example.com,Germany,Bavaria,P031,Novel Set,BOOKS,Fiction,2,43.96,0.1,79.13,43.17,35.96,Credit Card,Desktop,Website,Returned,4
ORD003488,2025-07-15,C01572,Mason Thomas,mason.thomas1572@example.com,Australia,Western Australia,P008,Webcam HD,ELECTRONICS,Computers,1,61.27,0.05,58.21,38.48,19.73,Debit Card,Mobile,Social Commerce,Cancelled,0
ORD003489,2025-10-28,C00832,Aarav Lewis,aarav.lewis832@example.com,Germany,Hesse,P004,USB-C Charger,ELECTRONICS,Accessories,1,24.25,0,24.25,11.71,12.54,Credit Card,Mobile,Mobile App,Cancelled,0
ORD003490,2024-11-02,C00405,Zoe Lewis,zoe.lewis405@example.com,Usa,New York,P031,Novel Set,BOOKS,Fiction,2,43.18,0.25,64.77,41.75,23.02,Credit Card,Mobile,Marketplace,Processing,0
ORD003491,2024-06-25,C01536,Leo King,leo.king1536@example.com,India,Tamil Nadu,P014,Leather Wallet,FASHION,Accessories,1,31.66,0,31.66,14.91,16.75,Credit Card,Tablet,Mobile App,Delivered,3
ORD003492,2024-10-13,C01473,Layla Martin,layla.martin1473@example.com,Australia,Queensland,P036,Puzzle 1000pc,TOYS,Games,2,20.28,0,40.56,17.3,23.26,Bank Transfer,Tablet,Mobile App,Delivered,4
ORD003493,2024-03-19,C00018,Daniel Williams,daniel.williams18@example.com,Uae,Sharjah,P018,Non-stick Pan,HOME & KITCHEN,Cookware,1,32.33,0.1,29.1,16.85,12.25,Credit Card,Mobile,Marketplace,Delivered,5
ORD003494,2024-09-04,C00089,James Brown,james.brown89@example.com,Uae,Abu Dhabi,P004,USB-C Charger,ELECTRONICS,Accessories,1,25.52,0.05,24.24,12.47,11.77,Bank Transfer,Mobile,Website,Delivered,5
ORD003495,2025-11-09,C00488,Daniel Garcia,daniel.garcia488@example.com,Canada,British Columbia,P032,Data Analytics Book,BOOKS,Education,1,42.5,0.25,31.88,20.45,11.43,Debit Card,Mobile,Marketplace,Shipped,0
ORD003496,2024-09-24,C01184,Leo Thomas,leo.thomas1184@example.com,Australia,Western Australia,P018,Non-stick Pan,HOME & KITCHEN,Cookware,2,36.1,0.1,64.98,37.8,27.18,Debit Card,Mobile,Social Commerce,Delivered,5
ORD003497,2026-02-19,C01707,Aria Hall,aria.hall1707@example.com,Australia,Queensland,P033,Cookbook,BOOKS,Lifestyle,1,30.5,0.1,27.45,14,13.45,Paypal,Desktop,Website,Shipped,0
ORD003498,2024-06-14,C00739,Aria Lee,aria.lee739@example.com,Canada,Ontario,P034,Building Blocks,TOYS,Educational,2,34.52,0.15,58.68,34.51,24.17,Credit Card,Desktop,Marketplace,Delivered,5
ORD003499,2024-01-16,C00262,Emma Wright,emma.wright262@example.com,Uae,Abu Dhabi,P008,Webcam HD,ELECTRONICS,Computers,1,59.24,0,59.24,35.68,23.56,Paypal,Mobile,Social Commerce,Shipped,0
ORD003500,2025-09-09,C00862,Chloe Johnson,chloe.johnson862@example.com,Germany,Hesse,P030,Perfume,BEAUTY,Fragrance,1,75.14,0,75.14,40.13,35.01,Credit Card,Desktop,Mobile App,Processing,0
ORD003501,2025-06-21,C00222,Mason Martin,mason.martin222@example.com,France,Ile-de-France,P009,Running Shoes,FASHION,Footwear,1,65.41,0,65.41,35.82,29.59,Paypal,Mobile,Marketplace,Delivered,4
ORD003502,2026-05-20,C01157,Zoe Lewis,zoe.lewis1157@example.com,Usa,California,P008,Webcam HD,ELECTRONICS,Computers,1,63.12,0,63.12,37.19,25.93,Cash On Delivery,Mobile,Mobile App,Delivered,3
ORD003503,2025-03-27,C01256,Layla Moore,layla.moore1256@example.com,Australia,Western Australia,P023,Dumbbell Set,SPORTS,Fitness,1,82.97,0.15,70.52,46.32,24.2,Cash On Delivery,Mobile,Mobile App,Delivered,5
ORD003504,2026-03-13,C00453,Liam Moore,liam.moore453@example.com,Usa,Illinois,P030,Perfume,BEAUTY,Fragrance,1,76.42,0.1,68.78,39.78,29,Bank Transfer,Mobile,Mobile App,Delivered,4
ORD003506,2025-05-13,C00401,Layla Brown,missing@example.com,India,Karnataka,P001,Wireless Headphones,ELECTRONICS,Audio,1,82.89,0.05,78.75,51.19,27.56,Credit Card,Desktop,Marketplace,Delivered,5
ORD003507,2025-03-03,C00072,Daniel Garcia,daniel.garcia72@example.com,Germany,Berlin,P036,Puzzle 1000pc,TOYS,Games,1,21.73,0,21.73,9.33,12.4,Credit Card,Desktop,Mobile App,Shipped,0
ORD003508,2025-01-28,C00619,Jack Wright,jack.wright619@example.com,India,Maharashtra,P032,Data Analytics Book,BOOKS,Education,3,43.68,0,131.04,62.75,68.29,Bank Transfer,Mobile,Mobile App,Delivered,4
ORD003509,2026-02-20,C01089,James Martin,james.martin1089@example.com,Usa,New York,P016,Coffee Maker,HOME & KITCHEN,Appliances,4,95.33,0,381.32,242.71,138.61,Credit Card,Mobile,Website,Returned,4
ORD003510,2025-02-05,C00131,Ava Moore,ava.moore131@example.com,Germany,Berlin,P034,Building Blocks,TOYS,Educational,4,38.09,0.1,137.12,74.04,63.08,Credit Card,Mobile,Mobile App,Delivered,5
ORD003511,2025-02-16,C01754,Sophia Young,sophia.young1754@example.com,Uae,Sharjah,P005,Laptop Stand,ELECTRONICS,Accessories,6,40,0.1,216,127.3,88.7,Credit Card,Desktop,Marketplace,Cancelled,0
ORD003512,2024-04-17,C00708,Lucas Martin,lucas.martin708@example.com,France,Normandy,P026,Water Bottle,SPORTS,Accessories,1,19.27,0.1,17.34,8.25,9.09,Paypal,Desktop,Website,Processing,0
ORD003513,2025-06-03,C00570,Jack Lewis,jack.lewis570@example.com,Germany,Berlin,P020,Storage Boxes,HOME & KITCHEN,Storage,2,26,0.2,41.6,25.93,15.67,Debit Card,Desktop,Mobile App,Returned,5
ORD003514,2025-04-15,C01418,Leo King,leo.king1418@example.com,Germany,Hesse,P034,Building Blocks,TOYS,Educational,1,38.87,0,38.87,19.72,19.15,Credit Card,Mobile,Website,Delivered,4
ORD003515,2026-01-21,C00475,Olivia Lee,olivia.lee475@example.com,Uk,Scotland,P028,Moisturizer,BEAUTY,Skin Care,3,24.94,0.15,63.6,30.4,33.2,Bank Transfer,Mobile,Social Commerce,Cancelled,0
ORD003516,2025-11-03,C01653,Evelyn Hall,evelyn.hall1653@example.com,Canada,Quebec,P024,Football,SPORTS,Outdoor,4,29.87,0,119.48,58.67,60.81,Credit Card,Desktop,Website,Delivered,5
ORD003517,2024-06-01,C01472,Noah Moore,noah.moore1472@example.com,India,Karnataka,P029,Hair Dryer,BEAUTY,Hair Care,5,48.17,0.1,216.77,128.44,88.33,Debit Card,Mobile,Website,Delivered,5
ORD003518,2025-12-25,C00268,Olivia Hall,olivia.hall268@example.com,Uae,Dubai,P012,Cotton T-Shirt,FASHION,Apparel,3,19.49,0,58.47,27.3,31.17,Paypal,Mobile,Marketplace,Returned,5
ORD003519,2025-12-27,C01782,Aarav Lewis,aarav.lewis1782@example.com,Usa,New York,P006,Mechanical Keyboard,ELECTRONICS,Computers,4,84.95,0,339.8,209.29,130.51,Credit Card,Mobile,Social Commerce,Delivered,5
ORD003520,2026-01-14,C00406,Zoe Wilson,zoe.wilson406@example.com,Uae,Dubai,P010,Casual Sneakers,FASHION,Footwear,1,54.45,0,54.45,28.92,25.53,Credit Card,Mobile,Social Commerce,Delivered,4
ORD003521,2025-09-23,C01589,Noah Young,noah.young1589@example.com,Uae,Abu Dhabi,P020,Storage Boxes,HOME & KITCHEN,Storage,2,31.33,0,62.66,31.57,31.09,Credit Card,Desktop,Social Commerce,Delivered,5
ORD003522,2024-04-23,C01253,Layla Williams,layla.williams1253@example.com,Canada,Ontario,P033,Cookbook,BOOKS,Lifestyle,4,27.79,0.25,83.37,50.03,33.34,Credit Card,Desktop,Mobile App,Delivered,5
ORD003523,2025-01-04,C00954,Nora Williams,nora.williams954@example.com,Australia,New South Wales,P011,Denim Jacket,FASHION,Outerwear,1,72.8,0.05,69.16,43.11,26.05,Credit Card,Mobile,Mobile App,Delivered,4
ORD003524,2025-09-12,C00279,Emma Martin,emma.martin279@example.com,Canada,Ontario,P035,Remote Control Car,TOYS,Vehicles,4,41.77,0,167.08,94.73,72.35,Debit Card,Tablet,Mobile App,Delivered,5
ORD003525,2025-03-31,C00361,Adam Thomas,missing@example.com,India,Karnataka,P006,Mechanical Keyboard,ELECTRONICS,Computers,2,89.99,0.25,134.98,109.55,25.43,Debit Card,Mobile,Social Commerce,Delivered,5
ORD003526,2025-12-10,C01550,Evelyn Johnson,evelyn.johnson1550@example.com,Canada,Alberta,P021,Desk Lamp,HOME & KITCHEN,Lighting,2,36.65,0.05,69.63,36.47,33.16,Paypal,Mobile,Website,Delivered,5
ORD003527,2025-06-08,C00645,Nora Wilson,nora.wilson645@example.com,Uae,Dubai,P014,Leather Wallet,FASHION,Accessories,4,31.13,0.05,118.29,58.08,60.21,Debit Card,Mobile,Mobile App,Shipped,0
ORD003528,2025-10-06,C00962,Mia Lewis,mia.lewis962@example.com,Canada,Ontario,P027,Face Serum,BEAUTY,Skin Care,6,35.84,0.15,182.78,93.24,89.54,Debit Card,Desktop,Website,Delivered,4
ORD003529,2024-06-24,C01340,Mason Anderson,mason.anderson1340@example.com,Usa,California,P035,Remote Control Car,TOYS,Vehicles,1,42.39,0.15,36.03,24.91,11.12,Bank Transfer,Desktop,Website,Delivered,5
ORD003530,2024-12-14,C00726,Sophia Wilson,sophia.wilson726@example.com,Germany,Saxony,P021,Desk Lamp,HOME & KITCHEN,Lighting,2,36.17,0.25,54.26,35.62,18.64,Credit Card,Desktop,Mobile App,Delivered,3
ORD003531,2025-11-26,C00974,Evelyn Taylor,evelyn.taylor974@example.com,Canada,Alberta,P005,Laptop Stand,ELECTRONICS,Accessories,1,39.6,0.25,29.7,20.28,9.42,Credit Card,Desktop,Marketplace,Delivered,4
ORD003532,2026-03-03,C01780,Mia Young,mia.young1780@example.com,India,Gujarat,P002,Bluetooth Speaker,ELECTRONICS,Audio,3,49.54,0.2,118.9,92.34,26.56,Credit Card,Tablet,Mobile App,Delivered,1
ORD003533,2025-10-25,C00765,Emma Wilson,emma.wilson765@example.com,Usa,Florida,P007,Wireless Mouse,ELECTRONICS,Computers,2,35.38,0.1,63.68,35.5,28.18,Paypal,Desktop,Social Commerce,Shipped,0
ORD003534,2025-09-16,C00263,Amelia Wright,amelia.wright263@example.com,Usa,Texas,P035,Remote Control Car,TOYS,Vehicles,2,44.06,0.05,83.71,49.7,34.01,Cash On Delivery,Mobile,Website,Delivered,4
ORD003535,2026-01-24,C00901,Grace Taylor,grace.taylor901@example.com,France,Provence,P015,Backpack,FASHION,Bags,1,47.68,0.1,42.91,25.48,17.43,Credit Card,Desktop,Mobile App,Delivered,4
ORD003536,2025-07-01,C01254,Liam Wilson,liam.wilson1254@example.com,Canada,British Columbia,P002,Bluetooth Speaker,ELECTRONICS,Audio,1,54.22,0.1,48.8,32.9,15.9,Bank Transfer,Mobile,Website,Processing,0
ORD003537,2026-05-06,C01577,Harper Garcia,harper.garcia1577@example.com,Uae,Sharjah,P026,Water Bottle,SPORTS,Accessories,3,17.79,0.05,50.7,23.46,27.24,Bank Transfer,Tablet,Social Commerce,Delivered,5
ORD003538,2025-06-15,C01336,Isabella Taylor,isabella.taylor1336@example.com,Germany,Bavaria,P014,Leather Wallet,FASHION,Accessories,2,31.99,0.25,47.98,30.96,17.02,Credit Card,Desktop,Website,Shipped,0
ORD003539,2025-03-25,C00423,Sophia Smith,sophia.smith423@example.com,Usa,New York,P024,Football,SPORTS,Outdoor,3,31.68,0.1,85.54,44.68,40.86,Credit Card,Mobile,Website,Delivered,5
ORD003540,2024-08-07,C00941,Harper Moore,harper.moore941@example.com,Germany,Saxony,P002,Bluetooth Speaker,ELECTRONICS,Audio,1,55.24,0.05,52.48,34.35,18.13,Paypal,Tablet,Marketplace,Delivered,4
ORD003541,2025-02-17,C01748,Isabella Brown,isabella.brown1748@example.com,Germany,Saxony,P009,Running Shoes,FASHION,Footwear,2,77.07,0.1,138.73,82.13,56.6,Credit Card,Tablet,Mobile App,Delivered,5
ORD003542,2026-07-02,C01585,Mia Anderson,mia.anderson1585@example.com,Uk,Wales,P003,Smart Watch,ELECTRONICS,Wearables,2,132.86,0.2,212.58,173.36,39.22,Credit Card,Mobile,Social Commerce,Delivered,3
ORD003543,2024-05-01,C00399,Chloe Williams,chloe.williams399@example.com,Australia,Western Australia,P034,Building Blocks,TOYS,Educational,1,37.27,0,37.27,18.92,18.35,Credit Card,Desktop,Mobile App,Returned,4
ORD003544,2025-06-19,C00008,Olivia Young,olivia.young8@example.com,Usa,California,P028,Moisturizer,BEAUTY,Skin Care,1,24.94,0.15,21.2,10.19,11.01,Bank Transfer,Mobile,Website,Cancelled,0
ORD003545,2026-03-19,C00732,Sophia Johnson,sophia.johnson732@example.com,Germany,Berlin,P035,Remote Control Car,TOYS,Vehicles,2,44.9,0.05,85.31,52.18,33.13,Debit Card,Mobile,Website,Delivered,5
ORD003546,2026-04-22,C00361,Adam Thomas,adam.thomas361@example.com,Uae,Sharjah,P014,Leather Wallet,FASHION,Accessories,3,31.14,0,93.42,42.23,51.19,Cash On Delivery,Mobile,Website,Processing,0
ORD003547,2026-05-01,C00184,Harper Williams,harper.williams184@example.com,Germany,Bavaria,P005,Laptop Stand,ELECTRONICS,Accessories,1,44.19,0.2,35.35,23.87,11.48,Bank Transfer,Mobile,Website,Delivered,5
ORD003548,2024-06-23,C01773,Layla Patel,layla.patel1773@example.com,Uk,Scotland,P028,Moisturizer,BEAUTY,Skin Care,2,25.61,0.2,40.98,20.05,20.93,Credit Card,Mobile,Website,Shipped,0
ORD003549,2024-07-08,C00456,James Wright,james.wright456@example.com,Uae,Abu Dhabi,P017,Air Fryer,HOME & KITCHEN,Appliances,4,126.73,0.05,481.57,322.23,159.34,Credit Card,Desktop,Mobile App,Delivered,4
ORD003550,2024-10-11,C00859,Grace Brown,grace.brown859@example.com,Australia,Victoria,P017,Air Fryer,HOME & KITCHEN,Appliances,4,125.41,0,501.64,316.95,184.69,Debit Card,Desktop,Website,Delivered,5
ORD003551,2025-11-20,C00171,Adam Thomas,adam.thomas171@example.com,India,Gujarat,P008,Webcam HD,ELECTRONICS,Computers,2,66.82,0,133.64,81.98,51.66,Paypal,Desktop,Marketplace,Delivered,3
ORD003552,2025-12-09,C00146,Sophia Wright,sophia.wright146@example.com,India,Karnataka,P021,Desk Lamp,HOME & KITCHEN,Lighting,2,32.27,0,64.54,32.45,32.09,Debit Card,Desktop,Website,Delivered,3
ORD003553,2024-01-25,C00148,Emma King,emma.king148@example.com,Uae,Dubai,P016,Coffee Maker,HOME & KITCHEN,Appliances,3,92.45,0.15,235.75,172.64,63.11,Paypal,Desktop,Mobile App,Delivered,3
ORD003554,2026-05-16,C00181,Isabella Lee,isabella.lee181@example.com,Australia,New South Wales,P022,Yoga Mat,SPORTS,Fitness,1,24.73,0.15,21.02,11.24,9.78,Credit Card,Mobile,Website,Delivered,5
ORD003555,2025-03-31,C01711,Mia Wright,mia.wright1711@example.com,Uae,Dubai,P016,Coffee Maker,HOME & KITCHEN,Appliances,2,95.28,0,190.56,113.99,76.57,Paypal,Mobile,Mobile App,Delivered,4
ORD003556,2025-11-26,C01621,Harper Moore,harper.moore1621@example.com,Uk,England,P025,Cycling Helmet,SPORTS,Outdoor,1,64.75,0.15,55.04,37.28,17.76,Bank Transfer,Desktop,Website,Delivered,4
ORD003557,2026-03-09,C01603,Daniel Moore,daniel.moore1603@example.com,Uae,Sharjah,P011,Denim Jacket,FASHION,Outerwear,1,73.55,0.2,58.84,41.76,17.08,Credit Card,Mobile,Mobile App,Delivered,3
ORD003558,2024-06-21,C00119,Olivia Wright,olivia.wright119@example.com,France,Ile-de-France,P028,Moisturizer,BEAUTY,Skin Care,2,23.93,0.15,40.68,18.6,22.08,Credit Card,Mobile,Mobile App,Delivered,3
ORD003559,2025-12-30,C00208,Leo Anderson,leo.anderson208@example.com,Australia,New South Wales,P004,USB-C Charger,ELECTRONICS,Accessories,1,24.14,0,24.14,11.26,12.88,Cash On Delivery,Mobile,Website,Delivered,5
ORD003560,2025-08-22,C01033,Leo Smith,leo.smith1033@example.com,France,Occitanie,P021,Desk Lamp,HOME & KITCHEN,Lighting,1,30.47,0.15,25.9,15.65,10.25,Credit Card,Mobile,Social Commerce,Delivered,2
ORD003561,2024-10-28,C01017,Layla Young,layla.young1017@example.com,India,Delhi,P017,Air Fryer,HOME & KITCHEN,Appliances,1,117.28,0.1,105.55,78.23,27.32,Paypal,Tablet,Marketplace,Delivered,5
ORD003562,2025-11-24,C01373,Zoe Garcia,zoe.garcia1373@example.com,India,Karnataka,P015,Backpack,FASHION,Bags,3,51.99,0.15,132.57,83.4,49.17,Debit Card,Mobile,Marketplace,Cancelled,0
ORD003563,2024-09-23,C00341,Henry Clark,henry.clark341@example.com,Germany,Bavaria,P016,Coffee Maker,HOME & KITCHEN,Appliances,3,83.7,0.05,238.55,152,86.55,Cash On Delivery,Mobile,Website,Delivered,5
ORD003564,2024-01-30,C00468,Emma Young,emma.young468@example.com,Australia,Western Australia,P029,Hair Dryer,BEAUTY,Hair Care,1,47.72,0.1,42.95,25.48,17.47,Credit Card,Mobile,Website,Delivered,5
ORD003565,2024-08-22,C00495,Jack Clark,jack.clark495@example.com,Germany,Bavaria,P001,Wireless Headphones,ELECTRONICS,Audio,1,78.12,0.1,70.31,48.38,21.93,Debit Card,Mobile,Mobile App,Delivered,4
ORD003566,2024-05-18,C01041,Isabella Clark,isabella.clark1041@example.com,India,Maharashtra,P001,Wireless Headphones,ELECTRONICS,Audio,2,88.85,0,177.7,109.87,67.83,Cash On Delivery,Desktop,Website,Delivered,3
ORD003567,2025-10-23,C00172,Liam Johnson,liam.johnson172@example.com,Australia,Victoria,P015,Backpack,FASHION,Bags,1,49.64,0.05,47.16,27.08,20.08,Credit Card,Desktop,Mobile App,Delivered,3
ORD003568,2025-12-23,C00972,Amelia Wright,amelia.wright972@example.com,Usa,California,P030,Perfume,BEAUTY,Fragrance,2,64.82,0.15,110.19,67.64,42.55,Credit Card,Tablet,Website,Shipped,0
ORD003569,2024-10-02,C00133,Elijah Lewis,elijah.lewis133@example.com,Usa,Texas,P009,Running Shoes,FASHION,Footwear,1,78.08,0.05,74.18,44.2,29.98,Paypal,Mobile,Social Commerce,Delivered,3
ORD003570,2025-01-23,C00394,Henry Anderson,henry.anderson394@example.com,Germany,Hesse,P036,Puzzle 1000pc,TOYS,Games,2,18.73,0,37.46,15.82,21.64,Cash On Delivery,Mobile,Website,Delivered,3
ORD003571,2026-02-01,C00126,Leo Garcia,leo.garcia126@example.com,India,Delhi,P031,Novel Set,BOOKS,Fiction,1,43.01,0,43.01,20.7,22.31,Debit Card,Mobile,Mobile App,Delivered,4
ORD003572,2024-07-04,C00257,James Taylor,james.taylor257@example.com,Uk,Scotland,P020,Storage Boxes,HOME & KITCHEN,Storage,4,29.74,0.15,101.12,58.39,42.73,Credit Card,Mobile,Website,Delivered,4
ORD003573,2024-10-03,C01336,Isabella Taylor,isabella.taylor1336@example.com,Uae,Dubai,P027,Face Serum,BEAUTY,Skin Care,3,36.5,0.15,93.08,47.49,45.59,Debit Card,Mobile,Mobile App,Delivered,4
ORD003574,2024-11-30,C01334,Evelyn Clark,evelyn.clark1334@example.com,Germany,Saxony,P011,Denim Jacket,FASHION,Outerwear,1,82.78,0.15,70.36,46.56,23.8,Debit Card,Mobile,Website,Shipped,0
ORD003575,2024-05-13,C00737,Daniel Moore,daniel.moore737@example.com,Germany,Saxony,P033,Cookbook,BOOKS,Lifestyle,3,32,0.05,91.2,43.92,47.28,Credit Card,Mobile,Mobile App,Delivered,2
ORD003576,2025-10-02,C01204,Henry Clark,henry.clark1204@example.com,France,Occitanie,P018,Non-stick Pan,HOME & KITCHEN,Cookware,1,33.17,0.15,28.19,17.48,10.71,Paypal,Mobile,Website,Delivered,5
ORD003577,2026-03-02,C00433,Chloe Martin,chloe.martin433@example.com,Uk,England,P021,Desk Lamp,HOME & KITCHEN,Lighting,6,35.81,0.1,193.37,105.34,88.03,Paypal,Mobile,Marketplace,Delivered,5
ORD003578,2024-07-16,C01352,Elijah Young,elijah.young1352@example.com,Canada,British Columbia,P009,Running Shoes,FASHION,Footwear,1,72.48,0.25,54.36,39.1,15.26,Debit Card,Desktop,Website,Delivered,3
ORD003579,2025-06-07,C00792,Ava Garcia,ava.garcia792@example.com,Usa,Florida,P018,Non-stick Pan,HOME & KITCHEN,Cookware,3,35.59,0.05,101.43,56.47,44.96,Bank Transfer,Desktop,Mobile App,Processing,0
ORD003580,2024-07-22,C01796,Charlotte Wilson,charlotte.wilson1796@example.com,Canada,Quebec,P009,Running Shoes,FASHION,Footwear,2,72.1,0.05,136.99,79.21,57.78,Paypal,Mobile,Mobile App,Shipped,0
ORD003581,2025-07-12,C01414,James Martin,james.martin1414@example.com,Australia,Victoria,P027,Face Serum,BEAUTY,Skin Care,2,36.17,0,72.34,30.71,41.63,Debit Card,Mobile,Mobile App,Delivered,4
ORD003582,2026-01-08,C01179,Ava Johnson,ava.johnson1179@example.com,Germany,Hesse,P021,Desk Lamp,HOME & KITCHEN,Lighting,2,35.91,0.05,68.23,36.17,32.06,Credit Card,Desktop,Mobile App,Delivered,5
ORD003583,2025-09-30,C00660,Henry Lewis,henry.lewis660@example.com,Canada,Quebec,P030,Perfume,BEAUTY,Fragrance,4,73.39,0,293.56,147.65,145.91,Bank Transfer,Desktop,Marketplace,Delivered,4
ORD003584,2024-09-10,C01701,Chloe Smith,chloe.smith1701@example.com,Germany,Hesse,P028,Moisturizer,BEAUTY,Skin Care,1,23.11,0,23.11,9.05,14.06,Credit Card,Desktop,Social Commerce,Shipped,0
ORD003585,2024-02-09,C00446,Jack Hall,jack.hall446@example.com,Usa,Texas,P007,Wireless Mouse,ELECTRONICS,Computers,1,33.65,0,33.65,16.76,16.89,Credit Card,Mobile,Website,Delivered,4
ORD003586,2025-12-06,C00770,Grace Lee,grace.lee770@example.com,Canada,Ontario,P018,Non-stick Pan,HOME & KITCHEN,Cookware,2,36.52,0.1,65.74,35.8,29.94,Debit Card,Mobile,Mobile App,Shipped,0
ORD003587,2024-04-23,C00782,Owen Smith,owen.smith782@example.com,Canada,British Columbia,P009,Running Shoes,FASHION,Footwear,1,67.74,0.15,57.58,37.7,19.88,Credit Card,Mobile,Mobile App,Delivered,5
ORD003588,2025-10-16,C00268,Olivia Hall,olivia.hall268@example.com,France,Ile-de-France,P029,Hair Dryer,BEAUTY,Hair Care,2,47.59,0,95.18,50.58,44.6,Paypal,Mobile,Website,Shipped,0
ORD003589,2024-06-28,C01375,Ethan Patel,ethan.patel1375@example.com,Uk,England,P020,Storage Boxes,HOME & KITCHEN,Storage,5,31.21,0,156.05,77.39,78.66,Paypal,Mobile,Marketplace,Delivered,4
ORD003590,2024-03-10,C01517,Aria Walker,aria.walker1517@example.com,Uk,England,P002,Bluetooth Speaker,ELECTRONICS,Audio,1,53.17,0.1,47.85,31.23,16.62,Cash On Delivery,Mobile,Website,Delivered,2
ORD003591,2025-03-16,C00905,Nora Brown,nora.brown905@example.com,Australia,Victoria,P027,Face Serum,BEAUTY,Skin Care,2,35.96,0.05,68.32,29.31,39.01,Bank Transfer,Mobile,Website,Delivered,4
ORD003592,2024-01-09,C00408,Chloe Wilson,chloe.wilson408@example.com,Usa,Texas,P030,Perfume,BEAUTY,Fragrance,2,73.69,0.05,140.01,79.35,60.66,Credit Card,Desktop,Mobile App,Delivered,4
ORD003593,2025-11-19,C01321,Layla Garcia,layla.garcia1321@example.com,India,Gujarat,P024,Football,SPORTS,Outdoor,4,29.67,0,118.68,58.96,59.72,Credit Card,Mobile,Website,Delivered,5
ORD003594,2024-03-25,C01274,Leo Wilson,leo.wilson1274@example.com,India,Tamil Nadu,P029,Hair Dryer,BEAUTY,Hair Care,3,50.23,0.1,135.62,79.91,55.71,Credit Card,Desktop,Website,Delivered,5
ORD003595,2024-12-29,C00630,Sophia Garcia,sophia.garcia630@example.com,Usa,California,P029,Hair Dryer,BEAUTY,Hair Care,2,48.82,0,97.64,52.04,45.6,Paypal,Mobile,Website,Delivered,5
ORD003596,2024-08-01,C00081,Lucas King,lucas.king81@example.com,Australia,Victoria,P009,Running Shoes,FASHION,Footwear,3,72.58,0,217.74,118.02,99.72,Debit Card,Mobile,Mobile App,Delivered,5
ORD003597,2024-05-11,C01265,Liam Moore,liam.moore1265@example.com,Usa,California,P013,Hoodie,FASHION,Apparel,1,49.18,0,49.18,24.98,24.2,Cash On Delivery,Mobile,Marketplace,Delivered,4
ORD003598,2024-09-17,C00407,Charlotte Wright,charlotte.wright407@example.com,Uk,Wales,P028,Moisturizer,BEAUTY,Skin Care,4,24.43,0.05,92.83,39.8,53.03,Debit Card,Mobile,Mobile App,Delivered,4
ORD003599,2025-06-28,C01501,Harper King,harper.king1501@example.com,Uae,Sharjah,P005,Laptop Stand,ELECTRONICS,Accessories,5,43.93,0,219.65,113.14,106.51,Debit Card,Desktop,Mobile App,Shipped,0
ORD003600,2025-09-13,C01425,Mia Martin,mia.martin1425@example.com,Germany,Bavaria,P003,Smart Watch,ELECTRONICS,Wearables,1,121.28,0,121.28,81.79,39.49,Credit Card,Desktop,Mobile App,Shipped,0
ORD003601,2026-04-05,C00985,Lucas Wright,lucas.wright985@example.com,France,Normandy,P009,Running Shoes,FASHION,Footwear,1,70.65,0.1,63.59,39,24.59,Paypal,Desktop,Website,Shipped,0
ORD003602,2024-12-12,C00567,Mia Smith,mia.smith567@example.com,Usa,California,P026,Water Bottle,SPORTS,Accessories,2,18.61,0.1,33.5,16.06,17.44,Paypal,Mobile,Marketplace,Delivered,4
ORD003603,2025-05-01,C00766,Chloe Taylor,chloe.taylor766@example.com,Canada,British Columbia,P019,Knife Set,HOME & KITCHEN,Cookware,1,55.65,0.15,47.3,30.9,16.4,Credit Card,Desktop,Website,Delivered,5
ORD003604,2026-03-18,C01411,Amelia Lewis,amelia.lewis1411@example.com,Australia,Queensland,P021,Desk Lamp,HOME & KITCHEN,Lighting,1,36.85,0.15,31.32,18.67,12.65,Debit Card,Mobile,Website,Delivered,5
ORD003605,2025-01-28,C01556,Amelia Patel,amelia.patel1556@example.com,Uae,Dubai,P008,Webcam HD,ELECTRONICS,Computers,1,57.24,0.1,51.52,34.63,16.89,Credit Card,Tablet,Website,Delivered,4
ORD003606,2025-02-19,C00115,Chloe Garcia,chloe.garcia115@example.com,Uk,England,P018,Non-stick Pan,HOME & KITCHEN,Cookware,2,32.19,0.15,54.72,33.06,21.66,Debit Card,Desktop,Social Commerce,Processing,0
ORD003607,2025-01-09,C00126,Leo Garcia,leo.garcia126@example.com,Uae,Dubai,P028,Moisturizer,BEAUTY,Skin Care,3,23.3,0.1,62.91,28.23,34.68,Paypal,Mobile,Website,Delivered,3
ORD003608,2025-07-17,C00091,Layla Martin,layla.martin91@example.com,Uae,Sharjah,P017,Air Fryer,HOME & KITCHEN,Appliances,4,120.71,0.05,458.7,303.2,155.5,Cash On Delivery,Mobile,Marketplace,Delivered,3
ORD003609,2025-10-12,C01268,Noah Anderson,noah.anderson1268@example.com,Canada,Ontario,P016,Coffee Maker,HOME & KITCHEN,Appliances,4,87.03,0.05,330.71,212.58,118.13,Cash On Delivery,Tablet,Website,Delivered,4
ORD003610,2026-07-19,C01392,Daniel Moore,daniel.moore1392@example.com,Usa,Texas,P011,Denim Jacket,FASHION,Outerwear,3,78.94,0.05,224.98,140.38,84.6,Paypal,Mobile,Mobile App,Delivered,5
ORD003611,2026-04-29,C00951,Henry Johnson,henry.johnson951@example.com,Australia,New South Wales,P010,Casual Sneakers,FASHION,Footwear,3,59.94,0.1,161.84,95.28,66.56,Cash On Delivery,Mobile,Website,Delivered,4
ORD003612,2025-01-30,C01595,Adam Moore,adam.moore1595@example.com,Usa,New York,P020,Storage Boxes,HOME & KITCHEN,Storage,1,28.75,0,28.75,14.58,14.17,Bank Transfer,Mobile,Marketplace,Delivered,3
ORD003613,2025-02-01,C01740,Olivia Wilson,olivia.wilson1740@example.com,Uae,Dubai,P021,Desk Lamp,HOME & KITCHEN,Lighting,4,35.31,0.15,120.05,70.28,49.77,Paypal,Mobile,Website,Delivered,3
ORD003614,2024-11-21,C00825,Charlotte King,charlotte.king825@example.com,Uae,Abu Dhabi,P003,Smart Watch,ELECTRONICS,Wearables,2,129,0.05,245.1,170.39,74.71,Credit Card,Mobile,Mobile App,Processing,0
ORD003615,2025-03-23,C00205,Aarav Patel,aarav.patel205@example.com,Germany,Bavaria,P032,Data Analytics Book,BOOKS,Education,1,44.59,0.05,42.36,20.17,22.19,Credit Card,Mobile,Mobile App,Delivered,4
ORD003616,2024-12-24,C00859,Grace Brown,grace.brown859@example.com,Uae,Sharjah,P026,Water Bottle,SPORTS,Accessories,1,19.24,0,19.24,8.36,10.88,Debit Card,Mobile,Website,Shipped,0
ORD003617,2025-03-30,C00003,Amelia Williams,amelia.williams3@example.com,India,Delhi,P018,Non-stick Pan,HOME & KITCHEN,Cookware,4,39.09,0,156.36,81.34,75.02,Cash On Delivery,Mobile,Website,Delivered,4
ORD003618,2025-01-26,C00533,Zoe Brown,zoe.brown533@example.com,France,Ile-de-France,P010,Casual Sneakers,FASHION,Footwear,1,58.95,0,58.95,31.67,27.28,Credit Card,Desktop,Mobile App,Delivered,4
ORD003619,2024-09-04,C00485,James Moore,james.moore485@example.com,Usa,New York,P005,Laptop Stand,ELECTRONICS,Accessories,1,41.86,0,41.86,22.42,19.44,Credit Card,Mobile,Website,Shipped,0
ORD003620,2026-05-04,C01326,Owen Williams,owen.williams1326@example.com,Germany,Bavaria,P024,Football,SPORTS,Outdoor,1,32.78,0.05,31.14,15.22,15.92,Credit Card,Desktop,Mobile App,Delivered,4
ORD003621,2024-05-16,C01371,Leo Johnson,leo.johnson1371@example.com,Germany,Berlin,P004,USB-C Charger,ELECTRONICS,Accessories,3,23.28,0.15,59.36,32.41,26.95,Credit Card,Mobile,Marketplace,Processing,0
ORD003622,2025-03-30,C01146,Harper Garcia,harper.garcia1146@example.com,France,Ile-de-France,P032,Data Analytics Book,BOOKS,Education,2,47.68,0,95.36,46.39,48.97,Paypal,Desktop,Marketplace,Delivered,5
ORD003623,2024-09-09,C01045,Amelia Young,amelia.young1045@example.com,India,Delhi,P031,Novel Set,BOOKS,Fiction,2,43.98,0,87.96,45.69,42.27,Credit Card,Mobile,Website,Delivered,5
ORD003624,2024-04-18,C01003,Henry Williams,henry.williams1003@example.com,Usa,Illinois,P017,Air Fryer,HOME & KITCHEN,Appliances,4,128.65,0.05,488.87,330.96,157.91,Credit Card,Tablet,Mobile App,Delivered,3
ORD003625,2025-10-30,C00797,Aarav Johnson,aarav.johnson797@example.com,Usa,Texas,P005,Laptop Stand,ELECTRONICS,Accessories,2,39.58,0,79.16,40.42,38.74,Cash On Delivery,Desktop,Website,Cancelled,0
ORD003626,2024-10-21,C01657,Noah King,noah.king1657@example.com,Usa,Florida,P019,Knife Set,HOME & KITCHEN,Cookware,6,56.08,0.25,252.36,185.65,66.71,Credit Card,Mobile,Website,Delivered,3
ORD003627,2026-06-04,C01719,Emma Clark,emma.clark1719@example.com,France,Occitanie,P036,Puzzle 1000pc,TOYS,Games,2,19.82,0.2,31.71,16.52,15.19,Credit Card,Mobile,Website,Delivered,4
ORD003628,2025-11-16,C00984,Noah Johnson,noah.johnson984@example.com,Australia,Western Australia,P035,Remote Control Car,TOYS,Vehicles,3,47.03,0,141.09,82.57,58.52,Credit Card,Mobile,Marketplace,Delivered,5
ORD003629,2025-12-20,C00915,Daniel Smith,daniel.smith915@example.com,Uae,Abu Dhabi,P011,Denim Jacket,FASHION,Outerwear,1,75.44,0.05,71.67,43.09,28.58,Paypal,Mobile,Mobile App,Processing,0
ORD003630,2025-09-02,C01215,Evelyn Moore,evelyn.moore1215@example.com,France,Occitanie,P036,Puzzle 1000pc,TOYS,Games,1,18.41,0.1,16.57,8.22,8.35,Credit Card,Mobile,Website,Delivered,1
ORD003631,2024-04-04,C01651,Aria Smith,aria.smith1651@example.com,Uk,Wales,P015,Backpack,FASHION,Bags,2,53.27,0.1,95.89,57.53,38.36,Cash On Delivery,Mobile,Website,Delivered,5
ORD003632,2024-09-26,C00818,Lucas Patel,lucas.patel818@example.com,Uk,Scotland,P016,Coffee Maker,HOME & KITCHEN,Appliances,2,98.07,0,196.14,125.39,70.75,Credit Card,Mobile,Social Commerce,Delivered,3
ORD003633,2026-03-10,C00264,Amelia Brown,amelia.brown264@example.com,Uk,Wales,P017,Air Fryer,HOME & KITCHEN,Appliances,1,112.74,0,112.74,73.82,38.92,Credit Card,Mobile,Website,Delivered,5
ORD003634,2026-04-04,C01147,Sophia Williams,sophia.williams1147@example.com,Australia,Victoria,P019,Knife Set,HOME & KITCHEN,Cookware,1,61.88,0.1,55.69,33.42,22.27,Paypal,Tablet,Marketplace,Delivered,4
ORD003635,2026-03-06,C00519,Mason Moore,mason.moore519@example.com,Canada,British Columbia,P028,Moisturizer,BEAUTY,Skin Care,1,25.87,0.05,24.58,10.2,14.38,Credit Card,Mobile,Marketplace,Returned,1
ORD003636,2024-11-13,C00963,Mason Lee,mason.lee963@example.com,France,Normandy,P023,Dumbbell Set,SPORTS,Fitness,2,74.95,0.05,142.41,89.47,52.94,Debit Card,Mobile,Mobile App,Delivered,5
ORD003637,2024-03-22,C00286,Aarav Lewis,aarav.lewis286@example.com,India,Karnataka,P003,Smart Watch,ELECTRONICS,Wearables,2,121.28,0.1,218.3,167.18,51.12,Paypal,Mobile,Website,Shipped,0
ORD003638,2024-10-18,C01011,Grace Johnson,grace.johnson1011@example.com,India,Gujarat,P015,Backpack,FASHION,Bags,1,53.21,0,53.21,29.29,23.92,Debit Card,Desktop,Mobile App,Delivered,4
ORD003639,2025-09-13,C01053,Leo Wilson,leo.wilson1053@example.com,Canada,Ontario,P029,Hair Dryer,BEAUTY,Hair Care,1,49.85,0,49.85,27.84,22.01,Credit Card,Desktop,Website,Processing,0
ORD003640,2025-02-08,C00116,Layla Patel,layla.patel116@example.com,France,Occitanie,P019,Knife Set,HOME & KITCHEN,Cookware,4,60.93,0.15,207.16,135.48,71.68,Paypal,Mobile,Mobile App,Shipped,0
ORD003641,2025-11-02,C00237,Charlotte Lee,charlotte.lee237@example.com,France,Normandy,P016,Coffee Maker,HOME & KITCHEN,Appliances,3,95.51,0,286.53,172.44,114.09,Paypal,Mobile,Website,Delivered,5
ORD003642,2026-05-26,C00277,Ava Anderson,ava.anderson277@example.com,Canada,Alberta,P005,Laptop Stand,ELECTRONICS,Accessories,2,44.39,0,88.78,47.22,41.56,Credit Card,Mobile,Website,Delivered,4
ORD003643,2024-06-03,C01362,Isabella King,isabella.king1362@example.com,Germany,Berlin,P022,Yoga Mat,SPORTS,Fitness,1,25.8,0.1,23.22,12.23,10.99,Credit Card,Mobile,Website,Delivered,5
ORD003644,2025-05-07,C01217,Henry Wilson,henry.wilson1217@example.com,Australia,Victoria,P026,Water Bottle,SPORTS,Accessories,2,18.93,0,37.86,16.53,21.33,Cash On Delivery,Mobile,Website,Shipped,0
ORD003645,2025-12-06,C01314,Adam Wright,adam.wright1314@example.com,Uae,Dubai,P034,Building Blocks,TOYS,Educational,1,33.44,0.1,30.1,16.57,13.53,Credit Card,Mobile,Mobile App,Cancelled,0
ORD003646,2025-05-15,C01229,Noah King,noah.king1229@example.com,Canada,Ontario,P020,Storage Boxes,HOME & KITCHEN,Storage,3,29.17,0.2,70.01,44.54,25.47,Credit Card,Mobile,Mobile App,Delivered,5
ORD003648,2025-02-07,C01588,Harper Clark,harper.clark1588@example.com,Germany,Berlin,P034,Building Blocks,TOYS,Educational,2,32.8,0,65.6,33.56,32.04,Paypal,Mobile,Website,Delivered,2
ORD003649,2025-07-16,C00147,Amelia Hall,amelia.hall147@example.com,France,Ile-de-France,P017,Air Fryer,HOME & KITCHEN,Appliances,2,122.66,0,245.32,163.41,81.91,Debit Card,Tablet,Mobile App,Delivered,3
ORD003650,2025-04-12,C01471,Jack Thomas,jack.thomas1471@example.com,Uae,Dubai,P018,Non-stick Pan,HOME & KITCHEN,Cookware,5,33.27,0.15,141.4,83.34,58.06,Credit Card,Mobile,Website,Returned,5
ORD003651,2026-04-05,C01634,Adam King,adam.king1634@example.com,India,Gujarat,P007,Wireless Mouse,ELECTRONICS,Computers,3,34.1,0,102.3,50.19,52.11,Credit Card,Mobile,Mobile App,Delivered,4
ORD003652,2024-04-12,C00299,Zoe Lee,zoe.lee299@example.com,Germany,Berlin,P026,Water Bottle,SPORTS,Accessories,2,17.48,0.2,27.97,14.65,13.32,Debit Card,Mobile,Website,Delivered,4
ORD003653,2026-02-02,C01792,Evelyn Wright,evelyn.wright1792@example.com,Uae,Sharjah,P032,Data Analytics Book,BOOKS,Education,3,45.85,0.2,110.04,63.15,46.89,Credit Card,Desktop,Marketplace,Delivered,5
ORD003654,2025-06-26,C00454,Zoe Taylor,zoe.taylor454@example.com,India,Delhi,P028,Moisturizer,BEAUTY,Skin Care,1,25.06,0.05,23.81,10.41,13.4,Credit Card,Desktop,Mobile App,Delivered,5
ORD003655,2025-05-17,C00113,Leo Hall,leo.hall113@example.com,Uk,Wales,P001,Wireless Headphones,ELECTRONICS,Audio,2,81.89,0,163.78,99.82,63.96,Debit Card,Mobile,Mobile App,Processing,0
ORD003656,2025-04-20,C00111,Isabella Patel,isabella.patel111@example.com,Germany,Saxony,P011,Denim Jacket,FASHION,Outerwear,2,70.28,0.25,105.42,79.59,25.83,Debit Card,Mobile,Marketplace,Delivered,4
ORD003657,2026-06-05,C01324,Evelyn Patel,evelyn.patel1324@example.com,Uae,Dubai,P004,USB-C Charger,ELECTRONICS,Accessories,1,27.81,0,27.81,13.12,14.69,Credit Card,Mobile,Marketplace,Delivered,5
ORD003658,2024-06-28,C01530,Ava Clark,ava.clark1530@example.com,Canada,Quebec,P034,Building Blocks,TOYS,Educational,2,35.74,0.05,67.91,36.07,31.84,Debit Card,Mobile,Mobile App,Delivered,3
ORD003659,2024-09-03,C01324,Evelyn Patel,evelyn.patel1324@example.com,Canada,Ontario,P036,Puzzle 1000pc,TOYS,Games,1,19.54,0.15,16.61,8.6,8.01,Credit Card,Desktop,Website,Processing,0
ORD003660,2025-01-12,C01535,Liam Clark,liam.clark1535@example.com,Usa,New York,P036,Puzzle 1000pc,TOYS,Games,2,19.38,0,38.76,16.76,22,Paypal,Mobile,Website,Delivered,4
ORD003661,2025-11-16,C01119,Charlotte King,charlotte.king1119@example.com,India,Delhi,P027,Face Serum,BEAUTY,Skin Care,2,35.98,0.05,68.36,30.15,38.21,Credit Card,Mobile,Website,Delivered,3
ORD003662,2025-05-11,C01338,Mia Anderson,mia.anderson1338@example.com,Germany,Bavaria,P004,USB-C Charger,ELECTRONICS,Accessories,1,24.05,0.05,22.85,11.21,11.64,Debit Card,Tablet,Website,Delivered,4
ORD003663,2026-01-01,C00582,Sophia Patel,sophia.patel582@example.com,Germany,Saxony,P033,Cookbook,BOOKS,Lifestyle,1,27.73,0,27.73,12.96,14.77,Debit Card,Tablet,Website,Delivered,5
ORD003664,2024-02-26,C00462,Emma Thomas,emma.thomas462@example.com,Uk,Scotland,P016,Coffee Maker,HOME & KITCHEN,Appliances,1,98.7,0,98.7,61.69,37.01,Credit Card,Mobile,Social Commerce,Processing,0
ORD003665,2024-03-08,C00246,Aarav Brown,aarav.brown246@example.com,Canada,British Columbia,P027,Face Serum,BEAUTY,Skin Care,2,33,0,66,27.95,38.05,Debit Card,Desktop,Website,Delivered,2
ORD003666,2026-06-03,C01695,Nora Smith,nora.smith1695@example.com,France,Provence,P012,Cotton T-Shirt,FASHION,Apparel,1,21.83,0.15,18.56,9.59,8.97,Credit Card,Desktop,Website,Delivered,3
ORD003667,2024-06-01,C01529,Evelyn Moore,evelyn.moore1529@example.com,India,Karnataka,P003,Smart Watch,ELECTRONICS,Wearables,1,136.42,0.05,129.6,88.46,41.14,Paypal,Mobile,Mobile App,Cancelled,0
ORD003668,2025-10-28,C00716,James Johnson,james.johnson716@example.com,Australia,New South Wales,P021,Desk Lamp,HOME & KITCHEN,Lighting,2,36.9,0,73.8,37.77,36.03,Cash On Delivery,Mobile,Mobile App,Delivered,4
ORD003669,2025-03-07,C00092,Layla Wright,layla.wright92@example.com,India,Delhi,P014,Leather Wallet,FASHION,Accessories,1,30.72,0,30.72,13.97,16.75,Paypal,Mobile,Website,Delivered,5
ORD003670,2026-01-11,C01431,Harper Anderson,harper.anderson1431@example.com,Canada,Alberta,P031,Novel Set,BOOKS,Fiction,1,38.17,0.05,36.26,19.77,16.49,Credit Card,Desktop,Website,Delivered,4
ORD003671,2026-01-29,C01626,Henry Walker,henry.walker1626@example.com,Usa,New York,P012,Cotton T-Shirt,FASHION,Apparel,1,20.52,0.15,17.44,9.02,8.42,Paypal,Desktop,Social Commerce,Delivered,4
ORD003672,2024-05-10,C00174,Amelia Williams,amelia.williams174@example.com,Australia,Western Australia,P028,Moisturizer,BEAUTY,Skin Care,1,27.04,0.1,24.34,11.23,13.11,Paypal,Mobile,Website,Delivered,4
ORD003673,2024-07-06,C01460,Olivia Lewis,olivia.lewis1460@example.com,Usa,New York,P008,Webcam HD,ELECTRONICS,Computers,1,55.21,0.1,49.69,32.55,17.14,Credit Card,Desktop,Website,Delivered,3
ORD003674,2025-10-05,C01664,Adam Young,adam.young1664@example.com,Usa,California,P026,Water Bottle,SPORTS,Accessories,2,19.71,0.1,35.48,17.6,17.88,Credit Card,Desktop,Social Commerce,Shipped,0
ORD003675,2025-02-25,C00598,Henry Walker,henry.walker598@example.com,Germany,Hesse,P034,Building Blocks,TOYS,Educational,2,39.07,0.1,70.33,39.18,31.15,Debit Card,Desktop,Mobile App,Delivered,5
ORD003676,2026-04-18,C00421,Ava Moore,ava.moore421@example.com,Australia,Victoria,P027,Face Serum,BEAUTY,Skin Care,1,35.06,0,35.06,15.05,20.01,Credit Card,Desktop,Website,Delivered,4
ORD003677,2026-03-04,C00975,Nora Clark,nora.clark975@example.com,France,Ile-de-France,P034,Building Blocks,TOYS,Educational,1,35.57,0.15,30.23,18.39,11.84,Bank Transfer,Desktop,Mobile App,Cancelled,0
ORD003678,2024-05-04,C00732,Sophia Johnson,sophia.johnson732@example.com,Uae,Abu Dhabi,P035,Remote Control Car,TOYS,Vehicles,1,50.28,0.1,45.25,27.93,17.32,Debit Card,Mobile,Website,Delivered,2
ORD003679,2025-01-08,C01098,Henry Smith,henry.smith1098@example.com,Usa,Texas,P018,Non-stick Pan,HOME & KITCHEN,Cookware,2,32.87,0.05,62.45,34.7,27.75,Cash On Delivery,Desktop,Website,Delivered,4
ORD003680,2024-06-21,C01660,James Anderson,james.anderson1660@example.com,India,Gujarat,P001,Wireless Headphones,ELECTRONICS,Audio,2,86.95,0.25,130.43,104.61,25.82,Debit Card,Mobile,Mobile App,Processing,0
ORD003681,2025-04-22,C01737,Emma King,emma.king1737@example.com,Canada,British Columbia,P006,Mechanical Keyboard,ELECTRONICS,Computers,4,97.81,0.05,371.68,244.31,127.37,Debit Card,Mobile,Mobile App,Delivered,3
ORD003682,2026-04-30,C00930,Olivia Patel,olivia.patel930@example.com,Usa,Texas,P001,Wireless Headphones,ELECTRONICS,Audio,1,85.56,0.15,72.73,52.87,19.86,Credit Card,Mobile,Social Commerce,Delivered,5
ORD003683,2025-12-09,C00947,Noah Thomas,noah.thomas947@example.com,Germany,Hesse,P015,Backpack,FASHION,Bags,4,51.87,0.15,176.36,107.46,68.9,Paypal,Mobile,Marketplace,Shipped,0
ORD003684,2025-12-10,C00941,Harper Moore,harper.moore941@example.com,Usa,Illinois,P007,Wireless Mouse,ELECTRONICS,Computers,2,35.21,0.05,66.9,36.18,30.72,Credit Card,Desktop,Website,Delivered,4
ORD003685,2024-04-23,C00201,Nora Wilson,nora.wilson201@example.com,Germany,Bavaria,P016,Coffee Maker,HOME & KITCHEN,Appliances,3,94.28,0.15,240.41,171.47,68.94,Credit Card,Mobile,Website,Delivered,4
ORD003686,2024-07-30,C01381,Jack Garcia,jack.garcia1381@example.com,Germany,Bavaria,P012,Cotton T-Shirt,FASHION,Apparel,1,22.17,0.05,21.06,9.59,11.47,Bank Transfer,Desktop,Marketplace,Delivered,4
ORD003687,2024-04-13,C00948,Noah Clark,noah.clark948@example.com,Germany,Hesse,P036,Puzzle 1000pc,TOYS,Games,4,20.04,0.05,76.15,35.37,40.78,Credit Card,Desktop,Website,Delivered,5
ORD003688,2024-02-01,C01202,Isabella Thomas,isabella.thomas1202@example.com,Usa,Texas,P030,Perfume,BEAUTY,Fragrance,2,67.37,0.1,121.27,68.75,52.52,Credit Card,Mobile,Website,Delivered,4
ORD003689,2024-11-13,C00848,Mia Wilson,mia.wilson848@example.com,Uk,England,P001,Wireless Headphones,ELECTRONICS,Audio,1,83.73,0,83.73,52.6,31.13,Credit Card,Desktop,Website,Processing,0
ORD003690,2024-07-03,C00056,Aarav Clark,aarav.clark56@example.com,Germany,Hesse,P025,Cycling Helmet,SPORTS,Outdoor,3,61.65,0.05,175.7,106.02,69.68,Debit Card,Mobile,Mobile App,Delivered,5
ORD003691,2026-06-05,C00902,Emma Hall,emma.hall902@example.com,Australia,Victoria,P025,Cycling Helmet,SPORTS,Outdoor,5,61.69,0.15,262.18,181.79,80.39,Credit Card,Mobile,Website,Delivered,4
ORD003692,2025-10-03,C01784,Ava Anderson,ava.anderson1784@example.com,Uae,Sharjah,P008,Webcam HD,ELECTRONICS,Computers,1,65.82,0.15,55.95,41.27,14.68,Cash On Delivery,Mobile,Marketplace,Delivered,1
ORD003693,2025-06-01,C01776,Liam Smith,liam.smith1776@example.com,Australia,Queensland,P018,Non-stick Pan,HOME & KITCHEN,Cookware,4,36.86,0,147.44,76.39,71.05,Credit Card,Desktop,Mobile App,Delivered,5
ORD003694,2024-12-21,C01316,Amelia Patel,amelia.patel1316@example.com,Uk,England,P016,Coffee Maker,HOME & KITCHEN,Appliances,2,94,0,188,117.46,70.54,Credit Card,Mobile,Social Commerce,Delivered,4
ORD003695,2024-10-25,C00834,Layla Smith,layla.smith834@example.com,Australia,Queensland,P008,Webcam HD,ELECTRONICS,Computers,1,60.31,0,60.31,37,23.31,Cash On Delivery,Mobile,Website,Shipped,0
ORD003696,2025-02-09,C01597,Evelyn Williams,evelyn.williams1597@example.com,Canada,British Columbia,P001,Wireless Headphones,ELECTRONICS,Audio,1,89.25,0.1,80.33,56.2,24.13,Credit Card,Desktop,Website,Delivered,3
ORD003697,2025-06-04,C01490,Amelia Hall,amelia.hall1490@example.com,Uk,Wales,P023,Dumbbell Set,SPORTS,Fitness,1,76.64,0.15,65.14,44.75,20.39,Credit Card,Mobile,Website,Delivered,4
ORD003698,2026-07-31,C01126,James Lee,james.lee1126@example.com,France,Ile-de-France,P036,Puzzle 1000pc,TOYS,Games,2,19.4,0.05,36.86,16.95,19.91,Paypal,Desktop,Website,Cancelled,0
ORD003699,2025-03-02,C01129,Lucas Brown,lucas.brown1129@example.com,Australia,Western Australia,P008,Webcam HD,ELECTRONICS,Computers,1,65.11,0.2,52.09,38.25,13.84,Credit Card,Desktop,Website,Delivered,5
ORD003700,2024-11-25,C00243,Jack Walker,jack.walker243@example.com,Uk,Wales,P013,Hoodie,FASHION,Apparel,3,43.72,0,131.16,63.88,67.28,Debit Card,Mobile,Marketplace,Returned,4
ORD003701,2025-12-26,C00119,Olivia Wright,olivia.wright119@example.com,India,Karnataka,P016,Coffee Maker,HOME & KITCHEN,Appliances,1,97.09,0,97.09,60.16,36.93,Paypal,Mobile,Mobile App,Delivered,5
ORD003702,2025-10-14,C00288,Chloe Wilson,chloe.wilson288@example.com,France,Normandy,P008,Webcam HD,ELECTRONICS,Computers,2,64.04,0,128.08,78.99,49.09,Credit Card,Desktop,Mobile App,Delivered,3
ORD003703,2024-06-07,C01725,James Anderson,james.anderson1725@example.com,Uae,Dubai,P030,Perfume,BEAUTY,Fragrance,2,70.83,0.05,134.58,73.92,60.66,Credit Card,Mobile,Mobile App,Delivered,4
ORD003704,2024-06-01,C00623,Noah Wilson,noah.wilson623@example.com,Australia,Western Australia,P013,Hoodie,FASHION,Apparel,1,43.29,0.05,41.13,22.03,19.1,Cash On Delivery,Desktop,Mobile App,Delivered,2
ORD003705,2025-02-21,C00913,Sophia Clark,sophia.clark913@example.com,Uae,Sharjah,P012,Cotton T-Shirt,FASHION,Apparel,1,22.02,0.1,19.82,9.77,10.05,Bank Transfer,Mobile,Marketplace,Shipped,0
ORD003706,2026-07-25,C01164,Noah Williams,noah.williams1164@example.com,Uk,Wales,P035,Remote Control Car,TOYS,Vehicles,5,47.07,0,235.35,134.03,101.32,Credit Card,Desktop,Website,Delivered,5
ORD003707,2025-03-05,C01540,Aarav Wilson,aarav.wilson1540@example.com,Germany,Bavaria,P030,Perfume,BEAUTY,Fragrance,1,75.57,0.25,56.68,38.82,17.86,Cash On Delivery,Mobile,Mobile App,Delivered,3
ORD003708,2024-09-01,C00956,Sophia Johnson,sophia.johnson956@example.com,Australia,Western Australia,P021,Desk Lamp,HOME & KITCHEN,Lighting,1,31.98,0,31.98,16.36,15.62,Credit Card,Mobile,Website,Delivered,3
ORD003709,2025-10-31,C01631,Liam Clark,liam.clark1631@example.com,France,Normandy,P023,Dumbbell Set,SPORTS,Fitness,3,88.73,0.05,252.88,148.29,104.59,Paypal,Mobile,Mobile App,Delivered,4
ORD003710,2025-04-01,C01017,Layla Young,layla.young1017@example.com,Usa,New York,P008,Webcam HD,ELECTRONICS,Computers,1,58.07,0.1,52.26,36.79,15.47,Paypal,Mobile,Website,Delivered,2
ORD003711,2024-11-26,C01758,Layla Garcia,layla.garcia1758@example.com,France,Ile-de-France,P001,Wireless Headphones,ELECTRONICS,Audio,3,88.98,0.15,226.9,167.7,59.2,Cash On Delivery,Desktop,Website,Delivered,4
ORD003712,2025-04-27,C01533,Ethan Young,ethan.young1533@example.com,Uk,Wales,P010,Casual Sneakers,FASHION,Footwear,3,51.61,0,154.83,82.14,72.69,Bank Transfer,Desktop,Website,Delivered,5
ORD003713,2025-05-09,C00504,Zoe Walker,zoe.walker504@example.com,Canada,Alberta,P014,Leather Wallet,FASHION,Accessories,2,29.18,0.05,55.44,27.45,27.99,Debit Card,Mobile,Website,Delivered,4
ORD003714,2025-11-07,C01197,Henry Hall,henry.hall1197@example.com,Australia,New South Wales,P019,Knife Set,HOME & KITCHEN,Cookware,1,61.32,0.05,58.25,35.23,23.02,Cash On Delivery,Tablet,Website,Returned,2
ORD003715,2024-11-15,C00775,Owen Wilson,owen.wilson775@example.com,Uk,England,P003,Smart Watch,ELECTRONICS,Wearables,1,122.68,0.05,116.55,82.66,33.89,Credit Card,Tablet,Website,Delivered,2
ORD003716,2025-07-12,C00725,Aarav Smith,aarav.smith725@example.com,Germany,Saxony,P020,Storage Boxes,HOME & KITCHEN,Storage,1,27.57,0.25,20.68,13.73,6.95,Paypal,Desktop,Mobile App,Delivered,4
ORD003717,2025-02-26,C01357,Sophia Walker,sophia.walker1357@example.com,Uk,England,P013,Hoodie,FASHION,Apparel,1,50,0,50,24.08,25.92,Debit Card,Desktop,Mobile App,Delivered,4
ORD003718,2026-03-14,C00530,Olivia Williams,olivia.williams530@example.com,Canada,Ontario,P004,USB-C Charger,ELECTRONICS,Accessories,1,23.53,0,23.53,10.89,12.64,Debit Card,Desktop,Marketplace,Delivered,2
ORD003719,2024-06-29,C01199,Zoe Young,zoe.young1199@example.com,Australia,Queensland,P022,Yoga Mat,SPORTS,Fitness,1,25.23,0,25.23,11.55,13.68,Debit Card,Mobile,Website,Delivered,4
ORD003720,2024-09-04,C01682,Leo Moore,leo.moore1682@example.com,Germany,Hesse,P013,Hoodie,FASHION,Apparel,1,48.65,0,48.65,23.4,25.25,Paypal,Mobile,Website,Shipped,0
ORD003721,2025-01-01,C01078,Jack Wright,jack.wright1078@example.com,Usa,Florida,P028,Moisturizer,BEAUTY,Skin Care,1,25.75,0.1,23.18,10.36,12.82,Credit Card,Mobile,Website,Delivered,5
ORD003722,2024-02-20,C00785,Daniel Garcia,daniel.garcia785@example.com,France,Normandy,P035,Remote Control Car,TOYS,Vehicles,3,46.37,0,139.11,80.6,58.51,Debit Card,Mobile,Website,Delivered,5
ORD003723,2026-01-15,C01642,Grace Walker,grace.walker1642@example.com,Australia,Victoria,P011,Denim Jacket,FASHION,Outerwear,1,79.42,0.05,75.45,46.61,28.84,Paypal,Mobile,Marketplace,Delivered,4
ORD003724,2024-01-24,C01416,Emma Moore,emma.moore1416@example.com,Uae,Dubai,P024,Football,SPORTS,Outdoor,2,28.21,0.25,42.31,27.77,14.54,Cash On Delivery,Mobile,Website,Delivered,5
ORD003725,2024-07-28,C00908,Noah Garcia,noah.garcia908@example.com,Uae,Dubai,P025,Cycling Helmet,SPORTS,Outdoor,1,65.62,0,65.62,37.9,27.72,Debit Card,Desktop,Website,Delivered,4
ORD003726,2025-09-27,C00715,Isabella Martin,isabella.martin715@example.com,Canada,British Columbia,P026,Water Bottle,SPORTS,Accessories,4,17.79,0.15,60.49,29.79,30.7,Debit Card,Desktop,Website,Delivered,5
ORD003727,2025-12-04,C00906,Aria Johnson,aria.johnson906@example.com,Australia,Victoria,P021,Desk Lamp,HOME & KITCHEN,Lighting,1,34.83,0.05,33.09,18.05,15.04,Credit Card,Desktop,Mobile App,Delivered,4
ORD003728,2024-07-20,C00615,Leo Anderson,leo.anderson615@example.com,Uk,Wales,P014,Leather Wallet,FASHION,Accessories,1,30.59,0.05,29.06,14.28,14.78,Debit Card,Mobile,Website,Delivered,1
ORD003729,2024-05-02,C00056,Aarav Clark,aarav.clark56@example.com,Germany,Berlin,P007,Wireless Mouse,ELECTRONICS,Computers,1,38,0,38,18.8,19.2,Credit Card,Desktop,Website,Cancelled,0
ORD003730,2026-03-12,C00980,Lucas Lee,lucas.lee980@example.com,Germany,Saxony,P019,Knife Set,HOME & KITCHEN,Cookware,1,67.12,0.25,50.34,38.49,11.85,Debit Card,Desktop,Mobile App,Shipped,0
ORD003731,2025-11-28,C01460,Olivia Lewis,olivia.lewis1460@example.com,Uae,Abu Dhabi,P015,Backpack,FASHION,Bags,3,54.26,0.15,138.36,83.67,54.69,Debit Card,Desktop,Website,Delivered,4
ORD003732,2024-09-19,C00291,Mason Clark,mason.clark291@example.com,Usa,Texas,P034,Building Blocks,TOYS,Educational,1,38.57,0.05,36.64,19.76,16.88,Credit Card,Mobile,Marketplace,Shipped,0
ORD003733,2025-10-13,C01030,Leo Anderson,leo.anderson1030@example.com,France,Normandy,P019,Knife Set,HOME & KITCHEN,Cookware,1,59.18,0.2,47.34,33.82,13.52,Paypal,Desktop,Website,Delivered,4
ORD003734,2025-06-22,C00835,Charlotte Wright,charlotte.wright835@example.com,India,Tamil Nadu,P007,Wireless Mouse,ELECTRONICS,Computers,2,36.22,0.1,65.2,35.68,29.52,Debit Card,Desktop,Website,Processing,0
ORD003735,2026-07-08,C00758,Charlotte Lee,charlotte.lee758@example.com,France,Normandy,P001,Wireless Headphones,ELECTRONICS,Audio,1,83.28,0.15,70.79,52.1,18.69,Credit Card,Desktop,Mobile App,Delivered,4
ORD003736,2026-03-31,C00185,Charlotte Wilson,charlotte.wilson185@example.com,France,Occitanie,P030,Perfume,BEAUTY,Fragrance,1,73.43,0.1,66.09,38.35,27.74,Debit Card,Mobile,Website,Delivered,4
ORD003737,2026-01-31,C01328,Ethan Young,ethan.young1328@example.com,France,Normandy,P009,Running Shoes,FASHION,Footwear,1,68.47,0.1,61.62,37.84,23.78,Debit Card,Mobile,Mobile App,Delivered,4
ORD003738,2026-02-21,C01264,Aria Martin,aria.martin1264@example.com,India,Karnataka,P012,Cotton T-Shirt,FASHION,Apparel,3,22.09,0.05,62.96,29.38,33.58,Paypal,Mobile,Marketplace,Delivered,2
ORD003739,2025-01-26,C00788,Isabella Patel,isabella.patel788@example.com,Germany,Bavaria,P032,Data Analytics Book,BOOKS,Education,1,48.39,0,48.39,22.92,25.47,Credit Card,Mobile,Website,Delivered,5
ORD003740,2026-06-16,C00457,Amelia Wright,amelia.wright457@example.com,Uk,Scotland,P032,Data Analytics Book,BOOKS,Education,2,44,0.05,83.6,41.86,41.74,Debit Card,Mobile,Marketplace,Cancelled,0
ORD003741,2024-06-27,C01800,Noah Moore,noah.moore1800@example.com,Uae,Sharjah,P006,Mechanical Keyboard,ELECTRONICS,Computers,1,92.96,0,92.96,57.35,35.61,Credit Card,Mobile,Mobile App,Delivered,3
ORD003742,2026-03-08,C01493,Noah Garcia,noah.garcia1493@example.com,Usa,New York,P011,Denim Jacket,FASHION,Outerwear,2,80.92,0.1,145.66,91.86,53.8,Credit Card,Desktop,Mobile App,Cancelled,0
ORD003743,2025-09-13,C01541,Mason Martin,mason.martin1541@example.com,India,Delhi,P015,Backpack,FASHION,Bags,2,53.28,0.05,101.23,57.02,44.21,Credit Card,Mobile,Website,Delivered,4
ORD003744,2026-02-14,C01728,Isabella Brown,isabella.brown1728@example.com,France,Provence,P027,Face Serum,BEAUTY,Skin Care,6,34.53,0.05,196.82,89.89,106.93,Credit Card,Desktop,Mobile App,Delivered,1
ORD003745,2025-06-20,C00138,Layla Walker,layla.walker138@example.com,Uk,Scotland,P033,Cookbook,BOOKS,Lifestyle,4,27.79,0.05,105.6,49.66,55.94,Credit Card,Mobile,Website,Delivered,5
ORD003746,2025-12-31,C01181,James Martin,james.martin1181@example.com,Canada,Ontario,P031,Novel Set,BOOKS,Fiction,2,40.84,0.05,77.6,41.1,36.5,Credit Card,Mobile,Mobile App,Delivered,3
ORD003747,2025-08-25,C01476,Ava Young,ava.young1476@example.com,France,Occitanie,P007,Wireless Mouse,ELECTRONICS,Computers,1,38.61,0.1,34.75,19.69,15.06,Paypal,Mobile,Website,Delivered,5
ORD003748,2026-01-22,C00001,Emma Martin,emma.martin1@example.com,Australia,New South Wales,P004,USB-C Charger,ELECTRONICS,Accessories,5,26.73,0.05,126.97,62.65,64.32,Cash On Delivery,Mobile,Website,Delivered,3
ORD003749,2024-07-19,C00424,Aria Garcia,aria.garcia424@example.com,India,Gujarat,P002,Bluetooth Speaker,ELECTRONICS,Audio,1,47.53,0.05,45.15,29.16,15.99,Paypal,Mobile,Website,Cancelled,0
ORD003750,2025-04-22,C01684,Ethan Hall,ethan.hall1684@example.com,India,Gujarat,P011,Denim Jacket,FASHION,Outerwear,4,76.7,0.2,245.44,180.25,65.19,Debit Card,Desktop,Website,Delivered,1
ORD003751,2024-02-04,C00821,Olivia Smith,olivia.smith821@example.com,Uk,Scotland,P018,Non-stick Pan,HOME & KITCHEN,Cookware,1,35.38,0.15,30.07,17.75,12.32,Credit Card,Desktop,Mobile App,Processing,0
ORD003752,2024-06-01,C01434,Jack Brown,jack.brown1434@example.com,Uk,England,P018,Non-stick Pan,HOME & KITCHEN,Cookware,2,33.44,0,66.88,35.46,31.42,Cash On Delivery,Mobile,Website,Delivered,2
ORD003753,2024-06-16,C01231,Emma Patel,emma.patel1231@example.com,Australia,Western Australia,P004,USB-C Charger,ELECTRONICS,Accessories,3,26.33,0.1,71.09,39.08,32.01,Credit Card,Mobile,Mobile App,Delivered,4
ORD003754,2025-07-09,C01627,Sophia Walker,sophia.walker1627@example.com,Australia,Queensland,P011,Denim Jacket,FASHION,Outerwear,1,74.69,0.05,70.96,42.55,28.41,Paypal,Mobile,Mobile App,Delivered,3
ORD003755,2024-09-19,C00538,Nora Anderson,nora.anderson538@example.com,Usa,Illinois,P033,Cookbook,BOOKS,Lifestyle,1,31.31,0,31.31,14.02,17.29,Credit Card,Mobile,Website,Delivered,5
ORD003756,2025-11-23,C00171,Adam Thomas,adam.thomas171@example.com,Usa,New York,P009,Running Shoes,FASHION,Footwear,3,65.72,0,197.16,104.75,92.41,Credit Card,Mobile,Website,Delivered,4
ORD003757,2026-04-29,C01746,Owen Smith,owen.smith1746@example.com,Uk,Wales,P007,Wireless Mouse,ELECTRONICS,Computers,1,38.73,0,38.73,20.07,18.66,Paypal,Mobile,Website,Delivered,5
ORD003758,2025-07-21,C01562,Adam Lee,adam.lee1562@example.com,India,Karnataka,P010,Casual Sneakers,FASHION,Footwear,1,57.66,0.15,49.01,31.63,17.38,Credit Card,Mobile,Website,Delivered,3
ORD003759,2026-07-02,C00314,Owen Patel,owen.patel314@example.com,Uae,Sharjah,P030,Perfume,BEAUTY,Fragrance,1,68.62,0,68.62,34.7,33.92,Paypal,Mobile,Marketplace,Delivered,2
ORD003760,2026-07-16,C01613,Grace Moore,grace.moore1613@example.com,India,Karnataka,P035,Remote Control Car,TOYS,Vehicles,3,42.48,0.15,108.32,70.98,37.34,Bank Transfer,Desktop,Website,Delivered,5
ORD003761,2025-10-06,C00689,Harper Smith,harper.smith689@example.com,India,Maharashtra,P018,Non-stick Pan,HOME & KITCHEN,Cookware,4,37.15,0,148.6,76.21,72.39,Debit Card,Mobile,Website,Returned,4
ORD003762,2024-10-26,C01721,Amelia Lewis,amelia.lewis1721@example.com,Uae,Sharjah,P036,Puzzle 1000pc,TOYS,Games,1,20.72,0,20.72,8.56,12.16,Bank Transfer,Mobile,Website,Delivered,4
ORD003763,2025-11-11,C00929,Aarav Wilson,aarav.wilson929@example.com,Germany,Berlin,P002,Bluetooth Speaker,ELECTRONICS,Audio,5,52.16,0.1,234.72,159.1,75.62,Debit Card,Desktop,Website,Delivered,5
ORD003764,2026-04-28,C00005,Leo King,missing@example.com,India,Karnataka,P001,Wireless Headphones,ELECTRONICS,Audio,1,82.73,0.05,78.59,50.77,27.82,Paypal,Mobile,Social Commerce,Processing,0
ORD003765,2026-05-05,C01652,Daniel King,daniel.king1652@example.com,Uae,Dubai,P029,Hair Dryer,BEAUTY,Hair Care,1,52.87,0.05,50.23,28.41,21.82,Credit Card,Tablet,Mobile App,Delivered,3
ORD003766,2024-01-05,C00506,Lucas Smith,lucas.smith506@example.com,Usa,New York,P008,Webcam HD,ELECTRONICS,Computers,3,58.43,0.1,157.76,110.08,47.68,Paypal,Mobile,Website,Shipped,0
ORD003767,2024-10-22,C01337,Sophia Lee,sophia.lee1337@example.com,Canada,Ontario,P005,Laptop Stand,ELECTRONICS,Accessories,1,41.38,0.1,37.24,22.13,15.11,Debit Card,Tablet,Mobile App,Delivered,3
ORD003768,2024-08-06,C00416,Zoe Wilson,zoe.wilson416@example.com,Uae,Sharjah,P017,Air Fryer,HOME & KITCHEN,Appliances,1,124.03,0.1,111.63,83.33,28.3,Debit Card,Mobile,Mobile App,Processing,0
ORD003769,2026-01-14,C00456,James Wright,james.wright456@example.com,Usa,California,P031,Novel Set,BOOKS,Fiction,1,42.27,0,42.27,20.85,21.42,Paypal,Desktop,Mobile App,Delivered,5
ORD003771,2026-03-15,C00850,Lucas Smith,lucas.smith850@example.com,India,Delhi,P032,Data Analytics Book,BOOKS,Education,2,49.51,0.15,84.17,45.18,38.99,Debit Card,Mobile,Mobile App,Delivered,4
ORD003772,2025-01-10,C01469,James Brown,james.brown1469@example.com,Australia,New South Wales,P006,Mechanical Keyboard,ELECTRONICS,Computers,1,97.94,0.05,93.04,61.05,31.99,Credit Card,Mobile,Mobile App,Delivered,4
ORD003773,2025-01-04,C01546,Adam Brown,adam.brown1546@example.com,India,Karnataka,P001,Wireless Headphones,ELECTRONICS,Audio,1,86.68,0.05,82.35,51.99,30.36,Paypal,Desktop,Website,Delivered,2
ORD003774,2025-11-08,C00135,Daniel Williams,daniel.williams135@example.com,Canada,Ontario,P033,Cookbook,BOOKS,Lifestyle,1,28.51,0,28.51,12.71,15.8,Paypal,Mobile,Website,Delivered,3
ORD003775,2026-05-18,C01640,Elijah Smith,elijah.smith1640@example.com,India,Maharashtra,P021,Desk Lamp,HOME & KITCHEN,Lighting,3,32.63,0.1,88.1,48.48,39.62,Credit Card,Mobile,Marketplace,Processing,0
ORD003776,2024-12-20,C00394,Henry Anderson,henry.anderson394@example.com,Canada,Ontario,P005,Laptop Stand,ELECTRONICS,Accessories,1,39.64,0.25,29.73,20.96,8.77,Credit Card,Mobile,Mobile App,Delivered,5
ORD003777,2025-01-11,C01587,Aarav Johnson,aarav.johnson1587@example.com,Uk,Wales,P002,Bluetooth Speaker,ELECTRONICS,Audio,3,46.59,0,139.77,85.1,54.67,Credit Card,Mobile,Mobile App,Delivered,4
ORD003778,2025-08-02,C00937,Ethan Martin,ethan.martin937@example.com,Canada,Quebec,P006,Mechanical Keyboard,ELECTRONICS,Computers,1,90.28,0,90.28,59.13,31.15,Credit Card,Mobile,Mobile App,Delivered,5
ORD003779,2026-07-03,C00195,Jack Brown,jack.brown195@example.com,Canada,Ontario,P030,Perfume,BEAUTY,Fragrance,4,68.28,0.05,259.46,147.56,111.9,Credit Card,Mobile,Mobile App,Delivered,4
ORD003780,2025-12-14,C01506,Charlotte Lewis,charlotte.lewis1506@example.com,Usa,New York,P020,Storage Boxes,HOME & KITCHEN,Storage,3,28.12,0.15,71.71,41.49,30.22,Bank Transfer,Desktop,Website,Shipped,0
ORD003781,2025-04-04,C01380,Henry Walker,henry.walker1380@example.com,India,Tamil Nadu,P018,Non-stick Pan,HOME & KITCHEN,Cookware,1,32.64,0.2,26.11,17.09,9.02,Debit Card,Mobile,Marketplace,Delivered,5
ORD003782,2026-06-11,C01109,Leo Thomas,leo.thomas1109@example.com,Germany,Bavaria,P018,Non-stick Pan,HOME & KITCHEN,Cookware,2,34.92,0.15,59.36,36.31,23.05,Credit Card,Desktop,Website,Returned,5
ORD003783,2025-02-07,C01676,Evelyn Moore,evelyn.moore1676@example.com,India,Delhi,P030,Perfume,BEAUTY,Fragrance,2,70.74,0.05,134.41,74.71,59.7,Debit Card,Tablet,Website,Delivered,3
ORD003784,2024-12-05,C00096,Emma Wilson,emma.wilson96@example.com,Canada,Quebec,P027,Face Serum,BEAUTY,Skin Care,1,38.39,0.05,36.47,16.14,20.33,Debit Card,Desktop,Marketplace,Delivered,5
ORD003785,2025-07-02,C01422,Olivia Moore,olivia.moore1422@example.com,Canada,Alberta,P034,Building Blocks,TOYS,Educational,1,38.23,0.25,28.67,18.64,10.03,Credit Card,Desktop,Marketplace,Delivered,5
ORD003786,2024-11-23,C00604,Amelia Brown,amelia.brown604@example.com,Uk,Wales,P016,Coffee Maker,HOME & KITCHEN,Appliances,2,89.45,0.25,134.18,110.54,23.64,Bank Transfer,Mobile,Mobile App,Shipped,0
ORD003787,2025-03-27,C00149,Layla Patel,layla.patel149@example.com,Germany,Saxony,P026,Water Bottle,SPORTS,Accessories,2,17.07,0.05,32.43,14.52,17.91,Credit Card,Tablet,Marketplace,Delivered,5
ORD003788,2026-02-07,C01279,Adam Brown,adam.brown1279@example.com,Australia,New South Wales,P013,Hoodie,FASHION,Apparel,2,43.96,0.05,83.52,44.1,39.42,Debit Card,Desktop,Website,Delivered,3
ORD003789,2024-09-12,C00718,Olivia Garcia,olivia.garcia718@example.com,France,Ile-de-France,P003,Smart Watch,ELECTRONICS,Wearables,2,128.59,0.1,231.46,172.61,58.85,Debit Card,Mobile,Website,Delivered,2
ORD003790,2025-12-03,C01376,Aarav Garcia,aarav.garcia1376@example.com,Usa,Texas,P025,Cycling Helmet,SPORTS,Outdoor,1,67.71,0.05,64.32,37.91,26.41,Credit Card,Mobile,Website,Returned,5
ORD003791,2025-09-08,C01495,Olivia Anderson,olivia.anderson1495@example.com,Germany,Berlin,P012,Cotton T-Shirt,FASHION,Apparel,2,21.45,0.1,38.61,19.04,19.57,Debit Card,Desktop,Mobile App,Delivered,5
ORD003792,2024-09-22,C00703,Ava Taylor,ava.taylor703@example.com,India,Tamil Nadu,P029,Hair Dryer,BEAUTY,Hair Care,1,51.77,0.15,44,28.48,15.52,Credit Card,Mobile,Website,Delivered,4
ORD003793,2025-12-03,C01263,Noah Wilson,noah.wilson1263@example.com,Uk,Scotland,P011,Denim Jacket,FASHION,Outerwear,1,77.32,0.05,73.45,43.49,29.96,Debit Card,Mobile,Mobile App,Delivered,5
ORD003794,2024-03-06,C01717,James Wright,james.wright1717@example.com,Uae,Dubai,P035,Remote Control Car,TOYS,Vehicles,2,43.01,0.05,81.72,47.43,34.29,Paypal,Mobile,Website,Delivered,3
ORD003795,2024-04-22,C00772,Aarav Walker,aarav.walker772@example.com,Uk,England,P013,Hoodie,FASHION,Apparel,1,46.11,0,46.11,22.54,23.57,Cash On Delivery,Mobile,Mobile App,Delivered,2
ORD003796,2025-04-14,C01304,Grace Hall,grace.hall1304@example.com,Usa,Illinois,P033,Cookbook,BOOKS,Lifestyle,3,31.86,0.1,86.02,43.6,42.42,Cash On Delivery,Desktop,Mobile App,Processing,0
ORD003797,2024-06-09,C01262,Emma Taylor,emma.taylor1262@example.com,Germany,Hesse,P021,Desk Lamp,HOME & KITCHEN,Lighting,2,34.5,0.05,65.55,35.76,29.79,Credit Card,Mobile,Website,Processing,0
ORD003798,2025-08-05,C01005,Harper Wilson,harper.wilson1005@example.com,Australia,Queensland,P016,Coffee Maker,HOME & KITCHEN,Appliances,1,95.82,0.1,86.24,60.91,25.33,Paypal,Desktop,Website,Delivered,5
ORD003799,2026-04-05,C01112,Jack Young,jack.young1112@example.com,Uk,Scotland,P023,Dumbbell Set,SPORTS,Fitness,3,81.48,0.05,232.22,145.39,86.83,Debit Card,Mobile,Website,Delivered,5
ORD003800,2024-09-27,C00479,Amelia Johnson,amelia.johnson479@example.com,Usa,Texas,P016,Coffee Maker,HOME & KITCHEN,Appliances,2,95.78,0,191.56,118.69,72.87,Credit Card,Desktop,Website,Delivered,3
ORD003801,2024-04-02,C00595,Leo Clark,leo.clark595@example.com,India,Maharashtra,P003,Smart Watch,ELECTRONICS,Wearables,1,127.47,0,127.47,83.35,44.12,Credit Card,Mobile,Website,Delivered,3
ORD003802,2024-06-28,C00349,Leo Wright,leo.wright349@example.com,Uae,Sharjah,P025,Cycling Helmet,SPORTS,Outdoor,3,68.09,0.15,173.63,112.78,60.85,Debit Card,Mobile,Mobile App,Delivered,3
ORD003803,2026-02-08,C00242,Daniel King,daniel.king242@example.com,Usa,Florida,P019,Knife Set,HOME & KITCHEN,Cookware,1,61.78,0,61.78,34.8,26.98,Credit Card,Desktop,Marketplace,Shipped,0
ORD003804,2024-01-31,C00671,Charlotte Wright,charlotte.wright671@example.com,Uk,Wales,P025,Cycling Helmet,SPORTS,Outdoor,1,63.9,0.1,57.51,36.57,20.94,Cash On Delivery,Desktop,Mobile App,Delivered,3
ORD003805,2025-04-02,C00579,Lucas Patel,lucas.patel579@example.com,Uk,Scotland,P028,Moisturizer,BEAUTY,Skin Care,2,25.1,0.1,45.18,20.45,24.73,Debit Card,Desktop,Mobile App,Processing,0
ORD003806,2025-12-18,C00500,Adam Young,adam.young500@example.com,Australia,Victoria,P015,Backpack,FASHION,Bags,1,55.87,0.1,50.28,28.95,21.33,Bank Transfer,Desktop,Marketplace,Delivered,4
ORD003807,2026-07-09,C00633,Liam Garcia,liam.garcia633@example.com,Australia,New South Wales,P011,Denim Jacket,FASHION,Outerwear,1,72.34,0,72.34,40.46,31.88,Credit Card,Desktop,Website,Delivered,5
ORD003808,2024-04-26,C00860,Nora Johnson,nora.johnson860@example.com,France,Provence,P005,Laptop Stand,ELECTRONICS,Accessories,1,44.74,0.25,33.55,22.78,10.77,Paypal,Desktop,Mobile App,Delivered,2
ORD003809,2026-04-27,C00504,Zoe Walker,zoe.walker504@example.com,Canada,Ontario,P009,Running Shoes,FASHION,Footwear,1,66.58,0,66.58,36.19,30.39,Credit Card,Desktop,Website,Delivered,4
ORD003810,2024-12-29,C01431,Harper Anderson,harper.anderson1431@example.com,France,Normandy,P021,Desk Lamp,HOME & KITCHEN,Lighting,1,30.67,0.15,26.07,15.89,10.18,Paypal,Mobile,Website,Delivered,5
ORD003811,2024-12-16,C00154,Leo Moore,leo.moore154@example.com,Uae,Sharjah,P001,Wireless Headphones,ELECTRONICS,Audio,3,89.32,0.1,241.16,171.99,69.17,Credit Card,Mobile,Website,Shipped,0
ORD003812,2024-07-29,C00292,Daniel Martin,daniel.martin292@example.com,Canada,British Columbia,P032,Data Analytics Book,BOOKS,Education,3,47.19,0.05,134.49,66.21,68.28,Bank Transfer,Tablet,Website,Cancelled,0
ORD003813,2026-03-21,C01522,Lucas Wilson,lucas.wilson1522@example.com,Uk,England,P015,Backpack,FASHION,Bags,1,52.12,0,52.12,26.68,25.44,Debit Card,Tablet,Website,Processing,0
ORD003814,2024-05-08,C01302,Isabella Walker,isabella.walker1302@example.com,Germany,Saxony,P008,Webcam HD,ELECTRONICS,Computers,1,56.97,0,56.97,35.45,21.52,Debit Card,Desktop,Mobile App,Delivered,3
ORD003815,2025-11-04,C00425,Lucas Thomas,lucas.thomas425@example.com,Canada,Alberta,P014,Leather Wallet,FASHION,Accessories,4,30.79,0,123.16,57.24,65.92,Paypal,Desktop,Marketplace,Delivered,5
ORD003816,2026-07-14,C00792,Ava Garcia,ava.garcia792@example.com,Australia,Western Australia,P027,Face Serum,BEAUTY,Skin Care,1,32.9,0,32.9,13.98,18.92,Credit Card,Tablet,Marketplace,Cancelled,0
ORD003817,2024-05-20,C00637,Aria Johnson,aria.johnson637@example.com,France,Normandy,P010,Casual Sneakers,FASHION,Footwear,1,51.25,0,51.25,26.98,24.27,Debit Card,Mobile,Website,Delivered,5
ORD003818,2025-06-16,C00901,Grace Taylor,grace.taylor901@example.com,Uae,Dubai,P001,Wireless Headphones,ELECTRONICS,Audio,1,74.35,0.05,70.63,46.26,24.37,Paypal,Mobile,Website,Delivered,5
ORD003819,2026-06-04,C01576,Elijah Wright,elijah.wright1576@example.com,India,Tamil Nadu,P017,Air Fryer,HOME & KITCHEN,Appliances,2,123.63,0.2,197.81,166.03,31.78,Credit Card,Desktop,Mobile App,Delivered,5
ORD003820,2025-07-08,C00775,Owen Wilson,owen.wilson775@example.com,Uk,England,P002,Bluetooth Speaker,ELECTRONICS,Audio,1,47.38,0,47.38,28.19,19.19,Credit Card,Tablet,Website,Delivered,5
ORD003821,2025-04-25,C01522,Lucas Wilson,lucas.wilson1522@example.com,France,Provence,P003,Smart Watch,ELECTRONICS,Wearables,2,121.32,0.05,230.51,167.71,62.8,Bank Transfer,Mobile,Mobile App,Delivered,3
ORD003822,2026-02-27,C01426,Elijah Hall,elijah.hall1426@example.com,Germany,Berlin,P027,Face Serum,BEAUTY,Skin Care,1,33.03,0,33.03,14.29,18.74,Credit Card,Mobile,Mobile App,Delivered,4
ORD003823,2025-05-02,C00913,Sophia Clark,sophia.clark913@example.com,Uae,Sharjah,P002,Bluetooth Speaker,ELECTRONICS,Audio,1,54.52,0,54.52,31.96,22.56,Debit Card,Desktop,Website,Delivered,4
ORD003824,2025-02-03,C01317,Aria Walker,aria.walker1317@example.com,Australia,Victoria,P030,Perfume,BEAUTY,Fragrance,4,67.71,0.1,243.76,145.77,97.99,Paypal,Desktop,Mobile App,Returned,5
ORD003825,2026-06-29,C00875,Nora Hall,nora.hall875@example.com,Uae,Abu Dhabi,P007,Wireless Mouse,ELECTRONICS,Computers,1,33.17,0.15,28.19,16.79,11.4,Debit Card,Mobile,Website,Returned,4
ORD003826,2025-05-31,C00318,Mia Williams,mia.williams318@example.com,Usa,Florida,P004,USB-C Charger,ELECTRONICS,Accessories,3,27.37,0,82.11,39.09,43.02,Cash On Delivery,Mobile,Website,Delivered,3
ORD003827,2024-06-18,C01167,Ethan Moore,ethan.moore1167@example.com,Uk,Wales,P012,Cotton T-Shirt,FASHION,Apparel,1,21.98,0.05,20.88,9.72,11.16,Credit Card,Mobile,Website,Delivered,5
ORD003828,2025-06-09,C00391,Mia Taylor,mia.taylor391@example.com,Uk,Scotland,P015,Backpack,FASHION,Bags,1,50.25,0.2,40.2,25.65,14.55,Credit Card,Desktop,Marketplace,Delivered,5
ORD003829,2026-01-03,C00871,Noah Garcia,noah.garcia871@example.com,Usa,New York,P011,Denim Jacket,FASHION,Outerwear,2,83.35,0.05,158.36,96.19,62.17,Debit Card,Desktop,Website,Delivered,1
ORD003830,2024-06-21,C01033,Leo Smith,leo.smith1033@example.com,Uk,England,P024,Football,SPORTS,Outdoor,1,29.91,0.15,25.42,14.45,10.97,Paypal,Mobile,Website,Delivered,1
ORD003831,2025-01-11,C01525,Chloe Brown,chloe.brown1525@example.com,Uk,Scotland,P034,Building Blocks,TOYS,Educational,2,35.14,0.2,56.22,33.91,22.31,Credit Card,Mobile,Website,Delivered,5
ORD003832,2025-07-07,C00439,Chloe Moore,chloe.moore439@example.com,France,Provence,P007,Wireless Mouse,ELECTRONICS,Computers,1,33.66,0.1,30.29,17.34,12.95,Debit Card,Desktop,Website,Shipped,0
ORD003833,2025-04-28,C00357,Henry Thomas,henry.thomas357@example.com,Australia,Western Australia,P015,Backpack,FASHION,Bags,3,51.97,0.05,148.11,82.95,65.16,Paypal,Mobile,Website,Delivered,3
ORD003834,2024-09-20,C00927,Jack King,jack.king927@example.com,Germany,Berlin,P031,Novel Set,BOOKS,Fiction,1,41.95,0.2,33.56,20.91,12.65,Credit Card,Mobile,Mobile App,Returned,4
ORD003835,2024-08-30,C00061,Harper Martin,missing@example.com,France,Ile-de-France,P028,Moisturizer,BEAUTY,Skin Care,2,24.66,0.2,39.46,20.48,18.98,Credit Card,Desktop,Website,Delivered,5
ORD003836,2024-07-09,C00846,Jack Hall,jack.hall846@example.com,Germany,Saxony,P029,Hair Dryer,BEAUTY,Hair Care,2,46.59,0.2,74.54,52.59,21.95,Credit Card,Tablet,Marketplace,Delivered,4
ORD003837,2025-11-19,C01118,Lucas Patel,lucas.patel1118@example.com,Usa,California,P032,Data Analytics Book,BOOKS,Education,2,50.12,0,100.24,48.08,52.16,Cash On Delivery,Mobile,Mobile App,Delivered,4
ORD003838,2025-12-11,C00409,Ethan Young,ethan.young409@example.com,Germany,Hesse,P024,Football,SPORTS,Outdoor,2,27.94,0,55.88,26.08,29.8,Cash On Delivery,Mobile,Mobile App,Delivered,5
ORD003839,2025-04-29,C01002,Layla Wilson,layla.wilson1002@example.com,Canada,Alberta,P029,Hair Dryer,BEAUTY,Hair Care,1,51.76,0,51.76,28.27,23.49,Cash On Delivery,Mobile,Mobile App,Delivered,4
ORD003840,2024-10-25,C01335,Charlotte Anderson,missing@example.com,France,Provence,P015,Backpack,FASHION,Bags,1,55.3,0,55.3,30.35,24.95,Debit Card,Mobile,Mobile App,Delivered,4
ORD003841,2024-02-18,C01535,Liam Clark,liam.clark1535@example.com,Uk,Scotland,P003,Smart Watch,ELECTRONICS,Wearables,5,127.42,0.05,605.25,430.22,175.03,Debit Card,Desktop,Mobile App,Delivered,4
ORD003842,2025-09-19,C00153,Adam Patel,adam.patel153@example.com,India,Delhi,P012,Cotton T-Shirt,FASHION,Apparel,1,21.03,0.15,17.88,9.12,8.76,Credit Card,Desktop,Social Commerce,Delivered,4
ORD003843,2025-06-14,C01164,Noah Williams,noah.williams1164@example.com,Germany,Saxony,P026,Water Bottle,SPORTS,Accessories,3,17.44,0.05,49.7,23.17,26.53,Paypal,Desktop,Marketplace,Returned,5
ORD003844,2026-05-29,C00418,Lucas Brown,lucas.brown418@example.com,France,Occitanie,P034,Building Blocks,TOYS,Educational,1,37.82,0.05,35.93,19.34,16.59,Debit Card,Mobile,Mobile App,Delivered,5
ORD003845,2025-01-21,C01426,Elijah Hall,elijah.hall1426@example.com,France,Normandy,P013,Hoodie,FASHION,Apparel,2,41.62,0,83.24,39.97,43.27,Credit Card,Desktop,Social Commerce,Delivered,5
ORD003846,2025-08-23,C00810,Harper Lewis,harper.lewis810@example.com,Uk,Wales,P032,Data Analytics Book,BOOKS,Education,2,43.17,0,86.34,40.14,46.2,Debit Card,Mobile,Mobile App,Delivered,4
ORD003847,2025-11-09,C01581,James Taylor,james.taylor1581@example.com,Usa,New York,P012,Cotton T-Shirt,FASHION,Apparel,1,19.08,0.1,17.17,8.88,8.29,Credit Card,Mobile,Mobile App,Delivered,2
ORD003848,2026-06-01,C00665,Layla Young,layla.young665@example.com,Australia,Western Australia,P023,Dumbbell Set,SPORTS,Fitness,1,77.48,0.1,69.73,45.96,23.77,Bank Transfer,Desktop,Marketplace,Delivered,5
ORD003849,2025-08-04,C00902,Emma Hall,emma.hall902@example.com,India,Gujarat,P005,Laptop Stand,ELECTRONICS,Accessories,1,43.48,0.15,36.96,22.59,14.37,Debit Card,Mobile,Website,Delivered,5
ORD003850,2026-03-28,C00401,Layla Brown,layla.brown401@example.com,Uae,Dubai,P035,Remote Control Car,TOYS,Vehicles,2,48.72,0.15,82.82,56.91,25.91,Cash On Delivery,Tablet,Marketplace,Delivered,4
ORD003851,2025-09-07,C00791,Charlotte King,charlotte.king791@example.com,Canada,Quebec,P008,Webcam HD,ELECTRONICS,Computers,2,63.95,0.2,102.32,78.98,23.34,Credit Card,Desktop,Website,Shipped,0
ORD003852,2024-02-01,C00266,Jack Thomas,jack.thomas266@example.com,Uk,Wales,P002,Bluetooth Speaker,ELECTRONICS,Audio,1,51.42,0.1,46.28,31.07,15.21,Paypal,Desktop,Mobile App,Shipped,0
ORD003853,2025-03-02,C00325,Noah Moore,noah.moore325@example.com,India,Delhi,P001,Wireless Headphones,ELECTRONICS,Audio,1,77.48,0.15,65.86,47.33,18.53,Debit Card,Desktop,Mobile App,Delivered,3
ORD003854,2024-11-05,C01448,Evelyn Moore,evelyn.moore1448@example.com,Germany,Saxony,P027,Face Serum,BEAUTY,Skin Care,2,38.66,0.1,69.59,31.2,38.39,Cash On Delivery,Mobile,Website,Delivered,5
ORD003855,2025-01-13,C01278,Leo Hall,leo.hall1278@example.com,Uae,Dubai,P001,Wireless Headphones,ELECTRONICS,Audio,6,79.31,0,475.86,290.17,185.69,Cash On Delivery,Mobile,Mobile App,Delivered,4
ORD003856,2024-01-20,C00054,James Brown,james.brown54@example.com,Uk,Wales,P009,Running Shoes,FASHION,Footwear,1,67.77,0,67.77,36.35,31.42,Credit Card,Desktop,Website,Delivered,5
ORD003857,2024-06-26,C00226,Noah Walker,noah.walker226@example.com,Canada,Alberta,P025,Cycling Helmet,SPORTS,Outdoor,1,69.05,0.2,55.24,38.89,16.35,Paypal,Mobile,Website,Shipped,0
ORD003858,2024-08-06,C01650,Nora Anderson,nora.anderson1650@example.com,Uae,Dubai,P017,Air Fryer,HOME & KITCHEN,Appliances,3,120.53,0.15,307.35,235.18,72.17,Paypal,Desktop,Social Commerce,Delivered,5
ORD003859,2026-06-25,C01406,Noah Hall,noah.hall1406@example.com,Canada,British Columbia,P031,Novel Set,BOOKS,Fiction,1,38.09,0,38.09,19.54,18.55,Debit Card,Desktop,Mobile App,Delivered,5
ORD003860,2025-02-20,C00487,Aarav Taylor,aarav.taylor487@example.com,France,Provence,P031,Novel Set,BOOKS,Fiction,1,42.77,0.15,36.35,20.76,15.59,Credit Card,Mobile,Website,Shipped,0
ORD003861,2024-10-01,C01315,Nora Wright,nora.wright1315@example.com,Uae,Dubai,P032,Data Analytics Book,BOOKS,Education,4,50.06,0.05,190.23,90.69,99.54,Paypal,Tablet,Marketplace,Delivered,5
ORD003862,2025-08-21,C00058,Noah Wright,noah.wright58@example.com,Uae,Sharjah,P027,Face Serum,BEAUTY,Skin Care,1,35.76,0.05,33.97,14.82,19.15,Debit Card,Mobile,Mobile App,Delivered,3
ORD003863,2024-12-09,C01068,Adam Young,adam.young1068@example.com,India,Gujarat,P017,Air Fryer,HOME & KITCHEN,Appliances,3,124.62,0,373.86,237.39,136.47,Paypal,Mobile,Website,Delivered,5
ORD003864,2025-12-30,C00104,Mason Taylor,mason.taylor104@example.com,Canada,Ontario,P001,Wireless Headphones,ELECTRONICS,Audio,2,85.1,0.1,153.18,109.05,44.13,Debit Card,Desktop,Marketplace,Delivered,4
ORD003865,2025-01-25,C01039,Layla Clark,layla.clark1039@example.com,Australia,New South Wales,P012,Cotton T-Shirt,FASHION,Apparel,2,19.68,0.1,35.42,17.85,17.57,Credit Card,Mobile,Social Commerce,Delivered,3
ORD003866,2024-10-25,C00547,Aria Walker,aria.walker547@example.com,France,Occitanie,P013,Hoodie,FASHION,Apparel,1,42.57,0.15,36.18,20.95,15.23,Paypal,Desktop,Mobile App,Delivered,4
ORD003867,2024-11-03,C00163,Adam Hall,adam.hall163@example.com,Uk,Wales,P007,Wireless Mouse,ELECTRONICS,Computers,2,34.24,0,68.48,34.01,34.47,Paypal,Mobile,Website,Delivered,4
ORD003868,2024-03-10,C00809,Daniel Wilson,daniel.wilson809@example.com,India,Tamil Nadu,P002,Bluetooth Speaker,ELECTRONICS,Audio,1,51.17,0.15,43.49,30.18,13.31,Bank Transfer,Mobile,Mobile App,Delivered,1
ORD003869,2026-05-26,C00208,Leo Anderson,leo.anderson208@example.com,Australia,Victoria,P004,USB-C Charger,ELECTRONICS,Accessories,2,27.97,0.1,50.35,26.13,24.22,Debit Card,Desktop,Mobile App,Delivered,5
ORD003870,2025-07-11,C00687,Sophia Walker,sophia.walker687@example.com,Usa,Texas,P020,Storage Boxes,HOME & KITCHEN,Storage,4,27.08,0.1,97.49,53.79,43.7,Paypal,Mobile,Website,Delivered,2
ORD003871,2025-10-27,C00127,Aarav Williams,aarav.williams127@example.com,Australia,New South Wales,P035,Remote Control Car,TOYS,Vehicles,3,45.51,0,136.53,78.31,58.22,Paypal,Mobile,Mobile App,Cancelled,0
ORD003872,2024-02-22,C01033,Leo Smith,leo.smith1033@example.com,India,Tamil Nadu,P017,Air Fryer,HOME & KITCHEN,Appliances,3,132.63,0,397.89,253.61,144.28,Credit Card,Desktop,Marketplace,Delivered,4
ORD003873,2024-05-10,C01366,Emma Wilson,emma.wilson1366@example.com,Canada,British Columbia,P020,Storage Boxes,HOME & KITCHEN,Storage,2,31.06,0,62.12,29.57,32.55,Credit Card,Mobile,Social Commerce,Delivered,5
ORD003874,2024-07-29,C00464,Ava Walker,ava.walker464@example.com,Uk,England,P015,Backpack,FASHION,Bags,1,51.76,0.1,46.58,27.92,18.66,Credit Card,Desktop,Mobile App,Delivered,4
ORD003875,2024-12-23,C00694,Leo Lewis,leo.lewis694@example.com,France,Normandy,P005,Laptop Stand,ELECTRONICS,Accessories,3,41.97,0.05,119.61,64.9,54.71,Paypal,Mobile,Marketplace,Delivered,4
ORD003876,2026-07-18,C01644,Olivia Walker,olivia.walker1644@example.com,Uk,England,P012,Cotton T-Shirt,FASHION,Apparel,2,18.58,0,37.16,17.09,20.07,Paypal,Mobile,Website,Delivered,5
ORD003877,2025-07-15,C00894,Harper Johnson,harper.johnson894@example.com,Germany,Berlin,P024,Football,SPORTS,Outdoor,3,33.06,0.2,79.34,49.41,29.93,Credit Card,Mobile,Mobile App,Delivered,5
ORD003878,2024-04-28,C01612,Emma Wilson,emma.wilson1612@example.com,Usa,California,P017,Air Fryer,HOME & KITCHEN,Appliances,2,121.1,0,242.2,152.89,89.31,Credit Card,Tablet,Website,Shipped,0
ORD003879,2025-02-15,C01141,Aarav Johnson,aarav.johnson1141@example.com,Australia,Western Australia,P026,Water Bottle,SPORTS,Accessories,1,20.02,0,20.02,8.56,11.46,Credit Card,Mobile,Mobile App,Delivered,1
ORD003880,2024-04-14,C00788,Isabella Patel,isabella.patel788@example.com,Germany,Berlin,P018,Non-stick Pan,HOME & KITCHEN,Cookware,1,33.09,0.15,28.13,16.3,11.83,Paypal,Mobile,Website,Delivered,4
ORD003882,2025-07-07,C00923,Ethan Anderson,ethan.anderson923@example.com,Usa,New York,P002,Bluetooth Speaker,ELECTRONICS,Audio,4,54.3,0.2,173.76,128.62,45.14,Credit Card,Desktop,Mobile App,Delivered,3
ORD003883,2025-07-08,C01753,Zoe Garcia,zoe.garcia1753@example.com,Uae,Dubai,P034,Building Blocks,TOYS,Educational,4,34.02,0.25,102.06,67.83,34.23,Debit Card,Mobile,Mobile App,Delivered,4
ORD003884,2024-02-18,C00166,Henry Walker,henry.walker166@example.com,France,Ile-de-France,P032,Data Analytics Book,BOOKS,Education,2,43.57,0.05,82.78,40.69,42.09,Credit Card,Mobile,Mobile App,Delivered,5
ORD003885,2024-08-19,C00511,Emma Williams,emma.williams511@example.com,Usa,Illinois,P027,Face Serum,BEAUTY,Skin Care,5,36.96,0.1,166.32,79.1,87.22,Credit Card,Mobile,Website,Delivered,3
ORD003886,2024-11-01,C00251,Liam Walker,liam.walker251@example.com,Germany,Saxony,P010,Casual Sneakers,FASHION,Footwear,5,56.46,0.15,239.96,154.95,85.01,Credit Card,Mobile,Mobile App,Delivered,4
ORD003887,2026-03-28,C01281,Grace Smith,grace.smith1281@example.com,India,Gujarat,P001,Wireless Headphones,ELECTRONICS,Audio,3,73.94,0,221.82,135.02,86.8,Debit Card,Desktop,Website,Returned,5
ORD003888,2025-01-19,C00190,Mia Patel,mia.patel190@example.com,Australia,Western Australia,P017,Air Fryer,HOME & KITCHEN,Appliances,1,111.56,0.05,105.98,75.36,30.62,Credit Card,Mobile,Mobile App,Processing,0
ORD003889,2024-12-29,C00779,Aria Lee,aria.lee779@example.com,Uk,Wales,P017,Air Fryer,HOME & KITCHEN,Appliances,3,122.77,0,368.31,233.24,135.07,Paypal,Mobile,Marketplace,Delivered,5
ORD003890,2026-05-30,C01218,Sophia Brown,sophia.brown1218@example.com,Usa,Florida,P005,Laptop Stand,ELECTRONICS,Accessories,4,38.71,0,154.84,77.64,77.2,Paypal,Desktop,Mobile App,Delivered,5
ORD003891,2025-03-26,C00254,Ava Williams,ava.williams254@example.com,Uae,Abu Dhabi,P001,Wireless Headphones,ELECTRONICS,Audio,1,81.62,0,81.62,51.92,29.7,Bank Transfer,Mobile,Marketplace,Delivered,5
ORD003892,2024-09-10,C01234,Adam Lewis,adam.lewis1234@example.com,Germany,Bavaria,P007,Wireless Mouse,ELECTRONICS,Computers,2,33.83,0,67.66,32.5,35.16,Credit Card,Desktop,Mobile App,Delivered,3
ORD003893,2025-12-17,C00865,Leo Clark,leo.clark865@example.com,France,Ile-de-France,P002,Bluetooth Speaker,ELECTRONICS,Audio,3,52.69,0,158.07,92.45,65.62,Credit Card,Mobile,Website,Delivered,4
ORD003894,2025-08-22,C00385,Sophia Taylor,sophia.taylor385@example.com,Uae,Dubai,P015,Backpack,FASHION,Bags,2,51.66,0.25,77.49,55.23,22.26,Credit Card,Mobile,Mobile App,Delivered,4
ORD003895,2025-02-14,C01421,Harper Smith,harper.smith1421@example.com,Australia,Queensland,P006,Mechanical Keyboard,ELECTRONICS,Computers,3,86.28,0.05,245.9,166.53,79.37,Credit Card,Tablet,Mobile App,Delivered,5
ORD003896,2024-06-08,C00452,Aarav Clark,aarav.clark452@example.com,Uk,Wales,P006,Mechanical Keyboard,ELECTRONICS,Computers,1,93.86,0.15,79.78,58.81,20.97,Paypal,Mobile,Website,Delivered,4
ORD003897,2024-07-07,C01041,Isabella Clark,isabella.clark1041@example.com,India,Tamil Nadu,P031,Novel Set,BOOKS,Fiction,1,42.65,0,42.65,21.54,21.11,Bank Transfer,Mobile,Mobile App,Delivered,4
ORD003898,2025-10-28,C00225,Aarav Martin,aarav.martin225@example.com,France,Provence,P036,Puzzle 1000pc,TOYS,Games,1,19.11,0.15,16.24,8.22,8.02,Paypal,Desktop,Website,Returned,5
ORD003899,2024-09-21,C00386,Zoe Lewis,zoe.lewis386@example.com,Uae,Sharjah,P030,Perfume,BEAUTY,Fragrance,1,64.85,0,64.85,32.95,31.9,Paypal,Tablet,Website,Delivered,5
ORD003900,2024-03-07,C00540,Nora Young,nora.young540@example.com,Uk,England,P019,Knife Set,HOME & KITCHEN,Cookware,2,56.98,0.1,102.56,62.49,40.07,Paypal,Mobile,Website,Cancelled,0
ORD003901,2024-10-05,C00735,Lucas Patel,lucas.patel735@example.com,India,Maharashtra,P025,Cycling Helmet,SPORTS,Outdoor,1,71.89,0.15,61.11,41.42,19.69,Credit Card,Mobile,Website,Delivered,5
ORD003902,2026-06-14,C01465,Henry Lee,henry.lee1465@example.com,Uk,Wales,P005,Laptop Stand,ELECTRONICS,Accessories,2,41.96,0.05,79.72,43.79,35.93,Credit Card,Mobile,Marketplace,Shipped,0
ORD003903,2024-10-05,C00872,James Anderson,james.anderson872@example.com,Germany,Hesse,P012,Cotton T-Shirt,FASHION,Apparel,2,18.6,0.05,35.34,16.47,18.87,Paypal,Tablet,Website,Delivered,5
ORD003904,2026-03-28,C01695,Nora Smith,nora.smith1695@example.com,Usa,Florida,P030,Perfume,BEAUTY,Fragrance,1,70.07,0.2,56.06,35.07,20.99,Credit Card,Mobile,Website,Shipped,0
ORD003905,2025-07-17,C00336,Emma Martin,emma.martin336@example.com,India,Gujarat,P031,Novel Set,BOOKS,Fiction,2,40.94,0,81.88,41.65,40.23,Bank Transfer,Tablet,Website,Delivered,4
ORD003906,2024-10-06,C00458,Owen Wilson,owen.wilson458@example.com,Uk,Wales,P010,Casual Sneakers,FASHION,Footwear,1,60.3,0.2,48.24,32.4,15.84,Cash On Delivery,Mobile,Website,Delivered,3
ORD003907,2025-02-26,C00007,Emma Wilson,emma.wilson7@example.com,Uk,Scotland,P035,Remote Control Car,TOYS,Vehicles,3,44.67,0.05,127.31,73.98,53.33,Cash On Delivery,Desktop,Website,Delivered,4
ORD003908,2025-02-24,C00858,Adam Smith,adam.smith858@example.com,Uae,Abu Dhabi,P026,Water Bottle,SPORTS,Accessories,1,17.31,0.1,15.58,7.24,8.34,Credit Card,Desktop,Social Commerce,Processing,0
ORD003909,2025-04-09,C01795,Charlotte Young,charlotte.young1795@example.com,Uae,Sharjah,P019,Knife Set,HOME & KITCHEN,Cookware,1,59.44,0,59.44,32.71,26.73,Bank Transfer,Mobile,Website,Returned,4
ORD003910,2024-04-23,C01112,Jack Young,jack.young1112@example.com,India,Tamil Nadu,P024,Football,SPORTS,Outdoor,1,28.69,0.1,25.82,13.42,12.4,Credit Card,Desktop,Website,Delivered,4
ORD003911,2024-03-10,C00293,Chloe Wright,chloe.wright293@example.com,Uk,Wales,P017,Air Fryer,HOME & KITCHEN,Appliances,1,132.43,0,132.43,87.08,45.35,Cash On Delivery,Desktop,Mobile App,Delivered,4
ORD003912,2024-03-10,C00251,Liam Walker,liam.walker251@example.com,Australia,Western Australia,P002,Bluetooth Speaker,ELECTRONICS,Audio,2,54.84,0.05,104.2,63.27,40.93,Credit Card,Mobile,Mobile App,Delivered,1
ORD003913,2025-11-10,C00404,Mia Wright,mia.wright404@example.com,Germany,Saxony,P026,Water Bottle,SPORTS,Accessories,4,18.44,0,73.76,31.07,42.69,Credit Card,Mobile,Website,Shipped,0
ORD003914,2026-01-09,C01239,Mason Hall,mason.hall1239@example.com,India,Karnataka,P021,Desk Lamp,HOME & KITCHEN,Lighting,1,32.08,0.1,28.87,15.84,13.03,Paypal,Mobile,Social Commerce,Delivered,5
ORD003915,2024-09-18,C01793,Harper Brown,harper.brown1793@example.com,Uk,England,P015,Backpack,FASHION,Bags,1,53.13,0,53.13,27.78,25.35,Debit Card,Mobile,Marketplace,Delivered,4
ORD003916,2026-07-30,C01240,Grace Moore,grace.moore1240@example.com,Uae,Sharjah,P036,Puzzle 1000pc,TOYS,Games,3,21.39,0.2,51.34,26.72,24.62,Debit Card,Mobile,Mobile App,Delivered,3
ORD003917,2024-02-12,C01283,Nora Lewis,nora.lewis1283@example.com,France,Ile-de-France,P008,Webcam HD,ELECTRONICS,Computers,1,55.43,0.05,52.66,33.54,19.12,Debit Card,Tablet,Mobile App,Delivered,5
ORD003918,2026-07-16,C00766,Chloe Taylor,chloe.taylor766@example.com,Uk,Wales,P035,Remote Control Car,TOYS,Vehicles,2,49.07,0.05,93.23,54.74,38.49,Credit Card,Mobile,Website,Processing,0
ORD003919,2024-01-02,C00931,Chloe Wright,chloe.wright931@example.com,Canada,Ontario,P016,Coffee Maker,HOME & KITCHEN,Appliances,1,100.04,0.1,90.04,64.38,25.66,Paypal,Desktop,Mobile App,Delivered,3
ORD003920,2026-07-25,C00624,Elijah Johnson,elijah.johnson624@example.com,Uk,Scotland,P022,Yoga Mat,SPORTS,Fitness,1,23.81,0.05,22.62,11.14,11.48,Paypal,Tablet,Website,Delivered,3
ORD003921,2024-02-07,C01562,Adam Lee,adam.lee1562@example.com,Australia,Victoria,P017,Air Fryer,HOME & KITCHEN,Appliances,1,118.82,0.1,106.94,75.98,30.96,Debit Card,Mobile,Mobile App,Delivered,3
ORD003922,2026-04-26,C01558,James Anderson,james.anderson1558@example.com,Usa,Florida,P015,Backpack,FASHION,Bags,1,54.45,0.15,46.28,28.46,17.82,Cash On Delivery,Mobile,Website,Delivered,4
ORD003923,2024-10-04,C01561,Adam Wilson,adam.wilson1561@example.com,Canada,Quebec,P021,Desk Lamp,HOME & KITCHEN,Lighting,2,36.31,0.05,68.99,36.35,32.64,Bank Transfer,Desktop,Mobile App,Delivered,3
ORD003924,2024-02-07,C01797,Daniel Clark,daniel.clark1797@example.com,India,Delhi,P036,Puzzle 1000pc,TOYS,Games,1,18.74,0.1,16.87,7.77,9.1,Credit Card,Mobile,Website,Shipped,0
ORD003925,2025-03-08,C01414,James Martin,james.martin1414@example.com,Uae,Sharjah,P032,Data Analytics Book,BOOKS,Education,2,44.05,0,88.1,42.63,45.47,Credit Card,Mobile,Website,Delivered,5
ORD003926,2024-09-09,C01459,Mia King,mia.king1459@example.com,Usa,Texas,P012,Cotton T-Shirt,FASHION,Apparel,2,21.56,0.1,38.81,19.23,19.58,Cash On Delivery,Mobile,Marketplace,Delivered,5
ORD003927,2024-05-10,C00626,Nora Wright,nora.wright626@example.com,Australia,Western Australia,P006,Mechanical Keyboard,ELECTRONICS,Computers,1,87.9,0.15,74.72,53.76,20.96,Paypal,Mobile,Website,Delivered,5
ORD003928,2025-04-14,C01098,Henry Smith,henry.smith1098@example.com,France,Ile-de-France,P025,Cycling Helmet,SPORTS,Outdoor,1,70.61,0.1,63.55,40.51,23.04,Credit Card,Desktop,Mobile App,Delivered,2
ORD003929,2025-01-26,C01340,Mason Anderson,mason.anderson1340@example.com,Uae,Dubai,P023,Dumbbell Set,SPORTS,Fitness,3,81.21,0.15,207.09,143.81,63.28,Credit Card,Mobile,Marketplace,Processing,0
ORD003930,2025-02-17,C01289,Elijah Lewis,elijah.lewis1289@example.com,Germany,Berlin,P028,Moisturizer,BEAUTY,Skin Care,6,23.95,0.05,136.51,58.89,77.62,Credit Card,Mobile,Website,Shipped,0
ORD003931,2025-07-18,C01566,Sophia Young,sophia.young1566@example.com,Usa,Illinois,P035,Remote Control Car,TOYS,Vehicles,1,44.31,0,44.31,24.26,20.05,Credit Card,Tablet,Website,Delivered,5
ORD003932,2024-03-12,C00410,Charlotte Wright,charlotte.wright410@example.com,India,Tamil Nadu,P022,Yoga Mat,SPORTS,Fitness,5,23.07,0,115.35,54.55,60.8,Credit Card,Mobile,Social Commerce,Delivered,4
ORD003933,2024-05-15,C01731,Lucas Moore,lucas.moore1731@example.com,Germany,Bavaria,P027,Face Serum,BEAUTY,Skin Care,2,34.2,0.15,58.14,29.85,28.29,Debit Card,Tablet,Marketplace,Delivered,3
ORD003934,2026-04-17,C00089,James Brown,james.brown89@example.com,France,Provence,P007,Wireless Mouse,ELECTRONICS,Computers,1,33.76,0.05,32.07,17.35,14.72,Paypal,Mobile,Marketplace,Delivered,4
ORD003935,2024-03-02,C01553,Daniel King,daniel.king1553@example.com,Germany,Saxony,P027,Face Serum,BEAUTY,Skin Care,1,35.88,0.25,26.91,15.28,11.63,Credit Card,Mobile,Website,Delivered,4
ORD003936,2025-01-13,C01237,Mia Anderson,mia.anderson1237@example.com,Germany,Berlin,P015,Backpack,FASHION,Bags,1,55.14,0.1,49.63,29.99,19.64,Credit Card,Desktop,Mobile App,Delivered,5
ORD003937,2026-03-16,C01021,Nora Brown,nora.brown1021@example.com,Uae,Abu Dhabi,P032,Data Analytics Book,BOOKS,Education,2,48.36,0.1,87.05,45.77,41.28,Cash On Delivery,Desktop,Website,Delivered,4
ORD003938,2025-04-26,C01015,Zoe Smith,zoe.smith1015@example.com,France,Normandy,P033,Cookbook,BOOKS,Lifestyle,3,28.06,0.1,75.76,37.21,38.55,Debit Card,Desktop,Mobile App,Shipped,0
ORD003940,2024-04-19,C01237,Mia Anderson,mia.anderson1237@example.com,Usa,Texas,P016,Coffee Maker,HOME & KITCHEN,Appliances,2,83.2,0,166.4,107.05,59.35,Credit Card,Desktop,Website,Delivered,5
ORD003941,2026-04-13,C00348,Mason Anderson,mason.anderson348@example.com,Australia,New South Wales,P018,Non-stick Pan,HOME & KITCHEN,Cookware,4,38.22,0.1,137.59,74.9,62.69,Credit Card,Desktop,Social Commerce,Shipped,0
ORD003942,2024-09-28,C00993,Ava Johnson,ava.johnson993@example.com,Usa,New York,P026,Water Bottle,SPORTS,Accessories,1,19.57,0.1,17.61,8.13,9.48,Debit Card,Mobile,Website,Delivered,5
ORD003943,2024-08-22,C00558,Sophia Wright,sophia.wright558@example.com,Australia,Victoria,P028,Moisturizer,BEAUTY,Skin Care,2,26.89,0.25,40.34,21.66,18.68,Credit Card,Mobile,Mobile App,Delivered,5
ORD003944,2026-05-02,C00665,Layla Young,layla.young665@example.com,Uk,Wales,P029,Hair Dryer,BEAUTY,Hair Care,1,50.31,0.15,42.76,27.32,15.44,Bank Transfer,Desktop,Marketplace,Delivered,5
ORD003945,2026-03-25,C00571,Liam Lewis,liam.lewis571@example.com,Australia,Western Australia,P035,Remote Control Car,TOYS,Vehicles,1,45.33,0.15,38.53,26.79,11.74,Bank Transfer,Mobile,Website,Delivered,4
ORD003946,2025-12-09,C00455,Ethan Johnson,ethan.johnson455@example.com,France,Occitanie,P003,Smart Watch,ELECTRONICS,Wearables,1,131.84,0.05,125.25,91.56,33.69,Paypal,Desktop,Mobile App,Delivered,4
ORD003947,2026-04-11,C00371,Elijah Martin,elijah.martin371@example.com,Usa,Texas,P031,Novel Set,BOOKS,Fiction,2,39.85,0.05,75.72,40.18,35.54,Credit Card,Desktop,Mobile App,Delivered,3
ORD003948,2026-02-07,C00281,Ethan Clark,ethan.clark281@example.com,Usa,Florida,P005,Laptop Stand,ELECTRONICS,Accessories,2,38.31,0.25,57.47,40.1,17.37,Paypal,Tablet,Mobile App,Delivered,3
ORD003949,2026-05-27,C01558,James Anderson,james.anderson1558@example.com,France,Occitanie,P008,Webcam HD,ELECTRONICS,Computers,1,65.7,0,65.7,39.08,26.62,Credit Card,Desktop,Mobile App,Delivered,4
ORD003950,2024-06-03,C00695,Harper Lewis,harper.lewis695@example.com,India,Karnataka,P034,Building Blocks,TOYS,Educational,1,33.96,0,33.96,16.44,17.52,Debit Card,Mobile,Website,Delivered,4
ORD003951,2025-03-17,C00804,Leo Lewis,leo.lewis804@example.com,Australia,New South Wales,P028,Moisturizer,BEAUTY,Skin Care,1,24.75,0,24.75,9.55,15.2,Bank Transfer,Desktop,Mobile App,Delivered,3
ORD003952,2024-10-02,C00847,Leo King,leo.king847@example.com,Germany,Bavaria,P008,Webcam HD,ELECTRONICS,Computers,1,60.81,0,60.81,37.89,22.92,Credit Card,Desktop,Website,Delivered,3
ORD003953,2024-06-29,C00131,Ava Moore,ava.moore131@example.com,Australia,Victoria,P004,USB-C Charger,ELECTRONICS,Accessories,1,23.24,0,23.24,11.16,12.08,Bank Transfer,Desktop,Website,Delivered,5
ORD003954,2024-05-19,C00462,Emma Thomas,emma.thomas462@example.com,Uae,Sharjah,P031,Novel Set,BOOKS,Fiction,1,41.79,0.15,35.52,20.5,15.02,Paypal,Mobile,Website,Delivered,5
ORD003955,2026-02-05,C01686,Aria Williams,aria.williams1686@example.com,Australia,Victoria,P035,Remote Control Car,TOYS,Vehicles,1,45.62,0.15,38.78,25.46,13.32,Paypal,Desktop,Mobile App,Cancelled,0
ORD003956,2026-05-07,C00908,Noah Garcia,noah.garcia908@example.com,Australia,Western Australia,P023,Dumbbell Set,SPORTS,Fitness,3,74.93,0.25,168.59,135.08,33.51,Credit Card,Desktop,Mobile App,Delivered,3
ORD003957,2025-04-03,C00611,Ethan Williams,ethan.williams611@example.com,Uk,Wales,P018,Non-stick Pan,HOME & KITCHEN,Cookware,1,33.65,0.15,28.6,17.66,10.94,Credit Card,Mobile,Marketplace,Delivered,5
ORD003958,2025-07-24,C01751,Harper Johnson,harper.johnson1751@example.com,Canada,Quebec,P026,Water Bottle,SPORTS,Accessories,1,16.58,0,16.58,7.1,9.48,Paypal,Mobile,Social Commerce,Delivered,4
ORD003959,2026-04-25,C01157,Zoe Lewis,zoe.lewis1157@example.com,Germany,Berlin,P021,Desk Lamp,HOME & KITCHEN,Lighting,2,33.84,0,67.68,33.76,33.92,Credit Card,Mobile,Website,Delivered,4
ORD003960,2024-08-14,C00083,Noah Brown,noah.brown83@example.com,Germany,Hesse,P003,Smart Watch,ELECTRONICS,Wearables,3,139.72,0,419.16,273.16,146,Cash On Delivery,Desktop,Website,Shipped,0
ORD003962,2025-06-09,C00189,Liam Moore,liam.moore189@example.com,Uk,England,P021,Desk Lamp,HOME & KITCHEN,Lighting,1,33.56,0.15,28.53,16.96,11.57,Cash On Delivery,Mobile,Mobile App,Delivered,3
ORD003963,2024-08-06,C01278,Leo Hall,leo.hall1278@example.com,Uae,Dubai,P034,Building Blocks,TOYS,Educational,1,35.28,0,35.28,17.47,17.81,Paypal,Mobile,Marketplace,Shipped,0
ORD003964,2025-02-17,C01677,Adam Martin,adam.martin1677@example.com,Uae,Abu Dhabi,P035,Remote Control Car,TOYS,Vehicles,1,42.55,0.1,38.3,23.76,14.54,Debit Card,Desktop,Mobile App,Delivered,1
ORD003965,2024-08-07,C01532,Chloe Wright,chloe.wright1532@example.com,Usa,New York,P001,Wireless Headphones,ELECTRONICS,Audio,1,86.93,0,86.93,54.31,32.62,Paypal,Mobile,Marketplace,Delivered,5
ORD003966,2024-06-18,C01091,Mason Hall,mason.hall1091@example.com,France,Occitanie,P010,Casual Sneakers,FASHION,Footwear,2,56.46,0.25,84.69,61.09,23.6,Credit Card,Tablet,Marketplace,Processing,0
ORD003967,2026-04-17,C00438,Henry Young,henry.young438@example.com,Uae,Dubai,P007,Wireless Mouse,ELECTRONICS,Computers,1,37.75,0.15,32.09,18.75,13.34,Credit Card,Mobile,Mobile App,Delivered,3
ORD003968,2025-01-02,C01457,James Taylor,james.taylor1457@example.com,India,Karnataka,P005,Laptop Stand,ELECTRONICS,Accessories,3,38.96,0,116.88,62.22,54.66,Paypal,Mobile,Social Commerce,Delivered,2
ORD003969,2025-02-15,C00356,Emma Anderson,emma.anderson356@example.com,France,Provence,P026,Water Bottle,SPORTS,Accessories,1,17.67,0.15,15.02,7.47,7.55,Debit Card,Desktop,Mobile App,Delivered,5
ORD003970,2025-03-25,C00556,Leo Wright,leo.wright556@example.com,Usa,Florida,P021,Desk Lamp,HOME & KITCHEN,Lighting,3,35.75,0.15,91.16,54.91,36.25,Credit Card,Mobile,Mobile App,Delivered,2
ORD003971,2024-01-04,C00816,Evelyn Taylor,evelyn.taylor816@example.com,Uk,Wales,P021,Desk Lamp,HOME & KITCHEN,Lighting,1,35.28,0.15,29.99,17.38,12.61,Credit Card,Mobile,Website,Delivered,5
ORD003972,2025-01-17,C00418,Lucas Brown,lucas.brown418@example.com,Uae,Abu Dhabi,P024,Football,SPORTS,Outdoor,2,30.1,0,60.2,29.96,30.24,Cash On Delivery,Mobile,Mobile App,Shipped,0
ORD003973,2024-10-13,C00272,Harper Lewis,harper.lewis272@example.com,India,Gujarat,P018,Non-stick Pan,HOME & KITCHEN,Cookware,1,32.72,0.2,26.18,16.35,9.83,Credit Card,Mobile,Mobile App,Delivered,4
ORD003974,2024-04-05,C01665,James Patel,james.patel1665@example.com,Germany,Saxony,P032,Data Analytics Book,BOOKS,Education,1,46.79,0.2,37.43,21.33,16.1,Credit Card,Desktop,Website,Delivered,2
ORD003975,2025-06-13,C01265,Liam Moore,liam.moore1265@example.com,Canada,Ontario,P029,Hair Dryer,BEAUTY,Hair Care,3,48.94,0,146.82,83.66,63.16,Paypal,Mobile,Website,Delivered,4
ORD003976,2024-07-19,C00501,Mia Williams,mia.williams501@example.com,France,Normandy,P002,Bluetooth Speaker,ELECTRONICS,Audio,1,53.13,0.1,47.82,32.14,15.68,Credit Card,Mobile,Website,Delivered,3
ORD003977,2024-01-30,C01450,Noah Lewis,noah.lewis1450@example.com,Uk,Scotland,P022,Yoga Mat,SPORTS,Fitness,2,24.13,0.15,41.02,22.43,18.59,Credit Card,Mobile,Marketplace,Cancelled,0
ORD003978,2024-02-29,C00736,Evelyn Moore,evelyn.moore736@example.com,Germany,Bavaria,P012,Cotton T-Shirt,FASHION,Apparel,1,19.41,0.05,18.44,8.69,9.75,Paypal,Tablet,Mobile App,Delivered,1
ORD003979,2025-02-25,C01283,Nora Lewis,nora.lewis1283@example.com,Australia,Western Australia,P033,Cookbook,BOOKS,Lifestyle,3,30.82,0,92.46,43.79,48.67,Credit Card,Tablet,Website,Delivered,5
ORD003980,2024-10-24,C00900,Emma Patel,emma.patel900@example.com,India,Gujarat,P005,Laptop Stand,ELECTRONICS,Accessories,1,40.85,0.2,32.68,21.54,11.14,Paypal,Desktop,Mobile App,Delivered,3
ORD003981,2025-09-29,C01325,Adam King,adam.king1325@example.com,India,Tamil Nadu,P003,Smart Watch,ELECTRONICS,Wearables,2,142.59,0.15,242.4,197.37,45.03,Cash On Delivery,Desktop,Website,Delivered,5
ORD003982,2024-10-08,C00964,Layla Thomas,layla.thomas964@example.com,Germany,Bavaria,P024,Football,SPORTS,Outdoor,5,31.75,0.1,142.88,76.88,66,Bank Transfer,Desktop,Website,Delivered,4
ORD003983,2024-01-25,C01002,Layla Wilson,layla.wilson1002@example.com,Uae,Abu Dhabi,P021,Desk Lamp,HOME & KITCHEN,Lighting,1,33.35,0.05,31.68,17.11,14.57,Paypal,Desktop,Mobile App,Delivered,2
ORD003984,2025-06-13,C01466,Mason King,mason.king1466@example.com,Usa,Florida,P022,Yoga Mat,SPORTS,Fitness,2,25.24,0,50.48,23.91,26.57,Credit Card,Desktop,Marketplace,Delivered,4
ORD003985,2026-02-19,C01146,Harper Garcia,harper.garcia1146@example.com,Usa,Florida,P020,Storage Boxes,HOME & KITCHEN,Storage,1,30.12,0.05,28.61,14.71,13.9,Credit Card,Desktop,Website,Returned,1
ORD003986,2025-12-11,C01381,Jack Garcia,jack.garcia1381@example.com,India,Delhi,P030,Perfume,BEAUTY,Fragrance,3,66.04,0.1,178.31,100.25,78.06,Cash On Delivery,Desktop,Mobile App,Delivered,5
ORD003987,2025-12-06,C00168,Ava Smith,ava.smith168@example.com,India,Maharashtra,P007,Wireless Mouse,ELECTRONICS,Computers,1,36.93,0.1,33.24,19.17,14.07,Debit Card,Mobile,Mobile App,Delivered,5
ORD003988,2025-06-22,C01757,Emma Thomas,emma.thomas1757@example.com,France,Occitanie,P029,Hair Dryer,BEAUTY,Hair Care,2,53.94,0.1,97.09,60.25,36.84,Debit Card,Desktop,Social Commerce,Delivered,5
ORD003989,2024-01-12,C01521,Henry Young,henry.young1521@example.com,Usa,Illinois,P013,Hoodie,FASHION,Apparel,4,50,0.1,180,103.67,76.33,Debit Card,Tablet,Website,Delivered,5
ORD003990,2024-02-08,C01451,Chloe Martin,chloe.martin1451@example.com,Australia,Queensland,P012,Cotton T-Shirt,FASHION,Apparel,1,22.29,0.25,16.72,10.4,6.32,Paypal,Tablet,Website,Delivered,5
ORD003991,2025-01-01,C01057,Henry Patel,henry.patel1057@example.com,Germany,Berlin,P033,Cookbook,BOOKS,Lifestyle,3,32.13,0,96.39,44.33,52.06,Credit Card,Mobile,Website,Delivered,2
ORD003992,2024-10-26,C01498,Mia Thomas,mia.thomas1498@example.com,Germany,Bavaria,P010,Casual Sneakers,FASHION,Footwear,1,50.84,0.05,48.3,26.55,21.75,Debit Card,Tablet,Website,Cancelled,0
ORD003993,2025-07-31,C00201,Nora Wilson,nora.wilson201@example.com,Australia,New South Wales,P028,Moisturizer,BEAUTY,Skin Care,1,24.38,0.05,23.16,9.41,13.75,Bank Transfer,Mobile,Website,Delivered,5
ORD003994,2026-07-19,C01110,Elijah Patel,elijah.patel1110@example.com,Australia,Queensland,P023,Dumbbell Set,SPORTS,Fitness,1,75.79,0.05,72,44.58,27.42,Bank Transfer,Mobile,Website,Delivered,5
ORD003995,2025-08-16,C01689,Grace Lee,grace.lee1689@example.com,India,Tamil Nadu,P020,Storage Boxes,HOME & KITCHEN,Storage,2,29.75,0.1,53.55,28.54,25.01,Debit Card,Desktop,Website,Processing,0
ORD003996,2024-04-20,C01715,Adam Hall,adam.hall1715@example.com,Canada,Quebec,P015,Backpack,FASHION,Bags,2,48.7,0.15,82.79,53.22,29.57,Credit Card,Desktop,Mobile App,Delivered,4
ORD003997,2025-10-27,C00392,Henry Wright,henry.wright392@example.com,Canada,Ontario,P036,Puzzle 1000pc,TOYS,Games,1,20.21,0.05,19.2,8.92,10.28,Cash On Delivery,Desktop,Website,Delivered,1
ORD003998,2025-08-20,C01143,Mia Patel,mia.patel1143@example.com,Australia,New South Wales,P027,Face Serum,BEAUTY,Skin Care,1,35.9,0,35.9,15.58,20.32,Credit Card,Mobile,Website,Delivered,3
ORD003999,2026-06-20,C00154,Leo Moore,leo.moore154@example.com,Germany,Saxony,P003,Smart Watch,ELECTRONICS,Wearables,1,125.41,0.25,94.06,83.72,10.34,Paypal,Tablet,Mobile App,Delivered,3
ORD004000,2026-01-12,C01580,Lucas Moore,lucas.moore1580@example.com,Germany,Berlin,P021,Desk Lamp,HOME & KITCHEN,Lighting,2,31.48,0.1,56.66,32.09,24.57,Credit Card,Mobile,Website,Delivered,2
ORD004001,2025-12-06,C00240,Chloe King,chloe.king240@example.com,Uae,Abu Dhabi,P002,Bluetooth Speaker,ELECTRONICS,Audio,1,53.21,0.05,50.55,31.29,19.26,Paypal,Desktop,Website,Delivered,5
ORD004002,2025-12-23,C01312,Emma Anderson,emma.anderson1312@example.com,India,Delhi,P027,Face Serum,BEAUTY,Skin Care,1,37.83,0.2,30.26,16.16,14.1,Credit Card,Desktop,Website,Delivered,3
ORD004003,2025-05-03,C00718,Olivia Garcia,olivia.garcia718@example.com,Usa,Texas,P001,Wireless Headphones,ELECTRONICS,Audio,6,85.9,0.2,412.32,307.18,105.14,Credit Card,Mobile,Mobile App,Delivered,5
ORD004004,2024-05-15,C00714,Noah Garcia,noah.garcia714@example.com,Canada,Alberta,P031,Novel Set,BOOKS,Fiction,3,37.84,0.1,102.17,55.56,46.61,Debit Card,Mobile,Website,Delivered,4
ORD004005,2025-02-25,C01224,Layla Hall,layla.hall1224@example.com,Uk,Wales,P027,Face Serum,BEAUTY,Skin Care,1,39.02,0.05,37.07,16.37,20.7,Debit Card,Desktop,Marketplace,Delivered,4
ORD004006,2025-06-08,C01562,Adam Lee,adam.lee1562@example.com,India,Gujarat,P035,Remote Control Car,TOYS,Vehicles,1,44.01,0.05,41.81,25.13,16.68,Cash On Delivery,Tablet,Mobile App,Delivered,4
ORD004007,2026-05-07,C00948,Noah Clark,noah.clark948@example.com,Germany,Bavaria,P018,Non-stick Pan,HOME & KITCHEN,Cookware,1,37.97,0.05,36.07,19.53,16.54,Cash On Delivery,Mobile,Website,Delivered,3
ORD004008,2024-10-15,C00718,Olivia Garcia,olivia.garcia718@example.com,India,Delhi,P013,Hoodie,FASHION,Apparel,1,43.25,0.05,41.09,21.6,19.49,Paypal,Desktop,Marketplace,Delivered,3
ORD004009,2025-05-15,C00668,Elijah Walker,elijah.walker668@example.com,Usa,Florida,P025,Cycling Helmet,SPORTS,Outdoor,2,66.94,0,133.88,74.22,59.66,Credit Card,Mobile,Marketplace,Delivered,5
ORD004010,2025-06-05,C01704,Jack Hall,jack.hall1704@example.com,Usa,New York,P010,Casual Sneakers,FASHION,Footwear,3,56.6,0,169.8,88.34,81.46,Debit Card,Mobile,Mobile App,Delivered,5
ORD004011,2026-03-16,C00201,Nora Wilson,nora.wilson201@example.com,France,Ile-de-France,P009,Running Shoes,FASHION,Footwear,5,73.75,0,368.75,203,165.75,Paypal,Desktop,Mobile App,Delivered,3
ORD004012,2024-05-05,C00761,Liam Williams,liam.williams761@example.com,Canada,British Columbia,P024,Football,SPORTS,Outdoor,1,32.88,0,32.88,16.36,16.52,Debit Card,Mobile,Marketplace,Delivered,3
ORD004013,2026-04-02,C01671,Emma Williams,emma.williams1671@example.com,Uae,Sharjah,P036,Puzzle 1000pc,TOYS,Games,5,22.18,0,110.9,46.93,63.97,Credit Card,Tablet,Social Commerce,Cancelled,0
ORD004014,2025-02-21,C00776,Harper Taylor,harper.taylor776@example.com,Germany,Bavaria,P023,Dumbbell Set,SPORTS,Fitness,3,74.33,0.1,200.69,126.35,74.34,Debit Card,Desktop,Mobile App,Processing,0
ORD004015,2025-03-19,C00015,Liam Clark,liam.clark15@example.com,Canada,Alberta,P020,Storage Boxes,HOME & KITCHEN,Storage,3,30.67,0.05,87.41,46.72,40.69,Bank Transfer,Desktop,Mobile App,Delivered,4
ORD004016,2025-12-25,C01526,Mason Thomas,mason.thomas1526@example.com,Uk,Scotland,P026,Water Bottle,SPORTS,Accessories,1,19.48,0.1,17.53,8.29,9.24,Debit Card,Mobile,Mobile App,Delivered,5
ORD004017,2024-02-27,C01439,Olivia Anderson,olivia.anderson1439@example.com,India,Delhi,P009,Running Shoes,FASHION,Footwear,1,65.75,0.1,59.18,35.24,23.94,Debit Card,Mobile,Website,Delivered,2
ORD004018,2025-04-03,C01147,Sophia Williams,sophia.williams1147@example.com,Uae,Abu Dhabi,P008,Webcam HD,ELECTRONICS,Computers,3,59.98,0.2,143.95,109.61,34.34,Credit Card,Mobile,Website,Delivered,5
ORD004019,2024-01-04,C01721,Amelia Lewis,amelia.lewis1721@example.com,Uae,Sharjah,P002,Bluetooth Speaker,ELECTRONICS,Audio,1,49.96,0.2,39.97,28.92,11.05,Credit Card,Mobile,Website,Shipped,0
ORD004020,2025-04-21,C01015,Zoe Smith,zoe.smith1015@example.com,Uae,Dubai,P010,Casual Sneakers,FASHION,Footwear,1,59,0.15,50.15,31.01,19.14,Credit Card,Mobile,Marketplace,Delivered,4
ORD004021,2025-12-21,C00996,Layla Moore,layla.moore996@example.com,Canada,British Columbia,P013,Hoodie,FASHION,Apparel,1,45.83,0.25,34.37,23.33,11.04,Debit Card,Mobile,Mobile App,Delivered,5
ORD004022,2024-04-05,C00401,Layla Brown,layla.brown401@example.com,Uk,Scotland,P016,Coffee Maker,HOME & KITCHEN,Appliances,6,84.58,0.05,482.11,312.63,169.48,Paypal,Mobile,Mobile App,Delivered,3
ORD004023,2024-04-16,C00582,Sophia Patel,sophia.patel582@example.com,Uk,England,P032,Data Analytics Book,BOOKS,Education,1,46.43,0.1,41.79,22.46,19.33,Debit Card,Desktop,Website,Delivered,3
ORD004024,2024-12-25,C00985,Lucas Wright,lucas.wright985@example.com,India,Karnataka,P030,Perfume,BEAUTY,Fragrance,3,69.25,0,207.75,105.32,102.43,Cash On Delivery,Desktop,Website,Delivered,2
ORD004025,2024-05-04,C00255,Mason Thomas,mason.thomas255@example.com,Australia,Western Australia,P030,Perfume,BEAUTY,Fragrance,6,72.13,0.1,389.5,223.69,165.81,Credit Card,Mobile,Website,Delivered,4
ORD004026,2024-07-28,C01768,Mia Garcia,mia.garcia1768@example.com,Usa,Florida,P035,Remote Control Car,TOYS,Vehicles,1,44.72,0.1,40.25,24.97,15.28,Cash On Delivery,Mobile,Website,Delivered,5
ORD004027,2024-11-23,C01059,Mason King,mason.king1059@example.com,France,Normandy,P003,Smart Watch,ELECTRONICS,Wearables,2,145.19,0,290.38,193.93,96.45,Paypal,Mobile,Website,Delivered,2
ORD004028,2025-08-22,C00199,Henry Martin,henry.martin199@example.com,Usa,Texas,P015,Backpack,FASHION,Bags,4,55.47,0.15,188.6,115.73,72.87,Credit Card,Desktop,Website,Delivered,4
ORD004029,2024-09-22,C00225,Aarav Martin,aarav.martin225@example.com,Usa,Texas,P018,Non-stick Pan,HOME & KITCHEN,Cookware,1,33.28,0.15,28.29,17.29,11,Credit Card,Mobile,Website,Delivered,5
ORD004030,2025-05-03,C00847,Leo King,leo.king847@example.com,Uk,Wales,P019,Knife Set,HOME & KITCHEN,Cookware,2,56.49,0.15,96.03,65.24,30.79,Cash On Delivery,Tablet,Mobile App,Delivered,5
ORD004031,2025-11-12,C00983,Ava Martin,ava.martin983@example.com,Germany,Bavaria,P012,Cotton T-Shirt,FASHION,Apparel,2,18.54,0.15,31.52,16.37,15.15,Credit Card,Desktop,Mobile App,Delivered,3
ORD004032,2024-11-15,C01501,Harper King,harper.king1501@example.com,Uk,Scotland,P034,Building Blocks,TOYS,Educational,1,33.01,0,33.01,16.67,16.34,Credit Card,Desktop,Website,Shipped,0
ORD004033,2024-12-06,C01605,Amelia Clark,amelia.clark1605@example.com,Uae,Dubai,P019,Knife Set,HOME & KITCHEN,Cookware,3,61.36,0.15,156.47,102.78,53.69,Bank Transfer,Mobile,Website,Shipped,0
ORD004034,2025-09-18,C00847,Leo King,leo.king847@example.com,Usa,California,P011,Denim Jacket,FASHION,Outerwear,1,74.61,0.1,67.15,42.37,24.78,Credit Card,Mobile,Website,Delivered,5
ORD004035,2025-04-18,C01328,Ethan Young,ethan.young1328@example.com,Uk,England,P031,Novel Set,BOOKS,Fiction,3,44.6,0.05,127.11,66.48,60.63,Debit Card,Desktop,Marketplace,Processing,0
ORD004036,2025-01-30,C00368,Layla Thomas,layla.thomas368@example.com,Australia,Queensland,P022,Yoga Mat,SPORTS,Fitness,4,24.89,0,99.56,47.49,52.07,Paypal,Mobile,Website,Delivered,5
ORD004037,2024-09-06,C00657,Daniel Wilson,daniel.wilson657@example.com,Uae,Abu Dhabi,P017,Air Fryer,HOME & KITCHEN,Appliances,1,119.35,0,119.35,75.72,43.63,Credit Card,Mobile,Website,Returned,3
ORD004038,2026-06-08,C00071,Emma Smith,emma.smith71@example.com,Uk,Wales,P023,Dumbbell Set,SPORTS,Fitness,1,84.41,0,84.41,49.28,35.13,Credit Card,Mobile,Mobile App,Delivered,2
ORD004039,2024-10-09,C00857,Adam Martin,missing@example.com,Uk,Scotland,P026,Water Bottle,SPORTS,Accessories,3,19.36,0.05,55.18,24.36,30.82,Cash On Delivery,Desktop,Mobile App,Delivered,5
ORD004040,2026-01-30,C00044,Jack Young,jack.young44@example.com,Canada,Ontario,P031,Novel Set,BOOKS,Fiction,1,40.36,0.1,36.32,19.9,16.42,Paypal,Mobile,Website,Delivered,5
ORD004041,2026-07-16,C00760,Leo Brown,leo.brown760@example.com,Australia,Queensland,P019,Knife Set,HOME & KITCHEN,Cookware,1,55.89,0.2,44.71,31.33,13.38,Credit Card,Desktop,Marketplace,Delivered,5
ORD004042,2025-01-30,C00685,Emma Smith,emma.smith685@example.com,India,Karnataka,P031,Novel Set,BOOKS,Fiction,2,44.74,0.05,85.01,44.51,40.5,Debit Card,Mobile,Mobile App,Delivered,5
ORD004043,2024-09-07,C00490,James Garcia,james.garcia490@example.com,Uk,England,P015,Backpack,FASHION,Bags,3,54.56,0.15,139.13,84.52,54.61,Bank Transfer,Desktop,Mobile App,Processing,0
ORD004044,2025-11-18,C00196,Lucas Brown,lucas.brown196@example.com,Canada,Alberta,P028,Moisturizer,BEAUTY,Skin Care,1,24.79,0,24.79,9.77,15.02,Credit Card,Desktop,Website,Delivered,5
ORD004045,2024-07-29,C00111,Isabella Patel,isabella.patel111@example.com,Uk,Wales,P019,Knife Set,HOME & KITCHEN,Cookware,3,59.04,0.15,150.55,102.31,48.24,Paypal,Desktop,Website,Delivered,3
ORD004046,2024-12-19,C00294,Chloe Wilson,chloe.wilson294@example.com,Australia,Western Australia,P001,Wireless Headphones,ELECTRONICS,Audio,3,79.96,0,239.88,149.92,89.96,Paypal,Tablet,Marketplace,Delivered,3
ORD004047,2024-08-17,C00163,Adam Hall,adam.hall163@example.com,Usa,Florida,P003,Smart Watch,ELECTRONICS,Wearables,1,132.56,0.05,125.93,85.76,40.17,Paypal,Mobile,Website,Delivered,4
ORD004048,2025-09-12,C00240,Chloe King,chloe.king240@example.com,Australia,Queensland,P030,Perfume,BEAUTY,Fragrance,2,72.44,0.1,130.39,72.52,57.87,Credit Card,Mobile,Website,Shipped,0
ORD004049,2026-06-30,C00900,Emma Patel,emma.patel900@example.com,India,Delhi,P025,Cycling Helmet,SPORTS,Outdoor,1,72.48,0.1,65.23,40.39,24.84,Debit Card,Desktop,Website,Delivered,5
ORD004050,2026-03-19,C01341,James Lewis,james.lewis1341@example.com,Usa,California,P007,Wireless Mouse,ELECTRONICS,Computers,1,36.58,0.25,27.43,18,9.43,Cash On Delivery,Desktop,Mobile App,Delivered,5
ORD004051,2025-12-26,C00557,Daniel Thomas,daniel.thomas557@example.com,France,Occitanie,P001,Wireless Headphones,ELECTRONICS,Audio,1,86.41,0.05,82.09,54.46,27.63,Debit Card,Mobile,Website,Processing,0
ORD004052,2024-06-15,C00521,Aarav Walker,aarav.walker521@example.com,Australia,Queensland,P004,USB-C Charger,ELECTRONICS,Accessories,6,26.24,0.2,125.95,75.85,50.1,Credit Card,Mobile,Mobile App,Delivered,5
ORD004053,2026-02-12,C01358,Liam King,liam.king1358@example.com,Germany,Saxony,P014,Leather Wallet,FASHION,Accessories,2,29.15,0.05,55.38,28.04,27.34,Cash On Delivery,Mobile,Mobile App,Shipped,0
ORD004054,2024-01-16,C00559,Grace Hall,grace.hall559@example.com,Canada,Ontario,P012,Cotton T-Shirt,FASHION,Apparel,1,18.81,0.05,17.87,8.49,9.38,Paypal,Mobile,Website,Delivered,5
ORD004055,2026-03-22,C01338,Mia Anderson,mia.anderson1338@example.com,Germany,Bavaria,P010,Casual Sneakers,FASHION,Footwear,1,59.25,0.15,50.36,32.88,17.48,Debit Card,Desktop,Website,Delivered,4
ORD004056,2024-10-19,C00135,Daniel Williams,daniel.williams135@example.com,Canada,Ontario,P021,Desk Lamp,HOME & KITCHEN,Lighting,4,36.13,0,144.52,70.32,74.2,Credit Card,Mobile,Website,Delivered,4
ORD004057,2024-05-18,C00226,Noah Walker,noah.walker226@example.com,Uk,Wales,P016,Coffee Maker,HOME & KITCHEN,Appliances,2,85.21,0.1,153.38,102.77,50.61,Credit Card,Tablet,Mobile App,Shipped,0
ORD004058,2024-06-24,C01701,Chloe Smith,chloe.smith1701@example.com,France,Normandy,P036,Puzzle 1000pc,TOYS,Games,2,21.08,0.05,40.05,18.27,21.78,Credit Card,Mobile,Mobile App,Delivered,2
ORD004059,2024-10-11,C01053,Leo Wilson,leo.wilson1053@example.com,Usa,Texas,P004,USB-C Charger,ELECTRONICS,Accessories,2,25.65,0,51.3,24.46,26.84,Credit Card,Mobile,Mobile App,Delivered,5
ORD004060,2025-04-12,C00655,Sophia Patel,sophia.patel655@example.com,Uae,Dubai,P030,Perfume,BEAUTY,Fragrance,5,66.63,0.05,316.49,166.65,149.84,Paypal,Mobile,Website,Shipped,0
ORD004061,2024-06-14,C00789,Ethan Johnson,missing@example.com,Uk,Wales,P010,Casual Sneakers,FASHION,Footwear,2,57.96,0.15,98.53,62.18,36.35,Debit Card,Mobile,Website,Processing,0
ORD004062,2026-02-17,C00298,Zoe Hall,zoe.hall298@example.com,Uae,Dubai,P032,Data Analytics Book,BOOKS,Education,1,48.12,0.05,45.71,23.3,22.41,Credit Card,Mobile,Website,Delivered,2
ORD004063,2026-04-30,C00198,Owen Smith,owen.smith198@example.com,Germany,Bavaria,P003,Smart Watch,ELECTRONICS,Wearables,2,143.45,0.1,258.21,193.04,65.17,Paypal,Mobile,Marketplace,Delivered,5
ORD004064,2024-12-08,C01414,James Martin,james.martin1414@example.com,France,Occitanie,P031,Novel Set,BOOKS,Fiction,5,37.1,0.05,176.22,90.75,85.47,Credit Card,Mobile,Website,Processing,0
ORD004065,2025-10-23,C00439,Chloe Moore,chloe.moore439@example.com,Usa,Florida,P009,Running Shoes,FASHION,Footwear,2,73.3,0,146.6,81.96,64.64,Credit Card,Tablet,Mobile App,Delivered,5
ORD004066,2026-07-25,C00090,Leo King,leo.king90@example.com,Uk,England,P006,Mechanical Keyboard,ELECTRONICS,Computers,1,91.34,0.2,73.07,59.35,13.72,Paypal,Mobile,Mobile App,Delivered,5
ORD004067,2025-01-06,C01048,Daniel Martin,daniel.martin1048@example.com,Germany,Saxony,P031,Novel Set,BOOKS,Fiction,2,43.95,0,87.9,43.49,44.41,Debit Card,Mobile,Mobile App,Delivered,5
ORD004068,2026-07-08,C00547,Aria Walker,aria.walker547@example.com,Canada,Ontario,P010,Casual Sneakers,FASHION,Footwear,1,56.35,0.05,53.53,31.63,21.9,Credit Card,Desktop,Website,Processing,0
ORD004069,2024-05-23,C00860,Nora Johnson,nora.johnson860@example.com,Australia,New South Wales,P029,Hair Dryer,BEAUTY,Hair Care,1,52.46,0,52.46,29.51,22.95,Credit Card,Mobile,Mobile App,Cancelled,0
ORD004070,2026-01-04,C00737,Daniel Moore,daniel.moore737@example.com,Canada,Quebec,P002,Bluetooth Speaker,ELECTRONICS,Audio,3,46.3,0.15,118.06,83.23,34.83,Paypal,Mobile,Marketplace,Cancelled,0
ORD004071,2024-10-17,C01112,Jack Young,jack.young1112@example.com,Australia,Queensland,P018,Non-stick Pan,HOME & KITCHEN,Cookware,3,33.96,0.25,76.41,50.17,26.24,Paypal,Mobile,Website,Delivered,3
ORD004072,2025-04-05,C00640,Nora Clark,nora.clark640@example.com,Uae,Abu Dhabi,P016,Coffee Maker,HOME & KITCHEN,Appliances,1,85.85,0.15,72.97,52.58,20.39,Cash On Delivery,Mobile,Marketplace,Delivered,3
ORD004073,2026-05-16,C00053,James Hall,james.hall53@example.com,Usa,Texas,P028,Moisturizer,BEAUTY,Skin Care,1,23.44,0.1,21.1,9.1,12,Debit Card,Desktop,Mobile App,Delivered,5
ORD004074,2025-10-26,C01588,Harper Clark,harper.clark1588@example.com,Canada,Ontario,P035,Remote Control Car,TOYS,Vehicles,1,44.51,0.1,40.06,25.8,14.26,Bank Transfer,Mobile,Mobile App,Delivered,5
ORD004075,2026-01-06,C01302,Isabella Walker,isabella.walker1302@example.com,Australia,Victoria,P021,Desk Lamp,HOME & KITCHEN,Lighting,2,31.28,0.1,56.3,32.52,23.78,Debit Card,Mobile,Website,Delivered,3
ORD004076,2025-07-29,C00516,Mason Hall,mason.hall516@example.com,Canada,Quebec,P018,Non-stick Pan,HOME & KITCHEN,Cookware,2,37.48,0.1,67.46,37.84,29.62,Cash On Delivery,Mobile,Mobile App,Returned,2
ORD004077,2025-06-28,C00693,Daniel Martin,daniel.martin693@example.com,Australia,New South Wales,P007,Wireless Mouse,ELECTRONICS,Computers,4,38.77,0.1,139.57,79.99,59.58,Credit Card,Mobile,Website,Delivered,5
ORD004078,2025-12-08,C01058,Ava Young,ava.young1058@example.com,Germany,Saxony,P036,Puzzle 1000pc,TOYS,Games,2,20.22,0.1,36.4,17.18,19.22,Paypal,Desktop,Website,Delivered,5
ORD004079,2025-03-09,C00708,Lucas Martin,lucas.martin708@example.com,Australia,Victoria,P010,Casual Sneakers,FASHION,Footwear,2,58.1,0.05,110.39,62.94,47.45,Cash On Delivery,Mobile,Mobile App,Delivered,5
ORD004080,2024-11-09,C01566,Sophia Young,sophia.young1566@example.com,Uk,Scotland,P029,Hair Dryer,BEAUTY,Hair Care,2,47.06,0.05,89.41,53.34,36.07,Debit Card,Mobile,Website,Shipped,0
ORD004081,2026-05-12,C00418,Lucas Brown,lucas.brown418@example.com,Usa,Texas,P033,Cookbook,BOOKS,Lifestyle,2,33.04,0.15,56.17,30.24,25.93,Cash On Delivery,Desktop,Marketplace,Delivered,3
ORD004082,2026-01-21,C01652,Daniel King,missing@example.com,Usa,Florida,P005,Laptop Stand,ELECTRONICS,Accessories,1,39.84,0,39.84,20.81,19.03,Paypal,Mobile,Website,Processing,0
ORD004083,2025-11-07,C01126,James Lee,james.lee1126@example.com,Usa,California,P010,Casual Sneakers,FASHION,Footwear,3,59.07,0,177.21,96.29,80.92,Cash On Delivery,Mobile,Website,Delivered,5
ORD004084,2024-06-06,C00336,Emma Martin,emma.martin336@example.com,Usa,Texas,P017,Air Fryer,HOME & KITCHEN,Appliances,3,124.69,0.05,355.37,249.01,106.36,Paypal,Mobile,Mobile App,Delivered,5
ORD004085,2026-06-19,C01789,Grace Brown,grace.brown1789@example.com,India,Delhi,P011,Denim Jacket,FASHION,Outerwear,1,80.22,0.1,72.2,45.48,26.72,Credit Card,Mobile,Mobile App,Shipped,0
ORD004086,2026-01-23,C01341,James Lewis,james.lewis1341@example.com,Uae,Abu Dhabi,P035,Remote Control Car,TOYS,Vehicles,1,47.71,0.05,45.32,27.77,17.55,Cash On Delivery,Desktop,Website,Delivered,2
ORD004087,2026-03-19,C01737,Emma King,emma.king1737@example.com,Uae,Dubai,P023,Dumbbell Set,SPORTS,Fitness,2,83.45,0.1,150.21,95.35,54.86,Debit Card,Mobile,Mobile App,Shipped,0
ORD004088,2026-03-03,C00456,James Wright,james.wright456@example.com,France,Normandy,P036,Puzzle 1000pc,TOYS,Games,3,19.15,0.25,43.09,25.6,17.49,Cash On Delivery,Desktop,Mobile App,Delivered,5
ORD004089,2024-03-04,C00754,Henry Smith,henry.smith754@example.com,Canada,Alberta,P024,Football,SPORTS,Outdoor,1,29.87,0.1,26.88,13.83,13.05,Debit Card,Mobile,Website,Delivered,4
ORD004090,2024-12-18,C00472,Jack Martin,jack.martin472@example.com,Usa,Texas,P026,Water Bottle,SPORTS,Accessories,3,18.36,0,55.08,23.44,31.64,Paypal,Desktop,Mobile App,Delivered,5
ORD004091,2024-04-09,C00375,Owen Clark,owen.clark375@example.com,Uk,Wales,P016,Coffee Maker,HOME & KITCHEN,Appliances,1,92.42,0,92.42,56.06,36.36,Debit Card,Mobile,Social Commerce,Delivered,5
ORD004092,2025-02-20,C01190,Chloe King,chloe.king1190@example.com,France,Ile-de-France,P012,Cotton T-Shirt,FASHION,Apparel,3,22.31,0.05,63.58,30.21,33.37,Paypal,Mobile,Website,Delivered,5
ORD004093,2026-05-12,C00086,Chloe Martin,chloe.martin86@example.com,Australia,New South Wales,P022,Yoga Mat,SPORTS,Fitness,5,23.16,0.15,98.43,51.38,47.05,Cash On Delivery,Mobile,Mobile App,Processing,0
ORD004094,2024-12-01,C01675,Charlotte Wilson,charlotte.wilson1675@example.com,Usa,Illinois,P012,Cotton T-Shirt,FASHION,Apparel,3,19.23,0,57.69,26.34,31.35,Credit Card,Desktop,Mobile App,Delivered,2
ORD004095,2024-01-03,C00838,Ethan Thomas,ethan.thomas838@example.com,France,Provence,P005,Laptop Stand,ELECTRONICS,Accessories,2,39.34,0.2,62.94,39.37,23.57,Credit Card,Mobile,Website,Shipped,0
ORD004096,2025-12-27,C01394,Elijah Brown,elijah.brown1394@example.com,Germany,Hesse,P029,Hair Dryer,BEAUTY,Hair Care,1,55.55,0.15,47.22,31.19,16.03,Debit Card,Desktop,Website,Delivered,5
ORD004097,2024-03-01,C01231,Emma Patel,emma.patel1231@example.com,Uae,Dubai,P023,Dumbbell Set,SPORTS,Fitness,4,79,0.15,268.6,177.11,91.49,Debit Card,Desktop,Website,Returned,3
ORD004098,2025-10-27,C00645,Nora Wilson,nora.wilson645@example.com,France,Provence,P025,Cycling Helmet,SPORTS,Outdoor,2,64.97,0.2,103.95,72.4,31.55,Credit Card,Desktop,Marketplace,Returned,3
ORD004099,2026-02-10,C00175,Jack Martin,jack.martin175@example.com,Germany,Hesse,P003,Smart Watch,ELECTRONICS,Wearables,1,122.79,0.1,110.51,79.77,30.74,Bank Transfer,Desktop,Mobile App,Delivered,4
ORD004100,2024-04-11,C00951,Henry Johnson,henry.johnson951@example.com,Germany,Hesse,P023,Dumbbell Set,SPORTS,Fitness,3,88.95,0.15,226.82,158.35,68.47,Debit Card,Desktop,Mobile App,Cancelled,0
ORD004101,2025-03-12,C01730,Layla Wright,layla.wright1730@example.com,Uae,Dubai,P004,USB-C Charger,ELECTRONICS,Accessories,2,25.85,0.05,49.12,25.39,23.73,Paypal,Mobile,Website,Delivered,4
ORD004102,2024-05-09,C01546,Adam Brown,adam.brown1546@example.com,Canada,Quebec,P013,Hoodie,FASHION,Apparel,1,43.37,0,43.37,21.4,21.97,Paypal,Desktop,Website,Returned,5
ORD004103,2024-11-24,C01662,Aarav Garcia,aarav.garcia1662@example.com,India,Karnataka,P003,Smart Watch,ELECTRONICS,Wearables,1,130.84,0.2,104.67,85.48,19.19,Credit Card,Mobile,Website,Delivered,4
ORD004104,2025-08-19,C01155,Adam Patel,adam.patel1155@example.com,France,Normandy,P036,Puzzle 1000pc,TOYS,Games,2,21.9,0,43.8,19.19,24.61,Paypal,Mobile,Mobile App,Delivered,5
ORD004105,2024-09-01,C01312,Emma Anderson,emma.anderson1312@example.com,Canada,Quebec,P021,Desk Lamp,HOME & KITCHEN,Lighting,1,35.19,0,35.19,17.65,17.54,Debit Card,Desktop,Mobile App,Processing,0
ORD004106,2025-07-17,C01495,Olivia Anderson,olivia.anderson1495@example.com,France,Normandy,P014,Leather Wallet,FASHION,Accessories,2,29.38,0.1,52.88,28.7,24.18,Cash On Delivery,Mobile,Mobile App,Delivered,4
ORD004107,2024-08-17,C01398,Aarav Wilson,aarav.wilson1398@example.com,Germany,Berlin,P004,USB-C Charger,ELECTRONICS,Accessories,2,27.2,0.15,46.24,25.48,20.76,Credit Card,Mobile,Mobile App,Delivered,5
ORD004108,2024-09-10,C01338,Mia Anderson,mia.anderson1338@example.com,Usa,Illinois,P007,Wireless Mouse,ELECTRONICS,Computers,3,35.98,0.15,91.75,55.12,36.63,Debit Card,Desktop,Website,Delivered,5
ORD004109,2025-06-26,C00929,Aarav Wilson,aarav.wilson929@example.com,Canada,Alberta,P029,Hair Dryer,BEAUTY,Hair Care,1,46.69,0.05,44.36,25.74,18.62,Cash On Delivery,Mobile,Website,Delivered,5
ORD004110,2024-12-26,C00483,Aria Hall,aria.hall483@example.com,Germany,Berlin,P001,Wireless Headphones,ELECTRONICS,Audio,2,87.93,0.15,149.48,109.98,39.5,Bank Transfer,Mobile,Website,Delivered,4
ORD004111,2024-05-27,C01082,James Garcia,james.garcia1082@example.com,India,Delhi,P020,Storage Boxes,HOME & KITCHEN,Storage,1,29.47,0.25,22.1,14.28,7.82,Paypal,Mobile,Website,Delivered,3
ORD004112,2025-05-19,C01502,Jack Martin,jack.martin1502@example.com,Germany,Saxony,P008,Webcam HD,ELECTRONICS,Computers,1,63.33,0,63.33,37.3,26.03,Paypal,Mobile,Mobile App,Delivered,3
ORD004113,2026-04-23,C00945,Elijah Lewis,elijah.lewis945@example.com,France,Occitanie,P001,Wireless Headphones,ELECTRONICS,Audio,2,83.01,0.1,149.42,98.88,50.54,Credit Card,Mobile,Website,Delivered,4
ORD004114,2025-09-17,C01184,Leo Thomas,leo.thomas1184@example.com,Uae,Sharjah,P019,Knife Set,HOME & KITCHEN,Cookware,2,65.95,0,131.9,70.94,60.96,Credit Card,Mobile,Website,Delivered,5
ORD004115,2025-05-23,C00773,Emma Hall,emma.hall773@example.com,Usa,Florida,P035,Remote Control Car,TOYS,Vehicles,2,48.47,0.25,72.7,55.25,17.45,Paypal,Mobile,Website,Shipped,0
ORD004116,2024-11-04,C01501,Harper King,harper.king1501@example.com,India,Delhi,P020,Storage Boxes,HOME & KITCHEN,Storage,1,28.06,0.05,26.66,13.73,12.93,Paypal,Mobile,Mobile App,Delivered,3
ORD004117,2024-03-07,C00135,Daniel Williams,daniel.williams135@example.com,Uk,Wales,P023,Dumbbell Set,SPORTS,Fitness,4,76.05,0.1,273.78,170.48,103.3,Paypal,Tablet,Website,Delivered,4
ORD004118,2024-08-27,C01610,Mason Thomas,mason.thomas1610@example.com,India,Karnataka,P005,Laptop Stand,ELECTRONICS,Accessories,2,41.16,0.25,61.74,41.1,20.64,Cash On Delivery,Mobile,Website,Delivered,4
ORD004119,2026-01-11,C00617,James Clark,james.clark617@example.com,Usa,California,P009,Running Shoes,FASHION,Footwear,2,74.46,0,148.92,83.78,65.14,Debit Card,Desktop,Website,Delivered,5
ORD004120,2025-05-03,C00278,Sophia Young,sophia.young278@example.com,Canada,Quebec,P030,Perfume,BEAUTY,Fragrance,1,73.32,0.15,62.32,39.48,22.84,Credit Card,Desktop,Mobile App,Delivered,4
ORD004121,2026-07-10,C01461,Owen Thomas,owen.thomas1461@example.com,France,Provence,P020,Storage Boxes,HOME & KITCHEN,Storage,5,28.64,0.1,128.88,67.59,61.29,Debit Card,Mobile,Mobile App,Delivered,4
ORD004122,2024-11-22,C00585,Aria Smith,aria.smith585@example.com,Australia,Western Australia,P012,Cotton T-Shirt,FASHION,Apparel,2,19.47,0.05,36.99,17.72,19.27,Debit Card,Mobile,Website,Processing,0
ORD004123,2024-06-28,C01772,Sophia Taylor,sophia.taylor1772@example.com,Uae,Sharjah,P010,Casual Sneakers,FASHION,Footwear,4,60.71,0.1,218.56,126.23,92.33,Debit Card,Mobile,Mobile App,Processing,0
ORD004124,2025-05-14,C01541,Mason Martin,mason.martin1541@example.com,Canada,British Columbia,P025,Cycling Helmet,SPORTS,Outdoor,1,63.36,0.05,60.19,35.88,24.31,Debit Card,Mobile,Mobile App,Shipped,0
ORD004125,2024-08-15,C00398,Sophia Lewis,sophia.lewis398@example.com,Usa,California,P007,Wireless Mouse,ELECTRONICS,Computers,2,37.93,0,75.86,38.51,37.35,Debit Card,Mobile,Website,Shipped,0
ORD004126,2025-12-08,C00304,Sophia Taylor,sophia.taylor304@example.com,France,Ile-de-France,P031,Novel Set,BOOKS,Fiction,1,42.45,0.15,36.08,21.17,14.91,Debit Card,Mobile,Website,Delivered,5
ORD004127,2026-02-13,C00158,Liam Hall,liam.hall158@example.com,France,Normandy,P024,Football,SPORTS,Outdoor,1,31.25,0.05,29.69,14.74,14.95,Credit Card,Desktop,Website,Processing,0
ORD004128,2025-02-08,C00378,Isabella Brown,isabella.brown378@example.com,Canada,Quebec,P011,Denim Jacket,FASHION,Outerwear,1,81.19,0.05,77.13,45.94,31.19,Credit Card,Tablet,Mobile App,Delivered,3
ORD004129,2025-04-24,C01020,Charlotte Brown,missing@example.com,Germany,Hesse,P006,Mechanical Keyboard,ELECTRONICS,Computers,1,91.47,0,91.47,56.68,34.79,Debit Card,Mobile,Social Commerce,Processing,0
ORD004130,2026-07-10,C01320,Emma Wilson,emma.wilson1320@example.com,France,Provence,P027,Face Serum,BEAUTY,Skin Care,4,38.09,0.05,144.74,65.89,78.85,Paypal,Mobile,Website,Returned,1
ORD004131,2025-10-23,C01427,Nora Garcia,nora.garcia1427@example.com,Uk,Wales,P002,Bluetooth Speaker,ELECTRONICS,Audio,2,47.39,0,94.78,58.55,36.23,Paypal,Mobile,Mobile App,Delivered,5
ORD004132,2024-09-28,C01798,Noah Patel,noah.patel1798@example.com,Australia,Western Australia,P006,Mechanical Keyboard,ELECTRONICS,Computers,1,92.79,0,92.79,56.62,36.17,Debit Card,Desktop,Mobile App,Processing,0
ORD004133,2026-06-12,C01557,Zoe Lewis,zoe.lewis1557@example.com,Australia,New South Wales,P020,Storage Boxes,HOME & KITCHEN,Storage,2,27.29,0.05,51.85,26.96,24.89,Debit Card,Mobile,Mobile App,Cancelled,0
ORD004134,2025-01-15,C00215,Olivia Taylor,olivia.taylor215@example.com,Australia,Queensland,P017,Air Fryer,HOME & KITCHEN,Appliances,1,115.55,0,115.55,76.98,38.57,Cash On Delivery,Mobile,Website,Delivered,2
ORD004135,2025-03-05,C01054,Noah Williams,missing@example.com,France,Occitanie,P034,Building Blocks,TOYS,Educational,1,35.51,0.05,33.73,17.8,15.93,Cash On Delivery,Desktop,Social Commerce,Processing,0
ORD004136,2026-03-27,C01416,Emma Moore,emma.moore1416@example.com,Canada,Alberta,P033,Cookbook,BOOKS,Lifestyle,1,33.53,0.25,25.15,15.58,9.57,Debit Card,Mobile,Mobile App,Delivered,3
ORD004137,2024-03-24,C00281,Ethan Clark,ethan.clark281@example.com,Australia,Queensland,P017,Air Fryer,HOME & KITCHEN,Appliances,6,126.72,0.05,722.3,499.06,223.24,Credit Card,Desktop,Website,Delivered,3
ORD004138,2026-03-25,C00045,Aria Martin,aria.martin45@example.com,France,Ile-de-France,P014,Leather Wallet,FASHION,Accessories,2,29.25,0.2,46.8,28.42,18.38,Credit Card,Mobile,Marketplace,Delivered,3
ORD004139,2026-04-06,C01436,Isabella Hall,isabella.hall1436@example.com,Australia,Victoria,P007,Wireless Mouse,ELECTRONICS,Computers,3,37.35,0.2,89.64,53.82,35.82,Credit Card,Mobile,Mobile App,Delivered,2
ORD004140,2025-07-05,C00365,Henry Brown,henry.brown365@example.com,Usa,Illinois,P017,Air Fryer,HOME & KITCHEN,Appliances,2,126.15,0.05,239.69,157.66,82.03,Debit Card,Tablet,Website,Delivered,3
ORD004141,2026-04-12,C00286,Aarav Lewis,aarav.lewis286@example.com,Canada,Quebec,P031,Novel Set,BOOKS,Fiction,1,38.59,0,38.59,18.88,19.71,Credit Card,Mobile,Mobile App,Shipped,0
ORD004142,2026-01-10,C01560,Nora Williams,nora.williams1560@example.com,Uk,England,P034,Building Blocks,TOYS,Educational,2,32.71,0,65.42,32.49,32.93,Debit Card,Mobile,Website,Shipped,0
ORD004143,2026-02-03,C01186,Jack Moore,jack.moore1186@example.com,Germany,Berlin,P031,Novel Set,BOOKS,Fiction,2,42.5,0.05,80.75,43.43,37.32,Paypal,Mobile,Marketplace,Delivered,4
ORD004144,2024-02-28,C00262,Emma Wright,emma.wright262@example.com,Germany,Saxony,P011,Denim Jacket,FASHION,Outerwear,1,72.11,0,72.11,41.49,30.62,Credit Card,Tablet,Marketplace,Cancelled,0
ORD004145,2024-09-18,C01584,Aria Moore,aria.moore1584@example.com,Uk,England,P021,Desk Lamp,HOME & KITCHEN,Lighting,3,35.68,0.1,96.34,53.09,43.25,Credit Card,Mobile,Website,Delivered,5
ORD004146,2026-02-08,C01137,Leo Martin,leo.martin1137@example.com,Canada,British Columbia,P034,Building Blocks,TOYS,Educational,1,36.65,0.2,29.32,18.76,10.56,Paypal,Mobile,Mobile App,Shipped,0
ORD004147,2026-07-19,C00193,Amelia Anderson,amelia.anderson193@example.com,France,Provence,P027,Face Serum,BEAUTY,Skin Care,2,37.52,0.25,56.28,31.05,25.23,Debit Card,Mobile,Mobile App,Shipped,0
ORD004148,2025-04-13,C00561,Ethan Moore,ethan.moore561@example.com,Uae,Dubai,P015,Backpack,FASHION,Bags,3,52.25,0.2,125.4,81.2,44.2,Paypal,Tablet,Mobile App,Delivered,5
ORD004149,2026-01-12,C01635,Emma Thomas,emma.thomas1635@example.com,India,Tamil Nadu,P023,Dumbbell Set,SPORTS,Fitness,4,75.26,0.05,285.99,180.42,105.57,Credit Card,Mobile,Website,Delivered,5
ORD004150,2024-09-13,C00517,Noah Hall,noah.hall517@example.com,France,Normandy,P021,Desk Lamp,HOME & KITCHEN,Lighting,1,31.11,0.2,24.89,15.31,9.58,Credit Card,Tablet,Mobile App,Processing,0
ORD004151,2025-11-25,C00277,Ava Anderson,ava.anderson277@example.com,France,Normandy,P028,Moisturizer,BEAUTY,Skin Care,5,26.52,0.1,119.34,52.75,66.59,Credit Card,Desktop,Mobile App,Delivered,3
ORD004152,2026-02-10,C01418,Leo King,leo.king1418@example.com,Uae,Abu Dhabi,P022,Yoga Mat,SPORTS,Fitness,4,25.29,0,101.16,45.12,56.04,Debit Card,Mobile,Website,Processing,0
ORD004153,2024-09-07,C01590,Liam Taylor,liam.taylor1590@example.com,Australia,Western Australia,P006,Mechanical Keyboard,ELECTRONICS,Computers,2,95.61,0.15,162.54,121.61,40.93,Paypal,Mobile,Website,Delivered,4
ORD004154,2025-01-16,C01764,Mia Williams,mia.williams1764@example.com,Canada,Quebec,P034,Building Blocks,TOYS,Educational,1,37.51,0.1,33.76,18.58,15.18,Credit Card,Tablet,Website,Delivered,4
ORD004155,2025-11-17,C00280,Harper Smith,harper.smith280@example.com,India,Gujarat,P025,Cycling Helmet,SPORTS,Outdoor,1,71.64,0.15,60.89,41.07,19.82,Credit Card,Mobile,Mobile App,Shipped,0
ORD004156,2026-06-04,C01719,Emma Clark,emma.clark1719@example.com,France,Provence,P027,Face Serum,BEAUTY,Skin Care,2,39.02,0.15,66.33,33.29,33.04,Paypal,Mobile,Social Commerce,Delivered,2
ORD004157,2025-09-14,C00078,Evelyn Thomas,evelyn.thomas78@example.com,Uae,Dubai,P034,Building Blocks,TOYS,Educational,2,32.43,0.05,61.62,32.4,29.22,Credit Card,Desktop,Mobile App,Delivered,4
ORD004158,2024-05-01,C00407,Charlotte Wright,charlotte.wright407@example.com,Australia,Western Australia,P024,Football,SPORTS,Outdoor,1,31.53,0.05,29.95,14.59,15.36,Paypal,Desktop,Social Commerce,Delivered,5
ORD004159,2025-01-23,C01000,Amelia Patel,amelia.patel1000@example.com,Usa,Illinois,P017,Air Fryer,HOME & KITCHEN,Appliances,2,125.22,0.15,212.87,168.11,44.76,Credit Card,Mobile,Marketplace,Shipped,0
ORD004160,2024-11-11,C00650,Grace Moore,missing@example.com,Uk,Scotland,P031,Novel Set,BOOKS,Fiction,2,41.63,0,83.26,40.47,42.79,Credit Card,Mobile,Social Commerce,Delivered,5
ORD004161,2024-12-18,C00555,Daniel Brown,daniel.brown555@example.com,India,Maharashtra,P014,Leather Wallet,FASHION,Accessories,3,33.1,0.1,89.37,47.05,42.32,Credit Card,Tablet,Website,Shipped,0
ORD004162,2025-10-22,C01129,Lucas Brown,lucas.brown1129@example.com,India,Gujarat,P028,Moisturizer,BEAUTY,Skin Care,1,27.47,0,27.47,11.15,16.32,Debit Card,Desktop,Mobile App,Delivered,3
ORD004163,2025-02-25,C01339,Evelyn Anderson,evelyn.anderson1339@example.com,Australia,Victoria,P014,Leather Wallet,FASHION,Accessories,1,28.92,0,28.92,14.06,14.86,Paypal,Desktop,Marketplace,Delivered,3
ORD004164,2025-10-28,C01213,James King,james.king1213@example.com,Canada,British Columbia,P029,Hair Dryer,BEAUTY,Hair Care,2,50.85,0.25,76.28,57.36,18.92,Paypal,Desktop,Mobile App,Shipped,0
ORD004165,2024-11-22,C00274,Charlotte Taylor,charlotte.taylor274@example.com,India,Delhi,P031,Novel Set,BOOKS,Fiction,1,43.5,0.1,39.15,22.06,17.09,Debit Card,Mobile,Mobile App,Processing,0
ORD004166,2026-06-23,C00771,Ethan Patel,ethan.patel771@example.com,Usa,New York,P007,Wireless Mouse,ELECTRONICS,Computers,1,37.74,0,37.74,19.39,18.35,Credit Card,Desktop,Website,Delivered,4
ORD004167,2024-09-15,C00835,Charlotte Wright,charlotte.wright835@example.com,Usa,Texas,P019,Knife Set,HOME & KITCHEN,Cookware,1,56.72,0,56.72,31.15,25.57,Debit Card,Mobile,Website,Delivered,4
ORD004168,2025-11-07,C00845,Emma Martin,emma.martin845@example.com,Usa,Illinois,P022,Yoga Mat,SPORTS,Fitness,1,27.99,0.1,25.19,12.79,12.4,Paypal,Desktop,Website,Delivered,5
ORD004169,2026-02-14,C00772,Aarav Walker,aarav.walker772@example.com,Uk,Scotland,P030,Perfume,BEAUTY,Fragrance,1,67.21,0.1,60.49,33.62,26.87,Paypal,Mobile,Mobile App,Delivered,5
ORD004170,2024-08-31,C00979,Sophia Wright,sophia.wright979@example.com,India,Maharashtra,P015,Backpack,FASHION,Bags,1,48.22,0,48.22,24.6,23.62,Credit Card,Mobile,Mobile App,Shipped,0
ORD004171,2024-06-27,C00042,Leo Garcia,leo.garcia42@example.com,Canada,Alberta,P023,Dumbbell Set,SPORTS,Fitness,1,74.85,0.05,71.11,41.73,29.38,Credit Card,Mobile,Mobile App,Delivered,4
ORD004172,2025-08-12,C01777,Layla King,layla.king1777@example.com,Uae,Sharjah,P029,Hair Dryer,BEAUTY,Hair Care,1,54.62,0,54.62,31.23,23.39,Credit Card,Tablet,Mobile App,Delivered,3
ORD004173,2025-05-01,C00225,Aarav Martin,aarav.martin225@example.com,Uk,Scotland,P025,Cycling Helmet,SPORTS,Outdoor,5,68.22,0.15,289.94,198.29,91.65,Credit Card,Mobile,Website,Delivered,4
ORD004174,2024-06-27,C00117,Ethan Brown,ethan.brown117@example.com,Uk,England,P022,Yoga Mat,SPORTS,Fitness,2,25.39,0,50.78,24.03,26.75,Debit Card,Tablet,Website,Cancelled,0
ORD004175,2025-08-16,C00504,Zoe Walker,zoe.walker504@example.com,Australia,Victoria,P011,Denim Jacket,FASHION,Outerwear,3,79.93,0.1,215.81,134.45,81.36,Bank Transfer,Desktop,Website,Cancelled,0
ORD004176,2024-06-22,C01507,Adam Walker,adam.walker1507@example.com,Australia,Queensland,P013,Hoodie,FASHION,Apparel,1,42.24,0.05,40.13,20.82,19.31,Debit Card,Tablet,Website,Delivered,4
ORD004177,2025-08-21,C00648,Emma Hall,emma.hall648@example.com,Uae,Dubai,P015,Backpack,FASHION,Bags,1,50.71,0.05,48.17,27.44,20.73,Cash On Delivery,Mobile,Mobile App,Delivered,3
ORD004178,2026-05-17,C00844,Sophia Clark,sophia.clark844@example.com,Uk,Wales,P001,Wireless Headphones,ELECTRONICS,Audio,1,76.91,0,76.91,47.3,29.61,Paypal,Mobile,Mobile App,Delivered,5
ORD004179,2024-06-08,C00827,Mia Brown,mia.brown827@example.com,Canada,Quebec,P028,Moisturizer,BEAUTY,Skin Care,5,24.47,0.15,104,48.81,55.19,Debit Card,Mobile,Marketplace,Delivered,1
ORD004180,2025-11-19,C00130,Ava Brown,ava.brown130@example.com,India,Maharashtra,P019,Knife Set,HOME & KITCHEN,Cookware,3,56.43,0.05,160.83,93.71,67.12,Debit Card,Mobile,Mobile App,Delivered,3
ORD004181,2024-11-16,C01382,Lucas Clark,lucas.clark1382@example.com,Canada,Quebec,P036,Puzzle 1000pc,TOYS,Games,4,21.93,0,87.72,37.57,50.15,Credit Card,Mobile,Mobile App,Delivered,4
ORD004182,2026-05-22,C00095,Daniel Brown,daniel.brown95@example.com,Canada,Ontario,P029,Hair Dryer,BEAUTY,Hair Care,1,53.01,0.2,42.41,29.99,12.42,Credit Card,Tablet,Website,Delivered,3
ORD004183,2026-07-09,C01496,Adam Brown,adam.brown1496@example.com,Canada,British Columbia,P027,Face Serum,BEAUTY,Skin Care,1,38.03,0.1,34.23,16.21,18.02,Debit Card,Mobile,Marketplace,Shipped,0
ORD004184,2024-11-17,C00200,Amelia Wilson,amelia.wilson200@example.com,Canada,Ontario,P024,Football,SPORTS,Outdoor,1,31.53,0.05,29.95,14.63,15.32,Bank Transfer,Mobile,Mobile App,Returned,4
ORD004185,2025-06-20,C01358,Liam King,liam.king1358@example.com,Uk,England,P003,Smart Watch,ELECTRONICS,Wearables,1,126.07,0.1,113.46,84.22,29.24,Debit Card,Tablet,Mobile App,Delivered,5
ORD004186,2025-03-28,C00052,Lucas Young,lucas.young52@example.com,India,Karnataka,P004,USB-C Charger,ELECTRONICS,Accessories,1,27.77,0.2,22.22,13.63,8.59,Paypal,Mobile,Marketplace,Delivered,5
ORD004187,2026-05-20,C00983,Ava Martin,ava.martin983@example.com,Australia,New South Wales,P028,Moisturizer,BEAUTY,Skin Care,1,23.56,0.1,21.2,9.55,11.65,Credit Card,Desktop,Mobile App,Delivered,4
ORD004188,2024-06-23,C01060,Daniel King,daniel.king1060@example.com,Uae,Abu Dhabi,P021,Desk Lamp,HOME & KITCHEN,Lighting,5,32.36,0,161.8,82.36,79.44,Credit Card,Mobile,Mobile App,Processing,0
ORD004189,2024-04-26,C00102,Liam Wright,liam.wright102@example.com,Canada,Quebec,P032,Data Analytics Book,BOOKS,Education,3,42.01,0.15,107.13,59.26,47.87,Bank Transfer,Mobile,Website,Delivered,5
ORD004190,2025-04-11,C01651,Aria Smith,aria.smith1651@example.com,Australia,New South Wales,P011,Denim Jacket,FASHION,Outerwear,4,80.5,0.1,289.8,178.38,111.42,Debit Card,Mobile,Marketplace,Delivered,5
ORD004191,2026-02-16,C00748,Ethan Smith,ethan.smith748@example.com,Canada,Alberta,P005,Laptop Stand,ELECTRONICS,Accessories,2,43,0.1,77.4,46.35,31.05,Credit Card,Desktop,Website,Delivered,5
ORD004192,2024-02-19,C01008,Mason Hall,mason.hall1008@example.com,India,Delhi,P006,Mechanical Keyboard,ELECTRONICS,Computers,1,94.24,0.1,84.82,60.68,24.14,Credit Card,Mobile,Website,Delivered,1
ORD004193,2024-07-21,C00916,Aria Martin,aria.martin916@example.com,Australia,New South Wales,P020,Storage Boxes,HOME & KITCHEN,Storage,5,28.53,0.15,121.25,69.93,51.32,Credit Card,Tablet,Website,Delivered,4
ORD004194,2024-08-29,C01043,Amelia Smith,amelia.smith1043@example.com,Uae,Dubai,P033,Cookbook,BOOKS,Lifestyle,1,31.91,0,31.91,14.93,16.98,Paypal,Mobile,Marketplace,Delivered,3
ORD004195,2024-09-05,C00013,Lucas Garcia,lucas.garcia13@example.com,Australia,Western Australia,P008,Webcam HD,ELECTRONICS,Computers,2,65.4,0,130.8,78.47,52.33,Paypal,Mobile,Website,Delivered,4
ORD004196,2025-11-30,C00609,Amelia Lewis,amelia.lewis609@example.com,Uae,Sharjah,P017,Air Fryer,HOME & KITCHEN,Appliances,1,111.44,0.2,89.15,69.82,19.33,Paypal,Mobile,Website,Returned,5
ORD004197,2025-10-03,C01487,Aria Moore,aria.moore1487@example.com,France,Ile-de-France,P025,Cycling Helmet,SPORTS,Outdoor,1,72.14,0.15,61.32,40.11,21.21,Paypal,Mobile,Mobile App,Delivered,4
ORD004198,2026-04-27,C00804,Leo Lewis,leo.lewis804@example.com,France,Ile-de-France,P024,Football,SPORTS,Outdoor,1,33.36,0.05,31.69,16.26,15.43,Debit Card,Tablet,Mobile App,Delivered,3
ORD004199,2024-02-06,C01203,Ethan Brown,ethan.brown1203@example.com,Usa,Texas,P014,Leather Wallet,FASHION,Accessories,1,27.9,0.2,22.32,13.26,9.06,Credit Card,Mobile,Mobile App,Delivered,4
ORD004200,2025-10-22,C01343,Aria Williams,aria.williams1343@example.com,France,Provence,P029,Hair Dryer,BEAUTY,Hair Care,1,49.69,0,49.69,28.15,21.54,Credit Card,Mobile,Mobile App,Delivered,4
ORD004201,2025-01-18,C01503,Adam Lewis,adam.lewis1503@example.com,France,Ile-de-France,P009,Running Shoes,FASHION,Footwear,1,70.24,0.05,66.73,37.8,28.93,Paypal,Desktop,Website,Delivered,3
ORD004202,2026-04-06,C01213,James King,james.king1213@example.com,Australia,Western Australia,P004,USB-C Charger,ELECTRONICS,Accessories,2,23.43,0,46.86,23.16,23.7,Credit Card,Mobile,Mobile App,Returned,4
ORD004203,2024-02-20,C00503,Zoe Clark,zoe.clark503@example.com,Uae,Abu Dhabi,P034,Building Blocks,TOYS,Educational,1,38.78,0.05,36.84,19.27,17.57,Paypal,Desktop,Marketplace,Processing,0
ORD004204,2024-01-21,C00098,Aarav Clark,aarav.clark98@example.com,India,Gujarat,P005,Laptop Stand,ELECTRONICS,Accessories,3,38.99,0,116.97,61.79,55.18,Credit Card,Desktop,Mobile App,Delivered,5
ORD004205,2024-10-24,C00072,Daniel Garcia,daniel.garcia72@example.com,Uk,England,P023,Dumbbell Set,SPORTS,Fitness,1,80.56,0,80.56,48.12,32.44,Cash On Delivery,Desktop,Website,Delivered,2
ORD004206,2025-04-29,C01102,Charlotte Johnson,charlotte.johnson1102@example.com,France,Ile-de-France,P020,Storage Boxes,HOME & KITCHEN,Storage,2,29.76,0,59.52,29.39,30.13,Paypal,Mobile,Mobile App,Delivered,4
ORD004207,2024-06-04,C00429,Sophia Wright,sophia.wright429@example.com,Usa,Illinois,P020,Storage Boxes,HOME & KITCHEN,Storage,1,30.75,0.25,23.06,15,8.06,Credit Card,Mobile,Marketplace,Delivered,3
ORD004208,2026-03-14,C01395,Henry Hall,henry.hall1395@example.com,Usa,Texas,P007,Wireless Mouse,ELECTRONICS,Computers,1,35.61,0.05,33.83,17.3,16.53,Credit Card,Mobile,Website,Shipped,0
ORD004209,2026-06-03,C01644,Olivia Walker,olivia.walker1644@example.com,Germany,Hesse,P009,Running Shoes,FASHION,Footwear,1,69.26,0.15,58.87,39.4,19.47,Paypal,Mobile,Marketplace,Delivered,2
ORD004210,2024-10-16,C00060,James Lee,james.lee60@example.com,Germany,Hesse,P028,Moisturizer,BEAUTY,Skin Care,2,26.8,0,53.6,22.13,31.47,Bank Transfer,Mobile,Mobile App,Delivered,5
ORD004211,2024-09-09,C01685,Noah Martin,noah.martin1685@example.com,Usa,Texas,P013,Hoodie,FASHION,Apparel,1,42.42,0,42.42,22,20.42,Debit Card,Desktop,Mobile App,Shipped,0
ORD004212,2025-07-29,C01266,Daniel King,daniel.king1266@example.com,India,Maharashtra,P028,Moisturizer,BEAUTY,Skin Care,1,23.88,0.15,20.3,9.28,11.02,Cash On Delivery,Mobile,Website,Delivered,5
ORD004213,2026-04-12,C00082,Harper King,missing@example.com,Uk,Scotland,P003,Smart Watch,ELECTRONICS,Wearables,1,124.99,0.2,99.99,81.58,18.41,Paypal,Desktop,Marketplace,Shipped,0
ORD004214,2024-11-05,C01328,Ethan Young,ethan.young1328@example.com,Canada,Alberta,P023,Dumbbell Set,SPORTS,Fitness,1,82.65,0.15,70.25,47.69,22.56,Credit Card,Mobile,Website,Shipped,0
ORD004215,2024-11-03,C01673,Liam Lee,liam.lee1673@example.com,Uae,Dubai,P016,Coffee Maker,HOME & KITCHEN,Appliances,2,86.94,0.25,130.41,111.85,18.56,Debit Card,Mobile,Website,Shipped,0
ORD004216,2024-07-17,C00287,Zoe Garcia,zoe.garcia287@example.com,India,Karnataka,P034,Building Blocks,TOYS,Educational,1,32.97,0,32.97,17.08,15.89,Paypal,Desktop,Website,Delivered,4
ORD004217,2024-04-01,C01078,Jack Wright,jack.wright1078@example.com,Uae,Dubai,P032,Data Analytics Book,BOOKS,Education,1,47.59,0,47.59,22.56,25.03,Credit Card,Mobile,Marketplace,Delivered,4
ORD004218,2026-05-30,C00202,Jack Wright,jack.wright202@example.com,Uk,Wales,P029,Hair Dryer,BEAUTY,Hair Care,2,48,0,96,51.14,44.86,Debit Card,Mobile,Website,Delivered,4
ORD004219,2025-10-29,C01450,Noah Lewis,noah.lewis1450@example.com,Canada,Ontario,P034,Building Blocks,TOYS,Educational,2,33.61,0,67.22,33.41,33.81,Credit Card,Mobile,Marketplace,Delivered,5
ORD004220,2024-04-04,C01777,Layla King,layla.king1777@example.com,Uae,Abu Dhabi,P016,Coffee Maker,HOME & KITCHEN,Appliances,2,97.38,0,194.76,121.81,72.95,Credit Card,Mobile,Social Commerce,Delivered,5
ORD004221,2024-11-26,C01510,Zoe Young,zoe.young1510@example.com,Uk,Wales,P010,Casual Sneakers,FASHION,Footwear,1,52,0,52,28.15,23.85,Paypal,Desktop,Website,Delivered,2
ORD004222,2024-05-02,C01020,Charlotte Brown,charlotte.brown1020@example.com,Australia,New South Wales,P011,Denim Jacket,FASHION,Outerwear,2,69.59,0,139.18,78.18,61,Debit Card,Desktop,Website,Delivered,5
ORD004223,2026-01-10,C01448,Evelyn Moore,evelyn.moore1448@example.com,Usa,California,P020,Storage Boxes,HOME & KITCHEN,Storage,1,28.36,0.25,21.27,14.39,6.88,Debit Card,Mobile,Marketplace,Delivered,5
ORD004224,2025-02-05,C00117,Ethan Brown,ethan.brown117@example.com,Canada,Ontario,P029,Hair Dryer,BEAUTY,Hair Care,2,51.16,0.05,97.2,57.4,39.8,Paypal,Mobile,Website,Delivered,5
ORD004225,2026-07-03,C00298,Zoe Hall,zoe.hall298@example.com,Canada,Ontario,P014,Leather Wallet,FASHION,Accessories,1,33.33,0,33.33,15.04,18.29,Paypal,Mobile,Website,Delivered,5
ORD004226,2025-10-26,C01464,Aarav Wright,aarav.wright1464@example.com,Germany,Saxony,P018,Non-stick Pan,HOME & KITCHEN,Cookware,1,39.12,0,39.12,20.4,18.72,Credit Card,Mobile,Mobile App,Delivered,1
ORD004227,2025-02-16,C00177,Lucas Johnson,lucas.johnson177@example.com,Germany,Berlin,P006,Mechanical Keyboard,ELECTRONICS,Computers,1,88.54,0,88.54,54.24,34.3,Credit Card,Desktop,Mobile App,Delivered,4
ORD004228,2026-06-04,C00825,Charlotte King,charlotte.king825@example.com,Canada,British Columbia,P008,Webcam HD,ELECTRONICS,Computers,1,65.45,0.1,58.91,40.78,18.13,Cash On Delivery,Desktop,Mobile App,Delivered,4
ORD004229,2025-02-19,C01258,Ava Walker,ava.walker1258@example.com,Canada,Ontario,P021,Desk Lamp,HOME & KITCHEN,Lighting,4,35.2,0.1,126.72,70.05,56.67,Credit Card,Mobile,Mobile App,Delivered,3
ORD004230,2025-12-22,C00424,Aria Garcia,aria.garcia424@example.com,Uae,Dubai,P002,Bluetooth Speaker,ELECTRONICS,Audio,1,51.04,0.05,48.49,30.92,17.57,Debit Card,Mobile,Mobile App,Delivered,4
ORD004231,2026-05-13,C00081,Lucas King,lucas.king81@example.com,Canada,Quebec,P035,Remote Control Car,TOYS,Vehicles,1,41.86,0,41.86,24.35,17.51,Debit Card,Tablet,Mobile App,Returned,5
ORD004232,2024-02-23,C00479,Amelia Johnson,amelia.johnson479@example.com,Canada,British Columbia,P002,Bluetooth Speaker,ELECTRONICS,Audio,1,50.4,0,50.4,30.31,20.09,Cash On Delivery,Tablet,Marketplace,Cancelled,0
ORD004233,2024-01-29,C00457,Amelia Wright,amelia.wright457@example.com,Usa,Texas,P013,Hoodie,FASHION,Apparel,3,48.99,0,146.97,73.05,73.92,Debit Card,Mobile,Website,Delivered,5
ORD004234,2025-07-16,C00519,Mason Moore,mason.moore519@example.com,Uk,England,P030,Perfume,BEAUTY,Fragrance,1,77.96,0.05,74.06,41.36,32.7,Credit Card,Mobile,Website,Delivered,4
ORD004235,2024-05-23,C00195,Jack Brown,jack.brown195@example.com,Germany,Berlin,P032,Data Analytics Book,BOOKS,Education,4,49.25,0.05,187.15,89.59,97.56,Paypal,Desktop,Social Commerce,Delivered,5
ORD004237,2026-03-30,C01169,Leo Moore,leo.moore1169@example.com,Canada,Ontario,P001,Wireless Headphones,ELECTRONICS,Audio,3,78.71,0,236.13,142.57,93.56,Bank Transfer,Tablet,Social Commerce,Delivered,5
ORD004238,2024-03-27,C00749,Evelyn Martin,evelyn.martin749@example.com,Germany,Saxony,P007,Wireless Mouse,ELECTRONICS,Computers,6,33.18,0.05,189.13,102.11,87.02,Credit Card,Desktop,Website,Delivered,5
ORD004239,2024-12-05,C00465,Liam Thomas,liam.thomas465@example.com,France,Occitanie,P031,Novel Set,BOOKS,Fiction,5,39.93,0.05,189.67,103.7,85.97,Credit Card,Mobile,Marketplace,Delivered,4
ORD004240,2025-01-01,C01091,Mason Hall,mason.hall1091@example.com,Germany,Saxony,P031,Novel Set,BOOKS,Fiction,5,38.83,0,194.15,100.77,93.38,Debit Card,Desktop,Mobile App,Cancelled,0
ORD004241,2024-02-22,C00119,Olivia Wright,olivia.wright119@example.com,Usa,Florida,P007,Wireless Mouse,ELECTRONICS,Computers,1,37.84,0.1,34.06,18.56,15.5,Credit Card,Mobile,Mobile App,Shipped,0
ORD004242,2025-05-21,C00715,Isabella Martin,isabella.martin715@example.com,Uk,England,P034,Building Blocks,TOYS,Educational,1,33.02,0.05,31.37,15.89,15.48,Debit Card,Mobile,Mobile App,Delivered,3
ORD004243,2024-03-31,C01240,Grace Moore,grace.moore1240@example.com,France,Normandy,P016,Coffee Maker,HOME & KITCHEN,Appliances,2,91.11,0,182.22,110.72,71.5,Paypal,Tablet,Website,Delivered,4
ORD004244,2024-01-18,C01113,Henry Walker,henry.walker1113@example.com,Usa,New York,P017,Air Fryer,HOME & KITCHEN,Appliances,3,116.1,0.05,330.88,229.88,101,Paypal,Desktop,Marketplace,Delivered,4
ORD004245,2026-05-04,C00814,Aria King,aria.king814@example.com,Canada,British Columbia,P014,Leather Wallet,FASHION,Accessories,2,27.89,0.15,47.41,27.05,20.36,Paypal,Mobile,Website,Delivered,3
ORD004246,2025-02-09,C00270,Ava Smith,ava.smith270@example.com,France,Ile-de-France,P019,Knife Set,HOME & KITCHEN,Cookware,1,58,0.05,55.1,32.16,22.94,Debit Card,Mobile,Website,Delivered,3
ORD004247,2025-12-19,C01546,Adam Brown,adam.brown1546@example.com,Germany,Saxony,P003,Smart Watch,ELECTRONICS,Wearables,2,129.91,0.1,233.84,173.02,60.82,Credit Card,Mobile,Website,Delivered,4
ORD004248,2025-06-09,C01156,Mia Moore,mia.moore1156@example.com,Uk,Wales,P007,Wireless Mouse,ELECTRONICS,Computers,2,36.35,0.2,58.16,36.34,21.82,Bank Transfer,Desktop,Mobile App,Delivered,3
ORD004249,2025-10-06,C01042,Aarav King,aarav.king1042@example.com,France,Occitanie,P008,Webcam HD,ELECTRONICS,Computers,4,59.17,0,236.68,141.17,95.51,Credit Card,Tablet,Website,Delivered,5
ORD004250,2026-06-11,C00545,Olivia Williams,olivia.williams545@example.com,Australia,Victoria,P013,Hoodie,FASHION,Apparel,1,49.66,0.05,47.18,25.15,22.03,Paypal,Desktop,Website,Delivered,5
ORD004251,2026-07-20,C01680,Layla Taylor,layla.taylor1680@example.com,Canada,British Columbia,P031,Novel Set,BOOKS,Fiction,2,44.46,0.1,80.03,45.88,34.15,Credit Card,Mobile,Website,Delivered,4
ORD004252,2025-12-11,C01148,Emma Patel,emma.patel1148@example.com,India,Tamil Nadu,P031,Novel Set,BOOKS,Fiction,4,38.5,0.1,138.6,74.61,63.99,Credit Card,Mobile,Marketplace,Delivered,4
ORD004253,2024-11-07,C01722,Amelia Hall,amelia.hall1722@example.com,Uae,Dubai,P032,Data Analytics Book,BOOKS,Education,2,44.49,0.05,84.53,40.61,43.92,Paypal,Desktop,Website,Delivered,3
ORD004254,2024-02-24,C00835,Charlotte Wright,charlotte.wright835@example.com,India,Maharashtra,P020,Storage Boxes,HOME & KITCHEN,Storage,2,26.7,0,53.4,26.52,26.88,Debit Card,Desktop,Website,Shipped,0
ORD004255,2025-08-10,C01151,Noah Patel,noah.patel1151@example.com,Germany,Berlin,P006,Mechanical Keyboard,ELECTRONICS,Computers,1,97.55,0.1,87.8,61.25,26.55,Credit Card,Mobile,Marketplace,Delivered,5
ORD004256,2025-04-24,C01683,Liam Thomas,liam.thomas1683@example.com,France,Ile-de-France,P013,Hoodie,FASHION,Apparel,1,49.31,0.15,41.91,24.16,17.75,Cash On Delivery,Mobile,Website,Delivered,2
ORD004257,2024-05-31,C01371,Leo Johnson,leo.johnson1371@example.com,Uk,England,P001,Wireless Headphones,ELECTRONICS,Audio,1,75.93,0.15,64.54,46.03,18.51,Cash On Delivery,Tablet,Website,Delivered,5
ORD004258,2025-03-03,C00390,Liam Patel,liam.patel390@example.com,Uae,Dubai,P002,Bluetooth Speaker,ELECTRONICS,Audio,1,50.71,0.15,43.1,29.51,13.59,Credit Card,Tablet,Mobile App,Delivered,4
ORD004259,2024-03-27,C00406,Zoe Wilson,zoe.wilson406@example.com,France,Ile-de-France,P018,Non-stick Pan,HOME & KITCHEN,Cookware,3,38.36,0,115.08,59.19,55.89,Cash On Delivery,Desktop,Mobile App,Cancelled,0
ORD004260,2024-04-01,C01506,Charlotte Lewis,charlotte.lewis1506@example.com,Uk,Wales,P005,Laptop Stand,ELECTRONICS,Accessories,5,41.49,0.05,197.08,106.92,90.16,Debit Card,Mobile,Website,Delivered,4
ORD004261,2025-06-08,C01623,Lucas Lee,lucas.lee1623@example.com,Uae,Dubai,P010,Casual Sneakers,FASHION,Footwear,3,57.18,0.2,137.23,91.78,45.45,Credit Card,Mobile,Website,Delivered,4
ORD004262,2024-08-29,C01529,Evelyn Moore,evelyn.moore1529@example.com,Usa,Illinois,P008,Webcam HD,ELECTRONICS,Computers,4,61.3,0.05,232.94,148.28,84.66,Debit Card,Desktop,Mobile App,Delivered,4
ORD004263,2025-02-12,C00087,Grace King,grace.king87@example.com,India,Delhi,P024,Football,SPORTS,Outdoor,1,32.84,0.15,27.91,15.7,12.21,Credit Card,Mobile,Website,Delivered,4
ORD004264,2025-02-10,C00334,Aria Garcia,aria.garcia334@example.com,Germany,Hesse,P030,Perfume,BEAUTY,Fragrance,1,66.22,0,66.22,35.36,30.86,Paypal,Mobile,Marketplace,Delivered,5
ORD004265,2025-04-05,C01774,Amelia Wright,amelia.wright1774@example.com,Usa,New York,P035,Remote Control Car,TOYS,Vehicles,1,41.91,0.1,37.72,23.31,14.41,Paypal,Mobile,Website,Processing,0
ORD004266,2025-04-13,C01497,Adam Young,adam.young1497@example.com,India,Karnataka,P017,Air Fryer,HOME & KITCHEN,Appliances,2,125.39,0,250.78,166.17,84.61,Debit Card,Mobile,Website,Cancelled,0
ORD004267,2025-05-19,C00939,Zoe Williams,zoe.williams939@example.com,Australia,Queensland,P010,Casual Sneakers,FASHION,Footwear,1,53.43,0.05,50.76,29.54,21.22,Paypal,Mobile,Website,Delivered,5
ORD004268,2025-01-14,C00149,Layla Patel,layla.patel149@example.com,Canada,Quebec,P012,Cotton T-Shirt,FASHION,Apparel,2,20.77,0,41.54,18.69,22.85,Debit Card,Mobile,Mobile App,Cancelled,0
ORD004269,2024-08-06,C01541,Mason Martin,mason.martin1541@example.com,Usa,California,P025,Cycling Helmet,SPORTS,Outdoor,1,69.99,0.1,62.99,40.49,22.5,Cash On Delivery,Desktop,Website,Delivered,3
ORD004270,2024-05-26,C01321,Layla Garcia,layla.garcia1321@example.com,Uae,Abu Dhabi,P030,Perfume,BEAUTY,Fragrance,1,68.63,0.05,65.2,35.82,29.38,Credit Card,Mobile,Website,Delivered,3
ORD004271,2024-10-28,C00527,Leo Hall,leo.hall527@example.com,Uae,Abu Dhabi,P032,Data Analytics Book,BOOKS,Education,1,42.42,0.1,38.18,19.85,18.33,Paypal,Mobile,Website,Delivered,1
ORD004272,2025-12-05,C00370,Lucas Anderson,lucas.anderson370@example.com,Germany,Berlin,P010,Casual Sneakers,FASHION,Footwear,3,53.83,0.1,145.34,89.96,55.38,Credit Card,Mobile,Marketplace,Delivered,3
ORD004273,2026-01-08,C01497,Adam Young,adam.young1497@example.com,India,Tamil Nadu,P002,Bluetooth Speaker,ELECTRONICS,Audio,1,49.25,0.1,44.33,30.14,14.19,Cash On Delivery,Desktop,Mobile App,Delivered,5
ORD004274,2026-04-30,C00817,Grace Young,grace.young817@example.com,Australia,Western Australia,P035,Remote Control Car,TOYS,Vehicles,1,44.19,0,44.19,25.59,18.6,Paypal,Desktop,Mobile App,Processing,0
ORD004275,2026-01-09,C01034,Lucas Clark,lucas.clark1034@example.com,France,Ile-de-France,P017,Air Fryer,HOME & KITCHEN,Appliances,1,127.66,0.1,114.89,80.74,34.15,Debit Card,Mobile,Mobile App,Shipped,0
ORD004276,2024-12-13,C00140,Isabella Lewis,isabella.lewis140@example.com,India,Tamil Nadu,P022,Yoga Mat,SPORTS,Fitness,3,23.36,0.05,66.58,32.02,34.56,Credit Card,Desktop,Website,Returned,3
ORD004277,2024-09-04,C00548,Amelia Taylor,amelia.taylor548@example.com,France,Ile-de-France,P006,Mechanical Keyboard,ELECTRONICS,Computers,1,89.89,0.05,85.4,57.66,27.74,Debit Card,Tablet,Marketplace,Shipped,0
ORD004278,2024-09-11,C00686,Noah Wright,noah.wright686@example.com,Canada,Ontario,P021,Desk Lamp,HOME & KITCHEN,Lighting,2,36.34,0.05,69.05,36.17,32.88,Credit Card,Mobile,Marketplace,Cancelled,0
ORD004279,2024-01-06,C01466,Mason King,mason.king1466@example.com,Usa,New York,P014,Leather Wallet,FASHION,Accessories,3,33.14,0,99.42,45.8,53.62,Credit Card,Mobile,Marketplace,Delivered,3
ORD004280,2024-11-30,C00093,Elijah Hall,elijah.hall93@example.com,Canada,Alberta,P032,Data Analytics Book,BOOKS,Education,1,45.51,0.05,43.23,21.42,21.81,Credit Card,Desktop,Website,Delivered,2
ORD004281,2026-02-12,C01130,Mason Anderson,mason.anderson1130@example.com,Uae,Dubai,P028,Moisturizer,BEAUTY,Skin Care,5,27.4,0.15,116.45,52.99,63.46,Credit Card,Mobile,Website,Delivered,4
ORD004282,2025-05-08,C00115,Chloe Garcia,chloe.garcia115@example.com,Usa,New York,P015,Backpack,FASHION,Bags,2,52.07,0,104.14,54.37,49.77,Credit Card,Mobile,Mobile App,Delivered,4
ORD004283,2024-03-04,C01471,Jack Thomas,jack.thomas1471@example.com,France,Normandy,P026,Water Bottle,SPORTS,Accessories,2,17.18,0,34.36,15.27,19.09,Credit Card,Desktop,Mobile App,Delivered,4
ORD004284,2025-02-07,C00717,Henry Young,henry.young717@example.com,France,Ile-de-France,P011,Denim Jacket,FASHION,Outerwear,4,83.84,0.05,318.59,190.84,127.75,Debit Card,Desktop,Mobile App,Delivered,5
ORD004285,2024-11-25,C00919,Evelyn Moore,evelyn.moore919@example.com,Uae,Sharjah,P011,Denim Jacket,FASHION,Outerwear,1,83.85,0.2,67.08,49.57,17.51,Paypal,Desktop,Marketplace,Processing,0
ORD004286,2026-06-06,C00573,James Martin,james.martin573@example.com,India,Delhi,P026,Water Bottle,SPORTS,Accessories,1,17.4,0,17.4,7.26,10.14,Credit Card,Mobile,Mobile App,Delivered,5
ORD004287,2026-06-05,C01674,Amelia Williams,amelia.williams1674@example.com,Usa,California,P035,Remote Control Car,TOYS,Vehicles,1,47.84,0.05,45.45,27.48,17.97,Bank Transfer,Mobile,Website,Delivered,5
ORD004288,2026-01-24,C01725,James Anderson,james.anderson1725@example.com,France,Ile-de-France,P022,Yoga Mat,SPORTS,Fitness,1,23.14,0.2,18.51,10.99,7.52,Debit Card,Tablet,Mobile App,Shipped,0
ORD004289,2025-11-04,C00704,Layla Taylor,layla.taylor704@example.com,France,Ile-de-France,P023,Dumbbell Set,SPORTS,Fitness,4,73.63,0.05,279.79,168.67,111.12,Debit Card,Mobile,Website,Returned,5
ORD004290,2024-06-22,C00913,Sophia Clark,sophia.clark913@example.com,France,Ile-de-France,P006,Mechanical Keyboard,ELECTRONICS,Computers,2,90.28,0.2,144.45,113.42,31.03,Debit Card,Desktop,Mobile App,Shipped,0
ORD004291,2024-06-13,C00765,Emma Wilson,emma.wilson765@example.com,India,Delhi,P024,Football,SPORTS,Outdoor,6,31.59,0.05,180.06,93.87,86.19,Paypal,Desktop,Mobile App,Processing,0
ORD004292,2026-04-27,C00053,James Hall,james.hall53@example.com,Uk,Scotland,P017,Air Fryer,HOME & KITCHEN,Appliances,1,125.67,0.1,113.1,81.96,31.14,Debit Card,Desktop,Website,Delivered,4
ORD004293,2026-07-01,C00016,Lucas Lewis,lucas.lewis16@example.com,Usa,California,P002,Bluetooth Speaker,ELECTRONICS,Audio,1,53,0,53,31.75,21.25,Debit Card,Desktop,Mobile App,Delivered,5
ORD004294,2024-04-08,C00745,Layla Moore,layla.moore745@example.com,Australia,New South Wales,P015,Backpack,FASHION,Bags,2,46.46,0.05,88.27,48.96,39.31,Credit Card,Desktop,Mobile App,Delivered,4
ORD004295,2025-11-27,C01685,Noah Martin,noah.martin1685@example.com,Usa,California,P013,Hoodie,FASHION,Apparel,2,48.38,0,96.76,50.06,46.7,Cash On Delivery,Mobile,Marketplace,Delivered,4
ORD004296,2025-05-01,C01007,Zoe Thomas,zoe.thomas1007@example.com,India,Maharashtra,P021,Desk Lamp,HOME & KITCHEN,Lighting,2,32.29,0.05,61.35,32.63,28.72,Credit Card,Desktop,Social Commerce,Delivered,2
ORD004297,2024-08-21,C00186,Grace Moore,grace.moore186@example.com,Uae,Abu Dhabi,P007,Wireless Mouse,ELECTRONICS,Computers,1,34.19,0.2,27.35,16.53,10.82,Credit Card,Desktop,Mobile App,Delivered,3
ORD004298,2025-06-07,C01114,Henry Hall,henry.hall1114@example.com,Uk,Wales,P035,Remote Control Car,TOYS,Vehicles,1,41.69,0.15,35.44,23.94,11.5,Credit Card,Mobile,Social Commerce,Shipped,0
ORD004299,2026-05-16,C01505,Amelia Wilson,amelia.wilson1505@example.com,Uae,Dubai,P029,Hair Dryer,BEAUTY,Hair Care,2,48.73,0.1,87.71,54.46,33.25,Cash On Delivery,Mobile,Website,Delivered,5
ORD004300,2024-06-14,C01612,Emma Wilson,emma.wilson1612@example.com,Usa,Texas,P013,Hoodie,FASHION,Apparel,1,44.21,0,44.21,22.17,22.04,Debit Card,Desktop,Website,Delivered,5
ORD004301,2025-09-20,C01203,Ethan Brown,ethan.brown1203@example.com,France,Ile-de-France,P018,Non-stick Pan,HOME & KITCHEN,Cookware,2,33.27,0.1,59.89,33.76,26.13,Paypal,Mobile,Mobile App,Delivered,4
ORD004302,2024-09-20,C00658,Aarav Wilson,aarav.wilson658@example.com,Canada,Quebec,P023,Dumbbell Set,SPORTS,Fitness,2,82.37,0.2,131.79,92.43,39.36,Credit Card,Mobile,Mobile App,Processing,0
ORD004303,2025-03-15,C00289,Amelia Taylor,amelia.taylor289@example.com,Canada,Alberta,P033,Cookbook,BOOKS,Lifestyle,1,29.81,0.1,26.83,14.01,12.82,Debit Card,Mobile,Marketplace,Delivered,4
ORD004304,2024-01-20,C00379,Evelyn Lee,evelyn.lee379@example.com,Usa,New York,P022,Yoga Mat,SPORTS,Fitness,1,24.68,0.15,20.98,11.43,9.55,Credit Card,Desktop,Mobile App,Cancelled,0
ORD004305,2024-03-15,C01587,Aarav Johnson,aarav.johnson1587@example.com,Uk,Scotland,P012,Cotton T-Shirt,FASHION,Apparel,1,20.59,0.1,18.53,9.28,9.25,Cash On Delivery,Mobile,Mobile App,Shipped,0
ORD004306,2024-10-12,C00645,Nora Wilson,nora.wilson645@example.com,Uae,Dubai,P035,Remote Control Car,TOYS,Vehicles,2,43.89,0.15,74.61,48.86,25.75,Paypal,Desktop,Marketplace,Returned,3
ORD004307,2025-03-08,C01592,Ava King,ava.king1592@example.com,Canada,Alberta,P030,Perfume,BEAUTY,Fragrance,2,75.11,0,150.22,76.48,73.74,Credit Card,Mobile,Marketplace,Delivered,5
ORD004308,2025-05-25,C01261,Noah Patel,noah.patel1261@example.com,India,Gujarat,P003,Smart Watch,ELECTRONICS,Wearables,3,123.33,0.05,351.49,255.78,95.71,Debit Card,Mobile,Website,Delivered,5
ORD004309,2026-04-28,C00872,James Anderson,james.anderson872@example.com,Usa,Florida,P024,Football,SPORTS,Outdoor,1,30.1,0,30.1,14.92,15.18,Debit Card,Desktop,Website,Shipped,0
ORD004310,2024-09-19,C01304,Grace Hall,grace.hall1304@example.com,Uk,England,P014,Leather Wallet,FASHION,Accessories,4,29.32,0,117.28,55.4,61.88,Credit Card,Mobile,Mobile App,Delivered,5
ORD004311,2024-07-29,C01651,Aria Smith,aria.smith1651@example.com,Canada,Ontario,P013,Hoodie,FASHION,Apparel,2,49.99,0.05,94.98,50.39,44.59,Cash On Delivery,Desktop,Website,Shipped,0
ORD004312,2024-03-18,C00799,Sophia Williams,sophia.williams799@example.com,Germany,Saxony,P001,Wireless Headphones,ELECTRONICS,Audio,1,85.92,0,85.92,53.04,32.88,Paypal,Tablet,Website,Shipped,0
ORD004313,2025-09-09,C01065,Olivia Clark,olivia.clark1065@example.com,Uae,Sharjah,P020,Storage Boxes,HOME & KITCHEN,Storage,4,29,0.05,110.2,57.31,52.89,Debit Card,Desktop,Mobile App,Delivered,5
ORD004314,2026-01-11,C00166,Henry Walker,henry.walker166@example.com,Usa,New York,P015,Backpack,FASHION,Bags,1,46.44,0.1,41.8,24.79,17.01,Bank Transfer,Mobile,Website,Delivered,4
ORD004315,2024-05-27,C01285,Noah Smith,noah.smith1285@example.com,Canada,British Columbia,P018,Non-stick Pan,HOME & KITCHEN,Cookware,3,36.87,0.05,105.08,56.1,48.98,Cash On Delivery,Mobile,Website,Delivered,5
ORD004316,2026-06-27,C00858,Adam Smith,adam.smith858@example.com,Uae,Dubai,P032,Data Analytics Book,BOOKS,Education,3,46.69,0.05,133.07,68.41,64.66,Cash On Delivery,Desktop,Mobile App,Delivered,4
ORD004317,2026-02-21,C01718,Harper Hall,harper.hall1718@example.com,Uae,Abu Dhabi,P013,Hoodie,FASHION,Apparel,2,49.91,0.25,74.86,50.2,24.66,Credit Card,Desktop,Marketplace,Shipped,0
ORD004318,2026-04-06,C00808,Ethan Patel,ethan.patel808@example.com,Usa,Illinois,P021,Desk Lamp,HOME & KITCHEN,Lighting,1,34.28,0,34.28,17.6,16.68,Debit Card,Mobile,Website,Processing,0
ORD004319,2025-09-02,C01660,James Anderson,james.anderson1660@example.com,India,Karnataka,P004,USB-C Charger,ELECTRONICS,Accessories,1,24.63,0,24.63,11.68,12.95,Debit Card,Tablet,Website,Delivered,5
ORD004320,2025-05-06,C00452,Aarav Clark,aarav.clark452@example.com,Usa,Florida,P009,Running Shoes,FASHION,Footwear,3,75.58,0,226.74,125.93,100.81,Debit Card,Mobile,Marketplace,Delivered,2
ORD004321,2024-07-28,C01572,Mason Thomas,mason.thomas1572@example.com,Australia,Queensland,P026,Water Bottle,SPORTS,Accessories,1,18.77,0,18.77,8.34,10.43,Debit Card,Mobile,Website,Returned,5
ORD004322,2025-05-07,C01402,Henry Young,henry.young1402@example.com,Germany,Bavaria,P025,Cycling Helmet,SPORTS,Outdoor,4,66.87,0,267.48,153.65,113.83,Paypal,Mobile,Marketplace,Delivered,5
ORD004323,2026-05-10,C01319,Chloe Anderson,chloe.anderson1319@example.com,Germany,Saxony,P031,Novel Set,BOOKS,Fiction,4,41.83,0.1,150.59,84.87,65.72,Credit Card,Mobile,Website,Delivered,3
ORD004324,2026-04-12,C01136,Noah Johnson,noah.johnson1136@example.com,Uae,Dubai,P033,Cookbook,BOOKS,Lifestyle,1,28.51,0.2,22.81,13.5,9.31,Credit Card,Mobile,Mobile App,Delivered,5
ORD004325,2024-12-16,C00631,Isabella Lewis,isabella.lewis631@example.com,Australia,New South Wales,P016,Coffee Maker,HOME & KITCHEN,Appliances,3,97.12,0,291.36,175.09,116.27,Debit Card,Mobile,Marketplace,Delivered,5
ORD004326,2026-01-21,C00572,Noah Smith,noah.smith572@example.com,Canada,Alberta,P034,Building Blocks,TOYS,Educational,5,32.88,0.05,156.18,82.88,73.3,Credit Card,Desktop,Website,Delivered,5
ORD004327,2025-01-22,C01595,Adam Moore,adam.moore1595@example.com,Canada,British Columbia,P005,Laptop Stand,ELECTRONICS,Accessories,1,38.11,0,38.11,19.03,19.08,Credit Card,Mobile,Website,Shipped,0
ORD004328,2024-06-25,C00449,Daniel Smith,daniel.smith449@example.com,Germany,Bavaria,P006,Mechanical Keyboard,ELECTRONICS,Computers,3,85.02,0.1,229.55,167.1,62.45,Debit Card,Mobile,Marketplace,Processing,0
ORD004329,2025-11-16,C01004,Isabella Lee,isabella.lee1004@example.com,Usa,New York,P013,Hoodie,FASHION,Apparel,3,47.47,0.15,121.05,69.51,51.54,Debit Card,Mobile,Website,Delivered,5
ORD004330,2024-12-20,C01671,Emma Williams,emma.williams1671@example.com,Australia,Victoria,P032,Data Analytics Book,BOOKS,Education,2,45.7,0.05,86.83,42.05,44.78,Credit Card,Desktop,Website,Processing,0
ORD004331,2026-04-07,C01607,Adam Lewis,adam.lewis1607@example.com,France,Normandy,P005,Laptop Stand,ELECTRONICS,Accessories,5,37.11,0.25,139.16,99.14,40.02,Bank Transfer,Tablet,Website,Delivered,3
ORD004332,2026-06-15,C00180,Aarav Walker,aarav.walker180@example.com,Usa,Illinois,P002,Bluetooth Speaker,ELECTRONICS,Audio,1,53.72,0.05,51.03,32.78,18.25,Debit Card,Desktop,Marketplace,Delivered,5
ORD004333,2025-09-18,C00840,Noah Wright,noah.wright840@example.com,Uae,Sharjah,P027,Face Serum,BEAUTY,Skin Care,1,33.62,0.15,28.58,14.36,14.22,Credit Card,Tablet,Website,Shipped,0
ORD004334,2026-05-17,C00419,Henry Williams,henry.williams419@example.com,Canada,Ontario,P017,Air Fryer,HOME & KITCHEN,Appliances,1,114.88,0.05,109.14,75,34.14,Paypal,Mobile,Website,Delivered,5
ORD004335,2025-12-25,C01591,Layla Lewis,layla.lewis1591@example.com,Usa,California,P006,Mechanical Keyboard,ELECTRONICS,Computers,2,91.41,0.05,173.68,118.63,55.05,Credit Card,Mobile,Website,Delivered,5
ORD004336,2024-12-03,C00698,Isabella Lee,isabella.lee698@example.com,India,Karnataka,P013,Hoodie,FASHION,Apparel,1,49.94,0.05,47.44,24.09,23.35,Cash On Delivery,Tablet,Mobile App,Delivered,5
ORD004337,2024-05-25,C01412,Zoe Brown,zoe.brown1412@example.com,Uk,England,P011,Denim Jacket,FASHION,Outerwear,3,76.4,0,229.2,127.6,101.6,Paypal,Mobile,Website,Delivered,4
ORD004338,2024-10-02,C00850,Lucas Smith,lucas.smith850@example.com,Uk,England,P011,Denim Jacket,FASHION,Outerwear,2,80.42,0.1,144.76,93.71,51.05,Credit Card,Tablet,Website,Delivered,3
ORD004339,2025-10-08,C00592,Mia Young,mia.young592@example.com,Canada,Quebec,P022,Yoga Mat,SPORTS,Fitness,1,24.42,0,24.42,11.53,12.89,Credit Card,Desktop,Mobile App,Returned,5
ORD004340,2026-01-28,C01035,Leo Taylor,leo.taylor1035@example.com,France,Provence,P009,Running Shoes,FASHION,Footwear,1,78.36,0.1,70.52,41.9,28.62,Cash On Delivery,Mobile,Mobile App,Shipped,0
ORD004341,2024-04-20,C00918,Owen Walker,owen.walker918@example.com,India,Gujarat,P002,Bluetooth Speaker,ELECTRONICS,Audio,1,54.48,0,54.48,32.51,21.97,Paypal,Mobile,Website,Delivered,3
ORD004342,2025-05-08,C00661,Adam Brown,adam.brown661@example.com,Australia,Western Australia,P006,Mechanical Keyboard,ELECTRONICS,Computers,1,94.65,0,94.65,61.41,33.24,Credit Card,Desktop,Website,Delivered,5
ORD004343,2025-05-28,C01290,Nora Garcia,nora.garcia1290@example.com,Uae,Sharjah,P020,Storage Boxes,HOME & KITCHEN,Storage,1,26.31,0.1,23.68,12.83,10.85,Paypal,Tablet,Website,Delivered,4
ORD004344,2026-02-10,C00219,Aarav Moore,aarav.moore219@example.com,Uae,Abu Dhabi,P018,Non-stick Pan,HOME & KITCHEN,Cookware,2,35.66,0,71.32,37.49,33.83,Cash On Delivery,Desktop,Website,Delivered,4
ORD004345,2024-08-18,C01664,Adam Young,adam.young1664@example.com,Germany,Saxony,P008,Webcam HD,ELECTRONICS,Computers,2,58.41,0.05,110.98,71.33,39.65,Credit Card,Tablet,Website,Delivered,5
ORD004346,2025-06-14,C00399,Chloe Williams,missing@example.com,Uk,Wales,P023,Dumbbell Set,SPORTS,Fitness,3,78.33,0.2,187.99,139.28,48.71,Debit Card,Desktop,Website,Returned,5
ORD004347,2024-10-16,C01380,Henry Walker,henry.walker1380@example.com,France,Ile-de-France,P009,Running Shoes,FASHION,Footwear,3,73.94,0.1,199.64,121.03,78.61,Cash On Delivery,Mobile,Mobile App,Delivered,5
ORD004348,2025-07-16,C00915,Daniel Smith,daniel.smith915@example.com,Uae,Sharjah,P015,Backpack,FASHION,Bags,1,55.68,0.15,47.33,29.55,17.78,Cash On Delivery,Mobile,Mobile App,Delivered,4
ORD004349,2024-06-06,C00496,Charlotte Lee,charlotte.lee496@example.com,France,Provence,P015,Backpack,FASHION,Bags,2,46.34,0.1,83.41,50.43,32.98,Credit Card,Tablet,Mobile App,Shipped,0
ORD004350,2026-01-14,C00192,Grace Wilson,grace.wilson192@example.com,France,Ile-de-France,P027,Face Serum,BEAUTY,Skin Care,1,33.1,0,33.1,13.75,19.35,Credit Card,Mobile,Website,Delivered,5
ORD004351,2025-11-17,C01776,Liam Smith,liam.smith1776@example.com,Uk,Wales,P029,Hair Dryer,BEAUTY,Hair Care,1,50.66,0,50.66,27.49,23.17,Credit Card,Mobile,Website,Delivered,5
ORD004352,2025-10-10,C00229,Ava Smith,ava.smith229@example.com,Germany,Bavaria,P030,Perfume,BEAUTY,Fragrance,2,65.54,0,131.08,69.54,61.54,Credit Card,Desktop,Website,Delivered,1
ORD004353,2025-03-22,C01505,Amelia Wilson,amelia.wilson1505@example.com,Usa,New York,P011,Denim Jacket,FASHION,Outerwear,2,70.57,0.2,112.91,80.33,32.58,Debit Card,Mobile,Website,Delivered,5
ORD004354,2025-07-02,C01488,Harper Patel,harper.patel1488@example.com,Uk,Scotland,P002,Bluetooth Speaker,ELECTRONICS,Audio,1,48.48,0.1,43.63,30.17,13.46,Paypal,Mobile,Social Commerce,Delivered,5
ORD004355,2026-06-19,C00200,Amelia Wilson,amelia.wilson200@example.com,Uae,Dubai,P003,Smart Watch,ELECTRONICS,Wearables,1,133.41,0.25,100.06,91.55,8.51,Debit Card,Tablet,Website,Delivered,5
ORD004356,2025-12-12,C00837,Ava Wright,ava.wright837@example.com,Uae,Sharjah,P009,Running Shoes,FASHION,Footwear,2,70.56,0.05,134.06,74.71,59.35,Bank Transfer,Desktop,Website,Delivered,5
ORD004357,2025-04-11,C00393,Leo Wright,leo.wright393@example.com,France,Provence,P023,Dumbbell Set,SPORTS,Fitness,6,81.9,0.2,393.12,286.35,106.77,Credit Card,Mobile,Mobile App,Shipped,0
ORD004358,2025-06-29,C00947,Noah Thomas,noah.thomas947@example.com,Usa,Illinois,P034,Building Blocks,TOYS,Educational,1,32.83,0,32.83,16.91,15.92,Credit Card,Desktop,Mobile App,Delivered,4
ORD004359,2024-05-06,C01703,Liam Taylor,liam.taylor1703@example.com,Uae,Abu Dhabi,P027,Face Serum,BEAUTY,Skin Care,1,33.57,0.2,26.86,14.27,12.59,Paypal,Mobile,Website,Delivered,2
ORD004360,2026-06-20,C00659,Harper Thomas,harper.thomas659@example.com,France,Provence,P009,Running Shoes,FASHION,Footwear,6,68.39,0.15,348.79,224.37,124.42,Debit Card,Mobile,Mobile App,Delivered,4
ORD004361,2025-12-28,C00220,Lucas Williams,lucas.williams220@example.com,Usa,Illinois,P026,Water Bottle,SPORTS,Accessories,1,19.65,0.1,17.68,8.29,9.39,Credit Card,Mobile,Mobile App,Delivered,4
ORD004362,2024-12-29,C01423,Ava Martin,ava.martin1423@example.com,Canada,Ontario,P003,Smart Watch,ELECTRONICS,Wearables,1,125.25,0.1,112.73,81.6,31.13,Credit Card,Mobile,Mobile App,Delivered,1
ORD004363,2024-01-05,C00184,Harper Williams,harper.williams184@example.com,Uae,Abu Dhabi,P034,Building Blocks,TOYS,Educational,2,35.52,0.05,67.49,36.57,30.92,Credit Card,Tablet,Website,Delivered,4
ORD004364,2024-10-20,C00333,Chloe Moore,chloe.moore333@example.com,Usa,Texas,P019,Knife Set,HOME & KITCHEN,Cookware,2,62.83,0,125.66,71.67,53.99,Debit Card,Mobile,Website,Delivered,3
ORD004365,2024-04-09,C01167,Ethan Moore,ethan.moore1167@example.com,Canada,Ontario,P023,Dumbbell Set,SPORTS,Fitness,1,84.81,0,84.81,48.91,35.9,Credit Card,Desktop,Mobile App,Delivered,4
ORD004366,2025-08-27,C01524,Leo Thomas,leo.thomas1524@example.com,France,Occitanie,P011,Denim Jacket,FASHION,Outerwear,1,77.83,0.1,70.05,44.05,26,Debit Card,Mobile,Mobile App,Delivered,3
ORD004367,2025-03-02,C01391,Olivia Moore,olivia.moore1391@example.com,Australia,New South Wales,P002,Bluetooth Speaker,ELECTRONICS,Audio,2,52.8,0,105.6,63.66,41.94,Debit Card,Desktop,Website,Delivered,4
ORD004368,2026-05-21,C01053,Leo Wilson,leo.wilson1053@example.com,Germany,Hesse,P029,Hair Dryer,BEAUTY,Hair Care,2,52.88,0,105.76,57.88,47.88,Debit Card,Mobile,Mobile App,Delivered,5
ORD004369,2026-06-29,C00163,Adam Hall,adam.hall163@example.com,India,Gujarat,P018,Non-stick Pan,HOME & KITCHEN,Cookware,1,34.25,0.05,32.54,17,15.54,Paypal,Desktop,Mobile App,Delivered,5
ORD004370,2025-09-10,C01449,Zoe Garcia,zoe.garcia1449@example.com,Uae,Sharjah,P026,Water Bottle,SPORTS,Accessories,1,17.11,0.1,15.4,7.53,7.87,Credit Card,Mobile,Website,Delivered,4
ORD004371,2026-04-11,C01753,Zoe Garcia,zoe.garcia1753@example.com,Australia,New South Wales,P001,Wireless Headphones,ELECTRONICS,Audio,3,87.36,0.1,235.87,165.8,70.07,Debit Card,Mobile,Website,Delivered,4
ORD004372,2026-05-23,C00020,Liam Lewis,liam.lewis20@example.com,Usa,Texas,P014,Leather Wallet,FASHION,Accessories,6,29.55,0.05,168.44,80.9,87.54,Credit Card,Tablet,Website,Processing,0
ORD004373,2026-06-25,C00706,Lucas Johnson,lucas.johnson706@example.com,Uae,Sharjah,P035,Remote Control Car,TOYS,Vehicles,1,48.52,0,48.52,27.3,21.22,Cash On Delivery,Mobile,Website,Shipped,0
ORD004374,2024-08-09,C00325,Noah Moore,noah.moore325@example.com,Usa,California,P004,USB-C Charger,ELECTRONICS,Accessories,2,26.79,0.1,48.22,26.59,21.63,Credit Card,Desktop,Website,Delivered,4
ORD004375,2025-03-28,C01577,Harper Garcia,harper.garcia1577@example.com,Uae,Sharjah,P013,Hoodie,FASHION,Apparel,2,46.73,0,93.46,47.78,45.68,Paypal,Desktop,Website,Delivered,5
ORD004376,2024-03-24,C01055,Ava Lewis,ava.lewis1055@example.com,France,Provence,P035,Remote Control Car,TOYS,Vehicles,1,49.95,0.15,42.46,28.22,14.24,Debit Card,Mobile,Mobile App,Processing,0
ORD004377,2026-07-11,C01198,Sophia Young,sophia.young1198@example.com,India,Delhi,P020,Storage Boxes,HOME & KITCHEN,Storage,3,27.68,0,83.04,41.94,41.1,Bank Transfer,Desktop,Mobile App,Delivered,5
ORD004378,2024-03-29,C01760,Isabella Wilson,isabella.wilson1760@example.com,Germany,Berlin,P006,Mechanical Keyboard,ELECTRONICS,Computers,2,84.99,0.1,152.98,106.78,46.2,Credit Card,Desktop,Website,Processing,0
ORD004379,2024-05-21,C00460,Layla Wright,layla.wright460@example.com,Australia,Western Australia,P011,Denim Jacket,FASHION,Outerwear,1,76.9,0.15,65.37,44.92,20.45,Credit Card,Mobile,Website,Delivered,3
ORD004380,2025-01-15,C00387,Noah Taylor,noah.taylor387@example.com,India,Delhi,P018,Non-stick Pan,HOME & KITCHEN,Cookware,2,38.28,0,76.56,39.99,36.57,Paypal,Mobile,Marketplace,Delivered,4
ORD004381,2024-12-23,C01473,Layla Martin,layla.martin1473@example.com,Germany,Berlin,P018,Non-stick Pan,HOME & KITCHEN,Cookware,2,37.7,0.05,71.63,39.81,31.82,Paypal,Mobile,Mobile App,Shipped,0
ORD004382,2026-05-05,C00663,Aarav Wright,aarav.wright663@example.com,Germany,Saxony,P003,Smart Watch,ELECTRONICS,Wearables,1,124.73,0,124.73,85.46,39.27,Cash On Delivery,Mobile,Website,Returned,4
ORD004383,2025-02-06,C00595,Leo Clark,leo.clark595@example.com,Australia,Queensland,P007,Wireless Mouse,ELECTRONICS,Computers,3,38.27,0,114.81,55.23,59.58,Paypal,Mobile,Website,Delivered,5
ORD004384,2024-05-09,C00644,Sophia Lewis,sophia.lewis644@example.com,Canada,Alberta,P012,Cotton T-Shirt,FASHION,Apparel,2,21.55,0.2,34.48,20.06,14.42,Credit Card,Tablet,Website,Delivered,2
ORD004385,2024-06-06,C00027,Mason Smith,mason.smith27@example.com,Usa,Texas,P035,Remote Control Car,TOYS,Vehicles,2,42.35,0.05,80.47,48.12,32.35,Paypal,Mobile,Website,Delivered,5
ORD004386,2026-03-18,C00066,Noah Garcia,noah.garcia66@example.com,India,Delhi,P017,Air Fryer,HOME & KITCHEN,Appliances,2,128.82,0,257.64,164.12,93.52,Debit Card,Mobile,Website,Delivered,1
ORD004387,2024-07-31,C00673,Zoe Martin,zoe.martin673@example.com,France,Normandy,P023,Dumbbell Set,SPORTS,Fitness,4,81.25,0,325,183.23,141.77,Credit Card,Mobile,Website,Delivered,3
ORD004388,2024-03-29,C01442,Lucas Anderson,missing@example.com,Canada,Alberta,P026,Water Bottle,SPORTS,Accessories,3,18.26,0,54.78,23.34,31.44,Debit Card,Mobile,Social Commerce,Delivered,5
ORD004389,2026-04-21,C01367,Liam Walker,liam.walker1367@example.com,Uae,Sharjah,P024,Football,SPORTS,Outdoor,1,32.36,0.1,29.12,15.33,13.79,Bank Transfer,Desktop,Website,Delivered,3
ORD004390,2024-01-15,C01672,Chloe Williams,chloe.williams1672@example.com,France,Provence,P024,Football,SPORTS,Outdoor,3,28.84,0,86.52,42.52,44,Paypal,Mobile,Mobile App,Delivered,3
ORD004391,2025-08-26,C01466,Mason King,mason.king1466@example.com,France,Provence,P004,USB-C Charger,ELECTRONICS,Accessories,2,24.28,0.2,38.85,23.98,14.87,Credit Card,Mobile,Mobile App,Shipped,0
ORD004392,2025-06-17,C00713,Emma Brown,emma.brown713@example.com,Germany,Bavaria,P008,Webcam HD,ELECTRONICS,Computers,2,58.28,0.1,104.9,71.49,33.41,Credit Card,Desktop,Marketplace,Delivered,5
ORD004393,2024-08-25,C00152,Owen Lewis,owen.lewis152@example.com,France,Ile-de-France,P029,Hair Dryer,BEAUTY,Hair Care,1,48.87,0,48.87,26.61,22.26,Credit Card,Mobile,Mobile App,Processing,0
ORD004394,2024-04-25,C00279,Emma Martin,missing@example.com,Germany,Hesse,P021,Desk Lamp,HOME & KITCHEN,Lighting,1,32.86,0,32.86,16.93,15.93,Credit Card,Desktop,Mobile App,Delivered,4
ORD004395,2024-07-03,C01218,Sophia Brown,sophia.brown1218@example.com,Australia,Western Australia,P014,Leather Wallet,FASHION,Accessories,2,32.69,0,65.38,30.75,34.63,Credit Card,Desktop,Website,Returned,3
ORD004396,2024-10-15,C01522,Lucas Wilson,lucas.wilson1522@example.com,Uk,Wales,P035,Remote Control Car,TOYS,Vehicles,2,47.67,0.1,85.81,52.69,33.12,Paypal,Mobile,Website,Processing,0
ORD004397,2025-02-13,C01372,Harper Lewis,harper.lewis1372@example.com,Canada,British Columbia,P002,Bluetooth Speaker,ELECTRONICS,Audio,1,46.24,0.25,34.68,28.03,6.65,Credit Card,Desktop,Website,Delivered,3
ORD004398,2024-05-16,C00408,Chloe Wilson,chloe.wilson408@example.com,Australia,Western Australia,P009,Running Shoes,FASHION,Footwear,1,66.95,0.1,60.26,37.45,22.81,Credit Card,Desktop,Social Commerce,Delivered,4
ORD004399,2024-04-16,C00222,Mason Martin,mason.martin222@example.com,France,Provence,P001,Wireless Headphones,ELECTRONICS,Audio,3,87,0.1,234.9,162.35,72.55,Cash On Delivery,Desktop,Website,Delivered,3
ORD004400,2025-01-06,C01286,Olivia Johnson,olivia.johnson1286@example.com,India,Maharashtra,P015,Backpack,FASHION,Bags,2,51.03,0.15,86.75,52.83,33.92,Paypal,Desktop,Website,Delivered,3
ORD004401,2025-11-23,C00689,Harper Smith,harper.smith689@example.com,France,Ile-de-France,P023,Dumbbell Set,SPORTS,Fitness,2,87.52,0,175.04,100.26,74.78,Bank Transfer,Desktop,Marketplace,Delivered,5
ORD004402,2024-01-25,C00002,Henry Lewis,henry.lewis2@example.com,Australia,Queensland,P035,Remote Control Car,TOYS,Vehicles,1,45.4,0.1,40.86,26.15,14.71,Bank Transfer,Mobile,Mobile App,Delivered,3
ORD004403,2025-12-02,C01486,Emma Wilson,emma.wilson1486@example.com,Usa,New York,P022,Yoga Mat,SPORTS,Fitness,1,26.08,0.05,24.78,12.01,12.77,Paypal,Mobile,Mobile App,Delivered,3
ORD004404,2025-10-18,C00520,Noah Brown,noah.brown520@example.com,Usa,Illinois,P029,Hair Dryer,BEAUTY,Hair Care,1,55.73,0.1,50.16,31.57,18.59,Debit Card,Desktop,Mobile App,Delivered,1
ORD004405,2024-03-04,C01587,Aarav Johnson,aarav.johnson1587@example.com,France,Provence,P034,Building Blocks,TOYS,Educational,1,36.25,0.05,34.44,17.62,16.82,Paypal,Mobile,Social Commerce,Shipped,0
ORD004406,2024-06-17,C00415,Mason Patel,mason.patel415@example.com,Canada,Alberta,P009,Running Shoes,FASHION,Footwear,2,69.1,0,138.2,75.55,62.65,Credit Card,Mobile,Website,Delivered,3
ORD004407,2024-05-01,C00218,Emma Hall,emma.hall218@example.com,France,Ile-de-France,P027,Face Serum,BEAUTY,Skin Care,1,32.57,0,32.57,13.26,19.31,Debit Card,Desktop,Website,Delivered,3
ORD004408,2024-01-14,C00123,Elijah Walker,elijah.walker123@example.com,Germany,Berlin,P018,Non-stick Pan,HOME & KITCHEN,Cookware,3,34.88,0.05,99.41,54.02,45.39,Bank Transfer,Mobile,Website,Shipped,0
ORD004409,2025-12-02,C01238,Mia King,mia.king1238@example.com,France,Occitanie,P006,Mechanical Keyboard,ELECTRONICS,Computers,3,84.12,0,252.36,164.35,88.01,Credit Card,Mobile,Marketplace,Delivered,5
ORD004410,2024-11-04,C00746,Aarav Patel,aarav.patel746@example.com,France,Ile-de-France,P035,Remote Control Car,TOYS,Vehicles,5,48.83,0.2,195.32,140.96,54.36,Credit Card,Desktop,Website,Delivered,4
ORD004411,2024-12-22,C00343,Ava Thomas,ava.thomas343@example.com,Uae,Abu Dhabi,P014,Leather Wallet,FASHION,Accessories,2,31.47,0.05,59.79,29.28,30.51,Debit Card,Mobile,Website,Shipped,0
ORD004412,2025-02-04,C00100,Mason Lewis,mason.lewis100@example.com,India,Tamil Nadu,P033,Cookbook,BOOKS,Lifestyle,1,30.82,0,30.82,14.16,16.66,Paypal,Mobile,Website,Shipped,0
ORD004413,2025-09-28,C00276,Mia Lee,mia.lee276@example.com,Canada,British Columbia,P017,Air Fryer,HOME & KITCHEN,Appliances,3,120.39,0.15,306.99,227.25,79.74,Credit Card,Desktop,Mobile App,Processing,0
ORD004414,2024-07-18,C00565,James Garcia,missing@example.com,Uk,Wales,P014,Leather Wallet,FASHION,Accessories,2,31.08,0.05,59.05,30.02,29.03,Debit Card,Mobile,Website,Delivered,5
ORD004415,2026-06-10,C01476,Ava Young,ava.young1476@example.com,Germany,Bavaria,P028,Moisturizer,BEAUTY,Skin Care,1,23.31,0.05,22.14,9.26,12.88,Paypal,Mobile,Website,Cancelled,0
ORD004416,2026-03-03,C00619,Jack Wright,jack.wright619@example.com,Usa,California,P003,Smart Watch,ELECTRONICS,Wearables,1,138.39,0.25,103.79,91.68,12.11,Debit Card,Mobile,Website,Delivered,3
ORD004417,2025-01-21,C01428,Noah Clark,noah.clark1428@example.com,Canada,Alberta,P031,Novel Set,BOOKS,Fiction,2,41.6,0.05,79.04,43.14,35.9,Paypal,Mobile,Mobile App,Returned,4
ORD004418,2025-11-09,C01501,Harper King,harper.king1501@example.com,Usa,Illinois,P006,Mechanical Keyboard,ELECTRONICS,Computers,5,94.28,0.1,424.26,303.26,121,Bank Transfer,Desktop,Website,Shipped,0
ORD004419,2026-04-21,C01489,Nora Johnson,nora.johnson1489@example.com,France,Provence,P008,Webcam HD,ELECTRONICS,Computers,2,59.7,0,119.4,74.84,44.56,Paypal,Mobile,Mobile App,Processing,0
ORD004420,2025-07-18,C01254,Liam Wilson,liam.wilson1254@example.com,Uk,England,P001,Wireless Headphones,ELECTRONICS,Audio,1,77.01,0,77.01,47.8,29.21,Debit Card,Mobile,Website,Delivered,4
ORD004421,2026-07-15,C01007,Zoe Thomas,zoe.thomas1007@example.com,France,Occitanie,P035,Remote Control Car,TOYS,Vehicles,2,41.84,0.05,79.5,46.91,32.59,Paypal,Desktop,Website,Delivered,5
ORD004422,2025-04-06,C00109,Liam Hall,liam.hall109@example.com,India,Karnataka,P005,Laptop Stand,ELECTRONICS,Accessories,2,39.17,0.05,74.42,41.38,33.04,Debit Card,Desktop,Marketplace,Delivered,3
ORD004423,2026-07-31,C01276,Daniel Thomas,daniel.thomas1276@example.com,Canada,Ontario,P002,Bluetooth Speaker,ELECTRONICS,Audio,1,47.43,0,47.43,27.54,19.89,Debit Card,Mobile,Mobile App,Cancelled,0
ORD004424,2024-11-30,C00951,Henry Johnson,henry.johnson951@example.com,Canada,Quebec,P022,Yoga Mat,SPORTS,Fitness,1,25.26,0.05,24,11.42,12.58,Credit Card,Desktop,Website,Delivered,4
ORD004425,2024-05-22,C01261,Noah Patel,noah.patel1261@example.com,Uae,Abu Dhabi,P033,Cookbook,BOOKS,Lifestyle,3,33.44,0,100.32,45.57,54.75,Cash On Delivery,Mobile,Website,Cancelled,0
ORD004426,2024-03-18,C00872,James Anderson,james.anderson872@example.com,India,Karnataka,P018,Non-stick Pan,HOME & KITCHEN,Cookware,1,35.74,0.15,30.38,17.53,12.85,Credit Card,Tablet,Website,Delivered,5
ORD004427,2024-03-22,C01276,Daniel Thomas,daniel.thomas1276@example.com,Canada,Alberta,P012,Cotton T-Shirt,FASHION,Apparel,4,21.66,0.15,73.64,37.9,35.74,Credit Card,Mobile,Website,Cancelled,0
ORD004428,2026-01-06,C01460,Olivia Lewis,olivia.lewis1460@example.com,Uae,Abu Dhabi,P034,Building Blocks,TOYS,Educational,2,37.49,0.25,56.23,38.03,18.2,Debit Card,Desktop,Mobile App,Delivered,3
ORD004429,2024-03-28,C00377,Mason Wright,mason.wright377@example.com,Uae,Dubai,P014,Leather Wallet,FASHION,Accessories,1,28.59,0.2,22.87,13.07,9.8,Debit Card,Desktop,Mobile App,Returned,5
ORD004430,2025-10-30,C01341,James Lewis,james.lewis1341@example.com,Australia,Victoria,P002,Bluetooth Speaker,ELECTRONICS,Audio,3,46.79,0.05,133.35,81.93,51.42,Credit Card,Desktop,Website,Delivered,4
ORD004431,2024-04-19,C01354,Ava Wright,ava.wright1354@example.com,France,Provence,P023,Dumbbell Set,SPORTS,Fitness,2,88.22,0.1,158.8,104.11,54.69,Paypal,Desktop,Website,Processing,0
ORD004432,2025-08-05,C00228,Olivia Lewis,missing@example.com,India,Delhi,P032,Data Analytics Book,BOOKS,Education,3,47.55,0.15,121.25,67.09,54.16,Credit Card,Mobile,Website,Delivered,1
ORD004433,2024-05-25,C01084,Sophia Wilson,sophia.wilson1084@example.com,Germany,Saxony,P020,Storage Boxes,HOME & KITCHEN,Storage,3,27.83,0.2,66.79,41.39,25.4,Paypal,Tablet,Website,Delivered,5
ORD004434,2024-03-18,C01009,Layla Brown,layla.brown1009@example.com,Germany,Saxony,P022,Yoga Mat,SPORTS,Fitness,3,26.27,0.2,63.05,35.64,27.41,Credit Card,Desktop,Mobile App,Delivered,4
ORD004435,2025-08-17,C00401,Layla Brown,layla.brown401@example.com,Canada,British Columbia,P020,Storage Boxes,HOME & KITCHEN,Storage,1,26.68,0.1,24.01,13,11.01,Paypal,Desktop,Website,Delivered,3
ORD004436,2026-03-04,C00302,Jack Garcia,jack.garcia302@example.com,France,Occitanie,P016,Coffee Maker,HOME & KITCHEN,Appliances,1,84.28,0.15,71.64,50.83,20.81,Credit Card,Desktop,Marketplace,Delivered,1
ORD004437,2025-07-13,C01370,Leo Lewis,missing@example.com,Uae,Sharjah,P022,Yoga Mat,SPORTS,Fitness,2,24.2,0.1,43.56,22.86,20.7,Credit Card,Tablet,Website,Shipped,0
ORD004438,2024-09-04,C01552,Elijah Hall,elijah.hall1552@example.com,Germany,Hesse,P033,Cookbook,BOOKS,Lifestyle,1,33.08,0,33.08,14.63,18.45,Debit Card,Mobile,Website,Delivered,5
ORD004439,2026-07-13,C01055,Ava Lewis,ava.lewis1055@example.com,Usa,New York,P018,Non-stick Pan,HOME & KITCHEN,Cookware,2,34.61,0.05,65.76,35.95,29.81,Credit Card,Desktop,Website,Delivered,4
ORD004440,2025-11-29,C00800,Isabella Walker,isabella.walker800@example.com,India,Tamil Nadu,P001,Wireless Headphones,ELECTRONICS,Audio,2,78.47,0,156.94,99.56,57.38,Paypal,Desktop,Website,Delivered,5
ORD004441,2026-03-24,C00325,Noah Moore,noah.moore325@example.com,Canada,Quebec,P032,Data Analytics Book,BOOKS,Education,4,45.66,0.05,173.51,86.29,87.22,Debit Card,Mobile,Marketplace,Delivered,5
ORD004442,2024-06-21,C01398,Aarav Wilson,aarav.wilson1398@example.com,Canada,British Columbia,P021,Desk Lamp,HOME & KITCHEN,Lighting,3,36.81,0,110.43,53.78,56.65,Debit Card,Mobile,Mobile App,Delivered,5
ORD004443,2026-06-24,C00359,Evelyn Thomas,evelyn.thomas359@example.com,India,Gujarat,P035,Remote Control Car,TOYS,Vehicles,3,47.71,0.05,135.97,79.58,56.39,Credit Card,Mobile,Marketplace,Delivered,5
ORD004444,2024-12-18,C00897,Aria King,aria.king897@example.com,Usa,Illinois,P026,Water Bottle,SPORTS,Accessories,1,18.17,0,18.17,7.87,10.3,Credit Card,Mobile,Website,Processing,0
ORD004445,2024-05-10,C01100,Mason Young,mason.young1100@example.com,Germany,Bavaria,P031,Novel Set,BOOKS,Fiction,1,39.72,0.1,35.75,19.86,15.89,Cash On Delivery,Mobile,Website,Delivered,3
ORD004446,2026-02-09,C01703,Liam Taylor,missing@example.com,Usa,New York,P035,Remote Control Car,TOYS,Vehicles,1,50.05,0,50.05,28.51,21.54,Cash On Delivery,Desktop,Marketplace,Delivered,4
ORD004447,2024-09-28,C00717,Henry Young,henry.young717@example.com,France,Ile-de-France,P034,Building Blocks,TOYS,Educational,1,33.61,0.1,30.25,16.81,13.44,Credit Card,Mobile,Mobile App,Shipped,0
ORD004448,2025-01-03,C00168,Ava Smith,ava.smith168@example.com,Usa,Florida,P009,Running Shoes,FASHION,Footwear,6,70.19,0.15,357.97,233.22,124.75,Debit Card,Desktop,Mobile App,Delivered,4
ORD004449,2026-07-15,C01170,Harper Thomas,harper.thomas1170@example.com,Uae,Dubai,P029,Hair Dryer,BEAUTY,Hair Care,2,53.21,0,106.42,58.29,48.13,Credit Card,Desktop,Mobile App,Processing,0
ORD004450,2025-10-29,C01449,Zoe Garcia,zoe.garcia1449@example.com,Australia,Western Australia,P020,Storage Boxes,HOME & KITCHEN,Storage,3,28.88,0.05,82.31,40.93,41.38,Credit Card,Desktop,Mobile App,Cancelled,0
ORD004451,2024-06-05,C00285,Lucas Garcia,lucas.garcia285@example.com,India,Maharashtra,P009,Running Shoes,FASHION,Footwear,2,68.8,0,137.6,73.03,64.57,Bank Transfer,Tablet,Website,Delivered,4
ORD004452,2026-05-22,C00588,Isabella Patel,isabella.patel588@example.com,Canada,Ontario,P015,Backpack,FASHION,Bags,2,52.84,0.1,95.11,53.95,41.16,Cash On Delivery,Desktop,Mobile App,Delivered,5
ORD004453,2025-02-27,C01701,Chloe Smith,chloe.smith1701@example.com,Usa,Texas,P014,Leather Wallet,FASHION,Accessories,3,32.49,0.05,92.6,46.94,45.66,Credit Card,Desktop,Mobile App,Delivered,3
ORD004454,2024-10-08,C00792,Ava Garcia,ava.garcia792@example.com,France,Normandy,P012,Cotton T-Shirt,FASHION,Apparel,1,18.5,0,18.5,8.34,10.16,Debit Card,Mobile,Website,Delivered,5
ORD004455,2024-07-03,C01065,Olivia Clark,olivia.clark1065@example.com,Usa,Florida,P001,Wireless Headphones,ELECTRONICS,Audio,1,80.39,0,80.39,50.56,29.83,Debit Card,Mobile,Mobile App,Delivered,5
ORD004456,2024-10-16,C00605,Amelia Walker,amelia.walker605@example.com,Uk,Wales,P017,Air Fryer,HOME & KITCHEN,Appliances,1,119.47,0,119.47,75.26,44.21,Paypal,Mobile,Website,Delivered,5
ORD004457,2024-09-06,C00812,Zoe Brown,zoe.brown812@example.com,Canada,British Columbia,P012,Cotton T-Shirt,FASHION,Apparel,3,18.51,0,55.53,24.14,31.39,Credit Card,Mobile,Website,Delivered,4
ORD004458,2024-09-27,C00795,James Anderson,james.anderson795@example.com,Uk,Wales,P021,Desk Lamp,HOME & KITCHEN,Lighting,2,30.72,0.2,49.15,31.73,17.42,Credit Card,Mobile,Mobile App,Processing,0
ORD004459,2025-04-20,C00353,Leo Garcia,leo.garcia353@example.com,Uae,Abu Dhabi,P010,Casual Sneakers,FASHION,Footwear,3,57.18,0.1,154.39,92.56,61.83,Cash On Delivery,Mobile,Marketplace,Delivered,3
ORD004460,2024-04-24,C00565,James Garcia,james.garcia565@example.com,France,Occitanie,P032,Data Analytics Book,BOOKS,Education,1,44.69,0.2,35.75,21.74,14.01,Debit Card,Desktop,Website,Delivered,4
ORD004461,2024-01-27,C01535,Liam Clark,liam.clark1535@example.com,Usa,Florida,P004,USB-C Charger,ELECTRONICS,Accessories,1,23.79,0,23.79,11.43,12.36,Credit Card,Tablet,Website,Delivered,1
ORD004462,2024-09-22,C01296,Sophia Lee,sophia.lee1296@example.com,Canada,British Columbia,P029,Hair Dryer,BEAUTY,Hair Care,3,46.32,0,138.96,73.6,65.36,Credit Card,Tablet,Website,Delivered,5
ORD004463,2026-06-22,C01688,Grace Wright,grace.wright1688@example.com,Canada,Ontario,P030,Perfume,BEAUTY,Fragrance,2,77.37,0.2,123.79,81.5,42.29,Credit Card,Tablet,Mobile App,Delivered,3
ORD004464,2024-03-01,C00118,Jack Lewis,jack.lewis118@example.com,India,Gujarat,P034,Building Blocks,TOYS,Educational,2,33.25,0.1,59.85,33.1,26.75,Cash On Delivery,Desktop,Website,Delivered,5
ORD004465,2024-09-28,C00912,Sophia Wright,sophia.wright912@example.com,India,Maharashtra,P022,Yoga Mat,SPORTS,Fitness,1,24.5,0,24.5,11.18,13.32,Debit Card,Tablet,Marketplace,Delivered,4
ORD004466,2025-09-19,C00077,Olivia Lewis,olivia.lewis77@example.com,Uk,Scotland,P003,Smart Watch,ELECTRONICS,Wearables,2,124.18,0.1,223.52,167.33,56.19,Paypal,Desktop,Website,Delivered,5
ORD004467,2026-04-19,C00231,Sophia Lee,sophia.lee231@example.com,Australia,Victoria,P016,Coffee Maker,HOME & KITCHEN,Appliances,2,92.41,0.15,157.1,114.11,42.99,Debit Card,Mobile,Website,Delivered,2
ORD004468,2025-01-12,C00131,Ava Moore,ava.moore131@example.com,Uk,Wales,P008,Webcam HD,ELECTRONICS,Computers,1,66.28,0.25,49.71,41.3,8.41,Paypal,Tablet,Mobile App,Delivered,5
ORD004469,2026-01-10,C01150,Henry Wright,henry.wright1150@example.com,Uk,Wales,P025,Cycling Helmet,SPORTS,Outdoor,2,61.07,0,122.14,72.29,49.85,Credit Card,Mobile,Website,Delivered,4
ORD004470,2024-08-24,C00611,Ethan Williams,ethan.williams611@example.com,Uae,Abu Dhabi,P035,Remote Control Car,TOYS,Vehicles,1,43.87,0,43.87,24.42,19.45,Debit Card,Desktop,Website,Returned,4
ORD004471,2024-10-02,C01115,Chloe Lee,chloe.lee1115@example.com,Canada,Alberta,P027,Face Serum,BEAUTY,Skin Care,3,35.32,0.05,100.66,44.93,55.73,Cash On Delivery,Desktop,Website,Delivered,5
ORD004472,2024-07-19,C00460,Layla Wright,layla.wright460@example.com,France,Normandy,P019,Knife Set,HOME & KITCHEN,Cookware,1,65,0.2,52,36.06,15.94,Cash On Delivery,Mobile,Website,Shipped,0
ORD004473,2025-11-01,C00947,Noah Thomas,noah.thomas947@example.com,India,Delhi,P031,Novel Set,BOOKS,Fiction,1,40.07,0.15,34.06,19.72,14.34,Debit Card,Desktop,Website,Processing,0
ORD004474,2026-06-30,C01327,Lucas Wilson,lucas.wilson1327@example.com,Australia,Queensland,P011,Denim Jacket,FASHION,Outerwear,2,77.89,0.1,140.2,86.22,53.98,Debit Card,Mobile,Website,Delivered,4
ORD004475,2024-12-07,C01483,Ethan Wilson,ethan.wilson1483@example.com,Uk,Scotland,P004,USB-C Charger,ELECTRONICS,Accessories,1,27.45,0,27.45,12.74,14.71,Debit Card,Desktop,Website,Shipped,0
ORD004476,2026-05-17,C01134,Nora Moore,nora.moore1134@example.com,Germany,Bavaria,P022,Yoga Mat,SPORTS,Fitness,1,27.49,0.2,21.99,13.05,8.94,Credit Card,Mobile,Website,Delivered,5
ORD004477,2026-01-06,C00960,Olivia Garcia,olivia.garcia960@example.com,France,Provence,P030,Perfume,BEAUTY,Fragrance,3,72.16,0.1,194.83,109.84,84.99,Credit Card,Mobile,Website,Delivered,2
ORD004478,2025-05-07,C00742,Adam Wright,adam.wright742@example.com,Australia,Western Australia,P004,USB-C Charger,ELECTRONICS,Accessories,3,26.4,0.2,63.36,39.09,24.27,Cash On Delivery,Mobile,Social Commerce,Delivered,4
ORD004479,2026-02-11,C01710,Amelia Taylor,amelia.taylor1710@example.com,India,Delhi,P021,Desk Lamp,HOME & KITCHEN,Lighting,1,35.85,0.15,30.47,17.28,13.19,Cash On Delivery,Mobile,Website,Delivered,3
ORD004480,2025-08-15,C00560,Sophia Smith,sophia.smith560@example.com,Germany,Bavaria,P019,Knife Set,HOME & KITCHEN,Cookware,2,60.44,0,120.88,69.97,50.91,Paypal,Mobile,Mobile App,Delivered,4
ORD004481,2024-09-26,C00506,Lucas Smith,lucas.smith506@example.com,Uk,Scotland,P026,Water Bottle,SPORTS,Accessories,1,19.29,0.05,18.33,8.01,10.32,Paypal,Mobile,Website,Delivered,5
ORD004482,2024-09-09,C00193,Amelia Anderson,amelia.anderson193@example.com,Uae,Sharjah,P014,Leather Wallet,FASHION,Accessories,1,32.36,0.1,29.12,15.34,13.78,Credit Card,Desktop,Website,Delivered,5
ORD004483,2026-05-04,C00639,Zoe King,zoe.king639@example.com,Australia,Western Australia,P030,Perfume,BEAUTY,Fragrance,2,68.47,0.15,116.4,70.62,45.78,Credit Card,Mobile,Marketplace,Delivered,5
ORD004484,2025-02-06,C01555,Jack Lewis,jack.lewis1555@example.com,Germany,Berlin,P007,Wireless Mouse,ELECTRONICS,Computers,2,38.06,0.05,72.31,37.48,34.83,Bank Transfer,Mobile,Website,Delivered,2
ORD004485,2026-04-22,C01759,James Moore,james.moore1759@example.com,India,Delhi,P019,Knife Set,HOME & KITCHEN,Cookware,3,66.7,0,200.1,116.28,83.82,Credit Card,Mobile,Website,Processing,0
ORD004486,2025-05-20,C00626,Nora Wright,nora.wright626@example.com,Canada,Ontario,P016,Coffee Maker,HOME & KITCHEN,Appliances,1,94.59,0.25,70.94,57.2,13.74,Bank Transfer,Mobile,Website,Processing,0
ORD004487,2024-08-07,C00096,Emma Wilson,emma.wilson96@example.com,France,Ile-de-France,P020,Storage Boxes,HOME & KITCHEN,Storage,6,26.31,0.05,149.97,75.24,74.73,Credit Card,Mobile,Social Commerce,Shipped,0
ORD004488,2024-10-31,C00598,Henry Walker,henry.walker598@example.com,Germany,Hesse,P034,Building Blocks,TOYS,Educational,1,35.14,0.15,29.87,18.15,11.72,Paypal,Tablet,Website,Delivered,5
ORD004489,2024-04-13,C00232,Ava Clark,ava.clark232@example.com,Australia,Victoria,P007,Wireless Mouse,ELECTRONICS,Computers,4,33.85,0.1,121.86,69.16,52.7,Credit Card,Desktop,Social Commerce,Delivered,5
ORD004490,2026-04-25,C00497,Elijah Lewis,elijah.lewis497@example.com,Uk,England,P011,Denim Jacket,FASHION,Outerwear,2,72.92,0,145.84,86,59.84,Paypal,Mobile,Website,Delivered,5
ORD004491,2024-02-22,C01142,Daniel Patel,daniel.patel1142@example.com,Germany,Bavaria,P033,Cookbook,BOOKS,Lifestyle,3,31.78,0,95.34,44.74,50.6,Paypal,Tablet,Mobile App,Delivered,5
ORD004492,2024-05-28,C00470,Mia Wilson,mia.wilson470@example.com,Australia,Queensland,P033,Cookbook,BOOKS,Lifestyle,3,31.43,0.2,75.43,44.18,31.25,Debit Card,Desktop,Mobile App,Shipped,0
ORD004493,2025-03-15,C00299,Zoe Lee,zoe.lee299@example.com,Canada,British Columbia,P004,USB-C Charger,ELECTRONICS,Accessories,6,23.3,0,139.8,65.74,74.06,Credit Card,Mobile,Marketplace,Cancelled,0
ORD004494,2025-06-29,C00581,Jack Patel,jack.patel581@example.com,India,Gujarat,P032,Data Analytics Book,BOOKS,Education,2,49.35,0.1,88.83,45.11,43.72,Credit Card,Mobile,Website,Delivered,2
ORD004495,2024-09-01,C00133,Elijah Lewis,elijah.lewis133@example.com,Uk,Wales,P019,Knife Set,HOME & KITCHEN,Cookware,1,60.74,0,60.74,32.83,27.91,Paypal,Mobile,Mobile App,Delivered,5
ORD004496,2025-06-20,C00900,Emma Patel,emma.patel900@example.com,France,Normandy,P022,Yoga Mat,SPORTS,Fitness,1,27.93,0,27.93,13.22,14.71,Credit Card,Desktop,Website,Delivered,3
ORD004497,2024-06-10,C01749,Ava Williams,ava.williams1749@example.com,Usa,Florida,P031,Novel Set,BOOKS,Fiction,1,39.87,0,39.87,20.37,19.5,Credit Card,Tablet,Website,Delivered,5
ORD004498,2026-06-10,C01038,Olivia Wilson,olivia.wilson1038@example.com,Germany,Hesse,P025,Cycling Helmet,SPORTS,Outdoor,4,62.18,0,248.72,136.64,112.08,Credit Card,Desktop,Website,Cancelled,0
ORD004499,2024-02-17,C00942,Sophia Young,sophia.young942@example.com,Australia,Queensland,P016,Coffee Maker,HOME & KITCHEN,Appliances,1,87.41,0.05,83.04,54.33,28.71,Cash On Delivery,Tablet,Marketplace,Delivered,4
ORD004500,2025-11-23,C01284,Daniel Johnson,daniel.johnson1284@example.com,Australia,New South Wales,P019,Knife Set,HOME & KITCHEN,Cookware,2,59.89,0.2,95.82,65.35,30.47,Cash On Delivery,Desktop,Website,Delivered,5
ORD004501,2025-11-28,C01550,Evelyn Johnson,evelyn.johnson1550@example.com,India,Karnataka,P032,Data Analytics Book,BOOKS,Education,2,46.96,0,93.92,44.96,48.96,Debit Card,Mobile,Mobile App,Delivered,2
ORD004502,2025-05-27,C00030,Liam Hall,liam.hall30@example.com,Canada,British Columbia,P020,Storage Boxes,HOME & KITCHEN,Storage,2,28.72,0,57.44,28.78,28.66,Credit Card,Mobile,Mobile App,Delivered,5
ORD004503,2025-11-28,C00082,Harper King,harper.king82@example.com,Canada,Alberta,P014,Leather Wallet,FASHION,Accessories,2,32.8,0,65.6,30.47,35.13,Debit Card,Desktop,Website,Delivered,3
ORD004504,2024-03-19,C00247,Ethan Johnson,ethan.johnson247@example.com,Uae,Abu Dhabi,P001,Wireless Headphones,ELECTRONICS,Audio,1,75.24,0.25,56.43,47.34,9.09,Credit Card,Desktop,Marketplace,Delivered,4
ORD004505,2024-11-06,C01508,Emma Wright,emma.wright1508@example.com,Australia,Victoria,P030,Perfume,BEAUTY,Fragrance,2,75.4,0.15,128.18,80.91,47.27,Cash On Delivery,Desktop,Website,Delivered,5
ORD004506,2024-09-26,C01520,Sophia Smith,sophia.smith1520@example.com,France,Normandy,P019,Knife Set,HOME & KITCHEN,Cookware,2,63.45,0.1,114.21,72.72,41.49,Credit Card,Mobile,Mobile App,Delivered,3
ORD004507,2025-11-25,C01800,Noah Moore,noah.moore1800@example.com,India,Delhi,P029,Hair Dryer,BEAUTY,Hair Care,3,48.15,0.2,115.56,82.43,33.13,Bank Transfer,Mobile,Website,Delivered,3
ORD004508,2024-10-14,C00142,Liam Lee,liam.lee142@example.com,Uae,Dubai,P031,Novel Set,BOOKS,Fiction,1,37.71,0.1,33.94,19.06,14.88,Paypal,Desktop,Marketplace,Shipped,0
ORD004509,2024-05-13,C00233,Nora Hall,nora.hall233@example.com,Usa,Texas,P027,Face Serum,BEAUTY,Skin Care,1,34.17,0,34.17,14.75,19.42,Credit Card,Mobile,Website,Processing,0
ORD004510,2024-07-13,C00950,Grace Walker,grace.walker950@example.com,France,Provence,P034,Building Blocks,TOYS,Educational,1,38.09,0.1,34.28,18.95,15.33,Debit Card,Desktop,Mobile App,Delivered,5
ORD004511,2024-04-07,C00199,Henry Martin,henry.martin199@example.com,Germany,Bavaria,P015,Backpack,FASHION,Bags,2,53.03,0.25,79.55,57.18,22.37,Credit Card,Mobile,Website,Delivered,4
ORD004512,2024-12-25,C00168,Ava Smith,ava.smith168@example.com,Uk,Scotland,P007,Wireless Mouse,ELECTRONICS,Computers,4,34.82,0,139.28,70.27,69.01,Paypal,Mobile,Social Commerce,Delivered,3
ORD004513,2025-12-30,C00204,Liam Lee,missing@example.com,Australia,Queensland,P028,Moisturizer,BEAUTY,Skin Care,1,26.17,0.1,23.55,10.35,13.2,Cash On Delivery,Desktop,Marketplace,Cancelled,0
ORD004514,2024-09-07,C01029,Nora Smith,nora.smith1029@example.com,Canada,Ontario,P003,Smart Watch,ELECTRONICS,Wearables,6,120.13,0,720.78,488.7,232.08,Credit Card,Tablet,Marketplace,Delivered,4
ORD004515,2025-12-29,C00702,Daniel Taylor,daniel.taylor702@example.com,France,Ile-de-France,P033,Cookbook,BOOKS,Lifestyle,1,29.2,0.15,24.82,13.65,11.17,Bank Transfer,Mobile,Website,Shipped,0
ORD004516,2024-07-22,C01452,Leo Hall,leo.hall1452@example.com,Australia,New South Wales,P026,Water Bottle,SPORTS,Accessories,2,19.87,0,39.74,17.19,22.55,Credit Card,Mobile,Mobile App,Delivered,1
ORD004517,2026-04-19,C00923,Ethan Anderson,ethan.anderson923@example.com,India,Karnataka,P008,Webcam HD,ELECTRONICS,Computers,1,60.27,0.1,54.24,37.85,16.39,Paypal,Mobile,Mobile App,Cancelled,0
ORD004518,2025-08-05,C00893,Lucas Taylor,lucas.taylor893@example.com,India,Tamil Nadu,P006,Mechanical Keyboard,ELECTRONICS,Computers,2,83.85,0.15,142.54,103.4,39.14,Debit Card,Desktop,Website,Shipped,0
ORD004519,2026-05-26,C00983,Ava Martin,ava.martin983@example.com,Uae,Dubai,P011,Denim Jacket,FASHION,Outerwear,2,74.38,0,148.76,84.92,63.84,Credit Card,Desktop,Marketplace,Cancelled,0
ORD004520,2024-04-25,C00017,Mason Moore,mason.moore17@example.com,Uk,Scotland,P025,Cycling Helmet,SPORTS,Outdoor,1,69.65,0,69.65,41.04,28.61,Bank Transfer,Mobile,Mobile App,Processing,0
ORD004521,2024-11-15,C01620,Lucas Clark,lucas.clark1620@example.com,France,Normandy,P007,Wireless Mouse,ELECTRONICS,Computers,1,37.12,0,37.12,18.46,18.66,Bank Transfer,Mobile,Marketplace,Delivered,5
ORD004522,2025-07-08,C00424,Aria Garcia,aria.garcia424@example.com,Australia,New South Wales,P021,Desk Lamp,HOME & KITCHEN,Lighting,1,30.68,0,30.68,15.13,15.55,Paypal,Mobile,Mobile App,Shipped,0
ORD004523,2024-06-01,C01252,Olivia King,olivia.king1252@example.com,France,Provence,P021,Desk Lamp,HOME & KITCHEN,Lighting,2,34.71,0.25,52.06,35.1,16.96,Paypal,Desktop,Website,Delivered,5
ORD004524,2024-01-09,C00208,Leo Anderson,leo.anderson208@example.com,Uae,Sharjah,P032,Data Analytics Book,BOOKS,Education,1,45.1,0,45.1,21.86,23.24,Debit Card,Mobile,Website,Delivered,4
ORD004525,2024-02-02,C00908,Noah Garcia,noah.garcia908@example.com,Uk,Wales,P029,Hair Dryer,BEAUTY,Hair Care,1,48.68,0.05,46.25,27.63,18.62,Credit Card,Tablet,Website,Delivered,3
ORD004526,2024-01-29,C00679,Ethan King,ethan.king679@example.com,Uk,Wales,P035,Remote Control Car,TOYS,Vehicles,1,45.98,0,45.98,26.35,19.63,Credit Card,Desktop,Marketplace,Delivered,5
ORD004527,2024-12-09,C00560,Sophia Smith,sophia.smith560@example.com,Usa,New York,P002,Bluetooth Speaker,ELECTRONICS,Audio,6,47.28,0.05,269.5,169.57,99.93,Debit Card,Mobile,Website,Delivered,1
ORD004528,2026-07-23,C01144,Henry Moore,henry.moore1144@example.com,Usa,Florida,P024,Football,SPORTS,Outdoor,2,31.93,0.1,57.47,29.83,27.64,Credit Card,Desktop,Website,Shipped,0
ORD004529,2025-02-08,C01274,Leo Wilson,leo.wilson1274@example.com,Usa,California,P021,Desk Lamp,HOME & KITCHEN,Lighting,2,33.57,0.2,53.71,32.28,21.43,Credit Card,Mobile,Mobile App,Shipped,0
ORD004530,2024-04-06,C00052,Lucas Young,lucas.young52@example.com,Uae,Dubai,P020,Storage Boxes,HOME & KITCHEN,Storage,1,27.4,0.1,24.66,12.99,11.67,Paypal,Desktop,Mobile App,Delivered,3
ORD004531,2024-11-30,C00161,Evelyn Williams,evelyn.williams161@example.com,France,Provence,P021,Desk Lamp,HOME & KITCHEN,Lighting,1,32.04,0.05,30.44,16.62,13.82,Credit Card,Desktop,Marketplace,Cancelled,0
ORD004532,2025-02-18,C00612,Olivia Clark,olivia.clark612@example.com,Uk,Wales,P031,Novel Set,BOOKS,Fiction,6,44.19,0.05,251.88,129.7,122.18,Debit Card,Desktop,Website,Shipped,0
ORD004533,2025-05-10,C01291,Noah Wilson,noah.wilson1291@example.com,Canada,Alberta,P026,Water Bottle,SPORTS,Accessories,2,20.14,0.1,36.25,16.84,19.41,Credit Card,Mobile,Mobile App,Delivered,5
ORD004534,2024-11-21,C00421,Ava Moore,ava.moore421@example.com,Uk,Scotland,P015,Backpack,FASHION,Bags,1,54.27,0,54.27,27.75,26.52,Debit Card,Mobile,Website,Delivered,4
ORD004535,2025-06-05,C01369,Grace Patel,grace.patel1369@example.com,Usa,Florida,P006,Mechanical Keyboard,ELECTRONICS,Computers,1,88.02,0.25,66.02,56.5,9.52,Bank Transfer,Mobile,Marketplace,Delivered,4
ORD004536,2025-03-27,C01453,Evelyn Clark,evelyn.clark1453@example.com,Canada,Quebec,P012,Cotton T-Shirt,FASHION,Apparel,2,20.56,0.05,39.06,18.94,20.12,Paypal,Desktop,Website,Delivered,3
ORD004537,2025-03-17,C00300,Zoe Martin,zoe.martin300@example.com,France,Ile-de-France,P013,Hoodie,FASHION,Apparel,1,41.87,0,41.87,20.36,21.51,Debit Card,Mobile,Marketplace,Delivered,5
ORD004538,2025-09-17,C00465,Liam Thomas,liam.thomas465@example.com,Australia,Queensland,P028,Moisturizer,BEAUTY,Skin Care,1,26.78,0,26.78,10.62,16.16,Credit Card,Tablet,Marketplace,Delivered,5
ORD004539,2025-05-17,C01750,Charlotte Lewis,charlotte.lewis1750@example.com,Uae,Abu Dhabi,P034,Building Blocks,TOYS,Educational,1,36.25,0,36.25,17.91,18.34,Paypal,Mobile,Website,Delivered,4
ORD004540,2025-04-26,C00122,Noah Smith,noah.smith122@example.com,Australia,New South Wales,P022,Yoga Mat,SPORTS,Fitness,4,26.48,0,105.92,48.27,57.65,Paypal,Desktop,Mobile App,Delivered,5
ORD004541,2024-10-21,C01338,Mia Anderson,mia.anderson1338@example.com,Uk,Scotland,P015,Backpack,FASHION,Bags,2,51.47,0.15,87.5,55.08,32.42,Debit Card,Desktop,Website,Delivered,3
ORD004542,2025-02-10,C00304,Sophia Taylor,sophia.taylor304@example.com,Usa,Florida,P004,USB-C Charger,ELECTRONICS,Accessories,2,26.97,0,53.94,25.59,28.35,Credit Card,Tablet,Website,Delivered,4
ORD004543,2024-09-18,C01710,Amelia Taylor,amelia.taylor1710@example.com,Uk,Scotland,P008,Webcam HD,ELECTRONICS,Computers,1,60.45,0.2,48.36,35.93,12.43,Cash On Delivery,Mobile,Mobile App,Delivered,3
ORD004544,2025-08-14,C01616,Amelia Brown,amelia.brown1616@example.com,Uae,Dubai,P030,Perfume,BEAUTY,Fragrance,1,73.49,0,73.49,37.83,35.66,Cash On Delivery,Mobile,Website,Processing,0
ORD004545,2024-05-13,C00294,Chloe Wilson,chloe.wilson294@example.com,Uae,Sharjah,P028,Moisturizer,BEAUTY,Skin Care,3,27.25,0.05,77.66,32.54,45.12,Debit Card,Mobile,Website,Delivered,4
ORD004546,2024-06-03,C00872,James Anderson,james.anderson872@example.com,Germany,Hesse,P018,Non-stick Pan,HOME & KITCHEN,Cookware,4,33.61,0.05,127.72,66.41,61.31,Credit Card,Desktop,Website,Cancelled,0
ORD004547,2025-02-09,C01322,James Patel,james.patel1322@example.com,Canada,Alberta,P015,Backpack,FASHION,Bags,1,55.5,0.25,41.62,29.13,12.49,Credit Card,Mobile,Mobile App,Delivered,4
ORD004548,2024-07-19,C00430,Mia King,mia.king430@example.com,Uk,Scotland,P006,Mechanical Keyboard,ELECTRONICS,Computers,4,83.89,0.25,251.67,218.63,33.04,Debit Card,Desktop,Website,Delivered,2
ORD004549,2024-08-18,C01475,Noah Anderson,noah.anderson1475@example.com,Canada,Alberta,P020,Storage Boxes,HOME & KITCHEN,Storage,1,28.54,0.1,25.69,13.81,11.88,Paypal,Mobile,Mobile App,Delivered,3
ORD004550,2025-02-14,C00614,Henry Williams,henry.williams614@example.com,Canada,Ontario,P022,Yoga Mat,SPORTS,Fitness,1,25.48,0.05,24.21,11.85,12.36,Debit Card,Desktop,Mobile App,Shipped,0
ORD004551,2025-05-25,C00193,Amelia Anderson,amelia.anderson193@example.com,Canada,Ontario,P031,Novel Set,BOOKS,Fiction,4,42.92,0,171.68,84.23,87.45,Credit Card,Mobile,Website,Delivered,4
ORD004552,2024-11-26,C00701,Olivia King,olivia.king701@example.com,Uk,Scotland,P034,Building Blocks,TOYS,Educational,1,38.56,0,38.56,18.67,19.89,Credit Card,Mobile,Mobile App,Delivered,5
ORD004553,2026-06-28,C01415,Owen Anderson,owen.anderson1415@example.com,India,Delhi,P007,Wireless Mouse,ELECTRONICS,Computers,3,33.22,0,99.66,49.3,50.36,Debit Card,Mobile,Website,Delivered,4
ORD004554,2025-07-30,C01408,Mia Young,mia.young1408@example.com,Usa,Texas,P020,Storage Boxes,HOME & KITCHEN,Storage,2,27.18,0.05,51.64,27.47,24.17,Credit Card,Desktop,Marketplace,Delivered,2
ORD004555,2025-12-06,C01116,Sophia Lee,sophia.lee1116@example.com,Germany,Berlin,P008,Webcam HD,ELECTRONICS,Computers,1,59.06,0,59.06,35.93,23.13,Paypal,Tablet,Website,Returned,5
ORD004556,2024-11-13,C00447,Leo Brown,leo.brown447@example.com,Canada,British Columbia,P025,Cycling Helmet,SPORTS,Outdoor,2,64.4,0.2,103.04,72.83,30.21,Credit Card,Mobile,Website,Delivered,5
ORD004557,2025-05-29,C01640,Elijah Smith,elijah.smith1640@example.com,Usa,New York,P022,Yoga Mat,SPORTS,Fitness,1,26.8,0.1,24.12,12.4,11.72,Bank Transfer,Tablet,Mobile App,Delivered,5
ORD004558,2024-11-19,C00835,Charlotte Wright,charlotte.wright835@example.com,France,Provence,P006,Mechanical Keyboard,ELECTRONICS,Computers,2,93.83,0,187.66,114.58,73.08,Bank Transfer,Desktop,Mobile App,Delivered,5
ORD004559,2025-11-29,C00985,Lucas Wright,lucas.wright985@example.com,Uk,Scotland,P028,Moisturizer,BEAUTY,Skin Care,2,24.44,0,48.88,19.9,28.98,Bank Transfer,Desktop,Website,Delivered,4
ORD004560,2026-05-20,C01506,Charlotte Lewis,charlotte.lewis1506@example.com,Australia,New South Wales,P024,Football,SPORTS,Outdoor,1,28.69,0.1,25.82,13.74,12.08,Debit Card,Mobile,Mobile App,Delivered,5
ORD004561,2024-03-03,C00079,Isabella Smith,isabella.smith79@example.com,Usa,Florida,P016,Coffee Maker,HOME & KITCHEN,Appliances,4,93.68,0,374.72,225.78,148.94,Paypal,Mobile,Website,Processing,0
ORD004562,2026-01-10,C00804,Leo Lewis,leo.lewis804@example.com,Uae,Dubai,P024,Football,SPORTS,Outdoor,1,29.56,0.15,25.13,13.77,11.36,Debit Card,Desktop,Website,Delivered,4
ORD004563,2024-10-11,C01626,Henry Walker,henry.walker1626@example.com,France,Normandy,P028,Moisturizer,BEAUTY,Skin Care,1,25.43,0.2,20.34,10.57,9.77,Debit Card,Mobile,Marketplace,Processing,0
ORD004564,2026-01-30,C00721,Ava Patel,ava.patel721@example.com,Usa,California,P006,Mechanical Keyboard,ELECTRONICS,Computers,1,98.72,0.05,93.78,62.72,31.06,Credit Card,Desktop,Website,Processing,0
ORD004565,2025-03-17,C00325,Noah Moore,noah.moore325@example.com,India,Gujarat,P032,Data Analytics Book,BOOKS,Education,2,50.3,0.05,95.57,47.09,48.48,Cash On Delivery,Desktop,Website,Delivered,5
ORD004566,2026-05-01,C01591,Layla Lewis,layla.lewis1591@example.com,India,Maharashtra,P003,Smart Watch,ELECTRONICS,Wearables,2,135.7,0,271.4,177.42,93.98,Credit Card,Desktop,Marketplace,Shipped,0
ORD004567,2024-10-14,C00304,Sophia Taylor,sophia.taylor304@example.com,Germany,Bavaria,P024,Football,SPORTS,Outdoor,5,31.82,0,159.1,74.22,84.88,Debit Card,Desktop,Mobile App,Delivered,1
ORD004568,2026-01-27,C01464,Aarav Wright,aarav.wright1464@example.com,Germany,Hesse,P002,Bluetooth Speaker,ELECTRONICS,Audio,2,47.97,0,95.94,59.3,36.64,Cash On Delivery,Desktop,Website,Delivered,3
ORD004569,2025-07-18,C01036,Nora Johnson,nora.johnson1036@example.com,India,Karnataka,P030,Perfume,BEAUTY,Fragrance,2,71.51,0.05,135.87,77.01,58.86,Paypal,Mobile,Website,Delivered,1
ORD004570,2024-02-16,C00468,Emma Young,emma.young468@example.com,Canada,Quebec,P006,Mechanical Keyboard,ELECTRONICS,Computers,1,96.55,0.1,86.89,59.28,27.61,Credit Card,Desktop,Social Commerce,Delivered,4
ORD004571,2026-06-25,C01731,Lucas Moore,lucas.moore1731@example.com,Usa,Illinois,P001,Wireless Headphones,ELECTRONICS,Audio,2,85.33,0.1,153.59,101.92,51.67,Paypal,Mobile,Website,Delivered,5
ORD004572,2025-08-29,C00614,Henry Williams,henry.williams614@example.com,Uk,England,P021,Desk Lamp,HOME & KITCHEN,Lighting,6,30.54,0.1,164.92,89.37,75.55,Debit Card,Desktop,Website,Shipped,0
ORD004573,2024-10-30,C00115,Chloe Garcia,chloe.garcia115@example.com,Uae,Sharjah,P008,Webcam HD,ELECTRONICS,Computers,1,66.74,0,66.74,40.26,26.48,Credit Card,Desktop,Website,Delivered,2
ORD004574,2026-04-21,C00672,Adam Clark,adam.clark672@example.com,Usa,New York,P011,Denim Jacket,FASHION,Outerwear,2,76.33,0,152.66,86.45,66.21,Bank Transfer,Desktop,Mobile App,Delivered,5
ORD004575,2024-06-18,C00093,Elijah Hall,elijah.hall93@example.com,Australia,Queensland,P025,Cycling Helmet,SPORTS,Outdoor,1,66.42,0.2,53.14,38.77,14.37,Credit Card,Desktop,Marketplace,Delivered,4
ORD004576,2026-05-10,C01652,Daniel King,daniel.king1652@example.com,Uae,Dubai,P033,Cookbook,BOOKS,Lifestyle,6,30.07,0,180.42,85.57,94.85,Debit Card,Tablet,Website,Shipped,0
ORD004577,2025-05-13,C01570,Jack Taylor,jack.taylor1570@example.com,Germany,Hesse,P024,Football,SPORTS,Outdoor,2,29.3,0.15,49.81,27.83,21.98,Credit Card,Mobile,Website,Delivered,3
ORD004578,2025-02-07,C00698,Isabella Lee,isabella.lee698@example.com,Australia,Western Australia,P035,Remote Control Car,TOYS,Vehicles,1,47.34,0,47.34,25.99,21.35,Credit Card,Mobile,Marketplace,Delivered,5
ORD004579,2024-08-23,C01779,Harper Lee,harper.lee1779@example.com,Canada,Ontario,P030,Perfume,BEAUTY,Fragrance,3,69.02,0.1,186.35,107.36,78.99,Bank Transfer,Mobile,Mobile App,Delivered,3
ORD004580,2025-11-05,C00144,Jack King,jack.king144@example.com,Uae,Sharjah,P016,Coffee Maker,HOME & KITCHEN,Appliances,1,98.86,0.1,88.97,58.99,29.98,Credit Card,Desktop,Website,Delivered,3
ORD004581,2026-05-01,C00638,Chloe Williams,chloe.williams638@example.com,Canada,Quebec,P016,Coffee Maker,HOME & KITCHEN,Appliances,1,87.46,0.1,78.71,52.28,26.43,Paypal,Mobile,Website,Cancelled,0
ORD004582,2025-07-20,C01393,Aarav Williams,aarav.williams1393@example.com,Canada,Quebec,P019,Knife Set,HOME & KITCHEN,Cookware,4,57.93,0.1,208.55,125.25,83.3,Debit Card,Mobile,Mobile App,Delivered,4
ORD004583,2024-02-03,C00938,Sophia Martin,sophia.martin938@example.com,Australia,New South Wales,P021,Desk Lamp,HOME & KITCHEN,Lighting,2,33.99,0.1,61.18,34.33,26.85,Debit Card,Mobile,Mobile App,Delivered,5
ORD004584,2025-09-11,C01704,Jack Hall,jack.hall1704@example.com,Canada,Quebec,P024,Football,SPORTS,Outdoor,1,32.89,0.2,26.31,16.31,10,Debit Card,Mobile,Website,Delivered,5
ORD004585,2025-12-29,C00027,Mason Smith,mason.smith27@example.com,Uk,England,P025,Cycling Helmet,SPORTS,Outdoor,2,71.06,0,142.12,78.97,63.15,Debit Card,Mobile,Website,Delivered,5
ORD004586,2026-02-09,C01098,Henry Smith,henry.smith1098@example.com,Canada,Alberta,P035,Remote Control Car,TOYS,Vehicles,1,44.29,0.25,33.22,25.77,7.45,Debit Card,Mobile,Mobile App,Delivered,5
ORD004587,2024-10-24,C00023,Mason Wilson,mason.wilson23@example.com,Canada,Alberta,P002,Bluetooth Speaker,ELECTRONICS,Audio,1,51.54,0.1,46.39,30.05,16.34,Cash On Delivery,Mobile,Marketplace,Delivered,2
ORD004588,2026-01-20,C00263,Amelia Wright,amelia.wright263@example.com,Uk,Scotland,P014,Leather Wallet,FASHION,Accessories,3,30.33,0.05,86.44,41.59,44.85,Bank Transfer,Mobile,Website,Delivered,5
ORD004589,2024-10-06,C01642,Grace Walker,grace.walker1642@example.com,France,Normandy,P013,Hoodie,FASHION,Apparel,1,49.23,0.15,41.85,25.34,16.51,Credit Card,Mobile,Website,Shipped,0
ORD004590,2024-08-29,C00024,Daniel Brown,daniel.brown24@example.com,France,Ile-de-France,P025,Cycling Helmet,SPORTS,Outdoor,1,63.26,0,63.26,35.55,27.71,Debit Card,Desktop,Mobile App,Cancelled,0
ORD004591,2026-02-03,C00644,Sophia Lewis,sophia.lewis644@example.com,India,Gujarat,P001,Wireless Headphones,ELECTRONICS,Audio,5,78.63,0.05,373.49,244.21,129.28,Credit Card,Desktop,Mobile App,Delivered,3
ORD004592,2025-06-23,C01511,Adam Smith,adam.smith1511@example.com,Usa,Florida,P032,Data Analytics Book,BOOKS,Education,1,41.58,0.05,39.5,19.17,20.33,Debit Card,Mobile,Website,Cancelled,0
ORD004593,2024-02-01,C01239,Mason Hall,mason.hall1239@example.com,Germany,Berlin,P035,Remote Control Car,TOYS,Vehicles,1,45.71,0.05,43.42,25.05,18.37,Cash On Delivery,Mobile,Website,Delivered,4
ORD004594,2024-07-27,C01254,Liam Wilson,liam.wilson1254@example.com,Uae,Sharjah,P006,Mechanical Keyboard,ELECTRONICS,Computers,1,92.25,0.2,73.8,59.16,14.64,Debit Card,Mobile,Marketplace,Delivered,5
ORD004595,2025-08-05,C00649,Isabella Thomas,isabella.thomas649@example.com,Uk,Scotland,P007,Wireless Mouse,ELECTRONICS,Computers,1,34.76,0.25,26.07,17.52,8.55,Debit Card,Mobile,Marketplace,Delivered,2
ORD004596,2026-03-12,C01226,Charlotte Smith,charlotte.smith1226@example.com,Uk,Scotland,P021,Desk Lamp,HOME & KITCHEN,Lighting,1,33.79,0.1,30.41,16.7,13.71,Credit Card,Mobile,Mobile App,Processing,0
ORD004597,2026-04-12,C00129,Layla Wright,layla.wright129@example.com,Uae,Dubai,P003,Smart Watch,ELECTRONICS,Wearables,2,144.61,0,289.22,188.58,100.64,Cash On Delivery,Mobile,Social Commerce,Delivered,5
ORD004598,2025-04-02,C00314,Owen Patel,owen.patel314@example.com,Australia,Western Australia,P036,Puzzle 1000pc,TOYS,Games,5,18.44,0,92.2,39.72,52.48,Paypal,Mobile,Mobile App,Shipped,0
ORD004599,2025-05-07,C01130,Mason Anderson,mason.anderson1130@example.com,Australia,Queensland,P003,Smart Watch,ELECTRONICS,Wearables,5,132.7,0,663.5,453.06,210.44,Paypal,Desktop,Website,Delivered,5
ORD004600,2024-05-27,C00558,Sophia Wright,sophia.wright558@example.com,Germany,Berlin,P022,Yoga Mat,SPORTS,Fitness,1,26.59,0,26.59,12.63,13.96,Credit Card,Mobile,Website,Delivered,5
ORD004601,2025-04-30,C00463,Charlotte Patel,charlotte.patel463@example.com,Uae,Abu Dhabi,P024,Football,SPORTS,Outdoor,2,32.17,0,64.34,31.68,32.66,Credit Card,Desktop,Website,Delivered,5
ORD004602,2024-07-28,C00563,Lucas Lewis,lucas.lewis563@example.com,France,Normandy,P019,Knife Set,HOME & KITCHEN,Cookware,2,56.89,0.1,102.4,63.08,39.32,Credit Card,Mobile,Mobile App,Shipped,0
ORD004603,2025-10-23,C01533,Ethan Young,ethan.young1533@example.com,Germany,Berlin,P028,Moisturizer,BEAUTY,Skin Care,1,27.67,0.2,22.14,10.63,11.51,Cash On Delivery,Tablet,Marketplace,Delivered,4
ORD004604,2025-08-16,C01726,Ava Wilson,ava.wilson1726@example.com,India,Gujarat,P034,Building Blocks,TOYS,Educational,1,33.06,0.05,31.41,17.04,14.37,Credit Card,Mobile,Website,Delivered,5
ORD004605,2026-05-30,C00775,Owen Wilson,owen.wilson775@example.com,Australia,Western Australia,P034,Building Blocks,TOYS,Educational,5,34.74,0.05,165.02,86.21,78.81,Debit Card,Mobile,Website,Delivered,3
ORD004606,2026-02-26,C00688,Owen Anderson,owen.anderson688@example.com,Uk,Wales,P031,Novel Set,BOOKS,Fiction,4,41.86,0.1,150.7,86.87,63.83,Credit Card,Mobile,Mobile App,Shipped,0
ORD004607,2025-07-02,C01031,James Williams,james.williams1031@example.com,France,Normandy,P034,Building Blocks,TOYS,Educational,3,33.3,0,99.9,51.83,48.07,Credit Card,Mobile,Website,Shipped,0
ORD004608,2025-08-31,C01664,Adam Young,adam.young1664@example.com,Canada,British Columbia,P007,Wireless Mouse,ELECTRONICS,Computers,3,32.25,0,96.75,49.66,47.09,Credit Card,Mobile,Website,Delivered,5
ORD004609,2026-02-17,C00034,James King,james.king34@example.com,Germany,Hesse,P035,Remote Control Car,TOYS,Vehicles,4,49.99,0,199.96,111.18,88.78,Credit Card,Mobile,Website,Shipped,0
ORD004610,2025-09-23,C00156,Elijah Taylor,elijah.taylor156@example.com,Uk,Scotland,P022,Yoga Mat,SPORTS,Fitness,2,25.51,0.1,45.92,24.4,21.52,Credit Card,Mobile,Mobile App,Delivered,4
ORD004611,2024-04-14,C01299,Nora Lee,nora.lee1299@example.com,Usa,New York,P005,Laptop Stand,ELECTRONICS,Accessories,2,40.43,0.15,68.73,42.34,26.39,Credit Card,Mobile,Mobile App,Delivered,4
ORD004612,2024-05-29,C01135,Isabella Wilson,isabella.wilson1135@example.com,India,Tamil Nadu,P021,Desk Lamp,HOME & KITCHEN,Lighting,1,32.7,0,32.7,16.93,15.77,Debit Card,Mobile,Website,Delivered,5
ORD004613,2024-01-13,C00622,Lucas Clark,lucas.clark622@example.com,Canada,British Columbia,P025,Cycling Helmet,SPORTS,Outdoor,1,70.28,0.25,52.71,39.12,13.59,Cash On Delivery,Desktop,Mobile App,Delivered,4
ORD004614,2025-04-21,C00385,Sophia Taylor,sophia.taylor385@example.com,Germany,Bavaria,P033,Cookbook,BOOKS,Lifestyle,3,31.44,0.05,89.6,41.74,47.86,Credit Card,Tablet,Website,Delivered,3
ORD004615,2024-09-23,C01698,Ava Smith,ava.smith1698@example.com,Germany,Hesse,P004,USB-C Charger,ELECTRONICS,Accessories,1,24.3,0,24.3,11.57,12.73,Credit Card,Mobile,Website,Delivered,5
ORD004616,2025-02-15,C00417,Mia Wright,mia.wright417@example.com,Usa,Illinois,P028,Moisturizer,BEAUTY,Skin Care,1,26.11,0,26.11,10.62,15.49,Debit Card,Mobile,Website,Delivered,2
ORD004617,2026-05-02,C01109,Leo Thomas,leo.thomas1109@example.com,France,Provence,P019,Knife Set,HOME & KITCHEN,Cookware,2,56.72,0.15,96.42,64.95,31.47,Paypal,Mobile,Mobile App,Delivered,4
ORD004618,2025-01-17,C00273,Chloe Lee,chloe.lee273@example.com,Uk,England,P030,Perfume,BEAUTY,Fragrance,1,65.88,0.1,59.29,33.89,25.4,Credit Card,Mobile,Mobile App,Delivered,2
ORD004619,2024-04-07,C01613,Grace Moore,grace.moore1613@example.com,Canada,British Columbia,P001,Wireless Headphones,ELECTRONICS,Audio,1,77.55,0.05,73.67,47.72,25.95,Credit Card,Tablet,Website,Delivered,3
ORD004620,2024-12-28,C01788,Ava Hall,ava.hall1788@example.com,India,Karnataka,P022,Yoga Mat,SPORTS,Fitness,1,27.64,0,27.64,13.1,14.54,Paypal,Mobile,Marketplace,Delivered,4
ORD004621,2024-04-12,C00955,Olivia Moore,olivia.moore955@example.com,Canada,Alberta,P017,Air Fryer,HOME & KITCHEN,Appliances,2,112.2,0,224.4,141.28,83.12,Paypal,Mobile,Mobile App,Returned,3
ORD004622,2025-05-19,C00452,Aarav Clark,aarav.clark452@example.com,Uae,Dubai,P019,Knife Set,HOME & KITCHEN,Cookware,1,64.86,0.05,61.62,36.65,24.97,Paypal,Desktop,Website,Delivered,4
ORD004623,2025-12-16,C00135,Daniel Williams,daniel.williams135@example.com,Uae,Abu Dhabi,P009,Running Shoes,FASHION,Footwear,5,64.85,0.15,275.61,177.26,98.35,Paypal,Mobile,Website,Delivered,2
ORD004624,2025-11-24,C00996,Layla Moore,layla.moore996@example.com,Canada,British Columbia,P024,Football,SPORTS,Outdoor,1,30.08,0,30.08,14.61,15.47,Credit Card,Desktop,Website,Delivered,5
ORD004625,2024-04-27,C01690,Mia Anderson,mia.anderson1690@example.com,Germany,Berlin,P032,Data Analytics Book,BOOKS,Education,3,45.11,0.2,108.26,62.25,46.01,Credit Card,Mobile,Website,Delivered,4
ORD004626,2024-08-25,C01482,Lucas Johnson,lucas.johnson1482@example.com,Canada,Alberta,P035,Remote Control Car,TOYS,Vehicles,2,42.61,0.15,72.44,48.32,24.12,Paypal,Desktop,Mobile App,Delivered,2
ORD004627,2024-05-22,C00325,Noah Moore,noah.moore325@example.com,Usa,New York,P035,Remote Control Car,TOYS,Vehicles,1,48.53,0.05,46.1,27.24,18.86,Debit Card,Desktop,Social Commerce,Delivered,3
ORD004628,2024-12-16,C00019,Mason Walker,mason.walker19@example.com,Canada,Quebec,P004,USB-C Charger,ELECTRONICS,Accessories,1,26.11,0.05,24.8,12.19,12.61,Paypal,Desktop,Marketplace,Delivered,5
ORD004629,2025-02-02,C00932,Aarav King,aarav.king932@example.com,Uae,Abu Dhabi,P021,Desk Lamp,HOME & KITCHEN,Lighting,4,30.89,0.2,98.85,60.83,38.02,Debit Card,Mobile,Marketplace,Delivered,1
ORD004630,2025-09-01,C00811,Mason Moore,mason.moore811@example.com,France,Occitanie,P028,Moisturizer,BEAUTY,Skin Care,1,25.25,0.05,23.99,10.43,13.56,Debit Card,Tablet,Mobile App,Shipped,0
ORD004631,2025-05-07,C00307,Harper Martin,harper.martin307@example.com,Uk,Scotland,P031,Novel Set,BOOKS,Fiction,1,37.68,0,37.68,18.5,19.18,Paypal,Desktop,Mobile App,Delivered,5
ORD004632,2026-07-25,C00146,Sophia Wright,sophia.wright146@example.com,India,Tamil Nadu,P022,Yoga Mat,SPORTS,Fitness,2,27.31,0.15,46.43,26.01,20.42,Paypal,Mobile,Website,Delivered,2
ORD004633,2024-09-14,C01694,Chloe Hall,chloe.hall1694@example.com,India,Gujarat,P031,Novel Set,BOOKS,Fiction,6,38.41,0,230.46,113.69,116.77,Debit Card,Mobile,Marketplace,Returned,5
ORD004634,2025-07-21,C01297,Owen Wright,owen.wright1297@example.com,Germany,Hesse,P023,Dumbbell Set,SPORTS,Fitness,2,88.22,0,176.44,98.44,78,Credit Card,Mobile,Website,Delivered,4
ORD004635,2025-12-16,C00177,Lucas Johnson,lucas.johnson177@example.com,Uk,Scotland,P023,Dumbbell Set,SPORTS,Fitness,1,74.28,0.1,66.85,42.28,24.57,Debit Card,Mobile,Marketplace,Delivered,3
ORD004636,2025-06-28,C00898,Ava Hall,ava.hall898@example.com,Canada,Quebec,P002,Bluetooth Speaker,ELECTRONICS,Audio,4,52.46,0.1,188.86,127.54,61.32,Paypal,Mobile,Website,Delivered,5
ORD004637,2025-12-09,C01428,Noah Clark,noah.clark1428@example.com,Usa,Florida,P029,Hair Dryer,BEAUTY,Hair Care,1,55.12,0.15,46.85,29.88,16.97,Debit Card,Mobile,Marketplace,Delivered,5
ORD004638,2025-02-10,C01678,Ava Wright,ava.wright1678@example.com,Germany,Bavaria,P002,Bluetooth Speaker,ELECTRONICS,Audio,1,49.05,0.2,39.24,28.66,10.58,Paypal,Desktop,Mobile App,Returned,3
ORD004639,2024-12-19,C00970,Ava Johnson,ava.johnson970@example.com,Germany,Bavaria,P028,Moisturizer,BEAUTY,Skin Care,1,25.34,0.15,21.54,9.78,11.76,Debit Card,Mobile,Website,Delivered,5
ORD004640,2025-10-02,C00230,Aria Lee,aria.lee230@example.com,Uk,Wales,P019,Knife Set,HOME & KITCHEN,Cookware,4,63.44,0.15,215.7,138.5,77.2,Debit Card,Mobile,Website,Delivered,5
ORD004641,2025-03-16,C00158,Liam Hall,liam.hall158@example.com,Uk,Scotland,P007,Wireless Mouse,ELECTRONICS,Computers,1,37.87,0.25,28.4,18.5,9.9,Paypal,Tablet,Social Commerce,Delivered,4
ORD004642,2025-08-21,C01711,Mia Wright,mia.wright1711@example.com,Uk,Scotland,P029,Hair Dryer,BEAUTY,Hair Care,2,46.54,0,93.08,52.36,40.72,Credit Card,Mobile,Marketplace,Returned,3
ORD004643,2024-04-24,C01359,Amelia Williams,amelia.williams1359@example.com,Germany,Bavaria,P007,Wireless Mouse,ELECTRONICS,Computers,1,38.94,0.1,35.05,19.45,15.6,Cash On Delivery,Mobile,Website,Delivered,4
ORD004644,2026-05-11,C00978,Jack Martin,jack.martin978@example.com,Uk,Scotland,P018,Non-stick Pan,HOME & KITCHEN,Cookware,1,33.72,0,33.72,16.6,17.12,Paypal,Mobile,Social Commerce,Processing,0
ORD004645,2025-08-23,C00081,Lucas King,lucas.king81@example.com,Canada,British Columbia,P001,Wireless Headphones,ELECTRONICS,Audio,2,83.98,0,167.96,101.55,66.41,Bank Transfer,Mobile,Website,Shipped,0
ORD004646,2025-01-28,C01730,Layla Wright,layla.wright1730@example.com,Uae,Sharjah,P021,Desk Lamp,HOME & KITCHEN,Lighting,1,32.42,0.15,27.56,15.57,11.99,Credit Card,Mobile,Website,Delivered,4
ORD004647,2026-02-28,C00952,Charlotte Clark,charlotte.clark952@example.com,Uae,Abu Dhabi,P015,Backpack,FASHION,Bags,2,50.86,0.05,96.63,54.27,42.36,Paypal,Tablet,Marketplace,Shipped,0
ORD004648,2025-08-23,C00738,Layla Garcia,layla.garcia738@example.com,France,Occitanie,P021,Desk Lamp,HOME & KITCHEN,Lighting,4,32.2,0.05,122.36,64.49,57.87,Paypal,Desktop,Website,Processing,0
ORD004649,2025-07-07,C00867,Evelyn Walker,evelyn.walker867@example.com,Uae,Dubai,P006,Mechanical Keyboard,ELECTRONICS,Computers,2,100.49,0,200.98,125.45,75.53,Credit Card,Mobile,Mobile App,Delivered,5
ORD004650,2024-04-28,C00431,Ava Lee,ava.lee431@example.com,India,Karnataka,P025,Cycling Helmet,SPORTS,Outdoor,1,69.78,0,69.78,39.62,30.16,Debit Card,Mobile,Mobile App,Delivered,5
ORD004651,2024-11-08,C00770,Grace Lee,grace.lee770@example.com,Uk,Wales,P007,Wireless Mouse,ELECTRONICS,Computers,1,36.64,0,36.64,18.57,18.07,Credit Card,Mobile,Website,Delivered,4
ORD004652,2026-05-05,C00199,Henry Martin,henry.martin199@example.com,Germany,Hesse,P034,Building Blocks,TOYS,Educational,1,33.81,0,33.81,16.5,17.31,Credit Card,Mobile,Website,Delivered,4
ORD004653,2025-10-17,C01684,Ethan Hall,ethan.hall1684@example.com,Germany,Berlin,P027,Face Serum,BEAUTY,Skin Care,2,34.5,0,69,29.77,39.23,Credit Card,Desktop,Website,Delivered,4
ORD004654,2025-01-24,C00010,Mason Moore,mason.moore10@example.com,Uk,Scotland,P016,Coffee Maker,HOME & KITCHEN,Appliances,3,89.13,0,267.39,160.69,106.7,Bank Transfer,Desktop,Website,Delivered,5
ORD004655,2024-10-22,C01447,Henry Young,henry.young1447@example.com,Usa,Florida,P023,Dumbbell Set,SPORTS,Fitness,1,87.56,0,87.56,52.05,35.51,Credit Card,Mobile,Website,Processing,0
ORD004656,2025-06-04,C01369,Grace Patel,grace.patel1369@example.com,Germany,Saxony,P031,Novel Set,BOOKS,Fiction,3,42.48,0.2,101.95,62.49,39.46,Credit Card,Desktop,Social Commerce,Delivered,5
ORD004657,2025-05-21,C01758,Layla Garcia,layla.garcia1758@example.com,France,Ile-de-France,P006,Mechanical Keyboard,ELECTRONICS,Computers,1,87.28,0,87.28,56.21,31.07,Bank Transfer,Mobile,Website,Delivered,3
ORD004658,2024-10-09,C00344,Grace Wilson,grace.wilson344@example.com,Uae,Abu Dhabi,P008,Webcam HD,ELECTRONICS,Computers,2,62.47,0.05,118.69,75.68,43.01,Credit Card,Desktop,Website,Delivered,4
ORD004659,2024-04-01,C01011,Grace Johnson,grace.johnson1011@example.com,Uk,Wales,P022,Yoga Mat,SPORTS,Fitness,5,24.57,0.15,104.42,54.71,49.71,Credit Card,Mobile,Website,Delivered,5
ORD004660,2025-10-06,C00004,Ethan Johnson,ethan.johnson4@example.com,India,Tamil Nadu,P012,Cotton T-Shirt,FASHION,Apparel,2,21.09,0.1,37.96,18.34,19.62,Paypal,Mobile,Marketplace,Delivered,5
ORD004661,2026-04-22,C00614,Henry Williams,henry.williams614@example.com,Uk,Wales,P001,Wireless Headphones,ELECTRONICS,Audio,1,75.36,0.15,64.06,45.3,18.76,Debit Card,Desktop,Social Commerce,Shipped,0
ORD004662,2025-03-22,C01361,Olivia Young,olivia.young1361@example.com,India,Maharashtra,P021,Desk Lamp,HOME & KITCHEN,Lighting,2,31.88,0.25,47.82,31.38,16.44,Debit Card,Desktop,Website,Shipped,0
ORD004663,2026-05-09,C00509,Chloe Martin,chloe.martin509@example.com,India,Maharashtra,P005,Laptop Stand,ELECTRONICS,Accessories,1,38.28,0,38.28,20.58,17.7,Paypal,Mobile,Website,Cancelled,0
ORD004664,2025-08-11,C00310,Evelyn Clark,evelyn.clark310@example.com,Canada,Alberta,P033,Cookbook,BOOKS,Lifestyle,3,31.8,0.1,85.86,44.07,41.79,Paypal,Mobile,Website,Cancelled,0
ORD004665,2026-02-03,C00121,Nora Taylor,nora.taylor121@example.com,France,Provence,P005,Laptop Stand,ELECTRONICS,Accessories,2,43.2,0,86.4,45.13,41.27,Paypal,Desktop,Mobile App,Delivered,3
ORD004666,2024-04-25,C00907,Jack Clark,jack.clark907@example.com,Uae,Dubai,P035,Remote Control Car,TOYS,Vehicles,1,43.15,0,43.15,25.23,17.92,Debit Card,Mobile,Website,Delivered,4
ORD004667,2026-01-22,C01247,Isabella Garcia,isabella.garcia1247@example.com,France,Normandy,P015,Backpack,FASHION,Bags,2,46.13,0.25,69.2,49.26,19.94,Cash On Delivery,Tablet,Website,Shipped,0
ORD004668,2025-07-18,C01571,Daniel Lee,daniel.lee1571@example.com,Usa,New York,P009,Running Shoes,FASHION,Footwear,1,69.46,0.25,52.09,37.32,14.77,Paypal,Desktop,Website,Delivered,3
ORD004669,2024-12-15,C01558,James Anderson,james.anderson1558@example.com,France,Ile-de-France,P035,Remote Control Car,TOYS,Vehicles,1,41.69,0.05,39.61,23.66,15.95,Paypal,Mobile,Marketplace,Cancelled,0
ORD004670,2026-01-29,C01280,Henry Anderson,henry.anderson1280@example.com,India,Karnataka,P026,Water Bottle,SPORTS,Accessories,2,17.15,0.05,32.58,15.17,17.41,Debit Card,Mobile,Website,Delivered,4
ORD004671,2025-08-08,C00504,Zoe Walker,zoe.walker504@example.com,Uk,Scotland,P012,Cotton T-Shirt,FASHION,Apparel,1,18.6,0.05,17.67,8.4,9.27,Debit Card,Desktop,Website,Delivered,4
ORD004672,2024-10-14,C00134,Olivia Hall,olivia.hall134@example.com,Uk,England,P021,Desk Lamp,HOME & KITCHEN,Lighting,1,36.12,0,36.12,18.74,17.38,Cash On Delivery,Mobile,Website,Delivered,2
ORD004673,2026-07-17,C01698,Ava Smith,ava.smith1698@example.com,Germany,Hesse,P030,Perfume,BEAUTY,Fragrance,5,76.01,0.05,361.05,202.92,158.13,Credit Card,Mobile,Website,Delivered,3
ORD004674,2025-07-13,C00042,Leo Garcia,leo.garcia42@example.com,Australia,Queensland,P015,Backpack,FASHION,Bags,1,47.97,0.1,43.17,25.09,18.08,Paypal,Mobile,Mobile App,Delivered,4
ORD004675,2025-09-04,C00621,Charlotte Hall,charlotte.hall621@example.com,Australia,Western Australia,P026,Water Bottle,SPORTS,Accessories,2,17.83,0.1,32.09,14.86,17.23,Credit Card,Tablet,Mobile App,Shipped,0
ORD004676,2025-01-17,C01410,Owen Clark,owen.clark1410@example.com,Canada,Quebec,P022,Yoga Mat,SPORTS,Fitness,1,24.38,0,24.38,11.35,13.03,Paypal,Mobile,Mobile App,Delivered,4
ORD004677,2025-10-21,C01182,Henry Johnson,henry.johnson1182@example.com,India,Tamil Nadu,P024,Football,SPORTS,Outdoor,1,30.44,0,30.44,15.08,15.36,Credit Card,Mobile,Marketplace,Delivered,4
ORD004678,2024-04-01,C01136,Noah Johnson,noah.johnson1136@example.com,Uae,Sharjah,P031,Novel Set,BOOKS,Fiction,2,37.16,0.2,59.46,37.89,21.57,Credit Card,Mobile,Website,Shipped,0
ORD004679,2026-03-04,C00947,Noah Thomas,noah.thomas947@example.com,Uae,Dubai,P018,Non-stick Pan,HOME & KITCHEN,Cookware,6,36.08,0.05,205.66,109.24,96.42,Debit Card,Mobile,Website,Delivered,4
ORD004680,2026-05-05,C00452,Aarav Clark,aarav.clark452@example.com,India,Delhi,P036,Puzzle 1000pc,TOYS,Games,1,20.26,0.1,18.23,8.37,9.86,Credit Card,Desktop,Website,Delivered,4
ORD004681,2024-04-20,C00840,Noah Wright,noah.wright840@example.com,France,Occitanie,P023,Dumbbell Set,SPORTS,Fitness,2,87.38,0.15,148.55,97.68,50.87,Paypal,Mobile,Website,Shipped,0
ORD004682,2025-05-29,C01214,Isabella Walker,isabella.walker1214@example.com,Germany,Hesse,P036,Puzzle 1000pc,TOYS,Games,1,19.2,0.15,16.32,8.31,8.01,Debit Card,Desktop,Website,Delivered,5
ORD004683,2024-10-03,C01233,Harper Thomas,harper.thomas1233@example.com,France,Provence,P003,Smart Watch,ELECTRONICS,Wearables,3,129.47,0,388.41,261.22,127.19,Credit Card,Mobile,Mobile App,Delivered,4
ORD004684,2024-10-09,C01219,Amelia Taylor,amelia.taylor1219@example.com,Uae,Sharjah,P022,Yoga Mat,SPORTS,Fitness,5,27.45,0.05,130.39,60.66,69.73,Paypal,Tablet,Mobile App,Delivered,3
ORD004685,2024-05-20,C00153,Adam Patel,adam.patel153@example.com,Usa,Illinois,P003,Smart Watch,ELECTRONICS,Wearables,1,137.88,0.15,117.2,94.69,22.51,Paypal,Desktop,Marketplace,Delivered,5
ORD004686,2025-04-17,C01095,Lucas Taylor,lucas.taylor1095@example.com,Usa,New York,P004,USB-C Charger,ELECTRONICS,Accessories,4,23.81,0.2,76.19,43.89,32.3,Paypal,Desktop,Mobile App,Delivered,3
ORD004687,2024-04-16,C01470,Harper Clark,harper.clark1470@example.com,Germany,Saxony,P016,Coffee Maker,HOME & KITCHEN,Appliances,1,88.78,0.15,75.46,56.11,19.35,Debit Card,Mobile,Website,Delivered,4
ORD004688,2026-06-17,C01064,Henry Smith,henry.smith1064@example.com,Usa,New York,P001,Wireless Headphones,ELECTRONICS,Audio,2,87.91,0.05,167.03,106.53,60.5,Debit Card,Mobile,Website,Cancelled,0
ORD004689,2026-02-11,C01348,Olivia Johnson,olivia.johnson1348@example.com,Uk,Scotland,P025,Cycling Helmet,SPORTS,Outdoor,2,67.56,0.2,108.1,78.47,29.63,Credit Card,Desktop,Mobile App,Delivered,4
ORD004690,2025-08-16,C00064,Zoe Walker,zoe.walker64@example.com,Usa,Florida,P007,Wireless Mouse,ELECTRONICS,Computers,1,33.62,0.2,26.9,16.45,10.45,Cash On Delivery,Desktop,Mobile App,Delivered,3
ORD004691,2025-02-21,C01103,Aria Lee,aria.lee1103@example.com,Australia,New South Wales,P015,Backpack,FASHION,Bags,1,49.47,0.05,47,25.35,21.65,Debit Card,Mobile,Social Commerce,Delivered,5
ORD004692,2026-05-25,C00506,Lucas Smith,lucas.smith506@example.com,Uk,Scotland,P028,Moisturizer,BEAUTY,Skin Care,1,23.52,0,23.52,9.46,14.06,Credit Card,Mobile,Mobile App,Returned,4
ORD004693,2024-05-18,C00695,Harper Lewis,harper.lewis695@example.com,Usa,Texas,P012,Cotton T-Shirt,FASHION,Apparel,3,19.29,0.25,43.4,26.62,16.78,Paypal,Desktop,Marketplace,Delivered,2
ORD004694,2026-06-04,C00267,Aarav Wright,aarav.wright267@example.com,Australia,Victoria,P006,Mechanical Keyboard,ELECTRONICS,Computers,4,91.68,0.05,348.38,240.16,108.22,Credit Card,Mobile,Marketplace,Delivered,5
ORD004695,2024-08-27,C01373,Zoe Garcia,zoe.garcia1373@example.com,Uk,Scotland,P028,Moisturizer,BEAUTY,Skin Care,4,24.11,0.05,91.62,39.66,51.96,Debit Card,Mobile,Marketplace,Delivered,4
ORD004696,2026-05-22,C01784,Ava Anderson,ava.anderson1784@example.com,France,Provence,P009,Running Shoes,FASHION,Footwear,1,74.84,0.05,71.1,41.68,29.42,Credit Card,Desktop,Mobile App,Delivered,5
ORD004697,2026-04-04,C01678,Ava Wright,ava.wright1678@example.com,Canada,Quebec,P016,Coffee Maker,HOME & KITCHEN,Appliances,1,87.18,0,87.18,52.06,35.12,Paypal,Mobile,Website,Delivered,4
ORD004698,2024-04-12,C00618,Aria Walker,aria.walker618@example.com,Uae,Dubai,P022,Yoga Mat,SPORTS,Fitness,2,27,0,54,25.08,28.92,Credit Card,Mobile,Website,Delivered,5
ORD004699,2025-02-06,C01742,Isabella Anderson,isabella.anderson1742@example.com,France,Occitanie,P005,Laptop Stand,ELECTRONICS,Accessories,1,43.95,0.05,41.75,22.49,19.26,Credit Card,Mobile,Website,Delivered,5
ORD004700,2025-05-08,C00226,Noah Walker,noah.walker226@example.com,Germany,Saxony,P020,Storage Boxes,HOME & KITCHEN,Storage,1,27.21,0,27.21,13.44,13.77,Paypal,Mobile,Website,Delivered,4
ORD004701,2024-02-17,C01456,Leo Young,leo.young1456@example.com,Germany,Saxony,P018,Non-stick Pan,HOME & KITCHEN,Cookware,2,34.34,0.25,51.51,35.44,16.07,Credit Card,Mobile,Website,Delivered,4
ORD004702,2025-10-25,C01564,Leo Walker,leo.walker1564@example.com,Usa,California,P021,Desk Lamp,HOME & KITCHEN,Lighting,6,32.17,0.2,154.42,95.37,59.05,Credit Card,Tablet,Website,Delivered,1
ORD004703,2026-01-15,C00648,Emma Hall,emma.hall648@example.com,Uk,Wales,P021,Desk Lamp,HOME & KITCHEN,Lighting,4,33.79,0.1,121.64,65.69,55.95,Paypal,Mobile,Website,Delivered,2
ORD004704,2024-02-23,C01030,Leo Anderson,leo.anderson1030@example.com,Australia,Victoria,P025,Cycling Helmet,SPORTS,Outdoor,2,68.81,0.05,130.74,78.9,51.84,Debit Card,Desktop,Marketplace,Delivered,5
ORD004705,2024-11-23,C00781,Daniel Lewis,daniel.lewis781@example.com,Uk,Wales,P031,Novel Set,BOOKS,Fiction,2,37.71,0,75.42,37.68,37.74,Debit Card,Desktop,Mobile App,Shipped,0
ORD004706,2026-03-06,C01715,Adam Hall,adam.hall1715@example.com,Uae,Abu Dhabi,P035,Remote Control Car,TOYS,Vehicles,1,45.72,0,45.72,26.14,19.58,Credit Card,Desktop,Marketplace,Delivered,4
ORD004707,2025-05-24,C01619,Olivia Wilson,olivia.wilson1619@example.com,Uk,Wales,P022,Yoga Mat,SPORTS,Fitness,1,23.52,0,23.52,10.74,12.78,Credit Card,Desktop,Marketplace,Shipped,0
ORD004708,2025-06-12,C01044,Ava Garcia,ava.garcia1044@example.com,Germany,Hesse,P034,Building Blocks,TOYS,Educational,5,36.99,0.2,147.96,95.19,52.77,Credit Card,Desktop,Marketplace,Delivered,4
ORD004709,2024-02-11,C01526,Mason Thomas,mason.thomas1526@example.com,Canada,Alberta,P030,Perfume,BEAUTY,Fragrance,2,65.54,0.05,124.53,68.07,56.46,Credit Card,Mobile,Mobile App,Delivered,5
ORD004710,2024-07-14,C00282,Charlotte Patel,charlotte.patel282@example.com,France,Normandy,P024,Football,SPORTS,Outdoor,2,30.79,0.05,58.5,29.34,29.16,Cash On Delivery,Desktop,Website,Delivered,4
ORD004711,2025-12-04,C01021,Nora Brown,nora.brown1021@example.com,Usa,Texas,P024,Football,SPORTS,Outdoor,2,33.26,0.25,49.89,30.95,18.94,Cash On Delivery,Mobile,Mobile App,Delivered,3
ORD004712,2025-07-20,C01239,Mason Hall,mason.hall1239@example.com,Canada,Quebec,P022,Yoga Mat,SPORTS,Fitness,3,26.58,0.1,71.77,35.6,36.17,Credit Card,Mobile,Website,Delivered,2
ORD004713,2024-06-11,C00876,Zoe Young,zoe.young876@example.com,Germany,Saxony,P031,Novel Set,BOOKS,Fiction,2,37.78,0.05,71.78,38.74,33.04,Credit Card,Mobile,Mobile App,Delivered,3
ORD004714,2024-01-08,C01303,Owen Brown,owen.brown1303@example.com,Germany,Hesse,P010,Casual Sneakers,FASHION,Footwear,3,57.66,0.05,164.33,95.92,68.41,Paypal,Mobile,Social Commerce,Processing,0
ORD004715,2025-10-17,C00760,Leo Brown,leo.brown760@example.com,India,Maharashtra,P025,Cycling Helmet,SPORTS,Outdoor,3,66.17,0.1,178.66,112.95,65.71,Credit Card,Mobile,Mobile App,Shipped,0
ORD004716,2024-12-11,C01747,Lucas Martin,lucas.martin1747@example.com,Uae,Dubai,P008,Webcam HD,ELECTRONICS,Computers,6,61.76,0.1,333.5,221.44,112.06,Credit Card,Mobile,Website,Delivered,5
ORD004717,2025-04-18,C00645,Nora Wilson,nora.wilson645@example.com,India,Gujarat,P011,Denim Jacket,FASHION,Outerwear,2,74.17,0.1,133.51,84.56,48.95,Bank Transfer,Mobile,Marketplace,Delivered,5
ORD004718,2025-08-28,C00185,Charlotte Wilson,charlotte.wilson185@example.com,France,Occitanie,P008,Webcam HD,ELECTRONICS,Computers,2,66.46,0.05,126.27,78.44,47.83,Credit Card,Mobile,Website,Delivered,5
ORD004719,2025-09-19,C01528,Isabella Lewis,isabella.lewis1528@example.com,Canada,Quebec,P025,Cycling Helmet,SPORTS,Outdoor,3,65.44,0,196.32,115.25,81.07,Paypal,Mobile,Website,Delivered,3
ORD004720,2024-09-18,C00445,Ethan Wright,ethan.wright445@example.com,France,Normandy,P002,Bluetooth Speaker,ELECTRONICS,Audio,1,53.01,0,53.01,31.36,21.65,Credit Card,Desktop,Marketplace,Cancelled,0
ORD004721,2024-01-11,C00047,Mason Young,mason.young47@example.com,Canada,Alberta,P028,Moisturizer,BEAUTY,Skin Care,1,26.49,0,26.49,10.2,16.29,Credit Card,Mobile,Website,Returned,2
ORD004722,2025-01-15,C00861,Henry Wilson,henry.wilson861@example.com,India,Tamil Nadu,P003,Smart Watch,ELECTRONICS,Wearables,2,125.53,0,251.06,164.66,86.4,Paypal,Desktop,Marketplace,Delivered,4
ORD004723,2024-04-07,C01489,Nora Johnson,nora.johnson1489@example.com,Uae,Sharjah,P020,Storage Boxes,HOME & KITCHEN,Storage,5,26.39,0.05,125.35,63.2,62.15,Debit Card,Desktop,Website,Delivered,4
ORD004724,2024-10-04,C00061,Harper Martin,harper.martin61@example.com,Germany,Saxony,P012,Cotton T-Shirt,FASHION,Apparel,1,21.74,0,21.74,9.77,11.97,Credit Card,Mobile,Website,Delivered,5
ORD004725,2024-11-02,C00444,Charlotte Clark,charlotte.clark444@example.com,Uk,Scotland,P003,Smart Watch,ELECTRONICS,Wearables,1,137.59,0.2,110.07,89.81,20.26,Debit Card,Mobile,Website,Delivered,4
ORD004726,2024-06-08,C00536,Liam Patel,liam.patel536@example.com,Australia,Victoria,P025,Cycling Helmet,SPORTS,Outdoor,1,68.32,0,68.32,39.16,29.16,Credit Card,Tablet,Social Commerce,Delivered,5
ORD004727,2024-01-28,C01384,Aarav Taylor,aarav.taylor1384@example.com,Australia,Western Australia,P031,Novel Set,BOOKS,Fiction,1,39.53,0.25,29.65,20.44,9.21,Bank Transfer,Tablet,Mobile App,Delivered,5
ORD004728,2024-12-11,C00606,Isabella Williams,isabella.williams606@example.com,Usa,Florida,P017,Air Fryer,HOME & KITCHEN,Appliances,1,113.06,0,113.06,70.63,42.43,Credit Card,Desktop,Mobile App,Delivered,5
ORD004729,2025-11-11,C01361,Olivia Young,olivia.young1361@example.com,France,Occitanie,P022,Yoga Mat,SPORTS,Fitness,1,27.08,0.05,25.73,12.54,13.19,Credit Card,Mobile,Mobile App,Delivered,4
ORD004730,2024-12-02,C00578,Olivia Wright,olivia.wright578@example.com,Australia,Victoria,P024,Football,SPORTS,Outdoor,3,31.17,0,93.51,45.97,47.54,Credit Card,Mobile,Mobile App,Delivered,5
ORD004731,2025-10-07,C00954,Nora Williams,nora.williams954@example.com,Usa,Illinois,P013,Hoodie,FASHION,Apparel,1,47.77,0,47.77,24.04,23.73,Debit Card,Mobile,Mobile App,Delivered,5
ORD004732,2024-03-11,C00663,Aarav Wright,aarav.wright663@example.com,Uk,Scotland,P029,Hair Dryer,BEAUTY,Hair Care,3,55.76,0.05,158.92,94.02,64.9,Credit Card,Mobile,Website,Delivered,3
ORD004733,2025-04-23,C00898,Ava Hall,ava.hall898@example.com,Canada,Ontario,P030,Perfume,BEAUTY,Fragrance,1,72.29,0,72.29,38.66,33.63,Credit Card,Tablet,Website,Delivered,3
ORD004734,2025-03-16,C00293,Chloe Wright,chloe.wright293@example.com,France,Provence,P011,Denim Jacket,FASHION,Outerwear,1,79.61,0.05,75.63,46.36,29.27,Bank Transfer,Mobile,Website,Delivered,5
ORD004735,2026-05-25,C00787,Elijah Williams,elijah.williams787@example.com,Usa,New York,P010,Casual Sneakers,FASHION,Footwear,1,53.55,0.05,50.87,29.29,21.58,Cash On Delivery,Desktop,Marketplace,Processing,0
ORD004736,2025-02-19,C00562,Henry Wilson,henry.wilson562@example.com,Germany,Saxony,P033,Cookbook,BOOKS,Lifestyle,1,33.18,0.2,26.54,14.7,11.84,Paypal,Desktop,Website,Delivered,4
ORD004737,2026-01-27,C00504,Zoe Walker,zoe.walker504@example.com,Canada,Quebec,P006,Mechanical Keyboard,ELECTRONICS,Computers,1,83.43,0.05,79.26,50.94,28.32,Cash On Delivery,Desktop,Mobile App,Cancelled,0
ORD004738,2026-01-12,C01132,Aarav Johnson,aarav.johnson1132@example.com,Canada,Ontario,P004,USB-C Charger,ELECTRONICS,Accessories,1,26.86,0.1,24.17,13.34,10.83,Credit Card,Desktop,Mobile App,Delivered,4
ORD004739,2024-07-30,C00708,Lucas Martin,lucas.martin708@example.com,Australia,New South Wales,P008,Webcam HD,ELECTRONICS,Computers,1,56.15,0.05,53.34,35.47,17.87,Debit Card,Mobile,Website,Shipped,0
ORD004740,2025-03-28,C01589,Noah Young,noah.young1589@example.com,Usa,California,P024,Football,SPORTS,Outdoor,1,31.65,0,31.65,15.45,16.2,Debit Card,Desktop,Marketplace,Delivered,1
ORD004741,2025-12-05,C01455,Charlotte Young,missing@example.com,France,Occitanie,P015,Backpack,FASHION,Bags,3,53.36,0.1,144.07,83.8,60.27,Debit Card,Desktop,Mobile App,Delivered,4
ORD004742,2024-03-27,C01458,Evelyn Walker,evelyn.walker1458@example.com,Australia,Queensland,P034,Building Blocks,TOYS,Educational,2,36.98,0.15,62.87,36.63,26.24,Debit Card,Mobile,Website,Delivered,1
ORD004743,2024-03-08,C00680,Chloe King,chloe.king680@example.com,Uk,England,P025,Cycling Helmet,SPORTS,Outdoor,1,65.45,0.1,58.91,36.88,22.03,Paypal,Desktop,Mobile App,Delivered,2
ORD004744,2024-08-11,C00552,Noah Martin,noah.martin552@example.com,Australia,Victoria,P011,Denim Jacket,FASHION,Outerwear,1,72.97,0.1,65.67,41.92,23.75,Cash On Delivery,Desktop,Mobile App,Delivered,2
ORD004745,2025-07-05,C00540,Nora Young,nora.young540@example.com,Uae,Sharjah,P030,Perfume,BEAUTY,Fragrance,2,74.6,0.2,119.36,79.03,40.33,Credit Card,Desktop,Website,Delivered,4
ORD004746,2026-03-11,C00240,Chloe King,chloe.king240@example.com,Germany,Saxony,P012,Cotton T-Shirt,FASHION,Apparel,1,21.89,0.15,18.61,10.09,8.52,Debit Card,Mobile,Website,Delivered,5
ORD004747,2026-01-14,C00689,Harper Smith,harper.smith689@example.com,Uae,Sharjah,P009,Running Shoes,FASHION,Footwear,1,77.62,0.05,73.74,41.51,32.23,Credit Card,Mobile,Social Commerce,Delivered,4
ORD004748,2025-09-18,C01517,Aria Walker,aria.walker1517@example.com,Australia,New South Wales,P014,Leather Wallet,FASHION,Accessories,1,31.24,0,31.24,15.17,16.07,Cash On Delivery,Mobile,Social Commerce,Delivered,5
ORD004749,2024-08-29,C01305,Aria Anderson,aria.anderson1305@example.com,Germany,Berlin,P024,Football,SPORTS,Outdoor,2,33.14,0.15,56.34,32.8,23.54,Paypal,Mobile,Website,Shipped,0
ORD004750,2026-03-21,C01169,Leo Moore,leo.moore1169@example.com,India,Maharashtra,P027,Face Serum,BEAUTY,Skin Care,1,34.44,0.05,32.72,14.43,18.29,Paypal,Desktop,Mobile App,Delivered,5
ORD004751,2026-04-02,C01137,Leo Martin,leo.martin1137@example.com,Canada,Alberta,P025,Cycling Helmet,SPORTS,Outdoor,5,60.85,0.15,258.61,178.53,80.08,Paypal,Mobile,Website,Delivered,5
ORD004752,2024-12-18,C00823,Jack Wilson,jack.wilson823@example.com,Canada,Alberta,P010,Casual Sneakers,FASHION,Footwear,1,56.78,0,56.78,30.34,26.44,Credit Card,Desktop,Mobile App,Cancelled,0
ORD004753,2026-01-01,C01551,Evelyn Walker,evelyn.walker1551@example.com,Australia,New South Wales,P027,Face Serum,BEAUTY,Skin Care,6,38.36,0,230.16,99.41,130.75,Bank Transfer,Mobile,Website,Delivered,2
ORD004754,2025-07-22,C00963,Mason Lee,mason.lee963@example.com,Usa,California,P035,Remote Control Car,TOYS,Vehicles,2,45.82,0.1,82.48,50.21,32.27,Debit Card,Desktop,Website,Delivered,5
ORD004755,2025-10-28,C00483,Aria Hall,aria.hall483@example.com,Uk,Wales,P020,Storage Boxes,HOME & KITCHEN,Storage,1,29.99,0,29.99,14.74,15.25,Credit Card,Mobile,Website,Cancelled,0
ORD004756,2025-04-10,C01308,Nora King,nora.king1308@example.com,Australia,Victoria,P010,Casual Sneakers,FASHION,Footwear,1,55.77,0,55.77,29.17,26.6,Credit Card,Desktop,Website,Delivered,5
ORD004757,2026-02-21,C01792,Evelyn Wright,evelyn.wright1792@example.com,Germany,Saxony,P013,Hoodie,FASHION,Apparel,1,48.14,0,48.14,24.96,23.18,Debit Card,Mobile,Mobile App,Delivered,5
ORD004758,2026-03-19,C01349,Olivia Patel,olivia.patel1349@example.com,Germany,Hesse,P011,Denim Jacket,FASHION,Outerwear,1,71.23,0.05,67.67,40.91,26.76,Credit Card,Desktop,Social Commerce,Delivered,5
ORD004759,2025-08-07,C00816,Evelyn Taylor,evelyn.taylor816@example.com,Uk,England,P008,Webcam HD,ELECTRONICS,Computers,3,57.69,0.05,164.42,108.47,55.95,Credit Card,Mobile,Mobile App,Shipped,0
ORD004760,2025-09-08,C00631,Isabella Lewis,isabella.lewis631@example.com,Uk,Wales,P013,Hoodie,FASHION,Apparel,1,42.08,0,42.08,20.27,21.81,Credit Card,Mobile,Website,Delivered,3
ORD004761,2026-06-12,C00331,Ethan Lee,ethan.lee331@example.com,India,Delhi,P013,Hoodie,FASHION,Apparel,1,47.58,0,47.58,23.92,23.66,Cash On Delivery,Mobile,Mobile App,Delivered,5
ORD004762,2024-03-03,C01451,Chloe Martin,chloe.martin1451@example.com,France,Ile-de-France,P012,Cotton T-Shirt,FASHION,Apparel,1,19.36,0,19.36,8.48,10.88,Debit Card,Mobile,Mobile App,Delivered,4
ORD004763,2025-09-14,C00845,Emma Martin,emma.martin845@example.com,Germany,Bavaria,P005,Laptop Stand,ELECTRONICS,Accessories,2,40.91,0,81.82,43.65,38.17,Credit Card,Desktop,Website,Shipped,0
ORD004764,2024-12-06,C01562,Adam Lee,adam.lee1562@example.com,Usa,Illinois,P013,Hoodie,FASHION,Apparel,2,41.53,0,83.06,41.18,41.88,Debit Card,Mobile,Social Commerce,Shipped,0
ORD004765,2025-12-10,C00483,Aria Hall,aria.hall483@example.com,Germany,Bavaria,P031,Novel Set,BOOKS,Fiction,1,42.35,0.05,40.23,21.46,18.77,Paypal,Desktop,Social Commerce,Delivered,3
ORD004766,2024-01-01,C01640,Elijah Smith,elijah.smith1640@example.com,Uae,Abu Dhabi,P014,Leather Wallet,FASHION,Accessories,1,28.83,0,28.83,13.08,15.75,Cash On Delivery,Desktop,Marketplace,Delivered,3
ORD004767,2025-11-26,C00679,Ethan King,ethan.king679@example.com,Usa,New York,P022,Yoga Mat,SPORTS,Fitness,1,27.92,0,27.92,12.49,15.43,Bank Transfer,Mobile,Website,Delivered,5
ORD004768,2025-05-15,C00237,Charlotte Lee,charlotte.lee237@example.com,Usa,Illinois,P004,USB-C Charger,ELECTRONICS,Accessories,1,27.3,0.05,25.93,12.66,13.27,Credit Card,Mobile,Mobile App,Delivered,3
ORD004769,2024-07-07,C01532,Chloe Wright,chloe.wright1532@example.com,Germany,Saxony,P013,Hoodie,FASHION,Apparel,2,41.81,0.15,71.08,42.22,28.86,Cash On Delivery,Tablet,Mobile App,Delivered,4
ORD004770,2024-01-11,C00939,Zoe Williams,zoe.williams939@example.com,Canada,Quebec,P026,Water Bottle,SPORTS,Accessories,2,19.7,0.05,37.43,17.02,20.41,Credit Card,Desktop,Marketplace,Returned,2
ORD004771,2024-02-06,C00543,Amelia Patel,amelia.patel543@example.com,Canada,Alberta,P006,Mechanical Keyboard,ELECTRONICS,Computers,1,93.09,0.05,88.44,58.6,29.84,Bank Transfer,Mobile,Marketplace,Returned,3
ORD004772,2025-01-16,C01252,Olivia King,olivia.king1252@example.com,Uk,England,P020,Storage Boxes,HOME & KITCHEN,Storage,4,30.18,0.15,102.61,61.05,41.56,Paypal,Mobile,Social Commerce,Delivered,5
ORD004773,2026-03-01,C00833,Charlotte Brown,charlotte.brown833@example.com,Canada,Ontario,P028,Moisturizer,BEAUTY,Skin Care,2,25.66,0.1,46.19,20.54,25.65,Credit Card,Desktop,Website,Delivered,4
ORD004774,2025-06-14,C00986,Adam Lewis,adam.lewis986@example.com,Uk,Wales,P015,Backpack,FASHION,Bags,2,48.51,0.05,92.17,51.65,40.52,Credit Card,Mobile,Mobile App,Delivered,3
ORD004775,2024-01-29,C00028,Zoe Williams,zoe.williams28@example.com,India,Gujarat,P032,Data Analytics Book,BOOKS,Education,1,45.06,0.05,42.81,21.63,21.18,Paypal,Mobile,Website,Delivered,5
ORD004776,2024-05-20,C00524,Elijah Brown,elijah.brown524@example.com,Canada,Ontario,P019,Knife Set,HOME & KITCHEN,Cookware,2,58.86,0.25,88.29,67.08,21.21,Debit Card,Mobile,Mobile App,Delivered,5
ORD004777,2026-05-15,C01778,Layla Young,layla.young1778@example.com,India,Tamil Nadu,P023,Dumbbell Set,SPORTS,Fitness,1,77.31,0.05,73.44,46.17,27.27,Debit Card,Mobile,Website,Delivered,3
ORD004778,2025-07-25,C00565,James Garcia,james.garcia565@example.com,Canada,British Columbia,P032,Data Analytics Book,BOOKS,Education,2,45.64,0,91.28,43.6,47.68,Paypal,Desktop,Mobile App,Delivered,5
ORD004779,2025-10-15,C00334,Aria Garcia,aria.garcia334@example.com,Canada,Ontario,P014,Leather Wallet,FASHION,Accessories,1,29.96,0.25,22.47,13.74,8.73,Bank Transfer,Desktop,Website,Cancelled,0
ORD004780,2024-12-18,C01456,Leo Young,leo.young1456@example.com,Usa,Texas,P019,Knife Set,HOME & KITCHEN,Cookware,2,62.08,0.15,105.54,70.07,35.47,Cash On Delivery,Mobile,Website,Processing,0
ORD004781,2026-03-02,C01660,James Anderson,james.anderson1660@example.com,Uk,Scotland,P023,Dumbbell Set,SPORTS,Fitness,2,89.28,0.1,160.7,102.29,58.41,Credit Card,Tablet,Mobile App,Delivered,5
ORD004782,2024-06-18,C01387,Jack Clark,jack.clark1387@example.com,Uae,Abu Dhabi,P002,Bluetooth Speaker,ELECTRONICS,Audio,1,54.41,0,54.41,31.9,22.51,Credit Card,Mobile,Mobile App,Delivered,4
ORD004783,2025-02-25,C01185,Mason King,mason.king1185@example.com,Germany,Saxony,P011,Denim Jacket,FASHION,Outerwear,3,69.55,0.1,187.78,115.71,72.07,Bank Transfer,Mobile,Social Commerce,Processing,0
ORD004784,2025-11-17,C01638,Noah Hall,noah.hall1638@example.com,Uk,Scotland,P024,Football,SPORTS,Outdoor,1,30.6,0.05,29.07,14.44,14.63,Bank Transfer,Desktop,Website,Cancelled,0
ORD004785,2025-01-20,C01024,Emma Young,emma.young1024@example.com,Australia,Western Australia,P012,Cotton T-Shirt,FASHION,Apparel,1,18.84,0.15,16.01,8.55,7.46,Credit Card,Mobile,Website,Delivered,3
ORD004786,2024-06-15,C00022,Nora King,nora.king22@example.com,Usa,California,P008,Webcam HD,ELECTRONICS,Computers,1,63.14,0.2,50.51,37.08,13.43,Credit Card,Desktop,Website,Delivered,3
ORD004787,2025-04-14,C01139,Henry Taylor,henry.taylor1139@example.com,Canada,British Columbia,P016,Coffee Maker,HOME & KITCHEN,Appliances,1,100.09,0.25,75.07,61.33,13.74,Debit Card,Mobile,Website,Shipped,0
ORD004788,2024-03-27,C00112,Mason Martin,mason.martin112@example.com,Uae,Abu Dhabi,P024,Football,SPORTS,Outdoor,1,33.56,0.25,25.17,16.14,9.03,Credit Card,Mobile,Mobile App,Delivered,4
ORD004789,2024-06-30,C01321,Layla Garcia,layla.garcia1321@example.com,India,Maharashtra,P026,Water Bottle,SPORTS,Accessories,1,19.04,0.05,18.09,8.04,10.05,Paypal,Tablet,Website,Returned,5
ORD004790,2025-07-09,C00351,Harper Patel,harper.patel351@example.com,Germany,Hesse,P024,Football,SPORTS,Outdoor,2,29.71,0,59.42,28.83,30.59,Paypal,Mobile,Website,Delivered,2
ORD004791,2024-10-15,C01338,Mia Anderson,mia.anderson1338@example.com,India,Karnataka,P031,Novel Set,BOOKS,Fiction,1,38.97,0,38.97,19.49,19.48,Cash On Delivery,Desktop,Website,Delivered,4
ORD004792,2025-02-24,C00713,Emma Brown,emma.brown713@example.com,France,Normandy,P004,USB-C Charger,ELECTRONICS,Accessories,3,25.42,0.15,64.82,36.49,28.33,Credit Card,Desktop,Social Commerce,Delivered,1
ORD004793,2025-12-03,C01266,Daniel King,daniel.king1266@example.com,Uk,Scotland,P025,Cycling Helmet,SPORTS,Outdoor,3,60.51,0.1,163.38,101.08,62.3,Debit Card,Desktop,Mobile App,Delivered,4
ORD004794,2026-06-23,C00781,Daniel Lewis,daniel.lewis781@example.com,India,Gujarat,P029,Hair Dryer,BEAUTY,Hair Care,1,49.13,0.2,39.3,26.54,12.76,Debit Card,Mobile,Website,Processing,0
ORD004795,2025-05-05,C00226,Noah Walker,noah.walker226@example.com,Germany,Bavaria,P005,Laptop Stand,ELECTRONICS,Accessories,1,42.19,0.15,35.86,22.68,13.18,Debit Card,Mobile,Website,Delivered,3
ORD004796,2025-07-29,C00721,Ava Patel,ava.patel721@example.com,Australia,Western Australia,P024,Football,SPORTS,Outdoor,1,33.18,0.1,29.86,15.67,14.19,Credit Card,Desktop,Mobile App,Delivered,4
ORD004797,2024-02-29,C00042,Leo Garcia,leo.garcia42@example.com,Usa,New York,P010,Casual Sneakers,FASHION,Footwear,3,52.66,0.1,142.18,87.79,54.39,Credit Card,Mobile,Website,Delivered,4
ORD004798,2025-08-15,C00334,Aria Garcia,aria.garcia334@example.com,Uae,Dubai,P012,Cotton T-Shirt,FASHION,Apparel,2,19.05,0.1,34.29,17.63,16.66,Credit Card,Mobile,Website,Delivered,1
ORD004799,2025-02-04,C01468,Lucas Moore,lucas.moore1468@example.com,India,Delhi,P004,USB-C Charger,ELECTRONICS,Accessories,1,23.55,0,23.55,11.66,11.89,Paypal,Tablet,Website,Delivered,3
ORD004800,2024-04-15,C01117,Owen Moore,owen.moore1117@example.com,Uae,Dubai,P016,Coffee Maker,HOME & KITCHEN,Appliances,1,96.51,0.1,86.86,58.94,27.92,Credit Card,Mobile,Mobile App,Returned,2
ORD004801,2025-10-12,C00079,Isabella Smith,isabella.smith79@example.com,Australia,New South Wales,P006,Mechanical Keyboard,ELECTRONICS,Computers,3,86.7,0,260.1,166.76,93.34,Paypal,Desktop,Website,Cancelled,0
ORD004802,2026-04-01,C00533,Zoe Brown,zoe.brown533@example.com,France,Occitanie,P022,Yoga Mat,SPORTS,Fitness,2,23.23,0.25,34.84,22.08,12.76,Credit Card,Mobile,Social Commerce,Delivered,3
ORD004803,2024-06-08,C00128,Adam Anderson,adam.anderson128@example.com,Canada,Quebec,P018,Non-stick Pan,HOME & KITCHEN,Cookware,2,34.36,0.2,54.98,34.51,20.47,Paypal,Mobile,Mobile App,Delivered,5
ORD004804,2026-02-24,C00944,Owen Wright,owen.wright944@example.com,Uk,England,P015,Backpack,FASHION,Bags,2,49.14,0.2,78.62,52.97,25.65,Debit Card,Mobile,Website,Delivered,5
ORD004805,2024-07-19,C00433,Chloe Martin,chloe.martin433@example.com,Canada,Ontario,P006,Mechanical Keyboard,ELECTRONICS,Computers,4,84.53,0.1,304.31,214.42,89.89,Bank Transfer,Mobile,Mobile App,Delivered,4
ORD004806,2024-01-27,C01051,Olivia Garcia,olivia.garcia1051@example.com,Uk,England,P003,Smart Watch,ELECTRONICS,Wearables,3,132.1,0.05,376.48,270.28,106.2,Debit Card,Mobile,Mobile App,Delivered,3
ORD004807,2024-12-08,C00317,Layla Walker,layla.walker317@example.com,India,Karnataka,P034,Building Blocks,TOYS,Educational,1,33.74,0.25,25.3,16.99,8.31,Credit Card,Mobile,Website,Delivered,3
ORD004808,2025-02-16,C01662,Aarav Garcia,aarav.garcia1662@example.com,Germany,Hesse,P011,Denim Jacket,FASHION,Outerwear,2,76.65,0.2,122.64,85.05,37.59,Paypal,Desktop,Website,Delivered,1
ORD004809,2026-01-08,C00120,Zoe Martin,zoe.martin120@example.com,France,Provence,P033,Cookbook,BOOKS,Lifestyle,1,31.31,0.1,28.18,14.33,13.85,Bank Transfer,Desktop,Website,Cancelled,0
ORD004810,2026-02-05,C00959,Olivia Lee,olivia.lee959@example.com,Uk,England,P020,Storage Boxes,HOME & KITCHEN,Storage,1,30.21,0,30.21,14.94,15.27,Credit Card,Mobile,Website,Delivered,4
ORD004811,2026-03-15,C00596,Emma Wright,emma.wright596@example.com,Uae,Abu Dhabi,P020,Storage Boxes,HOME & KITCHEN,Storage,2,31.16,0,62.32,30.95,31.37,Paypal,Tablet,Mobile App,Processing,0
ORD004812,2024-06-19,C00545,Olivia Williams,olivia.williams545@example.com,France,Normandy,P022,Yoga Mat,SPORTS,Fitness,1,23.44,0.1,21.1,10.49,10.61,Credit Card,Tablet,Website,Delivered,5
ORD004813,2024-12-31,C00302,Jack Garcia,jack.garcia302@example.com,India,Tamil Nadu,P036,Puzzle 1000pc,TOYS,Games,1,21.52,0.2,17.22,8.93,8.29,Paypal,Mobile,Mobile App,Delivered,5
ORD004814,2025-07-24,C01633,Sophia Garcia,sophia.garcia1633@example.com,Uae,Sharjah,P035,Remote Control Car,TOYS,Vehicles,1,45.41,0,45.41,26.68,18.73,Paypal,Desktop,Mobile App,Delivered,4
ORD004815,2026-03-21,C00089,James Brown,james.brown89@example.com,Australia,Queensland,P014,Leather Wallet,FASHION,Accessories,1,29.96,0,29.96,14.01,15.95,Credit Card,Mobile,Website,Delivered,5
ORD004816,2026-03-19,C01593,Harper Brown,harper.brown1593@example.com,France,Normandy,P020,Storage Boxes,HOME & KITCHEN,Storage,3,26.23,0,78.69,39.18,39.51,Credit Card,Desktop,Website,Delivered,2
ORD004817,2026-04-29,C00736,Evelyn Moore,evelyn.moore736@example.com,Canada,British Columbia,P003,Smart Watch,ELECTRONICS,Wearables,1,121.76,0,121.76,80.52,41.24,Paypal,Mobile,Website,Delivered,5
ORD004818,2024-02-20,C01099,Daniel Wright,daniel.wright1099@example.com,Canada,Quebec,P027,Face Serum,BEAUTY,Skin Care,4,35.89,0,143.56,58.61,84.95,Credit Card,Mobile,Mobile App,Delivered,5
ORD004819,2024-03-30,C01511,Adam Smith,adam.smith1511@example.com,Uk,England,P014,Leather Wallet,FASHION,Accessories,2,31.43,0.1,56.57,30.51,26.06,Cash On Delivery,Desktop,Marketplace,Delivered,3
ORD004820,2026-04-10,C01621,Harper Moore,harper.moore1621@example.com,Usa,New York,P015,Backpack,FASHION,Bags,1,52.48,0.1,47.23,27.96,19.27,Credit Card,Mobile,Marketplace,Returned,4
ORD004821,2024-06-03,C01238,Mia King,mia.king1238@example.com,France,Occitanie,P035,Remote Control Car,TOYS,Vehicles,4,47.75,0,191,107.91,83.09,Credit Card,Desktop,Website,Delivered,5
ORD004822,2024-04-28,C00191,Harper Hall,harper.hall191@example.com,Usa,California,P027,Face Serum,BEAUTY,Skin Care,1,35.43,0.2,28.34,15.27,13.07,Paypal,Mobile,Website,Delivered,4
ORD004823,2025-05-15,C00732,Sophia Johnson,sophia.johnson732@example.com,France,Occitanie,P013,Hoodie,FASHION,Apparel,1,43.8,0.25,32.85,21.94,10.91,Paypal,Mobile,Website,Shipped,0
ORD004824,2024-10-13,C00625,Lucas Clark,lucas.clark625@example.com,India,Delhi,P034,Building Blocks,TOYS,Educational,1,33.17,0,33.17,16.62,16.55,Paypal,Desktop,Mobile App,Delivered,4
ORD004825,2026-02-03,C00621,Charlotte Hall,charlotte.hall621@example.com,Canada,British Columbia,P024,Football,SPORTS,Outdoor,2,29.98,0.05,56.96,29.85,27.11,Credit Card,Desktop,Mobile App,Delivered,3
ORD004826,2025-09-21,C00459,Henry Brown,henry.brown459@example.com,Uae,Abu Dhabi,P029,Hair Dryer,BEAUTY,Hair Care,1,49.75,0,49.75,26.96,22.79,Credit Card,Mobile,Website,Delivered,4
ORD004827,2025-04-30,C01301,Nora Wilson,nora.wilson1301@example.com,Canada,Quebec,P008,Webcam HD,ELECTRONICS,Computers,3,65.45,0.1,176.72,122.98,53.74,Debit Card,Tablet,Website,Delivered,5
ORD004828,2025-04-28,C00709,Emma Smith,emma.smith709@example.com,Canada,British Columbia,P032,Data Analytics Book,BOOKS,Education,5,49.98,0.1,224.91,115.77,109.14,Credit Card,Mobile,Mobile App,Processing,0
ORD004829,2024-04-18,C00785,Daniel Garcia,daniel.garcia785@example.com,Uk,England,P006,Mechanical Keyboard,ELECTRONICS,Computers,1,96.22,0,96.22,62.35,33.87,Credit Card,Mobile,Mobile App,Delivered,2
ORD004830,2024-03-13,C01259,Isabella Taylor,isabella.taylor1259@example.com,Australia,Queensland,P005,Laptop Stand,ELECTRONICS,Accessories,4,37.29,0.2,119.33,75.43,43.9,Cash On Delivery,Mobile,Website,Delivered,3
ORD004831,2025-12-05,C00282,Charlotte Patel,charlotte.patel282@example.com,France,Ile-de-France,P031,Novel Set,BOOKS,Fiction,1,37.8,0,37.8,19.14,18.66,Credit Card,Mobile,Website,Delivered,2
ORD004832,2026-05-17,C01753,Zoe Garcia,zoe.garcia1753@example.com,Usa,New York,P026,Water Bottle,SPORTS,Accessories,3,18.09,0.15,46.13,23.41,22.72,Debit Card,Desktop,Mobile App,Delivered,3
ORD004833,2024-12-11,C01272,Sophia Smith,sophia.smith1272@example.com,Australia,New South Wales,P012,Cotton T-Shirt,FASHION,Apparel,4,20.12,0.1,72.43,36.77,35.66,Credit Card,Desktop,Mobile App,Processing,0
ORD004834,2025-04-22,C00239,Chloe Smith,chloe.smith239@example.com,Usa,Texas,P034,Building Blocks,TOYS,Educational,1,34.88,0.1,31.39,17.8,13.59,Credit Card,Mobile,Mobile App,Delivered,4
ORD004835,2024-05-27,C00864,Emma Patel,emma.patel864@example.com,Uae,Sharjah,P032,Data Analytics Book,BOOKS,Education,2,47.74,0.15,81.16,46.51,34.65,Credit Card,Mobile,Website,Delivered,5
ORD004836,2024-09-09,C01365,Mia Johnson,mia.johnson1365@example.com,Usa,California,P009,Running Shoes,FASHION,Footwear,1,71.69,0.15,60.94,39.63,21.31,Debit Card,Mobile,Social Commerce,Processing,0
ORD004837,2026-03-27,C01580,Lucas Moore,lucas.moore1580@example.com,India,Gujarat,P021,Desk Lamp,HOME & KITCHEN,Lighting,1,32.86,0.1,29.57,16.84,12.73,Credit Card,Desktop,Marketplace,Delivered,4
ORD004838,2024-08-27,C00536,Liam Patel,liam.patel536@example.com,Uk,England,P020,Storage Boxes,HOME & KITCHEN,Storage,2,25.98,0.15,44.17,24.87,19.3,Credit Card,Mobile,Website,Delivered,5
ORD004839,2025-03-16,C00055,Aarav Thomas,aarav.thomas55@example.com,Uk,Scotland,P015,Backpack,FASHION,Bags,3,51.33,0,153.99,79.04,74.95,Paypal,Mobile,Mobile App,Delivered,4
ORD004840,2025-04-11,C01761,Evelyn Walker,evelyn.walker1761@example.com,Usa,Illinois,P022,Yoga Mat,SPORTS,Fitness,3,24.34,0,73.02,33.07,39.95,Paypal,Mobile,Marketplace,Cancelled,0
ORD004841,2024-04-06,C00387,Noah Taylor,noah.taylor387@example.com,Uk,Wales,P027,Face Serum,BEAUTY,Skin Care,3,33.07,0.15,84.33,40.06,44.27,Bank Transfer,Mobile,Marketplace,Delivered,4
ORD004842,2024-07-07,C01223,Ethan Garcia,ethan.garcia1223@example.com,Usa,Florida,P005,Laptop Stand,ELECTRONICS,Accessories,2,36.95,0.15,62.82,37.15,25.67,Cash On Delivery,Desktop,Website,Delivered,5
ORD004843,2024-01-07,C00098,Aarav Clark,aarav.clark98@example.com,Germany,Bavaria,P018,Non-stick Pan,HOME & KITCHEN,Cookware,1,32.66,0.25,24.49,16.56,7.93,Credit Card,Desktop,Website,Delivered,4
ORD004844,2024-09-21,C00186,Grace Moore,grace.moore186@example.com,Usa,Illinois,P032,Data Analytics Book,BOOKS,Education,6,42.39,0.1,228.91,114.89,114.02,Paypal,Desktop,Website,Delivered,4
ORD004845,2024-09-28,C01336,Isabella Taylor,isabella.taylor1336@example.com,India,Gujarat,P033,Cookbook,BOOKS,Lifestyle,2,28.78,0.25,43.17,26.8,16.37,Debit Card,Mobile,Mobile App,Delivered,5
ORD004846,2024-05-21,C01059,Mason King,mason.king1059@example.com,India,Karnataka,P033,Cookbook,BOOKS,Lifestyle,1,30.63,0.1,27.57,14.42,13.15,Bank Transfer,Mobile,Website,Delivered,5
ORD004847,2024-04-06,C00661,Adam Brown,adam.brown661@example.com,Canada,Quebec,P026,Water Bottle,SPORTS,Accessories,4,18.77,0.05,71.33,33.02,38.31,Cash On Delivery,Desktop,Mobile App,Delivered,4
ORD004848,2024-02-02,C00422,Lucas Taylor,lucas.taylor422@example.com,Uk,Scotland,P011,Denim Jacket,FASHION,Outerwear,2,79.84,0.1,143.71,93.47,50.24,Credit Card,Tablet,Mobile App,Delivered,5
ORD004849,2024-06-16,C00887,Lucas Brown,lucas.brown887@example.com,India,Tamil Nadu,P008,Webcam HD,ELECTRONICS,Computers,1,59.55,0,59.55,36.4,23.15,Credit Card,Mobile,Mobile App,Delivered,2
ORD004850,2025-10-08,C00791,Charlotte King,missing@example.com,Uk,England,P007,Wireless Mouse,ELECTRONICS,Computers,3,35.54,0.05,101.29,51.46,49.83,Debit Card,Mobile,Website,Delivered,5
ORD004851,2024-03-23,C00027,Mason Smith,mason.smith27@example.com,Australia,Queensland,P027,Face Serum,BEAUTY,Skin Care,1,32.96,0.1,29.66,13.72,15.94,Credit Card,Tablet,Website,Delivered,3
ORD004852,2025-05-29,C01548,Mia Williams,mia.williams1548@example.com,Uk,Wales,P018,Non-stick Pan,HOME & KITCHEN,Cookware,1,35.21,0.05,33.45,18.13,15.32,Credit Card,Mobile,Website,Delivered,4
ORD004853,2025-04-04,C00624,Elijah Johnson,elijah.johnson624@example.com,France,Normandy,P003,Smart Watch,ELECTRONICS,Wearables,3,140.75,0,422.25,271.73,150.52,Credit Card,Desktop,Website,Delivered,4
ORD004854,2024-05-12,C01119,Charlotte King,charlotte.king1119@example.com,Germany,Saxony,P010,Casual Sneakers,FASHION,Footwear,1,59.34,0,59.34,32.26,27.08,Credit Card,Desktop,Mobile App,Delivered,5
ORD004855,2025-03-27,C01538,Isabella Williams,isabella.williams1538@example.com,Canada,Ontario,P005,Laptop Stand,ELECTRONICS,Accessories,1,43.88,0.1,39.49,23.14,16.35,Debit Card,Mobile,Mobile App,Delivered,5
ORD004856,2025-04-20,C00268,Olivia Hall,olivia.hall268@example.com,Uae,Dubai,P023,Dumbbell Set,SPORTS,Fitness,1,74.1,0.1,66.69,44.4,22.29,Paypal,Desktop,Mobile App,Delivered,5
ORD004857,2024-04-25,C00652,Evelyn Young,evelyn.young652@example.com,Uae,Dubai,P009,Running Shoes,FASHION,Footwear,1,74.84,0,74.84,39.64,35.2,Bank Transfer,Mobile,Marketplace,Delivered,4
ORD004858,2025-09-22,C00098,Aarav Clark,aarav.clark98@example.com,Usa,New York,P028,Moisturizer,BEAUTY,Skin Care,2,26.79,0.05,50.9,21.72,29.18,Debit Card,Mobile,Mobile App,Delivered,3
ORD004859,2024-10-04,C00986,Adam Lewis,adam.lewis986@example.com,Uk,Scotland,P015,Backpack,FASHION,Bags,3,49.35,0.05,140.65,79.88,60.77,Debit Card,Mobile,Mobile App,Delivered,2
ORD004860,2026-07-21,C01177,Jack Wright,jack.wright1177@example.com,France,Occitanie,P016,Coffee Maker,HOME & KITCHEN,Appliances,2,89.08,0,178.16,106.75,71.41,Debit Card,Mobile,Website,Processing,0
ORD004861,2024-04-10,C00822,Charlotte Taylor,charlotte.taylor822@example.com,Australia,Queensland,P006,Mechanical Keyboard,ELECTRONICS,Computers,1,99.39,0,99.39,61.09,38.3,Paypal,Mobile,Website,Delivered,5
ORD004862,2025-11-28,C00419,Henry Williams,henry.williams419@example.com,Australia,Victoria,P003,Smart Watch,ELECTRONICS,Wearables,1,120.03,0.05,114.03,80.54,33.49,Debit Card,Desktop,Mobile App,Delivered,4
ORD004863,2025-04-12,C00216,Layla Young,layla.young216@example.com,Germany,Berlin,P014,Leather Wallet,FASHION,Accessories,1,31.27,0.25,23.45,14.87,8.58,Credit Card,Mobile,Website,Delivered,5
ORD004864,2024-12-01,C00879,Noah Thomas,noah.thomas879@example.com,Uae,Dubai,P011,Denim Jacket,FASHION,Outerwear,1,72.04,0,72.04,42.19,29.85,Debit Card,Mobile,Mobile App,Delivered,5
ORD004865,2024-12-12,C00053,James Hall,james.hall53@example.com,Usa,New York,P032,Data Analytics Book,BOOKS,Education,2,49.57,0.05,94.18,46.83,47.35,Credit Card,Mobile,Mobile App,Delivered,2
ORD004866,2026-02-13,C00100,Mason Lewis,mason.lewis100@example.com,Germany,Berlin,P023,Dumbbell Set,SPORTS,Fitness,2,79.12,0.15,134.5,89.18,45.32,Debit Card,Mobile,Mobile App,Delivered,2
ORD004867,2026-04-03,C00826,Isabella Patel,isabella.patel826@example.com,Australia,Queensland,P028,Moisturizer,BEAUTY,Skin Care,1,23.92,0,23.92,9.92,14,Cash On Delivery,Desktop,Website,Delivered,5
ORD004868,2025-11-22,C00593,Evelyn Young,missing@example.com,India,Tamil Nadu,P002,Bluetooth Speaker,ELECTRONICS,Audio,3,54.79,0,164.37,95.23,69.14,Debit Card,Mobile,Website,Delivered,5
ORD004869,2025-04-13,C00641,Mia Lee,mia.lee641@example.com,Uk,Wales,P024,Football,SPORTS,Outdoor,2,33.53,0.05,63.71,32.26,31.45,Debit Card,Mobile,Website,Delivered,4
ORD004870,2025-10-12,C01513,Ethan King,ethan.king1513@example.com,India,Maharashtra,P026,Water Bottle,SPORTS,Accessories,4,16.89,0.15,57.43,28.47,28.96,Debit Card,Tablet,Mobile App,Delivered,4
ORD004871,2024-06-09,C00612,Olivia Clark,olivia.clark612@example.com,Germany,Saxony,P009,Running Shoes,FASHION,Footwear,2,66.79,0.2,106.86,73.95,32.91,Credit Card,Mobile,Mobile App,Delivered,4
ORD004872,2026-04-23,C00565,James Garcia,james.garcia565@example.com,Uae,Sharjah,P004,USB-C Charger,ELECTRONICS,Accessories,6,24.15,0,144.9,70.84,74.06,Debit Card,Mobile,Marketplace,Cancelled,0
ORD004873,2026-02-23,C01063,James Martin,james.martin1063@example.com,Canada,British Columbia,P016,Coffee Maker,HOME & KITCHEN,Appliances,3,90.82,0.15,231.59,164.95,66.64,Paypal,Desktop,Website,Processing,0
ORD004874,2026-01-31,C00888,Noah Lee,noah.lee888@example.com,Usa,California,P032,Data Analytics Book,BOOKS,Education,2,42.97,0,85.94,41.03,44.91,Credit Card,Mobile,Mobile App,Delivered,3
ORD004875,2024-07-28,C01068,Adam Young,adam.young1068@example.com,Uk,England,P012,Cotton T-Shirt,FASHION,Apparel,2,19.53,0.15,33.2,17.16,16.04,Credit Card,Mobile,Marketplace,Delivered,2
ORD004876,2024-08-14,C00802,James Garcia,james.garcia802@example.com,Australia,New South Wales,P035,Remote Control Car,TOYS,Vehicles,3,42.11,0,126.33,72.44,53.89,Debit Card,Mobile,Website,Delivered,3
ORD004877,2025-06-04,C00399,Chloe Williams,chloe.williams399@example.com,Canada,Alberta,P002,Bluetooth Speaker,ELECTRONICS,Audio,3,55.22,0,165.66,97.04,68.62,Cash On Delivery,Desktop,Mobile App,Delivered,5
ORD004878,2025-01-12,C00493,Owen Taylor,owen.taylor493@example.com,India,Tamil Nadu,P004,USB-C Charger,ELECTRONICS,Accessories,1,25.83,0.1,23.25,12.83,10.42,Debit Card,Tablet,Mobile App,Delivered,5
ORD004879,2024-10-02,C01758,Layla Garcia,layla.garcia1758@example.com,Usa,Illinois,P036,Puzzle 1000pc,TOYS,Games,2,21.06,0,42.12,17.54,24.58,Paypal,Mobile,Mobile App,Shipped,0
ORD004880,2024-10-24,C00341,Henry Clark,henry.clark341@example.com,Uae,Sharjah,P010,Casual Sneakers,FASHION,Footwear,3,57.9,0.1,156.33,90.44,65.89,Credit Card,Desktop,Mobile App,Delivered,3
ORD004881,2025-10-28,C00377,Mason Wright,mason.wright377@example.com,Australia,New South Wales,P028,Moisturizer,BEAUTY,Skin Care,1,26.3,0.2,21.04,10.78,10.26,Debit Card,Mobile,Website,Delivered,4
ORD004882,2025-03-06,C00548,Amelia Taylor,amelia.taylor548@example.com,India,Gujarat,P018,Non-stick Pan,HOME & KITCHEN,Cookware,6,35.25,0.15,179.78,106.03,73.75,Cash On Delivery,Desktop,Mobile App,Shipped,0
ORD004883,2024-01-20,C01430,James Anderson,james.anderson1430@example.com,Uk,England,P019,Knife Set,HOME & KITCHEN,Cookware,1,62.21,0.05,59.1,36.01,23.09,Credit Card,Desktop,Website,Delivered,5
ORD004884,2026-07-23,C00850,Lucas Smith,lucas.smith850@example.com,Germany,Berlin,P031,Novel Set,BOOKS,Fiction,3,44.56,0.1,120.31,64.49,55.82,Credit Card,Mobile,Website,Shipped,0
ORD004885,2026-01-12,C00756,Aria Garcia,aria.garcia756@example.com,Uk,Wales,P035,Remote Control Car,TOYS,Vehicles,2,45.41,0.05,86.28,53.52,32.76,Cash On Delivery,Mobile,Website,Delivered,5
ORD004886,2025-08-04,C01505,Amelia Wilson,amelia.wilson1505@example.com,France,Normandy,P030,Perfume,BEAUTY,Fragrance,3,78.18,0.05,222.81,118.17,104.64,Paypal,Mobile,Website,Shipped,0
ORD004887,2026-04-16,C00907,Jack Clark,jack.clark907@example.com,Germany,Bavaria,P016,Coffee Maker,HOME & KITCHEN,Appliances,2,93.8,0.05,178.22,118.15,60.07,Cash On Delivery,Desktop,Website,Shipped,0
ORD004888,2025-04-21,C00827,Mia Brown,mia.brown827@example.com,Australia,Western Australia,P032,Data Analytics Book,BOOKS,Education,2,49.99,0.05,94.98,48.15,46.83,Credit Card,Mobile,Mobile App,Delivered,5
ORD004889,2026-04-16,C00004,Ethan Johnson,ethan.johnson4@example.com,Uk,Scotland,P009,Running Shoes,FASHION,Footwear,1,65.34,0.1,58.81,37.09,21.72,Paypal,Desktop,Website,Returned,5
ORD004890,2024-06-04,C01355,Lucas Walker,lucas.walker1355@example.com,Uk,Wales,P028,Moisturizer,BEAUTY,Skin Care,2,25.35,0.05,48.16,19.78,28.38,Debit Card,Tablet,Website,Delivered,3
ORD004891,2025-08-28,C00080,Amelia Wright,amelia.wright80@example.com,Canada,Ontario,P019,Knife Set,HOME & KITCHEN,Cookware,3,58.75,0.1,158.62,100.95,57.67,Debit Card,Mobile,Social Commerce,Delivered,3
ORD004892,2026-05-29,C01174,Sophia Anderson,sophia.anderson1174@example.com,Uae,Dubai,P015,Backpack,FASHION,Bags,4,50.34,0,201.36,105.56,95.8,Debit Card,Desktop,Marketplace,Delivered,5
ORD004893,2024-12-18,C01211,Chloe Thomas,chloe.thomas1211@example.com,India,Gujarat,P011,Denim Jacket,FASHION,Outerwear,1,82.37,0.05,78.25,46.57,31.68,Cash On Delivery,Tablet,Marketplace,Delivered,5
ORD004894,2024-12-24,C00568,Harper Anderson,harper.anderson568@example.com,India,Karnataka,P007,Wireless Mouse,ELECTRONICS,Computers,3,37.64,0.2,90.34,55.97,34.37,Paypal,Mobile,Mobile App,Delivered,4
ORD004895,2025-08-02,C00877,Harper Walker,harper.walker877@example.com,Usa,Illinois,P034,Building Blocks,TOYS,Educational,3,38.05,0,114.15,56.53,57.62,Debit Card,Tablet,Mobile App,Delivered,2
ORD004896,2024-07-26,C01734,Nora Taylor,nora.taylor1734@example.com,India,Tamil Nadu,P002,Bluetooth Speaker,ELECTRONICS,Audio,2,48.28,0.2,77.25,56.83,20.42,Bank Transfer,Mobile,Website,Delivered,5
ORD004897,2026-07-28,C01451,Chloe Martin,chloe.martin1451@example.com,Usa,California,P036,Puzzle 1000pc,TOYS,Games,4,22.07,0.1,79.45,38.63,40.82,Credit Card,Mobile,Mobile App,Delivered,5
ORD004898,2024-02-01,C01320,Emma Wilson,emma.wilson1320@example.com,India,Maharashtra,P036,Puzzle 1000pc,TOYS,Games,1,21.93,0,21.93,9.28,12.65,Credit Card,Mobile,Website,Delivered,5
ORD004899,2025-09-22,C00749,Evelyn Martin,evelyn.martin749@example.com,France,Occitanie,P033,Cookbook,BOOKS,Lifestyle,1,29.6,0.1,26.64,13.11,13.53,Paypal,Mobile,Marketplace,Delivered,5
ORD004900,2025-01-17,C00433,Chloe Martin,chloe.martin433@example.com,Usa,Texas,P029,Hair Dryer,BEAUTY,Hair Care,1,46.4,0.05,44.08,24.91,19.17,Credit Card,Desktop,Website,Delivered,4
ORD004901,2024-03-02,C00645,Nora Wilson,nora.wilson645@example.com,India,Karnataka,P033,Cookbook,BOOKS,Lifestyle,1,32.52,0.15,27.64,15.32,12.32,Credit Card,Desktop,Mobile App,Delivered,4
ORD004902,2025-06-14,C00081,Lucas King,lucas.king81@example.com,Australia,Western Australia,P021,Desk Lamp,HOME & KITCHEN,Lighting,3,30.89,0.1,83.4,47.55,35.85,Credit Card,Tablet,Mobile App,Delivered,5
ORD004903,2025-02-19,C00182,Adam King,adam.king182@example.com,Australia,New South Wales,P015,Backpack,FASHION,Bags,3,48.56,0,145.68,75.22,70.46,Credit Card,Mobile,Website,Processing,0
ORD004904,2024-02-14,C01439,Olivia Anderson,olivia.anderson1439@example.com,France,Occitanie,P022,Yoga Mat,SPORTS,Fitness,3,23.38,0,70.14,31.64,38.5,Credit Card,Mobile,Mobile App,Processing,0
ORD004905,2024-11-17,C00207,Grace Johnson,grace.johnson207@example.com,Usa,New York,P027,Face Serum,BEAUTY,Skin Care,3,38.9,0,116.7,50,66.7,Paypal,Mobile,Mobile App,Delivered,4
ORD004906,2025-08-20,C00543,Amelia Patel,missing@example.com,Canada,Quebec,P003,Smart Watch,ELECTRONICS,Wearables,1,131.61,0,131.61,88.06,43.55,Paypal,Mobile,Mobile App,Delivered,4
ORD004907,2026-06-29,C01538,Isabella Williams,isabella.williams1538@example.com,Uk,England,P024,Football,SPORTS,Outdoor,3,28.95,0.1,78.16,41.79,36.37,Credit Card,Desktop,Mobile App,Delivered,5
ORD004908,2024-12-29,C00083,Noah Brown,noah.brown83@example.com,France,Provence,P024,Football,SPORTS,Outdoor,1,28.82,0.15,24.5,14.18,10.32,Paypal,Mobile,Website,Delivered,4
ORD004909,2024-03-06,C00659,Harper Thomas,harper.thomas659@example.com,Canada,Quebec,P014,Leather Wallet,FASHION,Accessories,3,32.77,0,98.31,45.1,53.21,Paypal,Mobile,Website,Delivered,4
ORD004910,2025-06-06,C00696,Adam Anderson,adam.anderson696@example.com,Uae,Sharjah,P005,Laptop Stand,ELECTRONICS,Accessories,2,42.83,0.25,64.25,43.08,21.17,Paypal,Mobile,Mobile App,Delivered,3
ORD004911,2024-11-16,C01083,Liam King,liam.king1083@example.com,India,Delhi,P007,Wireless Mouse,ELECTRONICS,Computers,1,38.88,0.25,29.16,20.01,9.15,Credit Card,Mobile,Website,Cancelled,0
ORD004912,2025-09-05,C00879,Noah Thomas,noah.thomas879@example.com,Germany,Saxony,P004,USB-C Charger,ELECTRONICS,Accessories,1,25.89,0.1,23.3,12.82,10.48,Paypal,Tablet,Mobile App,Delivered,4
ORD004913,2024-02-08,C01335,Charlotte Anderson,charlotte.anderson1335@example.com,Uae,Dubai,P031,Novel Set,BOOKS,Fiction,3,41.32,0.15,105.37,61.26,44.11,Credit Card,Mobile,Mobile App,Processing,0
ORD004914,2026-04-24,C00511,Emma Williams,emma.williams511@example.com,Australia,New South Wales,P007,Wireless Mouse,ELECTRONICS,Computers,1,37.44,0.15,31.82,19,12.82,Debit Card,Mobile,Website,Delivered,5
ORD004915,2024-12-30,C01565,Grace Young,grace.young1565@example.com,Australia,Queensland,P035,Remote Control Car,TOYS,Vehicles,1,42.82,0.1,38.54,24.09,14.45,Paypal,Mobile,Mobile App,Delivered,1
ORD004916,2024-09-19,C00394,Henry Anderson,henry.anderson394@example.com,France,Ile-de-France,P029,Hair Dryer,BEAUTY,Hair Care,3,52.03,0.05,148.29,85.35,62.94,Credit Card,Mobile,Website,Delivered,5
ORD004917,2024-01-06,C01121,Charlotte Martin,charlotte.martin1121@example.com,Uk,Scotland,P008,Webcam HD,ELECTRONICS,Computers,1,55.81,0,55.81,34.23,21.58,Credit Card,Desktop,Website,Delivered,1
ORD004918,2026-06-20,C01755,Ava Williams,ava.williams1755@example.com,India,Maharashtra,P019,Knife Set,HOME & KITCHEN,Cookware,2,60.56,0,121.12,68.13,52.99,Cash On Delivery,Mobile,Mobile App,Returned,4
ORD004919,2024-01-22,C00749,Evelyn Martin,evelyn.martin749@example.com,Germany,Berlin,P009,Running Shoes,FASHION,Footwear,3,76.31,0.1,206.04,124.56,81.48,Credit Card,Desktop,Social Commerce,Delivered,4
ORD004920,2024-08-17,C01187,Grace Lee,grace.lee1187@example.com,India,Delhi,P034,Building Blocks,TOYS,Educational,1,37.94,0.05,36.04,18.62,17.42,Paypal,Mobile,Website,Delivered,5
ORD004921,2026-06-13,C01367,Liam Walker,liam.walker1367@example.com,Germany,Berlin,P017,Air Fryer,HOME & KITCHEN,Appliances,1,114.02,0.05,108.32,71.51,36.81,Credit Card,Desktop,Social Commerce,Delivered,4
ORD004922,2025-05-08,C01007,Zoe Thomas,zoe.thomas1007@example.com,India,Gujarat,P008,Webcam HD,ELECTRONICS,Computers,1,59.54,0.05,56.56,36.59,19.97,Cash On Delivery,Desktop,Mobile App,Delivered,3
ORD004923,2025-09-16,C01357,Sophia Walker,sophia.walker1357@example.com,Germany,Saxony,P003,Smart Watch,ELECTRONICS,Wearables,1,127.79,0,127.79,86.34,41.45,Debit Card,Desktop,Website,Delivered,4
ORD004924,2024-08-13,C01354,Ava Wright,ava.wright1354@example.com,Canada,Quebec,P002,Bluetooth Speaker,ELECTRONICS,Audio,1,53.39,0,53.39,31.97,21.42,Credit Card,Desktop,Website,Delivered,3
ORD004925,2025-03-15,C00689,Harper Smith,harper.smith689@example.com,Australia,New South Wales,P016,Coffee Maker,HOME & KITCHEN,Appliances,3,95.5,0,286.5,171.38,115.12,Credit Card,Mobile,Website,Shipped,0
ORD004926,2025-06-22,C00206,Liam King,liam.king206@example.com,Germany,Saxony,P031,Novel Set,BOOKS,Fiction,1,40.36,0,40.36,20.9,19.46,Cash On Delivery,Mobile,Mobile App,Delivered,3
ORD004927,2025-05-29,C00178,Mia Patel,mia.patel178@example.com,Australia,New South Wales,P004,USB-C Charger,ELECTRONICS,Accessories,2,24.87,0,49.74,24.51,25.23,Cash On Delivery,Mobile,Website,Shipped,0
ORD004928,2025-06-10,C00037,Aarav Johnson,aarav.johnson37@example.com,Uae,Dubai,P001,Wireless Headphones,ELECTRONICS,Audio,2,80.52,0.1,144.94,100.7,44.24,Credit Card,Desktop,Website,Delivered,3
ORD004929,2026-02-09,C01752,Elijah Wright,elijah.wright1752@example.com,Canada,Alberta,P024,Football,SPORTS,Outdoor,1,31.19,0,31.19,15.36,15.83,Credit Card,Mobile,Mobile App,Delivered,3
ORD004930,2025-03-02,C01108,Leo Williams,leo.williams1108@example.com,India,Tamil Nadu,P036,Puzzle 1000pc,TOYS,Games,2,18.6,0.25,27.9,16.12,11.78,Debit Card,Mobile,Mobile App,Delivered,3
ORD004931,2024-08-27,C00588,Isabella Patel,isabella.patel588@example.com,Germany,Hesse,P016,Coffee Maker,HOME & KITCHEN,Appliances,2,85.37,0,170.74,109.48,61.26,Paypal,Desktop,Mobile App,Delivered,5
ORD004932,2025-08-23,C01089,James Martin,james.martin1089@example.com,Uk,England,P004,USB-C Charger,ELECTRONICS,Accessories,2,24.52,0.05,46.59,23.25,23.34,Cash On Delivery,Mobile,Mobile App,Delivered,5
ORD004933,2025-06-25,C01607,Adam Lewis,adam.lewis1607@example.com,Australia,Victoria,P005,Laptop Stand,ELECTRONICS,Accessories,1,43.35,0.05,41.18,23.19,17.99,Credit Card,Mobile,Mobile App,Delivered,4
ORD004934,2024-10-25,C00082,Harper King,harper.king82@example.com,Usa,New York,P005,Laptop Stand,ELECTRONICS,Accessories,2,39.32,0,78.64,41.87,36.77,Credit Card,Desktop,Website,Delivered,3
ORD004935,2024-11-03,C00981,Liam Hall,liam.hall981@example.com,Usa,Florida,P005,Laptop Stand,ELECTRONICS,Accessories,1,41.58,0.05,39.5,21.39,18.11,Cash On Delivery,Desktop,Mobile App,Delivered,5
ORD004936,2024-08-27,C01584,Aria Moore,aria.moore1584@example.com,France,Provence,P014,Leather Wallet,FASHION,Accessories,5,29.93,0.15,127.2,72.92,54.28,Paypal,Mobile,Website,Delivered,5
ORD004937,2024-10-11,C01287,Lucas Hall,lucas.hall1287@example.com,Uae,Dubai,P033,Cookbook,BOOKS,Lifestyle,1,31.25,0.1,28.12,14.73,13.39,Bank Transfer,Mobile,Website,Delivered,4
ORD004938,2024-06-18,C01461,Owen Thomas,owen.thomas1461@example.com,India,Karnataka,P022,Yoga Mat,SPORTS,Fitness,2,25.22,0,50.44,23.23,27.21,Debit Card,Tablet,Website,Delivered,5
ORD004939,2026-06-07,C01309,Evelyn Moore,evelyn.moore1309@example.com,Canada,Quebec,P017,Air Fryer,HOME & KITCHEN,Appliances,3,125.62,0,376.86,236.83,140.03,Credit Card,Mobile,Website,Processing,0
ORD004940,2025-01-01,C01366,Emma Wilson,emma.wilson1366@example.com,Canada,Ontario,P012,Cotton T-Shirt,FASHION,Apparel,2,22.19,0,44.38,19.21,25.17,Debit Card,Mobile,Mobile App,Delivered,5
ORD004941,2026-02-21,C01791,Ava Taylor,missing@example.com,France,Ile-de-France,P018,Non-stick Pan,HOME & KITCHEN,Cookware,2,33.77,0,67.54,35.24,32.3,Debit Card,Mobile,Mobile App,Delivered,4
ORD004942,2026-05-05,C00394,Henry Anderson,henry.anderson394@example.com,France,Provence,P034,Building Blocks,TOYS,Educational,1,35.44,0.15,30.12,17.1,13.02,Bank Transfer,Desktop,Mobile App,Processing,0
ORD004943,2026-01-28,C00205,Aarav Patel,aarav.patel205@example.com,Usa,New York,P029,Hair Dryer,BEAUTY,Hair Care,3,46.59,0.15,118.8,76.13,42.67,Credit Card,Mobile,Website,Delivered,4
ORD004944,2026-06-03,C00620,Liam Thomas,liam.thomas620@example.com,Australia,Victoria,P028,Moisturizer,BEAUTY,Skin Care,1,26.53,0.15,22.55,11.02,11.53,Bank Transfer,Mobile,Mobile App,Delivered,5
ORD004945,2026-06-22,C00118,Jack Lewis,jack.lewis118@example.com,Usa,California,P023,Dumbbell Set,SPORTS,Fitness,1,85.65,0.2,68.52,47.81,20.71,Bank Transfer,Mobile,Mobile App,Shipped,0
ORD004946,2025-12-22,C00284,Nora Lewis,nora.lewis284@example.com,Australia,New South Wales,P018,Non-stick Pan,HOME & KITCHEN,Cookware,1,33.24,0.05,31.58,16.5,15.08,Debit Card,Mobile,Website,Shipped,0
ORD004947,2026-02-18,C01680,Layla Taylor,layla.taylor1680@example.com,France,Provence,P003,Smart Watch,ELECTRONICS,Wearables,1,140.37,0.05,133.35,97.81,35.54,Credit Card,Mobile,Website,Delivered,4
ORD004948,2024-11-03,C00732,Sophia Johnson,sophia.johnson732@example.com,Uk,England,P029,Hair Dryer,BEAUTY,Hair Care,2,46.96,0,93.92,51.79,42.13,Debit Card,Desktop,Website,Delivered,2
ORD004949,2024-05-06,C00466,Sophia King,sophia.king466@example.com,Uk,Scotland,P017,Air Fryer,HOME & KITCHEN,Appliances,3,131.08,0.05,373.58,252.1,121.48,Paypal,Mobile,Mobile App,Delivered,5
ORD004950,2024-12-28,C00964,Layla Thomas,layla.thomas964@example.com,India,Delhi,P004,USB-C Charger,ELECTRONICS,Accessories,1,25.69,0.1,23.12,12.16,10.96,Debit Card,Desktop,Website,Cancelled,0
ORD004951,2024-02-19,C00696,Adam Anderson,adam.anderson696@example.com,Uae,Sharjah,P011,Denim Jacket,FASHION,Outerwear,1,78.12,0.15,66.4,42.93,23.47,Credit Card,Tablet,Mobile App,Shipped,0
ORD004952,2024-05-19,C01106,Leo Taylor,leo.taylor1106@example.com,Canada,Ontario,P035,Remote Control Car,TOYS,Vehicles,1,42.95,0.05,40.8,23.76,17.04,Paypal,Tablet,Mobile App,Delivered,4
ORD004953,2024-07-30,C00916,Aria Martin,aria.martin916@example.com,India,Karnataka,P005,Laptop Stand,ELECTRONICS,Accessories,1,41.36,0.1,37.22,21.16,16.06,Credit Card,Mobile,Website,Delivered,2
ORD004954,2025-10-19,C01161,Zoe King,zoe.king1161@example.com,Germany,Berlin,P027,Face Serum,BEAUTY,Skin Care,1,32.69,0.1,29.42,13.34,16.08,Credit Card,Mobile,Website,Delivered,4
ORD004955,2026-02-28,C00255,Mason Thomas,mason.thomas255@example.com,Uae,Sharjah,P027,Face Serum,BEAUTY,Skin Care,1,34.88,0.2,27.9,14.49,13.41,Debit Card,Desktop,Website,Delivered,4
ORD004956,2025-05-02,C00046,Mia Garcia,mia.garcia46@example.com,Uk,England,P006,Mechanical Keyboard,ELECTRONICS,Computers,1,92.18,0,92.18,59.18,33,Debit Card,Mobile,Mobile App,Delivered,2
ORD004957,2026-05-21,C01147,Sophia Williams,sophia.williams1147@example.com,France,Occitanie,P023,Dumbbell Set,SPORTS,Fitness,1,73.73,0.15,62.67,42.37,20.3,Debit Card,Mobile,Mobile App,Delivered,5
ORD004958,2024-03-18,C01772,Sophia Taylor,sophia.taylor1772@example.com,Germany,Hesse,P036,Puzzle 1000pc,TOYS,Games,1,18.46,0.15,15.69,7.65,8.04,Cash On Delivery,Mobile,Website,Processing,0
ORD004959,2025-01-23,C01624,Owen Moore,owen.moore1624@example.com,Germany,Hesse,P012,Cotton T-Shirt,FASHION,Apparel,2,20.46,0,40.92,19.01,21.91,Paypal,Tablet,Website,Delivered,2
ORD004960,2024-08-23,C00261,Mia Lewis,mia.lewis261@example.com,Usa,Illinois,P030,Perfume,BEAUTY,Fragrance,6,78.33,0,469.98,236.91,233.07,Bank Transfer,Desktop,Website,Delivered,4
ORD004961,2026-03-08,C00404,Mia Wright,mia.wright404@example.com,India,Gujarat,P017,Air Fryer,HOME & KITCHEN,Appliances,1,126.4,0.05,120.08,85.19,34.89,Cash On Delivery,Mobile,Website,Cancelled,0
ORD004962,2025-01-08,C00921,Owen Williams,owen.williams921@example.com,Uk,England,P013,Hoodie,FASHION,Apparel,1,47.71,0.25,35.78,24.29,11.49,Bank Transfer,Mobile,Marketplace,Delivered,5
ORD004963,2025-10-17,C01279,Adam Brown,adam.brown1279@example.com,France,Normandy,P013,Hoodie,FASHION,Apparel,3,42.57,0,127.71,63.79,63.92,Debit Card,Mobile,Website,Delivered,4
ORD004964,2025-06-23,C00657,Daniel Wilson,daniel.wilson657@example.com,Australia,New South Wales,P022,Yoga Mat,SPORTS,Fitness,1,24.7,0.1,22.23,11.48,10.75,Credit Card,Mobile,Website,Shipped,0
ORD004965,2026-03-18,C01624,Owen Moore,owen.moore1624@example.com,Uk,Scotland,P012,Cotton T-Shirt,FASHION,Apparel,3,18.68,0.05,53.24,24.71,28.53,Credit Card,Desktop,Website,Delivered,5
ORD004966,2024-08-31,C00530,Olivia Williams,olivia.williams530@example.com,Germany,Hesse,P029,Hair Dryer,BEAUTY,Hair Care,2,51.37,0.05,97.6,56.52,41.08,Debit Card,Desktop,Website,Delivered,5
ORD004967,2025-05-28,C01770,Evelyn Patel,evelyn.patel1770@example.com,Usa,Florida,P032,Data Analytics Book,BOOKS,Education,1,47.67,0.1,42.9,23.15,19.75,Credit Card,Mobile,Mobile App,Delivered,5
ORD004968,2026-04-15,C01390,Mia Wright,mia.wright1390@example.com,Uk,England,P006,Mechanical Keyboard,ELECTRONICS,Computers,2,96.8,0,193.6,119.81,73.79,Bank Transfer,Desktop,Website,Delivered,5
ORD004969,2026-05-01,C00603,Mason Martin,mason.martin603@example.com,Canada,British Columbia,P034,Building Blocks,TOYS,Educational,1,39.17,0.15,33.29,19.63,13.66,Debit Card,Desktop,Marketplace,Processing,0
ORD004970,2024-03-08,C01702,Jack Martin,jack.martin1702@example.com,Australia,Western Australia,P004,USB-C Charger,ELECTRONICS,Accessories,1,24.38,0.1,21.94,11.25,10.69,Debit Card,Mobile,Marketplace,Delivered,3
ORD004971,2025-04-30,C01345,Owen Patel,owen.patel1345@example.com,France,Ile-de-France,P003,Smart Watch,ELECTRONICS,Wearables,1,139.4,0.1,125.46,95.33,30.13,Cash On Delivery,Desktop,Website,Processing,0
ORD004972,2025-10-21,C00674,Aarav Williams,aarav.williams674@example.com,Uae,Abu Dhabi,P019,Knife Set,HOME & KITCHEN,Cookware,1,59.5,0,59.5,33.29,26.21,Credit Card,Mobile,Mobile App,Delivered,4
ORD004973,2026-07-31,C01297,Owen Wright,owen.wright1297@example.com,Uae,Abu Dhabi,P020,Storage Boxes,HOME & KITCHEN,Storage,1,30.29,0,30.29,14.99,15.3,Credit Card,Desktop,Marketplace,Delivered,4
ORD004974,2026-04-29,C01645,Jack Thomas,jack.thomas1645@example.com,France,Ile-de-France,P036,Puzzle 1000pc,TOYS,Games,3,20.13,0.05,57.37,26.95,30.42,Paypal,Mobile,Marketplace,Delivered,4
ORD004975,2024-06-12,C01751,Harper Johnson,harper.johnson1751@example.com,Uae,Dubai,P031,Novel Set,BOOKS,Fiction,1,39.64,0.15,33.69,20.07,13.62,Credit Card,Mobile,Marketplace,Shipped,0
ORD004976,2026-02-27,C01513,Ethan King,ethan.king1513@example.com,France,Occitanie,P009,Running Shoes,FASHION,Footwear,2,65.96,0,131.92,71.9,60.02,Paypal,Mobile,Website,Delivered,5
ORD004977,2025-05-17,C00344,Grace Wilson,grace.wilson344@example.com,India,Tamil Nadu,P006,Mechanical Keyboard,ELECTRONICS,Computers,3,88.48,0.1,238.9,172.4,66.5,Paypal,Mobile,Website,Delivered,5
ORD004978,2026-03-05,C01045,Amelia Young,amelia.young1045@example.com,Usa,New York,P020,Storage Boxes,HOME & KITCHEN,Storage,1,29.3,0,29.3,14.6,14.7,Paypal,Mobile,Mobile App,Delivered,4
ORD004979,2025-03-30,C00614,Henry Williams,henry.williams614@example.com,Canada,Quebec,P033,Cookbook,BOOKS,Lifestyle,6,28.12,0.15,143.41,75.76,67.65,Debit Card,Desktop,Mobile App,Delivered,5
ORD004980,2025-12-13,C01013,Henry Lewis,henry.lewis1013@example.com,India,Gujarat,P030,Perfume,BEAUTY,Fragrance,1,73.23,0,73.23,39.46,33.77,Debit Card,Desktop,Marketplace,Delivered,2
ORD004981,2025-12-27,C00711,Grace Lewis,grace.lewis711@example.com,Usa,California,P009,Running Shoes,FASHION,Footwear,1,76.9,0.1,69.21,43.57,25.64,Paypal,Desktop,Mobile App,Delivered,4
ORD004982,2026-06-21,C00775,Owen Wilson,owen.wilson775@example.com,Australia,Queensland,P001,Wireless Headphones,ELECTRONICS,Audio,5,84.06,0.25,315.23,255.73,59.5,Paypal,Desktop,Website,Delivered,4
ORD004983,2025-11-06,C01787,Noah Wilson,noah.wilson1787@example.com,Usa,Florida,P025,Cycling Helmet,SPORTS,Outdoor,4,72.54,0,290.16,168.29,121.87,Paypal,Desktop,Website,Delivered,4
ORD004984,2024-11-21,C01618,Owen Wilson,owen.wilson1618@example.com,Australia,Western Australia,P003,Smart Watch,ELECTRONICS,Wearables,1,140.13,0,140.13,91.36,48.77,Credit Card,Desktop,Mobile App,Returned,5
ORD004985,2026-02-06,C00273,Chloe Lee,chloe.lee273@example.com,India,Gujarat,P033,Cookbook,BOOKS,Lifestyle,3,30.81,0.05,87.81,41.9,45.91,Credit Card,Mobile,Mobile App,Delivered,5
ORD004986,2026-06-18,C00564,Grace Hall,grace.hall564@example.com,France,Normandy,P012,Cotton T-Shirt,FASHION,Apparel,2,20.08,0.1,36.14,17.84,18.3,Debit Card,Mobile,Mobile App,Delivered,3
ORD004987,2026-05-29,C01401,Charlotte Smith,charlotte.smith1401@example.com,Canada,Alberta,P033,Cookbook,BOOKS,Lifestyle,4,29.16,0.05,110.81,55.69,55.12,Credit Card,Mobile,Website,Delivered,3
ORD004988,2025-04-04,C00021,Jack Patel,jack.patel21@example.com,Usa,Illinois,P020,Storage Boxes,HOME & KITCHEN,Storage,2,26.38,0,52.76,25.3,27.46,Credit Card,Desktop,Website,Delivered,5
ORD004989,2024-07-24,C00969,Aria Taylor,aria.taylor969@example.com,Uk,England,P029,Hair Dryer,BEAUTY,Hair Care,3,51.26,0.05,146.09,85.06,61.03,Debit Card,Mobile,Marketplace,Cancelled,0
ORD004990,2024-06-03,C01435,Elijah Thomas,elijah.thomas1435@example.com,Australia,New South Wales,P008,Webcam HD,ELECTRONICS,Computers,3,64.91,0.1,175.26,119.65,55.61,Debit Card,Mobile,Website,Delivered,2
ORD004991,2024-09-28,C00009,Ethan Johnson,ethan.johnson9@example.com,Uae,Sharjah,P028,Moisturizer,BEAUTY,Skin Care,2,26.35,0.1,47.43,20.34,27.09,Debit Card,Desktop,Website,Delivered,5
ORD004992,2025-10-20,C00479,Amelia Johnson,amelia.johnson479@example.com,Germany,Saxony,P007,Wireless Mouse,ELECTRONICS,Computers,1,35.15,0.05,33.39,17.13,16.26,Cash On Delivery,Desktop,Website,Delivered,5
ORD004993,2025-07-13,C01286,Olivia Johnson,olivia.johnson1286@example.com,Uae,Dubai,P009,Running Shoes,FASHION,Footwear,3,78.17,0.05,222.78,131.42,91.36,Debit Card,Desktop,Mobile App,Shipped,0
ORD004994,2024-08-19,C00698,Isabella Lee,isabella.lee698@example.com,Uae,Sharjah,P034,Building Blocks,TOYS,Educational,1,36.69,0,36.69,18.43,18.26,Debit Card,Mobile,Website,Delivered,3
ORD004995,2024-10-25,C00200,Amelia Wilson,amelia.wilson200@example.com,Germany,Hesse,P033,Cookbook,BOOKS,Lifestyle,5,28.34,0.05,134.61,63.4,71.21,Bank Transfer,Mobile,Website,Shipped,0
ORD004996,2025-12-26,C01502,Jack Martin,jack.martin1502@example.com,Australia,Queensland,P012,Cotton T-Shirt,FASHION,Apparel,1,21.39,0.25,16.04,9.66,6.38,Paypal,Mobile,Marketplace,Processing,0
ORD004997,2025-01-17,C01044,Ava Garcia,ava.garcia1044@example.com,France,Normandy,P032,Data Analytics Book,BOOKS,Education,1,44.08,0.05,41.88,21.14,20.74,Credit Card,Mobile,Website,Delivered,5
ORD004998,2025-07-04,C00077,Olivia Lewis,olivia.lewis77@example.com,Australia,New South Wales,P032,Data Analytics Book,BOOKS,Education,4,43.76,0,175.04,79.91,95.13,Debit Card,Mobile,Mobile App,Shipped,0
ORD004999,2026-05-11,C00478,Layla Lee,layla.lee478@example.com,Australia,Victoria,P034,Building Blocks,TOYS,Educational,2,37.13,0.05,70.55,38.31,32.24,Paypal,Mobile,Marketplace,Returned,5
ORD005000,2025-08-30,C00563,Lucas Lewis,lucas.lewis563@example.com,India,Tamil Nadu,P030,Perfume,BEAUTY,Fragrance,3,76.72,0.2,184.13,119.71,64.42,Credit Card,Mobile,Mobile App,Delivered,5
